word,event,register,period,sentence,timestamp
tag,social-media,informal,after,"Hello! A coworker of mine is selling these bags and because I have a few coaches myself she asked if I wanted them. They’re being sold rather cheap so I totally would love to buy them (and honestly might even if they’re fake lol). 

These are the only pictures I have of them. I have no idea what year they’re from but she’s an older lady so I’m inclined to believe that they’re early 2000’s or later. And yes, I know that means I should check the creed…but i’m a little afraid to ask for a picture of it >\_< I just don’t want to offend her by suggesting they may be fake. She’s going to bring them into work for me and i’ll check the creeds when that happens, but if anyone on here is able to tell if these are fake or not just from these pictures alone it would be greatly appreciated!! 

the lettering on the tag of the white/pink bag looks real to me but the stitching on the pattern seems very off. I couldn’t find either of these being anywhere else online. It’s totally a long shot, but I want to be sure before I commit to a purchase or not. 

P.S. i am NOT a bot. this is just probably my first ever reddit post in my entire life 😭 ",2025-12-29T19:59:33Z
tag,social-media,informal,after,[https://www.amazon.com/NATIONAL-GEOGRAPHIC-Glowing-Marble-Glow/dp/B07R92KFZR?pd\_rd\_w=8ziOC&content-id=amzn1.sym.f43a654b-dbf5-49cd-a974-5d04f0e5e9a6&pf\_rd\_p=f43a654b-dbf5-49cd-a974-5d04f0e5e9a6&pf\_rd\_r=MBQR45QFKB34RV19VM6P&pd\_rd\_wg=N2fCq&pd\_rd\_r=26e5494b-f583-474a-a2c8-10535578cda7&pd\_rd\_i=B07R92KFZR&linkCode=ll1&tag=moneymake02db-20&linkId=5e0ea3d850de7329786cac205ad47f65&language=en\_US&ref\_=as\_li\_ss\_tl](https://www.amazon.com/NATIONAL-GEOGRAPHIC-Glowing-Marble-Glow/dp/B07R92KFZR?pd_rd_w=8ziOC&content-id=amzn1.sym.f43a654b-dbf5-49cd-a974-5d04f0e5e9a6&pf_rd_p=f43a654b-dbf5-49cd-a974-5d04f0e5e9a6&pf_rd_r=MBQR45QFKB34RV19VM6P&pd_rd_wg=N2fCq&pd_rd_r=26e5494b-f583-474a-a2c8-10535578cda7&pd_rd_i=B07R92KFZR&linkCode=ll1&tag=moneymake02db-20&linkId=5e0ea3d850de7329786cac205ad47f65&language=en_US&ref_=as_li_ss_tl),2025-12-29T19:58:31Z
tag,social-media,informal,after,"I’ve tried countless times but without success.

Best commercial example I can think of is Korn - Daddy, near the end when JD is crying, sobbing and screaming.

Anyone managed to?

I’ve yet to record myself crying, but I guess I will if I can’t get to tag or style- prompt for it 🥴",2025-12-29T19:57:44Z
tag,social-media,informal,after,Found in Stockton California on the delta college campus. They use to have the trees tagged and they had a list with the info of each tree but they did away with that. ,2025-12-29T19:57:15Z
tag,social-media,informal,after,"Not everyone is watching all anime PVs for the upcoming **Winter** season. As they release scattered over months it's easy to miss some. So this is an opportunity to experience all PVs of the next season with fellow enthusiasts. We get together and watch a list of non-sequel PVs for the upcoming Winter Season in unison.

Short notice because of the holidays this time.

We will watch all^1 PVs, even if the show already premiered. The info link lists all PVs that will be watched. We use Watch2gether for the PV Watch.   
^1 all PVs of new series, no sequels

---

#Saturday, the 3rd of January [at 19:00 UTC+0](https://www.worldtimebuddy.com/?qm=1&lid=5368361,5125771,3435910,2643743,100,2950159,683506,1273294,1850147,2147714&h=100&date=2026-1-3&sln=19-20&hf=2)

##[The link to the groupwatch]() ~~[is here]()~~ will be added 30 minutes before we start.

##You can see [all info under this link](https://pvwatch.shit-taste.net/). It will be updated for Winter 2026. If you have trouble with the link, please let me know.  


This includes a **discord server** for anyone who wants to discuss the PVs in voice chat (optional) or a ping for the PV watch. You can also see a table of all the PVs we will watch and the PVs are also linked.

-----

Timetable:  
18:30 UTC+0 Ads (Preshow)  
19:00 UTC+0 PVs Winter 2026

----

I am posting this for chariotwheel who stopped using Reddit, but is still hosting the PV Watch.

I will post a reminder the day before and can tag people the day of. Please let me know if you want reminder tags.",2025-12-29T19:56:26Z
tag,social-media,informal,after,"These are sampling pieces directly from factories. Some are current articles and some are upcoming.

PRICE: 3499  INR
We are getting them day after tomorrow.  
We get a lot of RL stuff regularly.

No tags on sampling pieces (FYI).  
You can take them to RL stores — if found fake, we will refund you 10× the amount you paid.

Mostly available sizes are M and L.  
A few pieces are XS and S.

My friend u/ClassicJuggernaut799 sources this stuff and has a physical store in Jabalpur named The Hype Wear.

Full address:  
Shop No. 13A, Delite Market, South Civil Lines, Jabalpur, MP

",2025-12-29T19:56:09Z
tag,social-media,informal,after,"Hello, i am making a STEM/Engineering Discord for UVU Students since we are finally getting our own Engineering Building. This group is primarily for Study Help, as well as Alerts for Job Fairs and Events.  
  
If you are not a STEM/Engineering student, you are still welcome for Math help and the Events, you will just need to manually check the events-jobs channel as i will not be creating alerts for non-stem related Job fairs (they will however still be listed). This will turn into a Club at UVU, i just hate Paperwork and haven’t filed it yet.  
  
There are two Channels that you will most likely find the most useful as a student.  
  
\#events-jobs channel will include Job Fairs, and any particular Jobs or events i encounter (or you send to me. There are four Job Fairs that i know of, the one you will most likely be interested in is the STEM Career and Internship Fair - Jan 28th, SC 106A Grand Ballroom. There are Three more Job Fairs you can find in the #events-jobs Channel.

\#resources, post any resources that helped you with a specific class, list the class number and tag it appropriately, please don’t ask for help in that channel, use #study-help for that. If you need help with a class, you can search the topic or class number in the top right, an example is ECE 2250 Circuit Analysis, i have listed a 15 chapter Playlist Series that was extremely helpful to pass that class. If you find a resource that was helpful, please create a new post in #resources so that future students can find it easily by searching the topic name or class number.

  
  
Link: [https://discord.gg/5mqqh9FuKz](https://discord.gg/5mqqh9FuKz)

",2025-12-29T19:55:54Z
tag,social-media,informal,after,"Just picked up the Fragments x Travis Scott Jordan 1 Low from XKIX, and these are honestly one of the better reps I’ve handled.

Build & Materials: The leather feels smooth and well-structured, with clean panel cuts and no visible glue marks. The reverse swoosh sits correctly and has a nice, slightly textured finish. Stitching across the upper is tight and consistent, especially around the toe box and heel.

Details & Accuracy: Branding looks solid - the tongue tag, heel logos, and inner text are sharp and well-placed. Color blocking is on point, and the sail laces pair really well with the overall look. Shape is accurate and holds up nicely on foot.

Comfort & Fit: Fits true to size with good cushioning for daily wear. Padding around the collar is comfortable, and the shoe doesn’t feel stiff after break-in.

Downside: Like most Jordan 1 Lows, support is average - fine for casual wear, not ideal for long walks.

Overall: A clean, versatile sneaker with strong attention to detail. Great looking rep and definitely worth it if you want the Fragment x Travis vibe without paying resale.",2025-12-29T19:54:29Z
tag,social-media,informal,after,"Hellooo. I am looking for a specific Wolfstar fanfiction that I started a while back. Thought I could find it alone, but reddit always just comes in clutch, so hoping that someone here will know.

The story: It’s an IRL AU (idk what the tag for that is, which is why I’m not able to search.) Remus Lupin is a rich boy who spends all his time in London with his poor (orphaned?) friends that are kurzgesagt in a gang. His father sends him off to this prestige school where he’s roomed with the (needless to introduce) other Marauders. There’s a slow burn/enemies to lovers between him and Sirius. I can remember that Sirius plays guitar and that his parents abuse him. Lily x James is also a thing.

PLEASE lmk if you have the faintest idea what this might be/ if you need more details.

Thank you!!",2025-12-29T19:53:14Z
tag,social-media,informal,after,"They are UK 9, 27.5 CM

I love how they fit perfectly in every outfit and they absolutely kill with black jeans/trousers. I also own a Maroon Chuck 70's and White All Stars. I even played Tag, Chase & It (Pakdam Pakdai) wearing these and surprisingly they didn't feel uncomfortable. The sole is thicker and softer than Converse All Stars. I always wanted to own a black pair and here they are. Open to advice on which pair to hunt next from Converse. ",2025-12-29T19:52:21Z
tag,social-media,informal,after,[https://www.amazon.com/Amazon-Fire-TV-Stick-4K-streaming-device/dp/B0CJM1GNFQ?pd\_rd\_w=ownzN&content-id=amzn1.sym.f5690a4d-f2bb-45d9-9d1b-736fee412437&pf\_rd\_p=f5690a4d-f2bb-45d9-9d1b-736fee412437&pf\_rd\_r=E7V1XYH6K6JQRZGARR3P&pd\_rd\_wg=TZvVy&pd\_rd\_r=1abefcb2-37d5-44e3-963f-6f9683df6aef&pd\_rd\_i=B0CJM1GNFQ&th=1&linkCode=ll1&tag=moneymake02db-20&linkId=e85b3cdf5dc932c2a76388324384e52a&language=en\_US&ref\_=as\_li\_ss\_tl](https://www.amazon.com/Amazon-Fire-TV-Stick-4K-streaming-device/dp/B0CJM1GNFQ?pd_rd_w=ownzN&content-id=amzn1.sym.f5690a4d-f2bb-45d9-9d1b-736fee412437&pf_rd_p=f5690a4d-f2bb-45d9-9d1b-736fee412437&pf_rd_r=E7V1XYH6K6JQRZGARR3P&pd_rd_wg=TZvVy&pd_rd_r=1abefcb2-37d5-44e3-963f-6f9683df6aef&pd_rd_i=B0CJM1GNFQ&th=1&linkCode=ll1&tag=moneymake02db-20&linkId=e85b3cdf5dc932c2a76388324384e52a&language=en_US&ref_=as_li_ss_tl),2025-12-29T19:52:18Z
tag,social-media,informal,after,"I’m trying to sell a pair of Levi’s 501 jeans on a second-hand clothing platform. I bought them a few years ago at what I remember being a reputable store, but I no longer have the receipt. The platform requires authenticity verification, and that’s when I started having doubts.

For example, the red tab on the back pocket only has an “R” on it, not “Levi’s”. I own another pair of 501s that has a fabric care tag sewn into the waistband on the inside, right behind the leather patch, but this pair doesn’t have that tag at all. Also, as far as I know, the button is supposed to have a 3-digit code on the inside, but this one has 4 digits.

At this point I honestly don’t know whether they’re authentic or not. I really don’t want to risk any legal issues by selling a counterfeit item thinking it’s genuine.

Can anyone help me figure this out?",2025-12-29T19:52:10Z
tag,social-media,informal,after,"Hellooo. I am looking for a specific Wolfstar fanfiction that I started a while back. Thought I could find it alone, but reddit always just comes in clutch, so hoping that someone here will know. 

The story:
It’s an IRL AU (idk what the tag for that is, which is why I’m not able to search.) Remus Lupin is a rich boy who spends all his time in London with his poor (orphaned?) friends that are kurzgesagt in a gang. 
His father sends him off to this prestige school where he’s roomed with the (needless to introduce) other Marauders. 
There’s a slow burn/enemies to lovers between him and Sirius.
I can remember that Sirius plays guitar and that his parents abuse him. 
Lily x James is also a thing.

PLEASE lmk if you have the faintest idea what this might be/ if you need more details. 

Thank you!!
",2025-12-29T19:51:58Z
tag,social-media,informal,after,"Instead of paying £45GBP for ambiio cards I figured I’d share this with people I’m using this link to download them currently. If you’re on iPhone click raw when you find the one you want it will download it then use either tagmiibo to load them onto the NFC tags you can get 30 for £4 on Amazon! 
Then click write to NFC tag. Hold it up to the top of your iPhone & done!! ambiios without having to hope you get a villager you really want!!💘

Here’s the link!

https://github.com/miffycs/Animal-Crossing-Amiibo",2025-12-29T19:51:32Z
tag,social-media,informal,after,"TW: blood

My entire pumping journey (6 months) ive always hovered between a 21-24mm flange size. Sometimes I use my pumps default 24mm flange and sometimes I need to use the 21mm insert. For whatever reason my nipple size on one side exponentially grew from a 21mm to a 27mm within a week and its been uncomfortable to pump lately but bearable, but today it was so big that I started bleeding because it couldn't fit in the flange.

I could see if I was still very early postpartum and I was still regulating, but did not expect my flange size to fluctuate this late in. I basically can't pump anymore until I buy 27mm flanges ($60 price tag sadly).

I'm so frustrated and sad that I thought I had this all figured out and I get thrown a curveball! in case this context helps I use the Eufy s1 and also started my period for the first time 2 weeks ago.",2025-12-29T19:51:04Z
tag,social-media,informal,after,"# WELCOME TO MELODY TAG!,

**WHAT WE HAVE** A Fun Game You Can Play! Mod Applications Fun Events Very Kind And Helpful Community Good Staff Team Amazing Owners **WHAT WE NEED** Your presence! MORE STAFF! ( Mod Apps Are Open Right Now For Members! ) Boosters Promoters (Server And Game) 100 Players Ready To Hop Into The Game! We Are Happy To Accept You Into This Growing Community! ***Message Written By Ashton And Misk!*** Owners : Ashton, Misk   [https://discord.gg/aA3C7QHNx4](https://discord.gg/aA3C7QHNx4) ",2025-12-29T19:49:51Z
tag,social-media,informal,after,"https://preview.redd.it/l5ir7x7y57ag1.png?width=1095&format=png&auto=webp&s=0288b7fb73179799a71bd634ad5d2523d138eb13

Need:  
Barricade 

Burletta

Combat MK3

Equalizer

Explosive Mine

Heavy Gun Parts

Jupiter

Light Gun Parts

Lightweight Stock

Shotgun Choke 3

Shotgun Silencer

Silencer 1

Tagging Grenade

Tempest

Vita Shot",2025-12-29T19:49:21Z
tag,social-media,informal,after,"According to the TAG site,both of these cards are currently the first and only Gem Mint 10 to come through TAG.  How do I even value these?",2025-12-29T19:49:18Z
tag,social-media,informal,after,"Here I have a spell effect description with a custom bullet point list **in a table cell.** I want to include a gap between the description and the list, but the only way I've been able to do that is with a <br> tag. However, a <br> gap is too wide for me. **Is there a way to fine-tune the gap to be smaller?**

I've included a couple of images to help. In the second one, I've pointed out the tag making the gap and the HTML stuff making my custom bullet points (since normal ones break the table). I don't know if the latter is particularly relevant to my problem, but I included it anyway. I've also included a non-annotated picture of the code as the third image.",2025-12-29T19:49:14Z
tag,social-media,informal,after,"What's the best option to get a key replaced for a 2017 Alltrack?

The electronics in one of the keys has failed.  I have the original key code tags if that matters.  I'm getting a quote from the dealer of almost $600!",2025-12-29T19:48:59Z
tag,social-media,informal,after,"She has a beautiful dark brown horse and she believes his aura colour is blue, so I incorporated a little bit of blue to represent his spirit in glass 💙🐎🩵

I’ve started tagging all my photos with my business name cause fake accounts love taking my images to get views off them 😭 

On a side note I am very glad that Christmas markets/ gifts/ holiday rush are over, now I can relax for a bit and slowly work on some new designs. Anyone else feeling burnt out after the holidays? 😅",2025-12-29T19:48:43Z
tag,social-media,informal,after,"https://preview.redd.it/ne4pir2z57ag1.png?width=897&format=png&auto=webp&s=7e6e41a6451c6fb6b381c5d423269a3d61c08232

Link: [https://gateoverflow.in/506798/go-classes-cs-2026-all-india-mock-test-2-question-17](https://gateoverflow.in/506798/go-classes-cs-2026-all-india-mock-test-2-question-17)

My doubt is: How did we deduce/interpret that the number of ***tag*** addresses are candidates for a specific set ? I am not able to visualize and interpret. Any help or inputs are welcome.

",2025-12-29T19:48:22Z
tag,social-media,informal,after,"Location: california
Hey everyone! I'm wondering what the next step is after finding out that the car I bought hasn't been registered since 2022, but had stolen stickers saying 2026. The people who sold it to me told me it was all current, and I wouldn't have bought it if it wasn't. Thanks! - ",2025-12-29T19:48:09Z
tag,social-media,informal,after,"Hi everyone!

We're a competitive but laid-back clan that runs b2b wars. We're all very active and social!

[https://link.clashofclans.com/en?action=OpenClanProfile&tag=2RQCQP02G](https://link.clashofclans.com/en?action=OpenClanProfile&tag=2RQCQP02G)

[https://discord.gg/yEyrtGC4Vc](https://discord.gg/yEyrtGC4Vc) (optional)

Hope you check us out!!

\- Shadow Lions",2025-12-29T19:46:59Z
tag,social-media,informal,after,"To start things out, I’ll give some background history. Me (24F) and my bf (25M) have been dating for a little over 2 years, and have almost been living together for 2 years now. The entirety of our relationship I have supported the both of us, while he has been jobless. I have had no problem with it as I make around 60k per month and can afford it, but I’m starting to resent things. At the start of our relationship he was working, but once we decided to move out together he quit his job. There has been no effort to find a job, as he has a legal injury case going on and has been expecting a settlement for months. The original agreement before we moved in with each other was that if I support us both he’d either go to school in a field he could eventually get a longterm career in, or wait to do that but do the majority of the household chores as he is home all day to do so. None of those have really been put into action. While he does occasionally clean, our apartment is a disaster. It is so disgusting that I’m literally on the verge of breaking down every day due to it, and have been sleeping on our couch due to how horrible our bedroom is. Not only that, but living in a messy space with barely any help for cleaning and cooking hasn’t helped with my mental health status (I’m diagnosed with BPD and clinical depression). Any time i bring up hiring a cleaner I essentially get berated because I should just “ask him to clean”, but I shouldn’t have to ask. Nor should I have to put up with the lowest standard of cleaning and weaponized incompetence because he has no clue how to properly clean things.

On top of a myriad of relationships issues and the constant fighting, I fear he’s become extremely manipulative and borderline emotionally abusive. He consistently tells me that my feelings are wrong, and that I’m the reason he’s depressed. I “never help out” despite funding our entire lives for the majority of our relationship, and doing his job of the household work when I have the time. 

To get back to the story, my boyfriend and his friends planned to go on a japan trip in february back in july. At first, I wasn’t invited as it was a “boy’s trip” with his longterm friends, but I wasn’t comfortable with that. Maybe that makes me a crazy girlfriend, but him going somewhere I’ve dreamt of going to without me had me very upset. He agreed to let me come after hours of crying and trying to explain how hurtful it was that he’d rather go on a big trip across the world without me, and the only thing that made him budge was the fact that he called his dad (assuming his dad would agree with him that I was out of line for preventing him from going on a trip without me) and his dad told him how stupid and disrespectful that would be to me. As mentioned, my boyfriend has a settlement from a legal case that he’s supposed to be receiving, and he was under the impression that he would receive it back in september. He still hasn’t received it, and his plan was to cover the entirety of the trip costs with his own money. The plan has been to fly to japan in mid February, and clearly we’re running out of time. I have been firm on not wanting to pay for the trip, as it’s not “my” trip. It’s a trip with his “boys” and I am just tagging along. If it was only the two of us and wasn’t a trip that he promised he’d cover the cost of, I’d have no problem paying. I have generally no problem with covering the cost of literally anything, as I am the sole provider. But a large trip that I wasn’t even “allowed” to join in the first place is where I draw the line. 

Last night, we somehow had an argument over how I didn’t help clean before his parents came over. I was getting ready as we were going out to dinner with his family for his father’s birthday later in the day. I worked beforehand so I was very limited on time to get ready. While I was getting ready, my boyfriend was tidying up the living room, and they happened to arrive as soon as i was finished doing my hair. We walked around the city for a bit, and I treated all 4 of his family members to a $300 dinner. I love treating people and being generous so I genuinely had no problem with paying, and to be honest I’m used to being the one paying as everyone assumes I’ll pay. After his family left and we got home, we found out that while we were gone our cat peed on the couch. He tasks me with cleaning it while he watches and laughs at me while laying down on the other side of the couch. He keeps telling me what to do, and I say “are you gonna keep watching and laughing and not gonna help me?” He then throws in my face that I “didn’t help at all today” simply because I didn’t tidy up because I was getting ready. I felt backed in a corner, and was getting increasingly frustrated and felt like I was going crazy. Having someone laugh at you while laying back while you’re cleaning up pee feels like a humiliation ritual. I brought up that “well I just paid for a $300 dinner for your entire family so I do think I helped out” and he quite literally lost it. Started yelling at me saying I “crossed a line” and said “i’m sleeping without you tonight, don’t talk to me. idc if you cry yourself to sleep (he knows this would happen as i’m a huge crier and become emotional very easily) i’m thinking of ending our relationship” and went into our bedroom to sleep. Him threatening to leave me due to us fighting because of things that i apparently do is extremely common, as he knows that my bpd makes me spiral after hearing that due to my fear of abandonment. He admits to using this as a tactic to get me to listen since apparently I don’t listen to what I’ve done wrong unless i’m threatened with abandonment. However, as many fights go, i feel as if I’m not in the wrong. He claims i never take accountability, which is extreme projection. I can name maybe one time where he has taken accountability after a fight, and I am always the one to admit I’m in the wrong even though I know i’m not. Every single issue in our relationship is blamed on me. His depression is blamed on me. 

I sat there bawling for over an hour knowing that I can’t go visit my family for comfort as they live an hour away, and my boyfriend has been trying his hardest to isolate me from my family. He insists my family treats me like shit and that i should distance myself from them and just go to his family instead. I was genuinely terrified of him breaking up with me, so I walked in our bedroom to try and solve things. As soon as I walk in he yells “get out”, and I walk over and try apologizing. He hates when i cry and tells me I need to grow up and get ahold of myself. He says “you said what you said and that crossed a line, you threw it in my face and now you have to deal with the consequences.” He sits there no expression getting increasingly angry due to me bawling my eyes out and just keeps harping on how what I said he can’t forgive me for. I have never once personally insulted him during a fight, I simply bring up his actions. He however, has no problem insulting me. He says I’m crazy and mentally unstable, I’m becoming someone he doesn’t love, I’m a child, I make him depressed, I’m manipulative and narcissistic. But me bringing up that I paid for dinner is somehow this unimaginable thing that should never be said and that it can’t be forgiven.

Atp I’m continuing to spiral and I’m at the point of calling my mom and asking to come over. I’m hysterical due to his callousness and constant insults, and he tells me I need to admit myself to a psych ward the next day or he’s leaving me. All i’m doing at this point is crying and saying I need my mom. He won’t let me call her and makes me give him my phone to prevent me from calling her and getting emotional support i’m not getting from him. 

We start de-escalating things and talking things out, and he essentially gives me an ultimatum to stay in the relationship: 

1. I need to stop buying designer clothes and luxury items, and I need to stop buying pokemon cards. (due to my depression and lack of happiness I tend to buy a lot of things that bring me joy for a quick dopamine rush. I’m aware I have a shopping addiction, but buying these things is not hurting me financially in the slightest. I tend to fill my emptiness with material items, and am aware of this problem and am seeing a therapist for it. My boyfriend has no problem with me buying things for him and his happiness however. I just spent over $4k on a new tv, switch 2, new coffee table, new console table and he has no problem with these purchases.) 

2. I need to immediately solve my eating disorder. (I have had an eating disorder for 2 years now, and am seeing a therapist for help, but it’s not something I can instantly solve due to me having an on and off ed basically my entire life, but i am taking action to get help)

3. I need to “become stable” as apparently I’m extremely unstable mentally.

4. I need to buy our japan tickets this week (he fessed up to planning to propose while we’re in japan, making me feel even more guilty for not wanting to buy tickets)

I’m writing this with sore eyes, hoping for some advice on what to do next or giving me insight on how I can go about changing/improving as a person. Thank u for reading, I’m accepting to all criticism and feedback. 

TL;DR : My boyfriend is giving me an ultimatum to solve various “issues” I have in order to stay with him, but I don’t think they need solving.",2025-12-29T19:46:47Z
tag,social-media,informal,after,"I ordered a Detroit lions shirt I was very excited for, I got it in clearance and it was the last of my size. However, I received a Denver broncos shirt, but with a Detroit lions scan tag. Cause I know it was the last in my size (and even then, I ordered a size up because my usual size was sold out), I understand that I probably won’t be able to get my shirt :(. I know clearance is usually non refundable, but since I got the wrong item, do any of you know if I have a chance on at least getting my money back? Thanks! ",2025-12-29T19:45:41Z
tag,social-media,informal,after,"I just wanted to take a moment to say thank you to everyone here. This community has genuinely helped me heal. 

For the last 15 years, I wasn’t allowed to wear any perfume at all. I left an abusive marriage, and while leaving was a huge step, the journey of rediscovering who I am has taken time (and I’m still working on feeling comfortable in my own skin).

Thanks to this community, I discovered something that brings me such joy- fragrances. I've always really enjoyed the idea of fancy perfumes, even as a little child, so it means the world to tap back into this. 

For the first time ever, I’ve created my own collection, and it feels incredibly empowering and joyful. (Not the price tag lol but everything else).

Thank you all for the recommendations, education, the passion, the kindness, and the space to just exist and enjoy something beautiful without judgment. 

🖤",2025-12-29T19:45:16Z
tag,social-media,informal,after,"They are UK9, 27.5 CM

I love how they aren't very tight, I have one of maroon colour. I even played Tag, Chase & It (Pakdam Pakdai) wearing these and surprisingly they didn't feel uncomfortable. The sole is a little thicker and softer than the all stars. I've always wanted to own a pair of black converse and here they are. Tell me which colour/model of converse should I hunt next!! 

",2025-12-29T19:45:11Z
tag,social-media,informal,after,"![](https://bitcoinworld.co.in/wp-content/uploads/bitcoin-investment-returns-strategy-analysis.jpg)

BitcoinWorld Bitcoin Investment Returns: Peter Schiff’s Shocking 3% Annual Yield Revelation for 5-Year Strategy In a recent social media post that sent ripples through financial circles, prominent gol ...

 **Details:**
- **Published:** 29/12/2025 19:20 (UTC)
- **📊 Characteristics Score:**
  > **Asset Type:** *others*
  > **Sentiment:** `-0.35`
  > **Entropy:** `0.65`
  > **Relevance:** `0.75`
  > **Staleness:** `0.85`
  > **Uncertainty:** `0.8`
  > **Level-1 Focus:** *market-cycles-macro-sensitivity, yield-performance*
  > **Level-2 Focus:** *interest-rate-sensitivity, performance-vs-tradfi-benchmarks*
- **🏷️ Tags:** **#peter schiff** **#bitcoin** **#dollar-cost averaging** **#annualized return** **#strategy** **#gold advocate** **#volatility** **#michael saylor** **#s-p 500** **#treasury bonds**

**Source:** https://rwatimes.io/articles/coinmarketcap-bitcoin-investment-returns-peter-schiffs-shocking-3-annual-yield-revelation-for-5-year-strategy-4125569460?utm_source=reddit&utm_medium=social&utm_campaign=reddit&utm_content=coinmarketcap-bitcoin-investment-returns-peter-schiffs-shocking-3-annual-yield-revelation-for-5-year-strategy-4125569460 

 ---
*Posted from RWA Times Bot*",2025-12-29T19:45:09Z
tag,social-media,informal,after,"# WELCOME TO MELODY TAG!,

**WHAT WE HAVE** A Fun Game You Can Play! Mod Applications Fun Events Very Kind And Helpful Community Good Staff Team Amazing Owners **WHAT WE NEED** Your presence! MORE STAFF! ( Mod Apps Are Open Right Now For Members! ) Boosters Promoters (Server And Game) 100 Players Ready To Hop Into The Game! We Are Happy To Accept You Into This Growing Community! ***Message Written By Ashton And Misk!*** Owners : Ashton, Misk [https://discord.gg/aA3C7QHNx4](https://discord.gg/aA3C7QHNx4) ",2025-12-29T19:44:54Z
tag,social-media,informal,after,[https://www.amazon.com/Carhartt-Acrylic-Watch-Brown-Size/dp/B002G9UDY6?pd\_rd\_w=7IqDu&content-id=amzn1.sym.4a6c6a50-184c-4342-932e-b4066f6ed26e&pf\_rd\_p=4a6c6a50-184c-4342-932e-b4066f6ed26e&pf\_rd\_r=6XPC1Y93HB9SR8K61B9S&pd\_rd\_wg=33VWl&pd\_rd\_r=04cedc31-7fe2-493c-af77-468ca85f5828&pd\_rd\_i=B002G9UDY6&linkCode=ll1&tag=moneymake02db-20&linkId=ac8b1e948f5a8b8d85aa1a6b0850f43d&language=en\_US&ref\_=as\_li\_ss\_tl](https://www.amazon.com/Carhartt-Acrylic-Watch-Brown-Size/dp/B002G9UDY6?pd_rd_w=7IqDu&content-id=amzn1.sym.4a6c6a50-184c-4342-932e-b4066f6ed26e&pf_rd_p=4a6c6a50-184c-4342-932e-b4066f6ed26e&pf_rd_r=6XPC1Y93HB9SR8K61B9S&pd_rd_wg=33VWl&pd_rd_r=04cedc31-7fe2-493c-af77-468ca85f5828&pd_rd_i=B002G9UDY6&linkCode=ll1&tag=moneymake02db-20&linkId=ac8b1e948f5a8b8d85aa1a6b0850f43d&language=en_US&ref_=as_li_ss_tl),2025-12-29T19:44:34Z
tag,social-media,informal,after,"Democracy, Demography and the Quiet Rise of Technocracy

Technocracy does not announce itself.

It becomes visible through patterns.

This post is not a rant.

It is not a doomer take, and it is not nostalgia for a past that will not return.

It is a structured reflection on Germany’s current societal, political and economic condition — and why many people — especially across younger and middle generations — are quietly realizing that the system they inherited is no longer self-sustaining.

If I had to rate Germany’s overall situation on a scale from 1 (“this will sort itself out easily”) to 10 (“structurally unmanageable”), I would put us at around 8.4.

Not collapsing.

Not revolutionary.

But dangerously tired.

This dynamic is not new.

Historical analysis suggests that technocratic ideas reliably resurface whenever democratic systems are perceived as too slow, fragmented, or emotionally overloaded to manage crisis.

Time and again, technocracy appears not as an ideology of domination, but as a promise:

rationality instead of conflict,

efficiency instead of deliberation,

expertise instead of uncertainty.

Its appeal is strongest when democracies are under demographic, economic, or institutional stress.

––––––––––––––––

1. Democracy Exists — But It Increasingly Feels Like Theater

Germany is not failing because democracy has been overthrown.

It is failing because democracy increasingly feels performative.

Debates happen.

Coalitions break.

Governments change.

Reforms are announced.

And then… nothing really follows through.

Decisions are made, but they leave no mark.

Conflicts erupt, then evaporate.

Politics feels like a stage play whose outcomes are decided elsewhere.

Some suspect absurd conspiracy theories behind this.

The reality is far simpler — and far more disturbing:

decisions are increasingly shaped by administrations, courts, regulations, expert councils, external law firms and “necessity”.

Democracy still operates procedurally.

But its emotional and functional credibility is eroding.

––––––––––––––––

2. The Pension Debate: Another Silent Breaking Point

The pension debate was a shock for many younger citizens.

Not because it was emotional.

Not because arguments were weak.

But because the outcome was structurally predetermined.

This logic was articulated openly. Addressing his own party’s youth organization, Chancellor Friedrich Merz argued that no one should seriously believe a race to offer the lowest pension level could ever be politically viable. Such a strategy, he said in essence, might earn approval from younger groups — but it would certainly not win elections.

In an aging democracy, policies that protect the present at the expense of the future are majority-capable.

A systematic transfer from young to old can be voted through — and it was.

And after the decision?

Silence.

No prolonged public reckoning.

No sustained political cost.

No learning process.

That silence revealed something devastating:

future interests can be democratically overruled — and then forgotten.

––––––––––––––––

3. This Is Not Apathy. It Is Rational Withdrawal.

This is often misread as political laziness.

It is not.

It is strategic demobilization.

When a generation learns:

• We can argue

• We can mobilize

• We can vote

• And still lose structurally

Disengagement becomes rational.

But this loss of belief does not happen in a vacuum.

It emerges when an overaged electorate meets an overaged party system — and when the same demographic group dominates both voting power and political organization.

Examples are increasingly hard to ignore:

• Pension policy consistently prioritizes current beneficiaries over long-term sustainability, despite clear demographic math.

• In housing policy, older homeowners constitute the electoral majority, while younger generations face structurally closed markets — without a viable political response.

• Fiscal policy avoids intergenerational redistribution, shifting costs into debt, infrastructure decay, and future tax burdens.

• Climate policy is framed as moral aspiration, but delayed whenever it threatens present comfort.

• Party lists and leadership positions remain dominated by cohorts whose personal time horizon no longer aligns with long-term outcomes.

None of this requires malicious intent.

It is democratically legitimate.

But legitimacy does not equal sustainability.

Democracies do not collapse because people protest.

They erode when future stakeholders stop believing participation has consequences — because repeated experience tells them it does not.

––––––––––––––––

4. The Party System: Organized for a Past That No Longer Exists

Germany’s parties are still organized around:

• permanent local branches

• evening meetings

• lifelong internal careers

• slow, hierarchical promotion

• informal seniority networks

These structures are overwhelmingly carried by the Baby Boomer generation.

This is not an accusation.

It is a demographic fact.

Boomers built, staffed and stabilized party organizations for decades.

But those same structures are now reaching their limits.

Younger generations did not fail to show up.

They were recruited — and then worn down.

What looks like a lack of political talent is in reality organizational exhaustion.

––––––––––––––––

5. The Real Danger

The danger is not dictatorship.

The danger is not communism.

The danger is technocracy — and it is already here.

Technocracy does not overthrow.

It does not scream.

It works quietly.

When parliaments stall, administrations decide.

When debates drag, experts conclude.

When politics hesitates, “necessity” acts.

––––––––––––––––

6. Why Technocracy Is So Attractive — And So Dangerous

Technocracy feels efficient.

Historically, technocratic visions often frame society as a system to be optimized — almost like a machine whose performance improves when political friction is reduced.

In these models, democratic debate is not eliminated by force, but by design.

It is treated as noise, delay, or inefficiency within an otherwise rational process.

The danger is not authoritarian intent, but the gradual displacement of political judgment by technical management.

It delivers decisions.

It ignores emotional gridlock.

It does not feel overwhelmed.

People do not say:

“I want less freedom.”

They say:

“At least something finally works.”

Freedom is not abolished.

It is optimized away.

Choice becomes deviation.

Dissent becomes inefficiency.

Politics becomes communication — not decision.

And perhaps the most attractive part:

no one has to join a party.

No one has to attend evening meetings.

No one has to invest time, loyalty or exposure.

Outcomes appear without participation.

Results arrive without responsibility.

And over time, engagement is no longer missed — only its absence is felt.

But there is a price tag.

The price is the slow erosion of democratic muscle.

Of habits of participation.

Of the willingness to argue, lose, organize, and try again.

What technocracy saves in friction,

democracy later pays for in fragility.

Some interpret recent crises, such as the pandemic, as experiments in authoritarian control.

A less dramatic — but more unsettling — interpretation is this:

what became visible was not the suspension of democracy, but the activation of technocratic reflexes already embedded within democratic systems.

––––––––––––––––

Meta: How Technocracy Becomes Visible

What gives technocracy its quiet power is not intent, but structure.

Decisions still exist — but responsibility increasingly dissolves into process.

Outcomes emerge from procedures, coordination loops and institutional safeguards, leaving no visible author behind.

Political systems avoid explicit prioritization, keeping everything equally urgent — and therefore undecided.

Instead of choosing between conflicting interests, politics increasingly manages expectations.

In this environment, political actors become communicators rather than decision-makers.

They explain, justify and translate outcomes that feel inevitable rather than chosen.

Because the system still functions, reform pressure remains low — even as long-term problems accumulate.

What emerges is stability without direction, and governance without ownership.

––––––––––––––––

7. This Is Not Weimar — But It Is Not Harmless Either

Unlike historical authoritarian movements, technocracy does not mobilize the masses.

It does not rely on ideology.

It does not announce a system break.

It advances quietly — through crisis management, administrative expansion, and expert governance — often with broad public approval.

This is precisely why it does not resemble Weimar.

And precisely why it should not be underestimated.

This is erosion without drama.

Legitimacy without belief.

Stability without renewal.

There is no systemic answer to this from any existing party.

None.

There is a sentence many young people hesitate to say out loud:

“Why should I carry a system that openly shows my interests are structurally secondary?”

This is not hostility toward the system.

It is a question of legitimacy.

And this is why quiet withdrawal is more dangerous than open protest.

Protest is loud.

Visible.

Negotiable.

Silent withdrawal is invisible.

Durable.

Often irreversible.

Democracies survive protests.

They do not survive the silent withdrawal of loyalty.

––––––––––––––––

8. The Generation That Never Practiced Power

Millennials did not fail democracy.

Gen Z did not fail democracy.

They were never trained to carry it.

Positions were occupied.

Transitions postponed.

Institutions worked “well enough.”

Democracy was environment, not responsibility.

Now responsibility arrives without rehearsal — under maximum pressure, with a shrinking margin for error.

And there is a harder truth beneath this.

At times, it feels as though a generation that has dominated power for decades is not merely reluctant to let go — but actively afraid of what might follow.

Afraid that the structures it created could be questioned.

Afraid that priorities might shift.

Afraid that the logic of the system itself could be rewritten.

In that sense, technocratic elements are not an accident.

They are functional.

They help freeze outcomes.

They depoliticize conflict.

They remove decisions from open contestation — and place them into procedures, expertise and “necessity”.

Not because this generation is uniquely ill-intentioned.

But because it can.

Because it is accustomed to control.

And because technocracy offers something deeply reassuring:

continuity without accountability,

stability without succession,

and preservation without surrender.

The result is a system increasingly optimized to defend the past —

even when it quietly exhausts the future.

––––––––––––––––

Final Thought

Extremism is not the cause.

It is the symptom — when the center stops governing.

The greatest risk ahead is not chaos,

but a society that quietly accepts being governed without deciding —

while sidelining those whose future is being decided.

A system that delays and preserves,

yet consistently fails a younger generation,

should not expect that neglect to be absorbed indefinitely.

That is how democracies fade —

not with a bang,

but with a spreadsheet.

Until one day, there is a bang.

––––––––––––––––

Source note (for transparency)

This reflection is informed by broader discussions on technocracy and democracy, including analyses published by Deutschlandfunk on the historical resurgence of technocratic ideas in times of crisis.",2025-12-29T19:44:28Z
tag,social-media,informal,after,"The Trei Asar are an unsanctioned but tolerated order of Trench Pilgrims, first recorded during the Seventh Cleansing of the Black Mire Front. Their name derives from a pre-Schism dialect meaning Thrice Accursed Thirteen, though the pilgrims themselves translate it as Those Who Carry the Debt.

They were founded not by a saint, but by a confessor-executioner who survived the collapse of a heretical trench cathedral. According to sealed records, he emerged alone, carrying thirteen dog tags fused into a single chain and a ledger written in blood and rainwater. He spoke only once before his execution:

“The war keeps accounts. Someone must balance them.”

Within a year, the first Trei Asar marched.

The Trei Asar always deploy as thirteen. Never more. Never fewer.

If one falls, their place is not filled. The unit continues diminished until its work is complete—or until none remain. Only then may a new thirteen be assembled from penitents, condemned soldiers, and failed clergy who have “heard the ground confess.”

Each pilgrim is known only by number, not name. Names are considered forgiven only in death",2025-12-29T19:44:20Z
tag,social-media,informal,after,Black cat 4s,2025-12-29T19:43:38Z
tag,social-media,informal,after,I did all the dog tags and now I’m in passandale but the levers don’t give me an option to interact with them. Ami missing something?,2025-12-29T19:42:16Z
tag,social-media,informal,after,"I'm searching for a small model (max. 2GB RAM, no GPU) in gguf format to use with ollama. I want to use it for my Karakeep Instance. It should create tags for my saved bookmarks. 

In other words a Zero-shot Text Classification Models in GGUF

The prompt would look like this:

    You are an expert whose responsibility is to help with automatic tagging for a read-it-later app. Please analyze the TEXT_CONTENT below and suggest relevant tags that describe its key themes, topics, and main ideas. The rules are: - Aim for a variety of tags, including broad categories, specific keywords, and potential sub-genres. - The tags must be in english. - If the tag is not generic enough, don't include it. - The content can include text for cookie consent and privacy policy, ignore those while tagging. - Aim for 3-5 tags. - If there are no good tags, leave the array empty. - Format: `{""tags"": [""tag1"", ""tag2"", ""tag3""]}` EXACTLY <TEXT_CONTENT> <CONTENT_HERE> </TEXT_CONTENT> You must respond in JSON with the key ""tags"" and the value is an array of string tags.You are an expert whose responsibility is to help with automatic tagging for a read-it-later app.
    Please analyze the TEXT_CONTENT below and suggest relevant tags that describe its key themes, topics, and main ideas. The rules are:
    - Aim for a variety of tags, including broad categories, specific keywords, and potential sub-genres.
    - The tags must be in english.
    - If the tag is not generic enough, don't include it.
    - The content can include text for cookie consent and privacy policy, ignore those while tagging.
    - Aim for 3-5 tags.
    - If there are no good tags, leave the array empty.
    - Format: `{""tags"": [""tag1"", ""tag2"", ""tag3""]}` EXACTLY
    
    <TEXT_CONTENT>
    
    <CONTENT_HERE>
    
    </TEXT_CONTENT>
    You must respond in JSON with the key ""tags"" and the value is an array of string tags.",2025-12-29T19:41:27Z
tag,social-media,informal,after,"I have the daydrift straight leg trouser in an XS. They fit great when I tried them on, however during the day they seem to stretch a lot!! I want to return them for an XXS. But I’ve obviously worn them once now and have the tag off. Do you think they will let me exchange the size? ",2025-12-29T19:41:11Z
tag,social-media,informal,after,"She(?) is running around in the open area near circle 5 between goldfinch and blue goose. I can’t tell if he got out or someone is letting him run around but I see no signs of people. He barks at me and runs off when I tried to call him over with treats so I could check his tag. Figured I’d post just in case he’s an escapee.

Edited to change gender.",2025-12-29T19:41:05Z
tag,social-media,informal,after,"heres the discord server:

[https://discord.gg/4q4pGgdZg](https://discord.gg/4q4pGgdZg)

we are also looking for people who can climb walls with somewhat ez and get to slippery 

( thats only a ex of what kind of skill level we have)",2025-12-29T19:40:48Z
tag,social-media,informal,after,Just got my first Tag while on a trip. ,2025-12-29T19:40:47Z
tag,social-media,informal,after,Should rank us 10th but can't find us anywhere ,2025-12-29T19:40:15Z
tag,social-media,informal,after,I got a pair of rival gloves for myself recently. They were shipped in a regular box. I thought they’d be in a bag or something but when I opened the box they were just in there loose. Is that normal? I’ve never bought gloves before. Do they normally have tags or something? Or are they in packaging? ,2025-12-29T19:39:43Z
tag,social-media,informal,after,"Let's call the two fandoms, Fandom A and Fandom B. They are extremely different fandoms. 

I'm planning to write a crossover/fusion, which will be posted as a series of connected short stories. 

The world in which the story takes place is a fusion of the two fandoms. Both fandoms' lore is important in this story. (Albeit, both might go through small changes to fit the story.)

The story takes place years after an event in Fandom B.

The story starts at the beginning of Fandom A's start, just modernized. 

One of the main characters is from Fandom A, -let's call her C- who will have the backstory of another character in Fandom B. Every other character keeps their original role. 

The story mainly follows the characters from Fandom A. Most of the characters from Fandom B will appear through flashbacks or because C mentions them. Though they might get bigger roles in later parts of the series. Some OC's based on Fandom B do appear. (Plus Fandom B had a gigantic mushroom in it, and it appears in my fic and I made it sentient, so I guess it kinda counts as a character from that fandom.)

If, on a later point, characters from fandom B appear, then they will probably be a little bit out of character.

I mainly write the fic for Fandom A. I actually don't care if people from fandom B read the fic, but I would be happy if they did. 

I do plan to tag the fics with Alternative Universe - Fandom B fusion, or something akin to that. And if any character from that fandom appears, I do plan on tagging them as characters.

I don't know if this counts, but there is a big difference between the sizes of the two fandoms. Fandom B has 30k+ fics, while Fandom A has 12, all written by me. 

So overally, I don't think I should tag it as a crossover. I didn't write it for fandom B's fans, so I feel like it would only clutter the tag. The only problem is that this way, people from fandom A won't be able to filter it out by excluding crossovers. (Though they would be able to do it by excluding the additional tag.)    

What do you think, what should I do?

(I'm sorry if I explained the situation badly.)

",2025-12-29T19:39:43Z
tag,social-media,informal,after,"I (34f) was on my way to work this morning and saw flashing lights behind me out of nowhere. No, I wasn't speeding.

I'm new to the area and still have out of state plates but, also an exhaust and dark tint.

Cop said I was being pulled over for expired tags. I told him they were definitely not expired, my tag even says 2-26, and pulled out my registration. He confirmed my registration was valid but claimed that his ""system"" was showing expired and gave me a warning lol. I said, a warning for.. nothing then? To which he said I need to check with my state and make sure everything is good.

Safe to assume my car was being profiled and he changed his tune once he saw who was driving?

Any time I get pulled over, it's never a valid reason.",2025-12-29T19:38:18Z
tag,social-media,informal,after,Can anyone give me any information on this couch? It has no tag. ,2025-12-29T19:38:03Z
tag,social-media,informal,after,So I'm kind of new to the game overall I played it forever ago and then I got back into the game now under a new account I have all of my stuff linked correctly and I received like 90% of the twitch rewards but I didn't get any of the posters or the dog tags even though I have them and I have claimed them on twitch. Like my boxes and my figures showed up from Prapor in the mail system but I don't have the dog tags or the posters I think.,2025-12-29T19:37:33Z
tag,social-media,informal,after,"Image source:l https://danbooru.donmai.us/posts/3544378

Wonderful Artist: https://danbooru.donmai.us/posts?tags=sawarido&z=1",2025-12-29T19:37:09Z
tag,social-media,informal,after,"Easy when you're on Shopify. The Facebook & Instagram app gets you set up and ready in \~5 minutes.

Here are the 3 stages of tracking infrastructure:

**Stage 1 - The native Facebook & Instagram app (Pixel + CAPI)**

This is the validation stage. When you’re just starting out, you shouldn't be worried about ""data leakage"" or ""attribution windows.""   
  
You should instead be worried about whether anyone even wants your product.

The native Shopify app is a **no-code solution.** You don't need a developer at all and it takes five minutes to set up.   
  
It uses a mix of the browser pixel and **a basic version** of the Conversions API (CAPI) to send data back to Meta.

But, it's a black box. You have no control over what data is sent, and ad blockers will still strip away a good chunk of your accuracy. At this stage, that doesn't matter - if the product is a winner, it will sell even with ""okay"" tracking.

At \~$100/day ad spend, this is the stack for you.

**Stage 2 - Server-Side Google Tag Manager (Stape, Wetracked, etc)**

Once you product has proven demand and ROAS is profitable, this is the next step.

This is the 2x upgrade when you're spending \~$1k/day. 

By moving to server-side GTM, you stop relying on the customer's browser to tell Meta that a sale happened. Instead, your server talks directly to Meta’s server.

Since the data is sent server-to-server, ad blockers can't see it to block it. You usually see an immediate 20-30% lift in reported conversions.

Browsers like Safari try to kill tracking cookies after 24 hours. Server GTM allows you to set first-party cookies that last much longer, meaning you can track a customer who clicks on Monday but buys on Friday.

**Stage 3 - Third-Party Intelligence (TripleWhale, Hyros, etc)**

When you're spending >$1k/day especially >$10k/day, you absolutely need this.

Because at that spend level, you're probably running ads across multiple platforms, meaning you have a multi-touch problem.

A customer might see a YouTube ad, click a Meta ad two days later, and then finally buy after clicking a Google Search ad.   
  
Who gets the credit?   
  
Meta will claim it. Google will claim it. You’ll end up ""double-counting"" your success while your actual margins shrink.

TripleWhale and Hyros are the 10x upgrade because they provide deep attribution - they follow the specific path of a single customer **over a full year** when Meta tracks a customer **over only 28 days**.

And that level of intelligence allows you to scale spend with confidence because you know exactly what a customer is worth in the long run.",2025-12-29T19:36:52Z
tag,social-media,informal,after,"Wayne family adventures episode 13 titled stupid traditions 

I love the motherly role Selina has in Wayne family adventures. The tag on the whip says with love from Selina.",2025-12-29T19:36:49Z
tag,social-media,informal,after,"Location: California.

I purchased a vehicle from a licensed California dealership on September 15. The car was financed and I am active duty US military. I took delivery out of state and was told it was a one way delivery so no temporary tags or California registration were issued. I was supposed to register the car in my home state of Oklahoma once the title was sent to my bank.

However the dealer never delivered the title.

As of today my lienholder the bank still has not received the title so neither they nor I can register the vehicle in Oklahoma. Because no temporary registration was ever issued I currently cannot legally drive the vehicle even though I am making payments on it.

I have contacted the dealer many times over several months and have received nothing but runaround and conflicting stories about where the title is. No one will give me a real answer or timeline.

I have now filed a formal complaint with California DMV Investigations.

My questions

	1.	Under California law can a dealer be forced to unwind the sale or buy the vehicle back if they cannot produce the title

	2.	What legal exposure does the dealer have for selling a vehicle they apparently do not have marketable title to

	3.	Is there anything else I should be doing right now while DMV Investigations is handling this

This has been going on for months and is now preventing me from legally registering or fully owning the vehicle I have been paying for.",2025-12-29T19:36:02Z
tag,social-media,informal,after,"A night of deception, detective work, and deadly revenge awaits you at THE TRAITORS: Murder Mystery. At this immersive ""who done it"" experience, you will compete in challenges, form alliances, and do everything you can to stay alive. 

1. **Thursday, January 8 at 7pm** at [Outer Planet Brewing](https://www.outerplanetbrewing.com/): 1812 12th Ave: Suite 100, Seattle, WA 98122  
2.  **Thursday, January 15** at 7pm at [Edway Taphouse](https://edwaytaphouse.com/): 22811 100th Ave W, Edmonds, WA 98020

The Traitors are a secret cult devoted to slowly and methodically murdering their castle-mates. Fie on those diabolical rogues! They will lurk through the castle while the Faithfuls work tirelessly to rid the castle of their treachery.  Trust nobody. Question everything.

This is a live, 2.5 hour, interactive experience full of twists and turns. Groups are welcome, but friendship-finding is at the heart of everything Freeze Tag produces, including THE TRAITORS.

  
[Grab your tickets before they sell out!](https://freezetag.ticketspice.com/the-traitors-murder-mystery-party)",2025-12-29T19:33:47Z
tag,social-media,informal,after,"I have 3 of this ships for transportación between planets and i was wondering of this is enoght for aquilo, should i make changes before going to aquilo for the first time or it's enoght for that planet?",2025-12-29T19:33:24Z
tag,social-media,informal,after, ,2025-12-29T19:32:58Z
tag,social-media,informal,after,Looking for 30 day trade. Also have both shiny dogs crowned.,2025-12-29T19:31:25Z
tag,social-media,informal,after,"A box of pocket monsters 150pc full of bangers, handful of megas, secret rares to rainbow rare tag team pieces. Even prism holo foil",2025-12-29T19:31:07Z
tag,social-media,informal,after,I'm not upset as much as I am in love with this little guy. His ears were sewn down and that's the only problem I had with this other than the size. The reason he doesn't look as fluffy is because I've given him a bath already.,2025-12-29T19:30:38Z
tag,social-media,informal,after,"gorilla tag please get rid of this muted thing, literary I got muted just for saying stupid, MUTED FOR 10,000 minutes is CRAZY, gorilla tag please get rid of this. It doesn’t even work. I don’t understand why they added this. They need to go back to just reporting people and that’s how people should get banned, not this “muted” crap",2025-12-29T19:30:22Z
tag,social-media,informal,after,"https://preview.redd.it/y56o4dd237ag1.png?width=1825&format=png&auto=webp&s=70e2ba34bec5d4d406f5997a53e171a669d24777

help im stuck at 209 (it says 204 but my pr is 209)",2025-12-29T19:30:21Z
tag,social-media,informal,after,"![](https://www.cryptopolitan.com/wp-content/uploads/2025/12/HyperliquidFlowsDec292025.png)

Ethereum had over $4.2B net inflows over the course of 2025, with more than $64B in general inflows. Ethereum remained a bridging hub and the most widely used liquidity layer, as stablecoins and other ...

 **Details:**
- **Published:** 29/12/2025 19:00 (UTC)
- **📊 Characteristics Score:**
  > **Asset Type:** *stable_coin*
  > **Sentiment:** `-0.2`
  > **Entropy:** `0.3`
  > **Relevance:** `0.8`
  > **Staleness:** `0.7`
  > **Uncertainty:** `0.5`
  > **Level-1 Focus:** *blockchain-usage, scalability*
  > **Level-2 Focus:** *layer--scaling-solutions, growth-metrics*
- **🏷️ Tags:** **#ethereum** **#stablecoins** **#arbitrum** **#l2 chains** **#liquidity** **#inflows** **#erc-20** **#gas fees** **#defi** **#hyperliquid**

**Source:** https://rwatimes.io/articles/coinmarketcap-ethereum-had-over-64-b-in-total-inflows-and-4-2-b-in-net-inflows-for-2025-714418322?utm_source=reddit&utm_medium=social&utm_campaign=reddit&utm_content=coinmarketcap-ethereum-had-over-64-b-in-total-inflows-and-4-2-b-in-net-inflows-for-2025-714418322 

 ---
*Posted from RWA Times Bot*",2025-12-29T19:30:08Z
tag,social-media,informal,after,"Brand : OffDuty

Size : Waist 26, 28 (Jeans) & Medium (Jacket) 

Condition : Brand new, tags intact

Reason for selling : Jeans too small & Jacket too big for me

Usage : Never worn / only tried on

Price : 1500 for jeans & 850 for jacket (open to reasonable offers) 

Location : Kearal

Shipping method : Courier

DM me if interested, shall send further details ",2025-12-29T19:29:05Z
tag,social-media,informal,after,"Hello! Sorry if this is not the right tag but I didn’t really know what to put this under (or if it was even a good idea to post in this subreddit but i figured people here might help). I found my dream Coach purse, the Coach Carly large bag in the dark brown leather, for only $62!!! Other listings i have saved were about $150 so I purchased it immediately. Unfortunately, the seller messaged me saying that it grew mold while sitting in their closet. I was devastated but then I remembered I’ve seen others restoring their Coach bags with mold on it and figured I might be able to get the bag at an even cheaper price if I asked. The seller actually agreed but I’m not sure what to offer for it because from what I understand, the leather Carly collection is kind of rare (??) Anyway, sorry for such a lengthy post but any suggestions are appreciated 🙏 ",2025-12-29T19:28:48Z
tag,social-media,informal,after,"We are a Level 19 Semi Competitive War Clan that always help each other to improve and enjoy the game.  If you want to play a little more seriously but still have the same friendly, active atmosphere this clan will be the perfect fit for you. Discord is mandatory for our clan.

What We Offer:
- Active and Organized Discord Server
- Back-to-Back Clan Wars (110+ win streak)
- Master 1 Clan War League (For TH17+)
- Bonus wars during CWL to Maximize Loot
- Max Clan Games and Rush Events.
- Maxed Clan Capital and weekly ~1700 Raid Medals
- Fast & High Level Donations
- Strategy and War Discussions.

We are looking for respectful players who are active, eager to learn and improve themselves. We ask our members to be consistent in Clan War and Clan Capital attacks as we have several attacking guides in our Discord server.

- Please DM @BerkDemir23 for further information or join our Discord 👇 https://discord.gg/5urERTd7pV
- Clan Link 👇https://link.clashofclans.com/en?action=OpenClanProfile&tag=2RUL88UU9",2025-12-29T19:28:45Z
tag,social-media,informal,after,"Posting for a friend. Message me with information and I'll contact the owner. Thank you!

He has been wandering around the Ramblewood area. He’s a very skinny mini Aussie. He’s very nervous and will run. He’s 11 months old. Fluffy, white, with dark and light brown patches. Maybe weighs 15 pounds. Still getting used to his new home, only been with us since Friday. He has no tags, is wearing a small gray harness. Unchipped. His name is Malo. He’s still getting used to it and probably won’t respond. His former name is Meow Meow. Also, doesn’t really respond to it.",2025-12-29T19:28:23Z
tag,social-media,informal,after,"[https://docs.google.com/spreadsheets/d/1dg\_IQpBdE4KFV1wBGIDXby8hrEJLJlMh35B3b2uI-IY/edit?usp=sharing](https://docs.google.com/spreadsheets/d/1dg_IQpBdE4KFV1wBGIDXby8hrEJLJlMh35B3b2uI-IY/edit?usp=sharing)

⭐ CNFans Spreadsheet (Updated & Maintained)  
Last update: Nov 2025

If you’re looking for a CNFans spreadsheet that’s actually usable and not full of dead links, this one is kept organized and updated with **thousands of working CNFans links** across clothing, shoes, bags, accessories, tech, home items, and popular brands.

It’s updated regularly and made so people searching CNFans spreadsheet, CNFans links, or CNFans guide can easily find it again later.

**How to use**

* Press Ctrl/Cmd + F
* Search by brand or item (example: Arc’teryx jacket, UGG boots, LV wallet)
* Comment if something’s missing or a link is dead and I’ll fix it

**Common searches**  
Ralph Lauren  
LV belts  
Patagonia / Arc’teryx  
Bags and wallets  
Jackets, hoodies, winter stuff  
Random tech and home items

**If this helps, save the post so you don’t lose it, upvote for visibility, and drop a comment if you need something added.**

Tags: cnfans, cnfans spreadsheet, cnfans links, cnfans guide, cnfans reddit, cnfans 2025",2025-12-29T19:27:36Z
tag,social-media,informal,after,im going to rant for a bit im sorry also i didn't know what tag to add thats why it might not make sense i just feel like everyone hates on classic for the reason being ItS To EaSy and yeah its easy becuse its for beginers and if your to good for classic why trash on it. if i want to play my easy game so be it don't dog on me for playing the easy mode. when i first played i played classic but after i played for a while i just kept seeing people hate on classic and it made me feel bad for starting i dont want to start in expert or master mode or something i just want to have fun. ok im done ranting,2025-12-29T19:26:51Z
tag,social-media,informal,after,"I'm debating beetween Nike Mercurial pro and Adidas F50 pro boots. The mercurials are around 120€ and f50s are 100€. Which boot gives you more from that price tag? Which boot is better quality? Are they any good? Mercurials looks ""cheap"" to my eyes but i'm can't decide beetween these two. The Adidas ones is little bit prettier to me but I don't know. Any help would be awesome",2025-12-29T19:26:27Z
tag,social-media,informal,after,"Last night I decided to convert one of my characters from remix to retail and I wanted to share what happened in case it’s helpful for others as I wasn’t sure what would stay and what would go and some things were confusing. There are a couple things I meant to check but forgot so I’ll share what I can

Legion remix character: Druid level 80, all artifact weapons acquired through the quests in legion remix. I think I was around 700 ilvl, I should have double checked I’m sorry. 

——

Possible helpful to know background: I just started playing in October, I’ve mostly played remix. I have 1 level 80 retail character (worgen alliance hunter) that I’ve done part of the dragon isles with and most of the khaz algar main questline with. It’s been a struggle because things are both locked, unlocked, phased, timey-wimey… so I’ve just plugged away at remix to do all the class halls. I’ve completed Druid, dk, dh, paladin, priest, mage, hunter, and shaman. 

My account was created with refer a friend (partner invited me) so I do have some extra stuff I started with I think. I also have pre ordered midnight and have access to housing. 

——

**Currencies**

Bronze: gone. Idr if I sent it all to another toon, but it’s not even an option in retail (as expected)

Gold: stayed the same. I opened a chest that my character got in their inventory and got an additional 2k gold. Not sure if that’s standard or if it had to do with any bronze I had on me. 

Order resources: I transferred all these to my existing retail character before converting 

**reputation**

I had zero reputation with any of the factions in legion before converting. My converted Druid has the same reputation as what they got during remix but it does not show as warbound. My existing retail hunter did not get any reputation changes - most don’t even show up except two that I guess I must have done a small quest for. 

I’m hoping it’ll all go warbound and they’ll let us have our highest of our toons because I have a dk in legion who’s exalted +++ with basically everyone and that’d make the decor acquiring so much easier…

**Items after transfer**

Springrain everything for armor/clothes 655

Springrain band of onslaught 655

Springrain idol of rage 655

Springrain stone of rage 655

Scythe of line level 10

Overall ilvl 574

I was specced into feral when I switched iirc so idk if that impacted anything. I switched back over to balance which is why the scythe is in that slot, I think it was just a Springrain one that is now in my inventory 

Nothing is transmogged, I had stuff transmogged before switching and nothing stayed. Which makes sense because it’s all completely new stuff but just in case it’s helpful to know. 

**inventory**

There were a couple things to open, a chest and a bag I think but once opened:

Hearthstone 

2x Springrain spear 655

Springrain stave 655

Claws of ursoc level 10

G’Hanir, the mother tree level 10

Fangs of ashamane level 10

**additional inventory**

I logged out then saw I had mail and logged back in, in the mail were the following items that I had got in remix

Duskytooth fel snooter 

5x thornstalk barbs

7x fel meteorite

3x sunblossum pollen

Flight master’s whistle

No scrolls or drake treats, which is to be expected but just mentioning it for the sake of being thorough lol. 

**THE BIGGEST NOTE I HAVE**

None of my action bars stayed. Literally it’s empty except for a mount in the first slot of action bar 2. Idk if it’s because I’m a Druid and there’s just a lot or something went wrong or idk. I’ve started using an add on called myslot to help save action bar set ups (I was experimenting with switching up between healer and dps for shaman and priest) so thankfully I’ve actually been playing on a different Druid and will be able to save that druids set up and just pull it over. 

Who knows maybe the add on is what caused it all to disappear though or one of my other add ons. But just a word of warning - take note of how you’ve set things up before switching over if you plan to switch over. 

But anyway that’s what I’ve got. Hopefully it’s helpful and I didn’t miss much but if I did ask and I can see if I have an answer. Like I mentioned I’m pretty new so I also feel like the experience is a little different as there are things us new folks deal with that experienced folks either just don’t see or have the background to just intuitively know or have the tools/materials/rep/ect to just deal with. 

Also it would only let me tag with one thing and I was required to tag so I tagged it remix since that seemed best out of the options available. ",2025-12-29T19:26:02Z
tag,social-media,informal,after,"well,i thrifted a winter leather jacket some time ago online.ik its a dumb time to consider if its original or not since i have it now but im simply curious.

the brand is goosecraft.I found only ONE picture of it online with engine search match and thats it,when i try to find it online or anything thats all i get.I start to suspect its not original or something but the quality and the material seems really great.Could it be a well made dupe or something like that?

Heres the picture i found online and a tags
the inner tag is faded so its hard to read and im sorry for that!

its says contract7092 and jacket038,that its real leather and the inner lining is 100% acrylic,not actual fur or whatever.",2025-12-29T19:25:36Z
tag,social-media,informal,after,"

Hi everyone,

I wanted to share a tool I built called Local Notes MCP.

This is my first real open source project. I built it to solve my own problems, but I realized it might be useful to others, so I’m polishing it up and sharing it here.

It is a Dockerized application (Node/React/SQLite) that serves two distinct roles:

1. A Full-Fledged Web Application
First and foremost, this is a complete, self-contained note-taking app. Even without any AI integration, it functions as a robust multi-user web app with authentication, Markdown support, tagging, and search. You can self-host it for your team or family just like any other web service.
2. An AI Memory Bridge (MCP)
It is also an MCP Server. This allows AI agents (like Claude Desktop or Cursor) to read and write directly to your notes, turning the app into a shared ""brain"" for humans and agents.

I built this for ""Peace of Mind"" and ""Collaboration.""

I wanted a safe place to store sensitive data—like API keys, server configs, or private thoughts—that isn't a cloud chat window. Because it runs locally via Docker, you own your data.

I also wanted to exchange notes with my AI agents easily. You can write context or instructions in the web app, and the Agent can read those instructions, perform tasks, and write summaries back into your notes. This creates a persistent memory layer that survives across different chat sessions.

It is free and open source (MIT). You can run it via a single Docker command:

```
docker run -d -p 31111:31111 -v local_notes_mcp_data:/app/data ghcr.io/mchen-lab/local-notes-mcp:latest

```

Since this is my first open source release, I would really appreciate your thoughts.

I’m specifically looking for feedback on the containerization and if anyone runs into issues on different architectures (I've only tested on Mac/Linux so far). If you spot any best practices I missed or have feature ideas, please let me know!

Repo: [https://github.com/mchen-lab/local-notes-mcp](https://github.com/mchen-lab/local-notes-mcp)",2025-12-29T19:24:20Z
tag,social-media,informal,after,"And since I have my own commercial broadcaster, they're immediately making me a nice profit. Absolute robbery.",2025-12-29T19:23:52Z
tag,social-media,informal,after,Limit 2 per household. Why even bother with the price tag?,2025-12-29T19:23:29Z
tag,social-media,informal,after,"Clearly it is a foreign DVD cover (it kinda looks like German? Or maybe Dutch?). But it's still interesting to see the old logo on the newer generation for dvds. Usually, it's for toys and in the very early days when they haven't designed a new logo for the new Gen yet. Like how early G4 plushies had the G3 logo on their tags. Same with G5 plushies using the g4 logo. 


",2025-12-29T19:22:58Z
tag,social-media,informal,after,"Hello Honda enthusiasts. I'm from Germany and own a 1995 Honda Acti HA3. However, I'm having trouble registering it. I'm missing the emissions data for the vehicle inspection (TÜV). Without this data, no one can or will register my Honda. Does anyone have this information? I would be very grateful for any help. Greetings from Germany.

guten tag honda freunde.
ich komme aus deutschland und bin besitzer eines honda acty ha3, baujahr 1995. ich habe aber probleme mit der Zulassung. mir fehlen für den tüv daten der abgaswerte. ohne diese kann und wird mir niemand den honda zulassen. hat jemand diese daten? für jeden hinweis bin ich sehr dankbar.
grüße aus Deutschland.",2025-12-29T19:22:41Z
tag,social-media,informal,after,Why are people in India so obsessed with college tags?,2025-12-29T19:22:41Z
tag,social-media,informal,after,"https://musiclab.chromeexperiments.com/Song-Maker/song/4806835277791232

you can extend it or smth but tag M E >:(",2025-12-29T19:21:36Z
tag,social-media,informal,after,"My friend is fairly new to writing and is a bit shy to ask for people's opinion on her work. It's a little long, but I've loved the story.

These are some of the tags she uses to describe it.

* \- Abrasive non
* \-super OP protagonists fixing problems with deadly efficiency
*  \- Politics and scheming 
*  A flawed protagonist on a personal journey 
* \- A grounded low-magic system 
* \- Action with slice of life character progression

  
[https://www.royalroad.com/fiction/145630/ruby-amethyst](https://www.royalroad.com/fiction/145630/ruby-amethyst)",2025-12-29T19:21:01Z
tag,social-media,informal,after,Will there ever be a way to make custom instruments like u can take a beep or smth and turn it into a keyboard,2025-12-29T19:20:48Z
tag,social-media,informal,after,"Welcome to the episode discussions for **Glory**! The posts will be co-hosted by me and u/Lotus_swimmer. We are open to additional co-hosts, so if you're interested, please do not hesitate to reach out.

**Discussion Schedule:** Posts will follow iQIYI's release of the episodes (which as far as we know, follow the MangoTV airing schedule). A kind reminder to please use the spoiler tag if you comment on anything beyond the episodes we've posted.

# Episode 1 - introducing Lu Jianglai and the Tea King fam 🫖

***Recap:*** *Lu Jianglai is the county magistrate and he goes undercover to capture the culprits behind the abduction of the mountain tea-picking girls. The women are saved but bodies are also discovered. Jianglai covertly executes Constable Liu Ben, not only for the abductions and murders, but for threatening Jianglai with his political connections. This does unfortunately make him a target and he's given a wife-murder case to solve that would naturally place him on the wrong side of the Rong family.*

This first episode was everything! Starting with Hou Minghao's character reveal and a fight against an evil woman with two meat cleavers. He **is** vicious and I am **here** for it. Honestly, **he has me swooning - anyone else?** We don't know too much about his life or upbringing yet, but we know where things may be headed given the Governor's warning and his fearless personality of confronting others regardless of their power and status. And oh, the fact that he **can** fight.

We are introduced to our leads right away, including their **meet-cute**. Like Jianglai, Shanbao can hold her own against her enemies. She has a cold exterior but a big heart, seen by the way she punishes her brother for devaluing the lives of two dead guards. We understand why, as we get more insight into the Rong family dynamics: the tension and power struggle are conspicuous. We even come to understand that her own siblings tried to sabotage her.

It appears the Rong family are divided into two camps for who they support as the future family head: Shanbao or Yunxi.

# Episode 2 - with the cliff fall and amnesia tropes ✔✔

*Recap: The Rong family's status does not faze Jianglai to the Governor Jiang Yiqian and Prefect Xu Song's dismay. He stays outside of the Rong residence for days, demanding Lady Rong's presence for an interrogation. When summoned by the Governor to cease this pursuit, he reveals an imperial edict and announces that he is the Imperial Inspector. This escalates to his attempted murder. On the brink of death, he is taken in by Shanbao. Suffering from amnesia, Jianglai becomes a stable boy for the Rong family. Months after his recovery, he's on a quest to find out who he is. Meanwhile, suitors arrive at the Rong residence to seek Shanbao's hand in marriage. The men make alliances and scheme against each other for a chance to enter the Tea King family.*

Jianglai pulling out the edict was pretty badass. *Doubly undercover Minghao*. But then my heart - the way he was poisoned and then attacked! I want to avenge him (still feeling the **Vendetta of An** vibes). And of course, we get a **cliff fall!** I'm convinced this has to be in **every** Cdrama.

Not going to lie, when we saw young Jianglai, I thought we were going to learn a little more about his background, but nope.

It's time to choose a husband (or two). How fun! Especially with Xiangling's help:

>*His eyes are too small. This one's face is longer than a horse's. A bulging brow and sunken eyes -- so ugly. What is the world is this face!*

I don't know why I feel so protective, but the way Wang Lu just kicked Jianglu as they were trespassing in the Hong residence sparked a little rage in me. Why was that necessary?! That was enough to put him on my blacklist but then he kicked him a second time, and I think we should send him straight to the chopping block. Wang Lu - **we** will remember your name too.

Loved this little speech from Shanbao:

>*In the Rong family, if someone is looked down upon, it's never because he is a man, but because he lacks intelligence, has poor character, and fails to serve his family loyally. When a woman can manage the household and pursue a career, it's not simply because she is a woman, but because she possesses both virtue and talent, earning everyone's respect. This talk of male or female superiority is something I've never heard before.*

And to end the episode with: Shanbao **slaps** (both literally and figuratively).

# Episode 3 - Welcome to the Bachelorette... and there is only one rose to give out 🌹

*Recap: Some of the suitors get thrown out for trying to sleep with the maids (and for scheming against Wen Can)*. *Jianglai requests to be an official servant for Shanbao herself. She agrees and sends him to watch over Wen Can and also promises to help him investigate his identity. In the meantime, his new name is Lu Fusheng. Remaining suitors are asked to prepare a gift for Shanbao. She will use this as a test to choose and invite one of the gentlemen to dine with her. As the men prepare their gifts, Shanbao resolves an issue at the tea shop and Xingming (one of the suitors) secretly protects her.*

We find out that Shanbao's mom passed away after giving birth to Yunwan and that Yunwan likely suffers from some sort of illness. I did not understand what Yunyin's intent was in this episode because she didn't seem murderous? Was she there just to torture her for fun? Anyway, a few questions for discussion: **Why do you think Yunyin holds such a grudge against Shanbao? Do you think she's genuinely jealous that Shanbao treats Yunwan ""better""?**

[Ms. Yan](https://www.reddit.com/r/CDramaFlashCards/comments/1px9mim/comment/nwhu2bh/?utm_source=share&utm_medium=web3x&utm_name=web3xcss&utm_term=1&utm_content=share_button)!!! She gets a *candlestick* in her room, alright *wink wink*. This episode had some steam.

I love how instinctively protective Jianglai is over Shanbao. He's not immediately **in love** with her but you can tell he admires her and I love this development. Personally, I'm not a fan of ""love at first sight"".

Do we sense potential romance between the silly scholar and Yun'e!?

Ok, and who is He Xingming and what is he up to?

Let's talk about Wen Can because **isn't he ridiculous?** I find it interesting that he plays such a brat as if that's what he thinks Shanbao likes in her man, but we know from when he pretended to be drunk, that there's more than meets the eye... and **is there more behind the reason Shanbao placed Jianglai with him?**

Here's one of my favourite scenes from this episode:

[Well, do you?](https://preview.redd.it/koc5ob9uz6ag1.png?width=2048&format=png&auto=webp&s=773275eaa220d89f766449ecc4dc059d22264efc)

Finally, since we were introduced to so many characters, here they are:

* [Lu Jianglai / Lu Fusheng](https://www.reddit.com/r/CDramaFlashCards/comments/1px9mim/comment/nw9e34e/?utm_source=share&utm_medium=web3x&utm_name=web3xcss&utm_term=1&utm_content=share_button), former County Magistrate and Imperial Inspector, now Shanbao's servant
* [Rong Shanbao](https://www.reddit.com/r/CDramaFlashCards/comments/1px9mim/comment/nw9duwa/?utm_source=share&utm_medium=web3x&utm_name=web3xcss&utm_term=1&utm_content=share_button), eldest daughter of the Rong family
* [Rong Yunxi](https://www.reddit.com/r/CDramaFlashCards/comments/1px9mim/comment/nw9dd2l/?utm_source=share&utm_medium=web3x&utm_name=web3xcss&utm_term=1&utm_content=share_button), second daughter of the Rong family
* [Rong Yun'e](https://www.reddit.com/r/CDramaFlashCards/comments/1px9mim/comment/nwhu1gl/?utm_source=share&utm_medium=web3x&utm_name=web3xcss&utm_term=1&utm_content=share_button), third daughter of the Rong family
* [Rong Yunyin](https://www.reddit.com/r/CDramaFlashCards/comments/1px9mim/comment/nwhu69k/?utm_source=share&utm_medium=web3x&utm_name=web3xcss&utm_term=1&utm_content=share_button), fourth daughter of the Rong family
* [Rong Yunshu](https://www.reddit.com/r/CDramaFlashCards/comments/1px9mim/comment/nw9ctbn/?utm_source=share&utm_medium=web3x&utm_name=web3xcss&utm_term=1&utm_content=share_button), fifth daughter of the Rong family
* [Rong Yunwan](https://www.reddit.com/r/CDramaFlashCards/comments/1px9mim/comment/nwljn8a/?utm_source=share&utm_medium=web3x&utm_name=web3xcss&utm_term=1&utm_content=share_button), sixth daughter of the Rong family
* [Rong Shangchang](https://www.reddit.com/r/CDramaFlashCards/comments/1px9mim/comment/nwhu0az/?utm_source=share&utm_medium=web3x&utm_name=web3xcss&utm_term=1&utm_content=share_button), young master of the Rong family
* [Madam Rong](https://www.reddit.com/r/CDramaFlashCards/comments/1px9mim/comment/nwhu4l5/?utm_source=share&utm_medium=web3x&utm_name=web3xcss&utm_term=1&utm_content=share_button), head of the Rong family and grandmother to Shanbao and her siblings
* [Shen Xiangling](https://www.reddit.com/r/CDramaFlashCards/comments/1px9mim/comment/nwhu5fg/?utm_source=share&utm_medium=web3x&utm_name=web3xcss&utm_term=1&utm_content=share_button), cousin of the Rong family
* [Bai Yansheng](https://www.reddit.com/r/CDramaFlashCards/comments/1px9mim/comment/nwlji6m/?utm_source=share&utm_medium=web3x&utm_name=web3xcss&utm_term=1&utm_content=share_button), suitor
* [Yang Dingchen](https://www.reddit.com/r/CDramaFlashCards/comments/1px9mim/comment/nwljkdc/?utm_source=share&utm_medium=web3x&utm_name=web3xcss&utm_term=1&utm_content=share_button), suitor
* [He Xingming](https://www.reddit.com/r/CDramaFlashCards/comments/1px9mim/comment/nwljldg/?utm_source=share&utm_medium=web3x&utm_name=web3xcss&utm_term=1&utm_content=share_button), suitor
* [Wen Can](https://www.reddit.com/r/CDramaFlashCards/comments/1px9mim/comment/nwljmd7/?utm_source=share&utm_medium=web3x&utm_name=web3xcss&utm_term=1&utm_content=share_button), suitor (and Shanbao's cousin but not by blood)
* [Yan Jingyi](https://www.reddit.com/r/CDramaFlashCards/comments/1px9mim/comment/nwhu2bh/?utm_source=share&utm_medium=web3x&utm_name=web3xcss&utm_term=1&utm_content=share_button), Rong family butler
* [Xu Song](https://www.reddit.com/r/CDramaFlashCards/comments/1px9mim/comment/nwhu3vr/?utm_source=share&utm_medium=web3x&utm_name=web3xcss&utm_term=1&utm_content=share_button), Chunning County Prefect, and brother-in-law to deceased Constable Liu Ben
* [Jiang Yiqian](https://www.reddit.com/r/CDramaFlashCards/comments/1px9mim/comment/nwhu37a/?utm_source=share&utm_medium=web3x&utm_name=web3xcss&utm_term=1&utm_content=share_button), Governor of Chunning County
* [Feng Zhusheng](https://www.reddit.com/r/CDramaFlashCards/comments/1px9mim/comment/nwhtzc1/?utm_source=share&utm_medium=web3x&utm_name=web3xcss&utm_term=1&utm_content=share_button), Private Advisor
* [Cheng Guanyu](https://www.reddit.com/r/CDramaFlashCards/comments/1px9mim/comment/nwhtxy3/?utm_source=share&utm_medium=web3x&utm_name=web3xcss&utm_term=1&utm_content=share_button), Butler

I will try to add more images in future posts. :) For now, I wanted to get this out because I'm sure many of you want to start talking about it asap.

**Links to Discussion Posts:**

[Flash cards](https://www.reddit.com/r/CDramaFlashCards/comments/1px9mim/glory_玉茗茶骨/?utm_source=share&utm_medium=web3x&utm_name=web3xcss&utm_term=1&utm_content=share_button) (always in progress) | [Masterpost](https://www.reddit.com/r/CDrama/comments/1pydrqr/glory_yu_ming_cha_gu_玉茗茶骨_2025_what_are_your/?utm_source=share&utm_medium=web3x&utm_name=web3xcss&utm_term=1&utm_content=share_button) |",2025-12-29T19:20:04Z
tag,social-media,informal,after,"This graffiti depicts a layered, high-contrast mural in which symbols from Colombian drug history are combined with abstract street art elements.

On the left, an airplane can be seen bearing the text “Escobar Airlines.” The aircraft does not refer to an actual airline, but functions as a critical symbol of drug trafficking and illegal logistics, a key component of the international cocaine trade in the 1980s and 1990s. The damaged and weathered appearance of the plane reinforces the idea of decay and moral corruption.

In the center, a large, dynamic abstract graffiti tag dominates the composition, rendered in bright colors such as yellow, red, blue, and black. These aggressive, chaotic shapes appear deliberately restless and unstable, which can be read as a visual translation of the violence, chaos, and social disruption associated with the drug trade. In and around the letters, multiple bullet holes are depicted—a clear and confrontational detail that refers to the extreme violence of that era.

Scattered throughout the composition are bundles of money and packages reminiscent of drug shipments. These elements are not portrayed romantically, but pile up in an almost suffocating quantity, pointing more toward excess and the destructive impact of criminal wealth than toward success.

On the right, a gate is visible with the text “Hacienda Nápoles,” Escobar’s former estate. The depiction is surrounded by decaying nature, dark tones, and ominous details, presenting the estate not as a luxurious refuge but as a charged symbol of power gained at the expense of people and society.

The background consists of a tropical jungle landscape, which on the one hand geographically refers to Colombia, but on the other evokes a sense of impenetrability and danger. Nature appears to be slowly reclaiming the human-made structures, which can be interpreted as a sign that such regimes are ultimately impermanent.",2025-12-29T19:19:37Z
tag,social-media,informal,after,"Link- https://link.clashofclans.com/en?action=OpenClanProfile&tag=2J2202VY8 

This Clan will bring you the help and the Organized structure that you need to Grow and Improve 🏆

CWL - Gold League 1

—————————————————————————

War ⚔️

\\-After each war I will send out a sign up for 12-18 hours.

\\-War is not mandatory, but I must see you sign up at least everyone once in a while

This is the War Cycle we win Run.

\\-CWL will be done every Month

Rules For War

• No Joke Attacks (Ex. 100 Barbarians)

• Don't Attack anything that is 2 TH below you!

—————————————————————————

Promotions 📢

\\- Promotions will be Given every 2nd of the Month

• 1 Person will be Promoted per Month (With reason we can do more)

Promotions will be Earned Through Leadership,Being Involved with the Clan, and Being Consistent in Both War and Clan games

Getting 3 Stars in War doesn't matter at all if you want to get promoted 

What matters most to me in Promotions is being a leader in a clan. Someone who can help people improve shows that they should be able to Help run the Clan!

—————————————————————————

Activity 👏

I expect Everyone to do both Raid Weekends, War,  and Clan Games

But for Whatever reason you may not be able to may not be able to do Either, please Tag the Leader in the Chat.

Please Communicate with the Clan and let things be Known 

If you ever Need advice, Please Tag either me (Leader) or the Co-Leader . -We'll all be happy to give you Advice and want to help people to Grow 😎👍

—————————————————————————

Leader ✏️

 \\-Thugalicous(TH14)

Link 🔗 

\\- https://link.clashofclans.com/en?action=OpenClanProfile&tag=2J2202VY8 ",2025-12-29T19:19:37Z
tag,social-media,informal,after,"Astronomers have discovered potentially the most massive black hole ever detected. The cosmic behemoth is close to the theoretical upper limit of what is possible in the universe and is 10,000 times heavier than the black hole at the center of our own Milky Way galaxy.

It exists in one of the most massive galaxies ever observed—the Cosmic Horseshoe—which is so big it distorts spacetime and warps the passing light of a background galaxy into a giant horseshoe-shaped Einstein ring.

Such is the enormousness of the ultramassive black hole's size, it equates to 36 billion [solar masses](https://phys.org/tags/solar+masses/). Researchers detected the Cosmic Horseshoe black hole using a combination of gravitational lensing and stellar kinematics (the study of the motion of stars within galaxies and the speed and way they move around black holes).

",2025-12-29T19:19:28Z
tag,social-media,informal,after,"Aight, so my 8kg winter haul finally touched down — and my 6'1"" athletic build is feasting. I usually go XL in hoodies and 34 in pants, and every piece hit perfectly. No weird fits, no disappointments — just straight quality all around.

Trapstar Casual Suit
This two-piece set goes wild. Clean switch-up from the usual hoodie rotation — comfy, sleek, and definitely a statement look.
LINK:https://weidian.com/item.html?itemID=7645747093&spider\_token=4456

Dept Hoodie
Minimalist and easy to wear. Good fabric for daily use and solid quality for the price.
LINK:https://weidian.com/item.html?itemID=7645725551&spider\_token=be1a

Stussy Hoodie
Classic heavyweight cotton and that signature Stussy cut. Fits right, feels premium, no misses here.
LINK:https://weidian.com/item.html?itemID=7638789621&spider\_token=7da4

Amiri Jacket
The craftsmanship is crazy — stitching, structure, and fit all on point. Gives that luxury streetwear energy.
LINK:https://weidian.com/item.html?itemID=7648725230&spider\_token=fd1e

CB Sweater
Soft, cozy knit with a subtle design that still catches attention. Ideal for layering when temps drop.
LINK:https://weidian.com/item.html?itemID=7644755318&spider\_token=1966

Broken Planet Hoodie
Prints go hard as always. Fit leans relaxed but not baggy — the balance is just right.
LINK:https://weidian.com/item.html?itemID=7645638045&spider\_token=f03a

The North Face Down Jacket
Genuinely warm and built to handle cold weather. Feels sturdy and keeps its shape.
LINK:https://weidian.com/item.html?itemID=7612544238&spider\_token=6ed3

Corteiz Jacket
Warm without feeling bulky. Perfect winter layer when you still wanna keep the silhouette clean.
LINK:https://weidian.com/item.html?itemID=7648719380&spider\_token=e11b

Saint Hoodie
That distressed graphic hits different. True-to-size fit and the material feels quality.
LINK:https://weidian.com/item.html?itemID=7643460062&spider\_token=4334

Needles Track Hoodie
Distinct from your standard hoodie lineup. Well-made and comfortable — unique without trying too hard.
LINK:https://weidian.com/item.html?itemID=7648833664&spider\_token=bdda

Balenciaga Hoodie
Oversized and heavy — exactly how it should be. The quality easily backs up the price tag.
LINK:https://weidian.com/item.html?itemID=7570782248&spider\_token=eeeb

Broken Planet Pants
Pairs perfectly with the hoodie. Elastic waistband fits comfortably, and the taper gives a clean fall.
LINK:https://weidian.com/item.html?itemID=7645719605&spider\_token=a7b5

Goya Backpack
Functional and stylish — roomy enough for everyday use, and it looks better in person than online.
LINK:https://weidian.com/item.html?itemID=7645831815&spider\_token=f236

Nike Hood
A simple essential. Works great under jackets without adding bulk, nice mid-layer piece.
LINK:https://weidian.com/item.html?itemID=7648734964&spider\_token=3d20

Chrome Hearts Baseball Cap
Detailed to perfection. Structured fit, clean embroidery, and a solid pickup for brand fans.
LINK:https://weidian.com/item.html?itemID=7648819794&spider\_token=e105


Wrap-Up
This haul’s a W all around — everything fits right, quality’s consistent, and the variety keeps it interesting. The Amiri jacket, Broken Planet set, and North Face down easily take the top spots for winter rotation.",2025-12-29T19:18:34Z
tag,social-media,informal,after," AI-driven financial news analysis can help traders and investors quickly process vast amounts of information and uncover hidden patterns, trends, and sentiments. In this post, we'll walk you through the process of utilizing AI for financial news analysis, along with useful examples, tips, and simple code snippets to help you get started.

Collect Financial News Data

To begin analyzing financial news using AI, you'll need to gather relevant news articles from various sources. You can use web scraping tools, RSS feeds, or APIs to collect news articles from reputable sources like financial news websites and blogs.

Example:

Here's a simple code snippet using Python and the 'feedparser' library to fetch financial news articles from an RSS feed:

    import feedparser
    
    rss_url = ""https://rss.example.com/financial-news""
    feed = feedparser.parse(rss_url)
    
    for entry in feed.entries:
        print(entry.title, entry.link)
     

Preprocess and Clean Text Data

Before analyzing the news articles, you'll need to preprocess and clean the text data. This may involve removing HTML tags, converting text to lowercase, removing punctuation, and tokenizing words.

Example:

Here's a simple code snippet using Python and the 'nltk' library to preprocess and clean a news article:

&#x200B;

    from nltk.corpus import stopwords
    from nltk.tokenize import word_tokenize
    import string
    
    def clean_text(text):
        text = text.lower()
        text = """".join([char for char in text if char not in string.punctuation])
        words = word_tokenize(text)
        words = [word for word in words if word not in stopwords.words(""english"")]
        
        return "" "".join(words)
    
    cleaned_text = clean_text(article_text)
    

Analyze Sentiment

Sentiment analysis is a popular technique for gauging the overall sentiment of financial news articles. You can use AI-driven natural language processing (NLP) tools to determine whether the news is positive, negative, or neutral.

Example:

Here's a simple code snippet using Python and the 'TextBlob' library to perform sentiment analysis on a cleaned news article:

&#x200B;

    from textblob import TextBlob 
    sentiment = TextBlob(cleaned_text).sentiment 

Extract Keywords and Topics

Keyword and topic extraction can help you identify the most important concepts and themes in a news article. AI-driven NLP tools can extract keywords and topics based on the frequency and relevance of words in the text.

Example:

Here's a simple code snippet using Python and the 'gensim' library to extract keywords from a cleaned news article:

&#x200B;

    from gensim.summarization import keywords  
    article_keywords = keywords(cleaned_text).split(""\n"") 

Generate Trading Signals

Based on the sentiment and keywords extracted from financial news articles, you can generate trading signals for specific assets or markets. For example, you might generate a buy signal for a stock if the overall sentiment of recent news articles is positive and the company is frequently mentioned in the news.

Tips for Getting Started with AI and Financial News Analysis:

* Choose Reliable News Sources: Ensure you're collecting news articles from reputable and trustworthy sources to avoid misinformation and bias.
* Experiment with Different NLP Tools: Explore various NLP tools and libraries for sentiment analysis, keyword extraction, and topic modeling to find the best fit for your needs.
* Stay Up-to-Date: Keep yourself informed about the latest advancements in AI and NLP to continually improve your financial news analysis techniques.
* Backtest Your Signals : Test the trading signals generated by your AI-driven financial news analysis using historical data to assess their effectiveness. This will help you fine-tune your models and strategies for better performance.
* Combine News Analysis with Other Techniques: Integrate AI-driven financial news analysis with other trading strategies, such as technical analysis or machine learning models, to create a more comprehensive and robust approach to trading.

&#x200B;

AI and financial news analysis can provide traders and investors with valuable insights into market sentiment and trends, helping them make well-informed trading decisions. By collecting financial news data, preprocessing and cleaning text, analyzing sentiment, extracting keywords and topics, and generating trading signals, you can harness the power of AI to improve your trading outcomes. Start with reliable news sources, experiment with different NLP tools, stay up-to-date with the latest advancements, backtest your signals, and combine news analysis with other techniques to make the most of AI-driven financial news analysis in your trading journey.",2025-12-29T19:18:29Z
tag,social-media,informal,after,"I think intuitively I would agree that travel takes a toll on my body, but it has been fascinating to watch my HRV, sleep score, resting heart rate, and stress scores tank think week during the holidays! This stress day is from a day of planes, trains, and automobiles, including a cab driver that was visibly falling asleep at the wheel. 😖Stay well everyone! 🙃",2025-12-29T19:18:15Z
tag,social-media,informal,after,"Both from YRXVIP, didn’t come with tags, unused. ",2025-12-29T19:18:14Z
tag,social-media,informal,after,"Looking for members to help us in CWL!!! All are welcome but have to be active in war if you’re in it! We are fairly new so join us to help us grow!

Los Sucios [ https://link.clashofclans.com/en?action=OpenClanProfile&tag=2JQL2VQQR ](https://link.clashofclans.com/en?action=OpenClanProfile&tag=2JQL2VQQR)",2025-12-29T19:18:02Z
tag,social-media,informal,after,"Free 3 day priority mail shipping to the United States

Available in black or brown.

$225 shipped. PayPal invoice only.

Tagged photos: [ https://imgur.com/a/HRkOmLs ](https://imgur.com/a/HRkOmLs)  [https://imgur.com/a/20qg1nv](https://imgur.com/a/20qg1nv)",2025-12-29T19:17:50Z
tag,social-media,informal,after,"Hi! I'm based in South America and, recently, have been looking to buy the 06 Italy kit by Puma. So far, I've come across a very small number of listings, all of which are from jerseys with ""made in paraguay"" tags. The fabric looks to be identical to the one used by puma that year.

Do any of you guys know if puma actually manufactured kits there in the mid 2000's? Couldn't find much info about it online.",2025-12-29T19:17:36Z
tag,social-media,informal,after,"Free 3 day priority mail shipping to the United States

1:1 Louis Vuitton Black monogram, blue interior LV watch box. 

$225 shipped. PayPal invoice only.

Tagged photos: https://imgur.com/a/HRkOmLs",2025-12-29T19:16:45Z
tag,social-media,informal,after,"Hey, does anyone know how to link a hip printer to the rss on the telzone? I have a load of open box TVs that i’m reprinting their tags for to put the out on the floor and make them easily scannable for counts and check out. But i was trying to reprint the license plates through a hip printer but rss asks for an IP address but everything i type in doesn’t connect it, anyone know if it’s even possible?",2025-12-29T19:16:26Z
tag,social-media,informal,after,"The North Face Cotton Jacket
Perfect mid-weight for fall. The cotton fabric feels sturdy and layers easily over a hoodie. Fit stays true to size—simple, practical piece.
LINK:https://weidian.com/item.html?itemID=7608441194&spider_token=e56d

Gallery Dept Hoodie
Love the vintage print and thick blank. Super comfortable, heavy feel that’s ideal for cold days.
LINK:https://weidian.com/item.html?itemID=7648698090&spider_token=c1f9

Stone Island Sweatshirt
Patch and fabric both hit the mark. Feels premium with that classic clean SI silhouette.
LINK:https://weidian.com/item.html?itemID=7621144509&spider_token=21ac

Carhartt Hoodie
Tough workwear cotton with solid stitching. Patch detail looks authentic and fit runs standard.
LINK:https://weidian.com/item.html?itemID=7645633271&spider_token=fbdf

Amiri Jeans
Distressing and paint details are on point. Denim feels broken-in but durable. Fit hugs right where it should.
LINK:https://weidian.com/item.html?itemID=7648637586&spider_token=1690

Supreme Sweatshirt
Heavy cotton, neat embroidery, and a tidy fit. Timeless streetwear piece that never misses.OOS

Burberry Sweatshirt
Check pattern perfectly aligned, material feels luxe. A bit preppy but still casual.
LINK:https://weidian.com/item.html?itemID=7648707210&spider_token=8387

Broken Planet Hoodie
Detailed back print and thick blank. Great winter layering hoodie, quality holds up well.
LINK:https://weidian.com/item.html?itemID=7645805733&spider_token=e3dc

Balenciaga Long Sleeve
Oversized just like retail. Fabric feels premium and tag details check out.
LINK:https://weidian.com/item.html?itemID=7648732824&spider_token=eab1

Nike Short Sleeve
Simple and clean—just a must-have daily tee. Logo print crisp, fit true to size.
LINK:https://weidian.com/item.html?itemID=7646700472&spider_token=527a

Balenciaga Sweatshirt
Signature distressed logo look. The fabric’s heavy with that worn-in luxury vibe.
LINK:https://weidian.com/item.html?itemID=7645715555&spider_token=9172

Chrome Hearts Socks
Thick, comfy, and well-made with sharp cross embroidery.
LINK:https://weidian.com/item.html?itemID=7648669436&spider_token=e419

Louis Vuitton Jeans
Subtle monogram pattern that looks refined. Denim weight and texture feel top-tier.
LINK:https://weidian.com/item.html?itemID=7648701490&spider_token=eaac

Dior Jeans
Clean design, minimal branding, sharp fit. Premium but understated.
LINK:https://weidian.com/item.html?itemID=7648821632&spider_token=d6c6

Nike Hoodie
Classic piece—medium-weight, good embroidery, and reliable everyday comfort.
LINK:https://weidian.com/item.html?itemID=7648734964&spider_token=67f4

UGG Boots
Soft, warm, and ridiculously comfortable. The lining feels plush, perfect for winter.
LINK:https://weidian.com/item.html?itemID=7645833633&spider_token=5c92


Wrap-Up
This haul turned out great—everything hits both comfort and quality marks. The Broken Planet hoodie and UGGs are clear cold-weather winners, while the rest round out a solid, wearable rotation.",2025-12-29T19:16:00Z
tag,social-media,informal,after,"I’ve reported him to Vinted and I got the same automated message I get every single time I report someone for selling fake goods. ‘It doesn’t violate our community standards’

When I confronted the seller asking him ‘why are you selling fake Milwaukee tools?’ He read the message but ghosted me.

Is there anyone at Milwaukee I could contact to report this kind of shit to because it boils my blood watching good people gets screwed out of good money because they didn’t look close enough, or might be purchasing their first tool. ",2025-12-29T19:15:39Z
tag,social-media,informal,after,"![](https://static.photos/finance/1200x630/352)

Product DescriptionPrice Consolidation Hints at Upcoming Move in Kizi Apparels Limited ✌️【Stock Observations】✌️ Skip the noise and get straight to the stocks that are outperforming — with 200%+ proven ...

 **Details:**
- **Published:** 29/12/2025 14:24 (UTC)
- **📊 Characteristics Score:**
  > **Asset Type:** *others*
  > **Sentiment:** `-0.3`
  > **Entropy:** `0.75`
  > **Relevance:** `0.2`
  > **Staleness:** `0.85`
  > **Uncertainty:** `0.6`
  > **Level-1 Focus:** *jurisdictions, asset-types*
  > **Level-2 Focus:** *emerging-hubs, financial-instruments*
- **🏷️ Tags:** **#kizi apparels limited** **#hong kong** **#green bonds** **#tokenized green bonds** **#bond issuance** **#rmb internationalization** **#stock consolidation** **#hsbc**

**Source:** https://rwatimes.io/articles/bollywoodhelpline-price-consolidation-hints-at-upcoming-move-in-kizi-apparels-limited-1176019391?utm_source=reddit&utm_medium=social&utm_campaign=reddit&utm_content=bollywoodhelpline-price-consolidation-hints-at-upcoming-move-in-kizi-apparels-limited-1176019391 

 ---
*Posted from RWA Times Bot*",2025-12-29T19:15:08Z
tag,social-media,informal,after,"Im trying to make a command block display chat for only players with a specific tag, but keep getting the command wrong. Does anyone know the correct way to do this? Ty",2025-12-29T19:14:47Z
tag,social-media,informal,after,Was on a walk today and found a dog with a blue collar out walking alone on Bluebonnet. Couldn’t find a tag or phone number but trying to get him back home. Please contact me if you recognize him. ,2025-12-29T19:13:56Z
tag,social-media,informal,after,I just found out about these game and did not know it existed are there other postal game on steam that I don’t know about if there are what games are there???,2025-12-29T19:11:45Z
tag,social-media,informal,after,"https://preview.redd.it/yfsfy73kz6ag1.jpg?width=680&format=pjpg&auto=webp&s=1faeab07ad19ad8fb88981c494d1b89834db7fea

Few aspects of the Gaza war have been more politically weaponized than fatality statistics. Numbers that would normally be treated with extreme caution during an active conflict have instead been elevated to unquestioned fact, recycled by media outlets, NGOs, and activists to support a predetermined narrative of Israeli wrongdoing, often culminating in accusations of genocide.

This article addresses eight of the most persistent myths surrounding Gaza fatality figures. Each has been repeated so frequently that it now functions as assumed background knowledge. Yet every one collapses under basic scrutiny.

Myth #1: Hamas has been accurate in the past, so its data is reliable now

From the outset of the war, UN agencies, NGOs and much of the media treated Hamas's fatality figures as reliable, even though Hamas is a U.S. and EU-designated terrorist organization that live-streamed the murder, rape and kidnapping of nearly 1,200 Israelis on 10/7. Hamas was also actively fighting a war for its survival and therefore had every incentive to manipulate casualty figures for political and legal gain. Yet its numbers were nonetheless elevated as credible, treated as more authoritative than Israel’s and laundered through the official-sounding “Ministry of Health” (MoH). 

That credulity rests on selective memory. Hamas’s casualty reporting has a documented history of false claims followed by delayed admissions once the fighting has ended and the narrative damage has already been done.

After the 2009 Gaza war, Hamas initially claimed that only 48 fighters were killed out of approximately 1,300 total fatalities, implying a civilian death rate exceeding 95%. Months later, Hamas admitted that between 600 to 700 of the dead were Hamas fighters, closely matching Israel’s figure of 709 combatants. A similar pattern emerged during the 2018 Gaza border riots. Hamas initially described roughly 60 fatalities as civilians killed during “peaceful protests,"" but after criticism by a Palestinian interviewer, a senior Hamas official acknowledged that 50 of those killed were Hamas members. 

Such manipulations are not anomalies; they are recurring features of Hamas’s wartime casualty reporting. The notion that Hamas is not actively stage-managing fatality figures is not a serious analytical position. Acknowledging this record necessarily means accepting that the current 70,000-fatality claim cannot be taken at face value either.

Myth #2: Even Israel accepts Hamas fatality reporting as accurate

To further launder Hamas’s casualty figures as credible, a new claim emerged: that even Israel accepts Hamas’s data as reliable. This assertion rests almost entirely on a single article published by in January 2024 by fringe outlet Mekomit, which cited two unnamed intelligence officials who allegedly relied on Hamas data to estimate civilian deaths. This thinly sourced claim was then amplified by Vice Media and recycled as fact.

The claim is flatly contradicted by explicit Israeli government statements. In May 2024, Israel’s Foreign Ministry stated that the figures “have been manipulated by the Hamas terrorist organization,” are “not accurate,” and “do not reflect the reality on the ground.” Israeli officials have repeatedly emphasized that Hamas’s casualty reporting is fabricated.

Myth #3: 70% or ""most"" fatalities are women and children

The 70% figure was one of the most widely circulated claims during the war's first six months, even though it was evident early on that Hamas was inflating the number of women and children killed. In May 2024, Hamas released updated fatality data that reduced the proportion of women and children from 70% to 52%. Despite this revision, much of the media simply shifted to the shorthand claim that a ""majority"" of those killed were women and children. 

Yet the most recent data show that, according to Hamas’s own figures, approximately 52% of Gaza’s fatalities are adult men. This has not led to headlines stating that a “majority” of those killed are adult men. That framing flows in only one direction. Recent analysis suggests that women and children likely account for closer to 30% of total fatalities, and thousands of teens are actually combatants. 

Myth #4: 83% of Gaza’s fatalities are civilians

The “83% civilians” claim is the product of a deliberately rigged counting rule that has nonetheless hardened into canon. It originated in a +972 Magazine article by the same ""journalist"" (Yuval Abraham) who falsely claimed that the IDF accepts Hamas casualty data as accurate.

The calculation counts only the apparently 8,900 combatants identified by first and last name by the IDF and subtracts that figure from the total fatality count. Every remaining death is then labeled “civilian” by default. Unnamed combatants simply disappear from the record. The method ignores fighters killed in real-time combat who were never identified by name, those buried in tunnels or otherwise unrecovered, and an estimated 15,000 new Hamas recruits who were never on the IDF’s prewar rosters. Israel, by contrast, estimates approximately 25,000 combatants killed, a figure aligned with U.S. assessments.

This standard is applied in no other war. The U.S. did not identify ISIS fighters by name in Mosul or Raqqa, nor has any Western military ever been required to produce a named roster of enemy dead for combatant fatalities to “count.” Applied retroactively, this methodology would reclassify the overwhelming majority of ISIS fighters killed by the U.S. and allies as civilians. 

When challenged, proponents retreat to a strawman argument: that under international law, anyone is presumed a civilian unless proven to be a combatant. This misrepresents how the law actually operates. The presumption of civilian status is a real-time battlefield rule, not a post-hoc statistical requirement that combatants be individually named after death. International law does not require armies to recover name tags or publish rosters of enemy fighters killed in order for those deaths to be lawfully classified as combatant casualties.

At this point, the “83% civilian” claim is not merely wrong. It is willfully malicious, easily disproven, internally incoherent, and sustained only through selective omission. Anyone who continues to cite it as credible is no longer engaged in analysis.

Myth #5: Gaza fatalities are undercounted; the total exceeds 100,000

Studies claiming massive undercounts rely on speculative modeling rather than observed evidence. They fail to address a central empirical fact: throughout the war, Gazans have been able to report deaths without a recovered body, and they have done so extensively.

For over two years, the MoH has accepted fatality reports via online forms and phone calls even in the absence of remains. Families have strong financial incentives to report deaths, including eligibility for compensation, and the MoH actively encourages such reporting. By the MoH’s own data, over 13,000 deaths have already been recorded without physical remains through family reporting. Claims that total fatalities exceed 100,000 therefore require roughly 30,000 additional deaths to have gone unreported, equivalent to about 40% of all recorded deaths, despite these incentives.

This premise becomes even less tenable after nearly three months of ceasefire during which families could safely file claims in Hamas-controlled territory and obtain compensation. Under such conditions, the idea that tens of thousands of eligible deaths remain unreported is implausible. None of the analyses asserting massive undercounts have even acknowledged this reporting and incentive structure, let alone reconciled their claims with it.

Myth #6: Thousands of unreported deaths remain “under the rubble”

The assertion that large numbers of uncounted Gaza deaths remain “under the rubble” is a direct corollary of the undercount narrative. It is offered as an explanation for why the fatality total is supposedly far higher than reported. Yet there is no independent evidence to support this claim. No verified estimates, recovery data, or reporting gaps substantiate large numbers of unreported deaths beneath rubble.

Gaza’s reporting system does not require the recovery of a body, and families have already reported thousands of deaths without remains. The reporting form even lists an option for body ""under the rubble.""  If such deaths existed at scale, they would already appear in the records. Moreover, given the IDF’s sustained focus on Hamas’s tunnel network, unrecovered bodies are far more likely to be combatants killed in underground fighting than civilians buried beneath residential rubble. Recent Hamas fighters discovered by the IDF in a tunnel in Rafah had already been included in earlier Hamas fatality lists, demonstrating that so-called “under the rubble” deaths are already incorporated into the claimed 70,000 figure.

[Official Ministry of Health fatality reporting form available at https:\/\/sehatty.ps\/moh-registration\/public\/add-order; one of the menu options allows reporting for the location of the body as \\""under the rubble.\\""](https://preview.redd.it/a3wys84mz6ag1.png?width=680&format=png&auto=webp&s=31ad5792e472041cb85970d3b2f175f6aa0f2612)

Myth #7: Gaza is the most fatal of the 21st century

The claim that the Gaza war is the “most fatal” conflict of the 21st century fails under every coherent metric. It does not hold for total deaths, civilian deaths, the number or percentage of women and children killed, deaths as a share of the population, or deaths over a comparable time period.

In absolute terms, multiple post-2000 conflicts produced far higher death tolls, including wars in Syria, Iraq, Yemen, Sudan, Ethiopia, Ukraine and the Democratic Republic of the Congo. Framing the claim proportionally does not rescue it. Numerous 20th- and 21st-century wars inflicted substantially higher population losses than Gaza. Nor does narrowing the time frame help. Gaza is not the deadliest conflict per year, per month, or per day when compared with other recent wars. Emphasizing women and children likewise fails, as other conflicts produced equal or higher proportions without being treated as historically exceptional. This article provides specific comparative data and source links supporting each conclusion.

These comparisons are not made in good faith. They are selectively constructed to portray Israel as uniquely criminal and to imply genocide by statistical exaggeration rather than evidence. 

Myth #8: Hamas’s Fatality Count Includes Only War Deaths

Multiple layers of corroborating evidence indicate that natural deaths are included in Hamas’s reported 70,000 fatality total. A recent IPC report included, for the first time, a chart listing thousands of natural deaths for calendar year 2025. Yet the MoH continues to insist that its figures reflect only war-related deaths while never publishing a separate accounting of natural deaths. If the 70,000 figure truly represented only war deaths, releasing a parallel list of natural deaths would clarify the record and strengthen that claim. The continued absence of such a list, which would necessarily exist if the 70,000 figure included only war deaths, even months into the ceasefire, indicates that deaths of all causes are combined in the reported total.

Using historical mortality data and analysis of the published fatality lists, natural deaths embedded in the total are estimated at 11,000, though the precise figure cannot be confirmed. Removing natural deaths from the headline fatality count materially alters key metrics used to characterize the war, which helps explain why the issue has been consistently avoided.

Conclusion

The fatality narrative surrounding Gaza has been amplified by institutions and media outlets that abandoned basic standards of verification. Each of the myths addressed here rests on the same foundation: selective statistics, improvised methodologies, and the elevation of claims made by a terrorist organization to the status of established fact.

These myths persist not because the evidence supports them, but because they sustain a predetermined storyline in which Israel is conducting an illegal war and Gaza is portrayed as uniquely deadly. In this framing, conclusions are treated as premises, while the evidentiary burden those premises require is never met.



For readers seeking a comprehensive, data-driven examination of the underlying numbers themselves, this analysis builds on and complements my earlier work, Gaza Fatality Analysis: The Truth Behind the 70,000 Number.

[https://x.com/Aizenberg55/status/2005656085579927794?s=20](https://x.com/Aizenberg55/status/2005656085579927794?s=20)

",2025-12-29T19:11:37Z
tag,social-media,informal,after,"Looking for some help from the TAG experts here.

I’m checking out a TAG Heuer 6000 Series Professional – Ref WH1152 (SS + 18k gold, quartz) and wanted to get opinions on condition before I pull the trigger.

Photos attached (case front, dial closeups, bezel, and caseback).",2025-12-29T19:10:54Z
tag,social-media,informal,after,"https://preview.redd.it/7tec692jz6ag1.png?width=2560&format=png&auto=webp&s=865817cddcc035015eb9aa13089d6bcfc726b06a

    ---- Minecraft Crash Report ----
    // I let you down. Sorry :(
    
    Time: 2025-12-29 14:06:22
    Description: Unexpected error
    
    java.lang.IndexOutOfBoundsException: Index: 54, Size: 12
    at java.base@21.0.7/java.util.ArrayList.rangeCheckForAdd(ArrayList.java:838)
    at java.base@21.0.7/java.util.ArrayList.add(ArrayList.java:510)
    at knot//com.forestotzka.yurufu.slabee.ModCreativeTabs.lambda$static$1(ModCreativeTabs.java:40)
    at knot//MC//net.minecraft.item.ItemGroup.updateEntries(ItemGroup.java:102)
    at knot//MC//net.minecraft.item.ItemGroups.method_47338(ItemGroups.java:2166)
    at java.base@21.0.7/java.util.stream.ForEachOps$ForEachOp$OfRef.accept(ForEachOps.java:184)
    at java.base@21.0.7/java.util.stream.ReferencePipeline$2$1.accept(ReferencePipeline.java:179)
    at java.base@21.0.7/java.util.Iterator.forEachRemaining(Iterator.java:133)
    at java.base@21.0.7/java.util.Spliterators$IteratorSpliterator.forEachRemaining(Spliterators.java:1939)
    at java.base@21.0.7/java.util.stream.AbstractPipeline.copyInto(AbstractPipeline.java:509)
    at java.base@21.0.7/java.util.stream.AbstractPipeline.wrapAndCopyInto(AbstractPipeline.java:499)
    at java.base@21.0.7/java.util.stream.ForEachOps$ForEachOp.evaluateSequential(ForEachOps.java:151)
    at java.base@21.0.7/java.util.stream.ForEachOps$ForEachOp$OfRef.evaluateSequential(ForEachOps.java:174)
    at java.base@21.0.7/java.util.stream.AbstractPipeline.evaluate(AbstractPipeline.java:234)
    at java.base@21.0.7/java.util.stream.ReferencePipeline.forEach(ReferencePipeline.java:596)
    at knot//MC//net.minecraft.item.ItemGroups.updateEntries(ItemGroups.java:2166)
    at knot//MC//net.minecraft.item.ItemGroups.updateDisplayContext(ItemGroups.java:2177)
    at knot//MC//net.minecraft.client.gui.screen.ingame.CreativeInventoryScreen.populateDisplay(CreativeInventoryScreen.java:245)
    at knot//MC//net.minecraft.client.gui.screen.ingame.CreativeInventoryScreen.<init>(CreativeInventoryScreen.java:221)
    at knot//MC//net.minecraft.client.gui.screen.ingame.InventoryScreen.init(InventoryScreen.java:50)
    at knot//MC//net.minecraft.client.gui.screen.Screen.init(Screen.java:309)
    at knot//MC//net.minecraft.client.MinecraftClient.setScreen(MinecraftClient.java:1143)
    at knot//MC//net.minecraft.client.MinecraftClient.handleInputEvents(MinecraftClient.java:2068)
    at knot//MC//net.minecraft.client.MinecraftClient.tick(MinecraftClient.java:1938)
    at knot//MC//net.minecraft.client.MinecraftClient.render(MinecraftClient.java:1246)
    at knot//MC//net.minecraft.client.MinecraftClient.run(MinecraftClient.java:882)
    at knot//net.minecraft.client.main.Main.main(Main.java:256)
    at app//net.fabricmc.loader.impl.game.minecraft.MinecraftGameProvider.launch(MinecraftGameProvider.java:506)
    at app//net.fabricmc.loader.impl.launch.knot.Knot.launch(Knot.java:72)
    at app//net.fabricmc.loader.impl.launch.knot.KnotClient.main(KnotClient.java:23)
    
    
    A detailed walkthrough of the error, its code path and all known details is as follows:
    ---------------------------------------------------------------------------------------
    
    -- Cobblemon --
    Details:
    Version: 1.7.1
    Is Snapshot: false
    Git Commit: 12d224d (https://gitlab.com/cable-mc/cobblemon/-/commit/12d224d15a3eed1344e8431dfcf30ec5c7590f5f)
    Branch: HEAD
    
    -- System Details --
    Details:
    Minecraft Version: 1.21.1
    Minecraft Version ID: 1.21.1
    Operating System: Windows 11 (amd64) version 10.0
    Java Version: 21.0.7, Microsoft
    Java VM Version: OpenJDK 64-Bit Server VM (mixed mode), Microsoft
    Memory: 6049959200 bytes (5769 MiB) / 9865003008 bytes (9408 MiB) up to 45801799680 bytes (43680 MiB)
    CPUs: 24
    Processor Vendor: AuthenticAMD
    Processor Name: AMD Ryzen 9 7900X3D 12-Core Processor          
    Identifier: AuthenticAMD Family 25 Model 97 Stepping 2
    Microarchitecture: Zen 3
    Frequency (GHz): 4.40
    Number of physical packages: 1
    Number of physical CPUs: 12
    Number of logical CPUs: 24
    Graphics card #0 name: AMD Radeon(TM) Graphics
    Graphics card #0 vendor: Advanced Micro Devices, Inc.
    Graphics card #0 VRAM (MiB): 512.00
    Graphics card #0 deviceId: VideoController1
    Graphics card #0 versionInfo: 32.0.21037.1004
    Graphics card #1 name: AMD Radeon RX 7900 XTX
    Graphics card #1 vendor: Advanced Micro Devices, Inc.
    Graphics card #1 VRAM (MiB): 24560.00
    Graphics card #1 deviceId: VideoController2
    Graphics card #1 versionInfo: 32.0.22029.9039
    Memory slot #0 capacity (MiB): 32768.00
    Memory slot #0 clockSpeed (GHz): 4.80
    Memory slot #0 type: Unknown
    Memory slot #1 capacity (MiB): 32768.00
    Memory slot #1 clockSpeed (GHz): 4.80
    Memory slot #1 type: Unknown
    Virtual memory max (MiB): 78013.95
    Virtual memory used (MiB): 51150.08
    Swap memory total (MiB): 13312.00
    Swap memory used (MiB): 145.48
    Space in storage for jna.tmpdir (MiB): available: 22056.09, total: 1906829.25
    Space in storage for org.lwjgl.system.SharedLibraryExtractPath (MiB): available: 22056.09, total: 1906829.25
    Space in storage for io.netty.native.workdir (MiB): available: 22056.09, total: 1906829.25
    Space in storage for java.io.tmpdir (MiB): available: 22056.09, total: 1906829.25
    Space in storage for workdir (MiB): available: 22056.09, total: 1906829.25
    JVM Flags: 4 total; -XX:HeapDumpPath=MojangTricksIntelDriversForPerformance_javaw.exe_minecraft.exe.heapdump -Xss1M -Xmx43680m -Xms256m
    Fabric Mods: 
    accessories: Accessories 1.1.0-beta.52+1.21.1
    accessories_compat_layer: Accessories Compatibility Layer 0.1.10
    mixinsquared: MixinSquared 0.3.4
    advancementdisable: AdvancementDisable 1.0.0
    advancementplaques: Advancement Plaques 1.6.8
    alexandria: Alexandria 1.0.3.2
    architectury: Architectury 13.0.8
    athena: Athena 4.0.2
    badgebox: Badge Box 1.1.1
    balm: Balm 21.0.55
    kuma_api: KumaAPI 21.0.7
    beautify: Beautify 1.3.0+1.21.1
    betterbeds: Better Beds 1.4.0
    betterf1: BetterF1 1.1
    betterf3: BetterF3 11.0.3
    betterthirdperson: Better Third Person 1.9.0
    biome_replacer: Biome Replacer 2.1-hippo
    brb: Better Recipe Book 1.10.0-rc5+1.21
    capture_xp: Cobblemon Capture XP 1.7.1-fabric-1.3.0
    carved_wood: Carved Wood 1.7.7
    cardinal-components-block: Cardinal Components API (blocks) 6.1.0
    chunkloaders: Chunk Loaders 1.2.9
    clearviews: Clearviews 2.0.6
    com_moulberry_mixinconstraints: mixinconstraints 1.1.0
    cloth-config: Cloth Config v15 15.0.140
    cloth-basic-math: cloth-basic-math 0.6.1
    cobblecuisine: CobbleCuisine 2.0.1
    cobbledollars: CobbleDollars 2.0.0+Beta-5.1+1.21.1
    cobblefurnies: CobbleFurnies 1.0
    cobblemon: Cobblemon 1.7.1+1.21.1
    cobblemon-additions: Cobblemon Additions 4.1.6
    cobblemon-ui-tweaks: Cobblemon UI Tweaks 1.0.6
    cobblemon_spawn_alerts: Cobblemon Spawn Alerts 1.11.2
    adventure-platform-fabric: adventure-platform-fabric 5.14.1
    net_kyori_adventure-api: adventure-api 4.17.0
    net_kyori_adventure-key: adventure-key 4.17.0
    net_kyori_adventure-platform-api: adventure-platform-api 4.3.3
    net_kyori_adventure-text-logger-slf4j: adventure-text-logger-slf4j 4.17.0
    net_kyori_adventure-text-minimessage: adventure-text-minimessage 4.17.0
    net_kyori_adventure-text-serializer-ansi: adventure-text-serializer-ansi 4.17.0
    net_kyori_adventure-text-serializer-gson: adventure-text-serializer-gson 4.17.0
    net_kyori_adventure-text-serializer-json: adventure-text-serializer-json 4.17.0
    net_kyori_adventure-text-serializer-plain: adventure-text-serializer-plain 4.17.0
    net_kyori_ansi: ansi 1.1.0
    net_kyori_examination-api: examination-api 1.3.0
    net_kyori_examination-string: examination-string 1.3.0
    net_kyori_option: option 1.0.0
    cobblenav: Cobblenav 2.2.5
    cobbleversebadges: COBBLEVERSE Badges 1.3
    cobbreeding: Cobbreeding 2.1.1
    collective: Collective 8.13
    comforts: Comforts 9.0.4+1.21.1
    cardinal-components-base: Cardinal Components API (base) 6.1.2
    cardinal-components-entity: Cardinal Components API (entities) 6.1.2
    spectrelib: SpectreLib 0.17.2+1.21
    continuity: Continuity 3.0.0+1.21
    controlling: Controlling 19.0.5
    cozyhome: Cozy Home 1.1.20
    customsplashscreen: Custom Splash Screen 2.2.0
    debugify: Debugify 1.21.1+1.0
    defaultoptions: Default Options 21.1.5
    elementa: Elementa 712
    entity_model_features: Entity Model Features 3.0.7
    entity_texture_features: Entity Texture Features 7.0.6
    org_apache_httpcomponents_httpmime: httpmime 4.5.10
    entityculling: EntityCulling 1.9.4
    transition: TRansition 1.0.11
    trender: TRender 1.0.10
    essential: Essential 1.3.10.1
    essential-container: essential-container 1.0.0
    essential-loader: essential-loader 1.2.5
    euphoria_patcher: Euphoria Patcher 1.7.8-r5.6.1-fabric
    fabric-api: Fabric API 0.116.7+1.21.1
    fabric-api-base: Fabric API Base 0.4.42+6573ed8c19
    fabric-api-lookup-api-v1: Fabric API Lookup API (v1) 1.6.71+b559734419
    fabric-biome-api-v1: Fabric Biome API (v1) 13.0.31+d527f9fd19
    fabric-block-api-v1: Fabric Block API (v1) 1.1.0+0bc3503219
    fabric-block-view-api-v2: Fabric BlockView API (v2) 1.0.11+ebb2264e19
    fabric-blockrenderlayer-v1: Fabric BlockRenderLayer Registration (v1) 1.1.52+0af3f5a719
    fabric-client-tags-api-v1: Fabric Client Tags 1.1.15+6573ed8c19
    fabric-command-api-v1: Fabric Command API (v1) 1.2.49+f71b366f19
    fabric-command-api-v2: Fabric Command API (v2) 2.2.28+6ced4dd919
    fabric-commands-v0: Fabric Commands (v0) 0.2.66+df3654b319
    fabric-content-registries-v0: Fabric Content Registries (v0) 8.0.19+b559734419
    fabric-convention-tags-v1: Fabric Convention Tags 2.1.5+7f945d5b19
    fabric-convention-tags-v2: Fabric Convention Tags (v2) 2.11.1+a406e79519
    fabric-crash-report-info-v1: Fabric Crash Report Info (v1) 0.2.29+0af3f5a719
    fabric-data-attachment-api-v1: Fabric Data Attachment API (v1) 1.4.5+6116a37819
    fabric-data-generation-api-v1: Fabric Data Generation API (v1) 20.2.34+37516cd619
    fabric-dimensions-v1: Fabric Dimensions API (v1) 4.0.1+65213ef819
    fabric-entity-events-v1: Fabric Entity Events (v1) 1.8.0+2b27e0a419
    fabric-events-interaction-v0: Fabric Events Interaction (v0) 0.7.13+ba9dae0619
    fabric-game-rule-api-v1: Fabric Game Rule API (v1) 1.0.53+6ced4dd919
    fabric-item-api-v1: Fabric Item API (v1) 11.2.0+3b3cb2e819
    fabric-item-group-api-v1: Fabric Item Group API (v1) 4.1.7+def88e3a19
    fabric-key-binding-api-v1: Fabric Key Binding API (v1) 1.0.47+0af3f5a719
    fabric-keybindings-v0: Fabric Key Bindings (v0) 0.2.45+df3654b319
    fabric-lifecycle-events-v1: Fabric Lifecycle Events (v1) 2.6.0+0865547519
    fabric-loot-api-v2: Fabric Loot API (v2) 3.0.15+3f89f5a519
    fabric-loot-api-v3: Fabric Loot API (v3) 1.0.3+3f89f5a519
    fabric-message-api-v1: Fabric Message API (v1) 6.0.14+8aaf3aca19
    fabric-model-loading-api-v1: Fabric Model Loading API (v1) 2.1.0+b4d813fc19
    fabric-networking-api-v1: Fabric Networking API (v1) 4.3.0+c7469b2119
    fabric-object-builder-api-v1: Fabric Object Builder API (v1) 15.2.1+40875a9319
    fabric-particles-v1: Fabric Particles (v1) 4.0.2+6573ed8c19
    fabric-recipe-api-v1: Fabric Recipe API (v1) 5.0.15+2475392c19
    fabric-registry-sync-v0: Fabric Registry Sync (v0) 5.3.1+e3eddc2119
    fabric-renderer-api-v1: Fabric Renderer API (v1) 3.4.1+b4d813fc19
    fabric-renderer-indigo: Fabric Renderer - Indigo 1.7.1+c705a49c19
    fabric-renderer-registries-v1: Fabric Renderer Registries (v1) 3.2.69+df3654b319
    fabric-rendering-data-attachment-v1: Fabric Rendering Data Attachment (v1) 0.3.49+73761d2e19
    fabric-rendering-fluids-v1: Fabric Rendering Fluids (v1) 3.1.6+1daea21519
    fabric-rendering-v0: Fabric Rendering (v0) 1.1.72+df3654b319
    fabric-rendering-v1: Fabric Rendering (v1) 5.1.0+ab4c25a019
    fabric-resource-conditions-api-v1: Fabric Resource Conditions API (v1) 4.3.0+8dc279b119
    fabric-resource-loader-v0: Fabric Resource Loader (v0) 1.3.1+5b5275af19
    fabric-screen-api-v1: Fabric Screen API (v1) 2.0.25+8b68f1c719
    fabric-screen-handler-api-v1: Fabric Screen Handler API (v1) 1.3.90+b559734419
    fabric-sound-api-v1: Fabric Sound API (v1) 1.0.23+6573ed8c19
    fabric-transfer-api-v1: Fabric Transfer API (v1) 5.4.3+c24bd99419
    fabric-transitive-access-wideners-v1: Fabric Transitive Access Wideners (v1) 6.2.0+45b9699719
    fabric-language-kotlin: Fabric Language Kotlin 1.13.8+kotlin.2.3.0
    org_jetbrains_kotlin_kotlin-reflect: kotlin-reflect 2.3.0
    org_jetbrains_kotlin_kotlin-stdlib: kotlin-stdlib 2.3.0
    org_jetbrains_kotlin_kotlin-stdlib-jdk7: kotlin-stdlib-jdk7 2.3.0
    org_jetbrains_kotlin_kotlin-stdlib-jdk8: kotlin-stdlib-jdk8 2.3.0
    org_jetbrains_kotlinx_atomicfu-jvm: atomicfu-jvm 0.29.0
    org_jetbrains_kotlinx_kotlinx-coroutines-core-jvm: kotlinx-coroutines-core-jvm 1.10.2
    org_jetbrains_kotlinx_kotlinx-coroutines-jdk8: kotlinx-coroutines-jdk8 1.10.2
    org_jetbrains_kotlinx_kotlinx-datetime-jvm: kotlinx-datetime-jvm 0.7.1
    org_jetbrains_kotlinx_kotlinx-io-bytestring-jvm: kotlinx-io-bytestring-jvm 0.8.2
    org_jetbrains_kotlinx_kotlinx-io-core-jvm: kotlinx-io-core-jvm 0.8.2
    org_jetbrains_kotlinx_kotlinx-serialization-cbor-jvm: kotlinx-serialization-cbor-jvm 1.9.0
    org_jetbrains_kotlinx_kotlinx-serialization-core-jvm: kotlinx-serialization-core-jvm 1.9.0
    org_jetbrains_kotlinx_kotlinx-serialization-json-jvm: kotlinx-serialization-json-jvm 1.9.0
    fabricloader: Fabric Loader 0.17.3
    mixinextras: MixinExtras 0.5.0
    fancymenu: FancyMenu 3.8.1
    com_github_keksuccino_japng: japng 0.5.3
    com_github_rtyley_animated-gif-lib-for-java: animated-gif-lib-for-java animated-gif-lib-1.7
    ferritecore: FerriteCore 7.0.2-hotfix
    fightorflight: Cobblemon Fight or Flight Fabric 0.10.3
    forgeconfigapiport: Forge Config API Port 21.1.6
    com_electronwill_night-config_core: core 3.8.0
    com_electronwill_night-config_toml: toml 3.8.0
    forgivingvoid: Forgiving Void 21.1.5
    ftblibrary: FTB Library 2101.1.26
    ftbultimine: FTB Ultimine 2101.1.12
    geckolib: GeckoLib 4 4.8.2
    globalpacks: Global Data- & Resourcepacks 21.0.6
    handcrafted: Handcrafted 4.0.3
    highlight: Highlight 3.0.0
    hugestructureblocks: Huge Structure Blocks 1.1.6
    iceberg: Iceberg 1.3.2
    immediatelyfast: ImmediatelyFast 1.6.9+1.21.1
    net_lenni0451_reflect: Reflect 1.6.1+curseforge
    infinite-music: Infinite Music 0.4.6
    infinitetrading: Infinite Trading 4.6
    interactic: Interactic 0.2.3+1.21
    iris: Iris 1.8.8+mc1.21.1
    io_github_douira_glsl-transformer: glsl-transformer 2.0.1
    org_anarres_jcpp: jcpp 1.4.14
    org_antlr_antlr4-runtime: antlr4-runtime 4.13.1
    java: OpenJDK 64-Bit Server VM 21
    jei: Just Enough Items 19.21.2.313
    konkrete: Konkrete 1.9.9
    krypton: Krypton 0.2.8
    com_velocitypowered_velocity-native: velocity-native 3.3.0-SNAPSHOT
    lenientdeath: Lenient Death 1.2.5+1.21.1
    fabric-permissions-api-v0: fabric-permissions-api 0.2-SNAPSHOT
    jackfredlib-base: JackFredLib: Base 1.4.0+1.21
    jackfredlib-colour: JackFredLib: Colour 1.1.0+1.21
    jackfredlib-config: JackFredLib: Config 0.2.3+1.21
    blue_endless_jankson: jankson 1.2.3
    commons-io_commons-io: commons-io 2.15.1
    jackfredlib-lying: JackFredLib: Lying 0.5.5+1.21
    server_translations_api: Server Translations API 2.3.1+1.21-pre2
    packet_tweaker: Packet Tweaker 0.5.1+24w03b
    libjf: LibJF 3.17.3
    libjf-base: LibJF Base 3.17.3
    libjf-config-commands: LibJF Config Commands 3.17.3
    libjf-config-core-v2: LibJF Config 3.17.3
    libjf-config-network-v0: LibJF Config: Network 3.17.3
    libjf-config-ui-tiny: LibJF Config UI: Tiny 3.17.3
    libjf-data-manipulation-v0: LibJF Data Manipulation 3.17.3
    libjf-data-v0: LibJF Data 3.17.3
    libjf-mainhttp-v0: LibJF MainHTTP 3.17.3
    libjf-resource-pack-entry-widgets-v0: LibJF Resource Pack Entry Widgets 3.17.3
    libjf-translate-v1: LibJF Translate 3.17.3
    libjf-unsafe-v0: LibJF Unsafe 3.17.3
    libjf-web-v1: LibJF Web 3.17.3
    lithium: Lithium 0.15.1+mc1.21.1
    lumymon: LumyMon 0.5.4
    lumyrei: LumyREI 1.0
    mega_showdown: Cobblemon:Mega Showdown 1.4.4+1.7.1+1.21.1
    melody: Melody 1.0.10
    midnightlib: MidnightLib 1.7.5
    minecraft: Minecraft 1.21.1
    moarconcrete: Moar Concrete 1.3.1
    mobsbegone: MobsBeGone 0.0.7
    modmenu: Mod Menu 11.0.3
    placeholder-api: Placeholder API 2.4.0-pre.2+1.21
    more_cobblemon_tweaks: MoreCobblemonTweaks 1.2.1
    moreculling: More Culling 1.0.6
    conditional-mixin: conditional mixin 0.6.3
    mousetweaks: Mouse Tweaks 2.26
    mr_cobblemon_journeymounts: Cobblemon Journey Mounts 1.6
    musicnotification: Music Notification 2.1.0
    nethermap: Better Nether Map 4.0.0-1.21.1
    netherportalfix: NetherPortalFix 21.1.3
    notenoughanimations: NotEnoughAnimations 1.11.1
    notenoughcrashes: Not Enough Crashes 4.4.9+1.21.1
    obc: Only Bottle Caps 1.3.0
    supermartijn642configlib: SuperMartijn642's Config Lib 1.1.8
    org_jetbrains_annotations: annotations 13.0
    owo: oωo 0.12.15.4+1.21
    io_wispforest_endec: endec 0.1.5.1
    io_wispforest_endec_gson: gson 0.1.3.1
    io_wispforest_endec_jankson: jankson 0.1.3.1
    io_wispforest_endec_netty: netty 0.1.2
    packetfixer: Packet Fixer 3.3.1
    paginatedadvancements: Paginated Advancements 2.5.1
    particlerain: Particle Rain 4.0.0-beta.3+1.21.1-fabric
    particular: Particular 1.1.2+1.21
    pasture-loot: PastureLoot 1.0.3+1.21.1
    pickablevillagers: Pickable Villagers 3.1.0
    pingwheel: Ping Wheel 1.12.0
    playerxp: PlayerXP 1.0.3+1.21.1
    pokeblocks: Pokeblocks 1.4.0-1.21.1
    rctapi: Radical Cobblemon Trainers API 0.14.4-beta
    rctmod: Radical Cobblemon Trainers 0.17.4-beta
    reeses-sodium-options: Reese's Sodium Options 1.8.3+mc1.21.4
    repurposed_structures: Repurposed Structures 7.5.17+1.21.1-fabric
    resourcefullib: Resourceful Lib 3.0.12
    com_teamresourceful_bytecodecs: bytecodecs 1.1.2
    com_teamresourceful_yabn: yabn 1.0.3
    resourcepackoverrides: Resource Pack Overrides 21.1.0
    respackopts: Resource Pack Options 4.11.3
    io_gitlab_jfronny_muscript-all: muscript-all 2.0.0-SNAPSHOT
    io_gitlab_jfronny_muscript-json: muscript-json 2.0.0-SNAPSHOT
    retraining: Retraining 2.0.0
    safepastures: Safe Pastures 1.1.1+1.21.1
    searchables: Searchables 1.0.2
    simpletms: SimpleTMs 2.3.3
    slabee: Slabee 1.0.0-beta.3
    sodium: Sodium 0.6.13+mc1.21.1
    sodium-extra: Sodium Extra 0.6.0+mc1.21.1
    sodiumoptionsapi: Sodium Options API 1.0.10
    sophisticatedbackpacks: Sophisticated Backpacks 1.21.1-3.23.4.3.106
    sophisticatedcore: Sophisticated Core 1.21.1-1.2.9.21.168
    porting_lib_conditions: Porting Lib Conditions 3.1.0-beta.47+1.21.1
    porting_lib_core: Porting Lib Core 3.1.0-beta.47+1.21.1
    porting_lib_fluids: Porting Lib Fluids 3.1.0-beta.47+1.21.1
    porting_lib_item_abilities: Porting Lib Item Abilities 3.1.0-beta.47+1.21.1
    porting_lib_lazy_registration: Porting Lib Lazy Register 3.1.0-beta.47+1.21.1
    porting_lib_level_events: Porting Lib Level Events 3.1.0-beta.47+1.21.1
    porting_lib_loot: Porting Lib Loot 3.1.0-beta.47+1.21.1
    porting_lib_model_loader: Porting Lib Model Loader 3.1.0-beta.47+1.21.1
    porting_lib_render_types: Porting Lib Render Types 3.1.0-beta.47+1.21.1
    porting_lib_transfer: Porting Lib Transfer 3.1.0-beta.47+1.21.1
    team_reborn_energy: Energy 4.1.0
    sophisticatedstorage: Sophisticated Storage 1.21.1-1.3.7.9.139
    sound_physics_remastered: Sound Physics Remastered 1.21.1-1.5.1
    soundsbegone: SoundsBeGone 1.3.5
    com_posthog_java_posthog: posthog 1.1.0
    stackdeobfuscator: StackDeobfuscator 1.4.3+08e71cc
    net_fabricmc_mapping-io: mapping-io 0.6.1
    stackdeobfuscator-common: StackDeobfuscator Common 1.4.3+08e71cc
    supermartijn642corelib: SuperMartijn642's Core Lib 1.1.18+b
    tim_core: Tim Core 1.7.1-fabric-1.27.0
    tmcraft: TM Craft 1.4.18+1.7.1
    tooltipfix: ToolTip Fix 1.1.1-1.20
    trinkets: Trinkets 3.10.0
    universalcraft: UniversalCraft 431
    vigilance: Vigilance 306
    villagerconfig: VillagerConfig 4.5.2
    fiber: fiber 0.23.0-2
    waystones: Waystones 21.1.25
    xaerominimap: Xaero's Minimap 25.2.10
    xaeroworldmap: Xaero's World Map 1.39.12
    yet_another_config_lib_v3: YetAnotherConfigLib 3.8.1+1.21.1-fabric
    com_twelvemonkeys_common_common-image: common-image 3.12.0
    com_twelvemonkeys_common_common-io: common-io 3.12.0
    com_twelvemonkeys_common_common-lang: common-lang 3.12.0
    com_twelvemonkeys_imageio_imageio-core: imageio-core 3.12.0
    com_twelvemonkeys_imageio_imageio-metadata: imageio-metadata 3.12.0
    com_twelvemonkeys_imageio_imageio-webp: imageio-webp 3.12.0
    org_quiltmc_parsers_gson: gson 0.2.1
    org_quiltmc_parsers_json: json 0.2.1
    zoomify: Zoomify 2.14.6+1.21.1
    com_akuleshov7_ktoml-core-jvm: ktoml-core-jvm 0.5.2
    Loaded Shaderpack: Shaders - STANDARD
    Profile: Custom (+42 options changed by user)
    Client Crashes Since Restart: 1
    Integrated Server Crashes Since Restart: 0
    Suspected Mods: None",2025-12-29T19:10:50Z
tag,social-media,informal,after,"As some of you may have heard of, Wonders of the First is a new TCG that is relatively lesser known. I personally do not know anything about it, but I was at the national sports card convention in Cleveland Ohio in 2024 when they did a soft launch. They were showing off some card concepts when I saw one signed by the artist and took it. Little be known to me, I just found it the other day and realized it’s a prototype and very rare as no other copies surfaced and the card is not meant to be held by the general public. I emailed both TAG and PSA and both refused to grade/authenticate. I’m open to any offers or info on how to consign, authenticate, whatever. The most expensive card sold from this TCG is around 2 thousand dollars and I believe this card is far scarcer and rarer, so any help finding potential buyers and people intrested is greatly appreciated. Thank yall",2025-12-29T19:10:31Z
tag,social-media,informal,after,"Hey Rep Fam! Tagged pic with timestamp: Clothes: [https://imgur.com/a/same-o5PIWve](https://imgur.com/a/same-o5PIWve) & [https://imgur.com/a/sale-76xB9VD](https://imgur.com/a/sale-76xB9VD)

* SALOMON XT6, GX Batch, size 44, worn 1x = 40€
* LP SummerWalk, AP Batch, size 44, worn 1x = 60€
* BLCG Scribble Tshirt, **Cola Batch**, size M, worn 1x = 25€
* BLCG WiFi Tshirt, xiaolan Batch, size M worn 1x= 25€
* TheRow Elordi Denim, **PainterMade Batch**, size 34, NEW = 50€
* Stüssy Knit, **PainterMade Batch**, size XL, worn 1x = 35€
* ERD 24FW Distressed Denim, size 34, MelonsMelons Batch, NEW = 60€
* ERD Workwear Jacket, size L, MelonsMelons Batch, NEW = 85€
* ERD 24SS Hoodie, size L, MelonsMelons Batch, NEW = 50€
* Moncler Maya, YOLO Batch, size 4, NEW = 90€
* Auralee Harrington Jacket, size 5(fits L), bikaMade Batch, NEW = 70€
* Kapital 2 in 1 Fleece, size 3(fits L), DEEDS Batch, NEW = 110€
* Goyard Croisiere 50, **Afen Batch**, cond. 9.5/10 = 195€
* CH I love you Sweater, Carl Batch, size M, NEW = 40€

Also prices are negotiable just offer up! PAYPAL INVOICE ONLY",2025-12-29T19:08:59Z
tag,social-media,informal,after,"I was looking at these strips but I would need 5 to reach 75 feet. I plan on using a diffuser to make it look smooth. I am lost and looking for direct advice on a controller and power supply or if I’m just completely in the wrong direction. It needs to be able to light up the room and if I could program the rgb to dance once in a while that would be cool. Thanks. I’m will to drop a couple hundred bucks if it’ll work as intended

https://www.amazon.com/BTF-LIGHTING-6000K-7000K-Multi-Colored-Non-Waterproof-Decoration/dp/B08B4NWTSZ/ref=sr\_1\_2\_sspa?adgrpid=185070955614&dib=eyJ2IjoiMSJ9.cLt0eHjVs6\_Z4m\_neoz24C-BHyiFt5ztVMbkY\_eSxm8B\_2XIC6ZOWEF0r4G3tU4\_WHxtYe37hR6owGlo0WlZF1GbGSz681TVZ7dCnSn8vGRWNSqap1D8dU2fjGfIL99usuBdt19BUxI1P8vrt6QJZb46ZKIv\_4VgSBgpsCr1DBpkg0nG8FCl1Au2rTNK05BD2BfGy\_wJyI0vWPpW-9qP7wm6kpxNXfrfL5JtN14\_xGGD7nWDLhVWrf2hXoN4btZl8tovsVkmjqaiYa8G0F61J6hIE0Vdf5FdoEilYxC9imQ.s4jZ9q3I6BR3zp\_5n4uj-sDfEXiuiubmHFBQHGn-528&dib\_tag=se&hvadid=779684468777&hvdev=c&hvexpln=0&hvlocphy=9002008&hvnetw=g&hvocijid=4420387957563413629--&hvqmt=e&hvrand=4420387957563413629&hvtargid=kwd-1428551344040&hydadcr=5500\_13189734\_2281422&keywords=rgbcw%2Bled&mcid=10a67fd1ee79300c9be2d49dcda4d42e&qid=1767029388&sr=8-2-spons&sp\_csd=d2lkZ2V0TmFtZT1zcF9hdGY&th=1",2025-12-29T19:08:58Z
tag,social-media,informal,after,"Hey Rep Fam! Tagged pic with timestamp: Clothes: [https://imgur.com/a/same-o5PIWve](https://imgur.com/a/same-o5PIWve) & [https://imgur.com/a/sale-76xB9VD](https://imgur.com/a/sale-76xB9VD)

* SALOMON XT6, GX Batch, size 44, worn 1x = 40€
* LP SummerWalk, AP Batch, size 44, worn 1x = 60€
* BLCG Scribble Tshirt, **Cola Batch**, size M, worn 1x = 25€
* BLCG WiFi Tshirt, xiaolan Batch, size M worn 1x= 25€
* TheRow Elordi Denim, **PainterMade Batch**, size 34, NEW = 50€
* Stüssy Knit, **PainterMade Batch**, size XL, worn 1x = 35€
* ERD 24FW Distressed Denim, size 34, MelonsMelons Batch, NEW = 60€
* ERD Workwear Jacket, size L, MelonsMelons Batch, NEW = 85€
* ERD 24SS Hoodie, size L, MelonsMelons Batch, NEW = 50€
* Moncler Maya, YOLO Batch, size 4, NEW = 90€
* Auralee Harrington Jacket, size 5(fits L), bikaMade Batch, NEW = 70€
* Kapital 2 in 1 Fleece, size 3(fits L), DEEDS Batch, NEW = 110€
* Goyard Croisiere 50, **Afen Batch**, cond. 9.5/10 = 195€
* CH I love you Sweater, Carl Batch, size M, NEW = 40€

Also prices are negotiable just offer up! PAYPAL INVOICE ONLY",2025-12-29T19:08:58Z
tag,social-media,informal,after,"Insanely beautiful sweater that was sold at Nan Duskin Philadelphia — a store for upper class Philadelphians that was established in the 40s!

Tag says made by Mme Defarge, which is a reference to Charles Dickens A Tale of Two Cities. 

Shaving it in the car on the way to Dollywood after handwashing it 😂 

What era do we think it is? 60s? It’s so beautifully done. I can’t wait to wear it!",2025-12-29T19:08:48Z
tag,social-media,informal,after,"These are sampling pieces directly from factories. Some are current articles and some are upcoming.

Price: 3499  
We are getting them day after tomorrow.  
We get a lot of RL stuff regularly.

No tags on sampling pieces (FYI).  
You can take them to RL stores — if found fake, we will refund you 10× the amount you paid.

Mostly available sizes are M and L.  
A few pieces are XS and S.

My friend u/ClassicJuggernaut799 sources this stuff and has a physical store in Jabalpur named The Hype Wear.

Full address:  
Shop No. 13A, Delite Market, South Civil Lines, Jabalpur, MP

Posting on behalf of him as he was not able to post — his post got removed.",2025-12-29T19:08:32Z
tag,social-media,informal,after,"*Anthony Savino is the CEO of* [*Benjamin Marc Corp.*](https://www.benjaminmarc.com/)*, a web design and digital marketing agency in Long Island.*

Search engine optimization (SEO) is a valuable form of digital marketing. Ranking in the search engine results pages (SERP) for your desired niche keywords can result in more web traffic, which can then result in more business or sales. So, whether you sell a product or provide a service, SEO should be a business priority.

As the CEO of a web design and digital marketing agency, I've seen how, over the years, the major search engines have evolved the results pages, narrowing them down to display as close to the query as possible. So, the more you can do to have your website running at optimal performance, the better you can do in the search results.

Here are 10 tips to help boost your SEO performance.

# 1. Use a reputable web hosting platform.

Launching your website on a reputable web hosting platform is very important, as hosting speed and website uptime can play a vital role in your ranking. If your website goes down for a long period of time or loads very slowly, it can be detrimental. Research high-performing web hosting companies and look closely at their uptime and hosting speeds.

# 2. Optimize your website speed.

Much like web hosting, your website speed is equally as important. There are free tools that can help you run an initial speed check, and in general, you want to aim for a page speed of two seconds or less. The following tips will help you optimize your content so your web pages load faster. 

# 3. Share quality content.

Having unique, quality content that helps describe your products and services can make all the difference. The goal is to educate your online visitors so you can keep them engaged and on your website. 

# 4. Rename images.

Once you’ve decided on your desired keywords, rename your images to match those terms. Also, don’t forget to name your ALT tags accordingly.

The video player is currently playing an ad.

# 5. Utilize meta tags.

Meta tags consist of the title, description and keywords. Each page of your website should have unique meta tags explaining what that page entails. 

# 6. Incorporate a blog or newsletter.

In addition to content that describes your products and services, having a blog or newsletter on your website can be a great feature. To establish yourself as a thought leader, publish frequent posts pertaining to your industry. 

# 7. Don't forget about local SEO.

List your business on the local map directories. Be sure to list all your information in its entirety. 

# 8. Size images and graphics appropriately.

Images right out of a camera or phone can sometimes come in very high resolution, so when you upload an image or graphic to your website, you'll want to resize it so it does not affect your website load time (the rule of thumb is typically no more than 200 KB). There is also image optimization software that will do this for you.

# 9. Seek out backlinks.

Receiving backlinks from high-quality websites can help your website rank higher, but be sure to do your due diligence. The industry you are in will determine the types of certifications or affiliations you can join that will provide quality backlinks. When joining certain organizations, ask if the backlink will be a follow or a no-follow link to your website. A follow link is one that the search engines will crawl through, whereas a no-follow link lets the search engine know not to follow through.

# 10. Consider getting help from a web designer.

Working with a web designer who understands SEO can be an asset, especially when you're just starting out. They can also help ensure your website is maintained. Plugins, sitemaps and updates to your content management system should be constantly monitored.

As you work to build or improve your SEO, I hope that these 10 tips will help you along the way.",2025-12-29T19:07:39Z
tag,social-media,informal,after,"I want to know if there is a plugin or extension to browse the ""for you"" tag by newest. You used to be able to do this a few years back. This is how I used to find new posts with a low count about whatever topic.

 The Xkit extension doesn't allow for this. is there any other plugin or extension?",2025-12-29T19:05:35Z
tag,social-media,informal,after,"[https://www.amazon.com/s?k=https%3A%2F%2Fwww.amazon.com%2Fwedding%2Fnew-registry%3Fref\_%3Dgr-home-wedding-create1&crid=1QVJY7XKXN86I&sprefix=https+//www.amazon.com/wedding/new-registry+ref\_+gr-home-wedding-create1,aps,192&linkCode=ll2&tag=moneymake02db-20&linkId=46d36f5a7b35e81871ffbd54b97f6f9c&language=en\_US&ref\_=as\_li\_ss\_tl](https://www.amazon.com/s?k=https%3A%2F%2Fwww.amazon.com%2Fwedding%2Fnew-registry%3Fref_%3Dgr-home-wedding-create1&crid=1QVJY7XKXN86I&sprefix=https+//www.amazon.com/wedding/new-registry+ref_+gr-home-wedding-create1,aps,192&linkCode=ll2&tag=moneymake02db-20&linkId=46d36f5a7b35e81871ffbd54b97f6f9c&language=en_US&ref_=as_li_ss_tl)",2025-12-29T19:05:30Z
tag,social-media,informal,after,"Greetings clashers,

Wanting to take your game to the next level? Look no further than First Strike (#22CPU9CR), a level 29 US-based adult war clan with 900+ war wins. Our members are well-versed in high-level strategies and willing to help new members improve to be the best they can be. We are always recruiting active TH15-18 war-oriented players!

[**First Strike**](https://link.clashofclans.com/en?action=OpenClanProfile&tag=22CPU9CR) \#22CPU9CR: Looking for experienced TH15-18s to join our competitive war lineup, esports and league opportunities available.

Why join First Strike? We are organized, competitive, and have a lot to offer in terms of wars, CWL for multiple TH levels, clan games, clan capital, events, and other aspects of the game. Our leadership is experienced, and we are an adult clan with members internationally.

General Requirements: Competitive TH15+ war profile (no rushed bases), and discord usage is a must. We are an adult clan so 18+ members only please.

**How to join**: Start by joining our [**discord server**](https://discord.gg/e5MFwhn) and posting a screenshot of your base, leadership will review and send you the password. Do not request before doing so, as in-game applications without the password will be rejected.

Happy clashing!",2025-12-29T19:05:04Z
tag,social-media,informal,after,(Not sure if that's the appropiate tag).,2025-12-29T19:04:28Z
tag,social-media,informal,after,apparently they’re not the chilly trail and I haven’t been able to find any races around the winter world,2025-12-29T19:04:03Z
tag,social-media,informal,after,"Please help MEGAN find the love and home she deserves. Sharing, fostering, or adopting could save her life. ® She's just a baby who deserves warmth, safety, and a family to grow up with-someone to teach her, love her, and show her what it means to be cherished. Megan is ready to give endless puppy kisses, loyalty, and joy in return. Please be her miracle TODAY cò

POSSIBLE EUTH DATE 12/17

MEGAN

Animal ID: #A5741972

Date Admitted to County Care: 2025-12-02

Animal Type: DOG

Availability Status: AV PEND SN

Primary Breed: GERM SHEPHERD

Primary Color: BLACK

Sex: Female

Size: SMALL

Weight: 16

Age: 0 years 3 months

\* Behavior: 1 sweet and friendly puppy-allows handling

•PLEASE SHARE, TAG & CONTACT RESCUES, FOSTER, ADOPT

Located at Los Angeles County Animal Control-Lancaster Ca

Phone: 661-974-8358 or 661-940-4191

Address: 5210 West Ave. I Lancaster, CA

93536

Public Hours:

Open: Monday- Saturday 11:00 am. - 5:00 pm.

Limited Service on Sunday

\* For STATUS UPDATES and more information click on the animals county link in comments or

CONTACT the shelter directly by PHONE (661)

940-4191 ext 522 or 661-974-8358 and/or EMAIL

\* for inquiries and exit plans please email the shelter. Add the dog's name and #ID to the subject line and include your contact information in the email.

\* To check their status enter the animal ID number into the search bar of the LA County Animal Control Website:

Website: https://animalcare.lacounty.gov/dacc-

search/

• general email:

ACCLancaster@animalcare.lacounty.gov

• Staff email:

DACCLancasterRescue@animalcare.lacounty.gov",2025-12-29T19:03:28Z
tag,social-media,informal,after,"Looking to book Secrets Akumal around Christmas and New Years 2026 to capitalize on work PTO. However, I just noticed on the Hyatt AI app their New Years’ event was an extra $1,000. I’m not majorly interested in the party scene, at least at that price tag. Was anyone there over Christmas and can you comment on if there was an additional celebration with an extra cost? Was the event (and cost) mandatory? TIA!",2025-12-29T19:02:00Z
tag,social-media,informal,after,"**Cards** \- [https://imgur.com/a/qFT3ZEi](https://imgur.com/a/qFT3ZEi)

**Random binder** (everything here will be 90%, if you buy over $20 from these 80%, and if you buy over $40 from this 70%) - [https://imgur.com/a/oxWBmQ8](https://imgur.com/a/oxWBmQ8)

**If you care about specific condition please let me know so I can tell you if it is worth for you to see close ups. No 10 contenders**

anything over 100 specified in the imgur link, otherwise using TCGplaye verified seller low.

\-----------------------------------------------------------------------------------------

***Payment F&F and since I have over 100 trades***

Shipping cost $5 BMWT (**no PWE** at the moment, USPS is too hectic to ship things untracked during the holiday season)

\----------------------------------------------------------------------------------------

Aside from dark espeon (not NM and not 1st ed) and the M zard SIR from PF, I am not really looking for trades at the moment, although I can take a look and see if there is anything i'd consider, but that is very low priority for me



  
",2025-12-29T19:01:55Z
tag,social-media,informal,after,"Hello Everyone,👋 Today I'll be sharing the continuation of the ""HomeUp startup and shutdown animation settings"" I shared with you yesterday.

My GoodLock HomeUp Animations: ONE OXYGEN

If you find the animation too slow or too high, you can adjust it to your desired style with small tweaks. Increasing the Hardness settings will suffice.

(All of these animation settings are my own creation; I have not copied or been inspired by anyone else.)

!!!Warning: Please Share The Video Or Post By Tagging My Username Or This Post.

Don't Forget To Share Your Opinions And Ideas.🙏",2025-12-29T19:01:45Z
tag,social-media,informal,after,"Please use this thread to promote or recommend Escape Rooms/Games (whether IRL or online). As usual, please don't just put a link as your entire post. Make sure to elaborate with your thoughts or design philosophies. Writing the names of the room/game in \*\*bold\*\* is nice, to make it easier for people skimming the thread to pick out the names.      

Please also make sure to use spoiler tags if you're posting anything about a room or game that might significantly hurt the experience of others that haven't played the game yet (no matter how old or new the game is).",2025-12-29T19:00:47Z
tag,social-media,informal,after,"🌟 Your LEGACY Starts Here at our 1st Audition Camp of the New Year! 🌟

​Ready to start your journey? Join us for our very first Audition Camp of the 2026 season! 

This day is designed for you—whether you're a seasoned performer or picking up an instrument for the very first time.

​Dare to Dream! We believe in potential. This camp is focused on teaching you the foundational techniques, mindset, and performance skills needed to succeed.

 Everyone is welcome, regardless of skill level or experience! Come learn from our world-class instructors in a positive, high-energy environment.

​🗓️ Camp Details:
​Date: Sunday, January 10th
​Time: 10:00 AM to 4:00 PM (A full day of instruction and development!)
​Location: Northwestern High School
​Address: 200 Harthan Way, Albion, PA 16401

​What to Expect:
​Expert Instruction: Work directly with staff on fundamental techniques for movement, music, and performance.
​Learn the Core Values: Get a hands-on introduction to our team culture, work ethic, and performance standards.
​Q&A Session: Get all your questions answered about the upcoming season, commitment, and what it means to be part of the LEGACY.

​Don't just watch from the sidelines—take the first step toward an unforgettable experience.
​Tag a friend, mark your calendar, and we'll see you on January 10th!

For more information and to register go to legacydbc.org

​#StartYourLegacy #marchingarts  #daretodream  #newyearnewstart",2025-12-29T19:00:32Z
tag,social-media,informal,after,"![](https://coincu.com/wp-content/uploads/2025/12/image-192-1024x529.png)

Crypto DEXs saw over $1.2T in monthly perp futures volume in 2025, with Hyperliquid leading and leveraged trading hitting 10%. Read original article on coincu.com

 **Details:**
- **Published:** 29/12/2025 18:20 (UTC)
- **📊 Characteristics Score:**
  > **Asset Type:** *others*
  > **Sentiment:** `-0.2`
  > **Entropy:** `0.45`
  > **Relevance:** `0.6`
  > **Staleness:** `0.75`
  > **Uncertainty:** `0.5`
  > **Level-1 Focus:** *scalability, institutional-adoption, blockchain-usage*
  > **Level-2 Focus:** *growth-metrics, market-depth-liquidity-scaling, layer--scaling-solutions*
- **🏷️ Tags:** **#hyperliquid** **#perpetual-futures** **#dex-volume** **#leveraged-trading** **#systematic-leverage-ratio** **#coinbase-institutional** **#equity-perps** **#altcoin-markets**

**Source:** https://rwatimes.io/articles/coinmarketcap-hyperliquid-dominates-as-perp-volume-smashes-1-2-trillion-3751805872?utm_source=reddit&utm_medium=social&utm_campaign=reddit&utm_content=coinmarketcap-hyperliquid-dominates-as-perp-volume-smashes-1-2-trillion-3751805872 

 ---
*Posted from RWA Times Bot*",2025-12-29T19:00:08Z
tag,social-media,informal,after,"Hi,

I had a thought: for us average players, seeing pros bearing pros without taking too many risks and crushing normal players might not be the best way to learn.

I watched a sir tag video on a deck. He explains a bit and, even while winning, does some crazy pushs at the bridge full of predictions.

In no way he is better than ryley or surgical goblin or mohammed light, however those crazy pushs will work againsts the average player and not vs top level ones.

They are interesting to learn from to save a game you're loosing but won't work on top 1000 players.

I think watching a very good player playing not too seriously againsts average or good players is good to learn from.

I don't watch ryley a lot, but i guess that he could show you how to crush non pro opponents in his videos with weird tricks.

Watching top crl players play has a lot of advantages, but if you're new to the game a tutorial on a deck is of an invaluable help. Miss old cwa videos.",2025-12-29T18:59:22Z
tag,social-media,informal,after,[https://www.amazon.com/NATIONAL-GEOGRAPHIC-Glowing-Marble-Glow/dp/B07R92KFZR?pd\_rd\_w=8ziOC&content-id=amzn1.sym.f43a654b-dbf5-49cd-a974-5d04f0e5e9a6&pf\_rd\_p=f43a654b-dbf5-49cd-a974-5d04f0e5e9a6&pf\_rd\_r=MBQR45QFKB34RV19VM6P&pd\_rd\_wg=N2fCq&pd\_rd\_r=26e5494b-f583-474a-a2c8-10535578cda7&pd\_rd\_i=B07R92KFZR&linkCode=ll1&tag=moneymake02db-20&linkId=5e0ea3d850de7329786cac205ad47f65&language=en\_US&ref\_=as\_li\_ss\_tl](https://www.amazon.com/NATIONAL-GEOGRAPHIC-Glowing-Marble-Glow/dp/B07R92KFZR?pd_rd_w=8ziOC&content-id=amzn1.sym.f43a654b-dbf5-49cd-a974-5d04f0e5e9a6&pf_rd_p=f43a654b-dbf5-49cd-a974-5d04f0e5e9a6&pf_rd_r=MBQR45QFKB34RV19VM6P&pd_rd_wg=N2fCq&pd_rd_r=26e5494b-f583-474a-a2c8-10535578cda7&pd_rd_i=B07R92KFZR&linkCode=ll1&tag=moneymake02db-20&linkId=5e0ea3d850de7329786cac205ad47f65&language=en_US&ref_=as_li_ss_tl),2025-12-29T18:58:31Z
tag,social-media,informal,after,"Pictures are awful, but the food was good!

I wanted to go Mexican inspired for this theme. 

The starter is just a pretty simple salsa, based on [this recipe,](https://www.chilipeppermadness.com/chili-pepper-recipes/sauces/salsa-roja-mexican-red-table-sauce/#wprm-recipe-container-4842) for which I decided to first roast and then lightly fermented. I thickened the salsa with xantham gum to end up with a really scoopable salsa. The chips were storebought.

The main course were these delicious [tacos](https://mexicanmademeatless.com/cochinita-pibil-tacos-made-vegan/#recipe) made with shredded king oyster mushrooms. I had never worked with banana leaves before and the achiote paste was new to me too, but I'm definitely going to be making these again! I wanted to make the tortillas myself, I even bought a tortilla press for it, but forgot to make the dough ahead of time so had to rush to the store for some ready made ones.

Dessert were these lovely [mexican hot chocolate inspired brownies](https://www.thefoodblog.net/mexican-chocolate-brownies/) to which I added some orange zest to make them fit the theme. They turned out a little more cake-y than I liked, but are still pretty good! Served with a delicious [horchata icecream](https://bojongourmet.com/homemade-horchata-ice-cream-recipe/).

This was my first time completing a full year of 52WoC. The Discord community made it so much more fun to keep tagging along, I highly recommend you all check it out!",2025-12-29T18:58:19Z
tag,social-media,informal,after,"Hello Everyone,👋 Today I'll be sharing the continuation of the ""HomeUp startup and shutdown animation settings"" I shared with you yesterday.

My GoodLock HomeUp Animations: ONE OXYGEN

If you find the animation too slow or too high, you can adjust it to your desired style with small tweaks. Increasing the Hardness settings will suffice.

(All of these animation settings are my own creation; I have not copied or been inspired by anyone else.)

!!!Warning: Please Share The Video Or Post By Tagging My Username Or This Post.

Don't Forget To Share Your Opinions And Ideas.  🙏",2025-12-29T18:58:06Z
tag,social-media,informal,after,"Want: 


Mk3 Flanking 
Tempest 
Vitashot
Tagging Grenande 
Barricade
",2025-12-29T18:57:31Z
tag,social-media,informal,after,">🏥 Einde seizoen voor Laurens Sweeck na zware val in Loenhout 🥲  
 > 
2025 eindigt in mineur voor Laurens Sweeck. De Crelan-Corendon renner is vandaag zwaar ten val gekomen tijdens de X2O Trofee-manche in Loenhout. Onderzoek wees uit dat hij een acromioclaviculaire luxatie (ontwrichting van het gewricht tussen sleutelbeen en schoudergordel) in de hoogste graad heeft opgelopen.  
  >
Laurens wordt morgen geopereerd door dokter Tom Claes in Herentals. Door de blessure komt er helaas een vroegtijdig einde aan zijn seizoen. Uiteraard bijzonder jammer voor de huidige leider in het Wereldbekerklassement.   
  >
Crelan-Corendon wenst hem een spoedig herstel en voorspoedige revalidatie toe! 🫶  
  >
[\#CrelanCorendon](https://www.instagram.com/explore/tags/crelancorendon/)

  
Instagram translation:

>🏥 End of season for Laurens Sweeck after a heavy fall in Loenhout  
  >
2025 ends in a minor for Laurens Sweeck. The Crelan-Corendon runner had a heavy fall today during the X2O Trophy round in Loenhout. Investigation showed that he suffered acromioclavicular luxation (disorder of the joint between the collarbone and the shoulder girdle) in the highest degree.  
  >
Laurens will be operated by Dr. Tom Claes in Herentals tomorrow. Unfortunately, the injury brings an early end to his season. Obviously it's a pity for the current leader in the World Cup rankings.  
  >
Crelan-Corendon wishes him a speedy recovery and successful rehabilitation! 🫶  
  >
 [\#CrelanCorendon](https://www.instagram.com/explore/tags/crelancorendon/)

  
Couldn't find the article in the team's website (yet), so Instagram link it is.",2025-12-29T18:56:38Z
tag,social-media,informal,after,"Free shipping to the United States

Pendant comes with a 22 inch chrome hearts 925 bead chain. Made from 925 silver. $70 shipped. PayPal Invoice Only.

Tagged photos: https://imgur.com/a/HPzH8ym",2025-12-29T18:55:57Z
tag,social-media,informal,after,"Free shipping to the U.S.

$50 shipped. PayPal Invoice Only. Available in sizes 8,9,10 & 11.

Tagged Photos: https://imgur.com/a/araKZJj",2025-12-29T18:55:42Z
tag,social-media,informal,after,"Free 3 day priority mail shipping to the United States

$225. 40mm Cartier Santos with Amber Dial. Brand New. PayPal Invoice only.

Tagged photos: https://imgur.com/a/zBwqxrf",2025-12-29T18:55:31Z
tag,social-media,informal,after,"Free 3 day priority mail shipping to the United States

$225. 40mm Cartier Santos with the White Dial. Brand New. PayPal Invoice only.

Tagged photos: https://imgur.com/a/XqusuxO",2025-12-29T18:55:19Z
tag,social-media,informal,after,"I graft apples and had thought that it would be enough to simply put sturdy aluminium name tags on all the grafts, but I realise now that it might be better to have some paperwork associated with it all as well, if for no other reason than to be able to easily check which varieties I've already got. So if you do keep paperwork, what's it like?",2025-12-29T18:55:17Z
tag,social-media,informal,after,"Free shipping to the United States 

Each bracelet is made from 925 silver. $60 each shipped. PayPal Invoice Only.

Tagged photos. https://imgur.com/a/3PkFVdq",2025-12-29T18:55:07Z
tag,social-media,informal,after,"If you are currently with British Gas, E.ON, OVO, or Octopus, check your bill. You are likely paying the maximum daily standing charge allowed by the price cap.

For 2026, there is a better way.

I switched to Fuse Energy because they purposely charge LESS than the price cap for standing charges. It saves me about £140 a year before I even switch a light switch on.

On top of the lower rates, they have a ""Spin to Win"" sign-up bonus where you are guaranteed to get between £25 and £150 in free bill credit just for joining.

Here is the code to unlock the bonus:

**OYVURI69346**

How to get the cheaper rate + the bonus:

1. Download the Fuse Energy app.

2. Get a quote (Compare it to your current standing charge, you will likely be shocked).

3. Enter the code **OYVURI69346** on the final sign-up screen.

4. Complete the switch.

It takes 3 minutes. Don't start 2026 paying 'loyalty taxes' to the big energy companies.

Code is tested and working as of December 29, 2025.

Search tags: Fuse Energy referral code, cheapest standing charge 2026, reduce energy bills, **OYVURI69346**, free energy credit UK, switch and save.",2025-12-29T18:55:05Z
tag,social-media,informal,after,"Made from 925 silver

Men’s Gucci rings, many styles, every ring is available in sizes 7-11

Comes with full retail packaging (box, dust bag, bag, papers) 

$40 each, free shipping to the continental United States

Tagged Photos, PayPal invoice only

https://imgur.com/a/nA8WSgp",2025-12-29T18:54:53Z
tag,social-media,informal,after,No photos of size tag. Expert seller and Vestiaire authentication but I’ve heard bad things about them.,2025-12-29T18:54:48Z
tag,social-media,informal,after,"Thought about tagging this as a rant, but I actually do need help. I'm returning to this blanket after a break (it's just a giant rectangle of fisherman's rib in a self striping yarn), and I cannot remember what I was doing at the beginning and end of the rows to make the edge look good. 

Pic 3 is how it's supposed to look, the rest are the mistakes. 

I've been slipping the first stitch through the back loop consistently, so I think it's something I'm forgetting about the last stitch in a row. Ugh, this is why you should write down patterns - even if it's basically just a giant sampler square. Any ideas or suggestions would be so appreciated! ",2025-12-29T18:54:47Z
tag,social-media,informal,after,"Free shipping to the United States 

Brand New. LV Beanies (grey & black). $25 each or 2 for $40 (you can mix & match colors). PayPal Invoice Only.

Tagged photos: https://imgur.com/a/a9P7M1V",2025-12-29T18:54:42Z
tag,social-media,informal,after,"Free shipping to the United States

$100 shipped. The pendant comes with a bead chain. The pendant had paperwork & certification for the Moissanites which are certified as VVS1 Stones. This is a true 1:1 piece with the paperwork to back it up. 

PayPal Invoice Only. Tagged Photo: https://imgur.com/a/uBE9THR",2025-12-29T18:54:30Z
tag,social-media,informal,after,"Let’s be real—most finance apps are bloated. I spent the last 5 months building Smart Expense App, a streamlined expense manager for people who hate tracking expenses.

A few things it does differently:

Zero-Type Entry: Snap a photo of a messy receipt. The AI doesn’t just ""read"" it; it extracts the merchant, tax, and individual line items automatically.

Voice-to-Budget: You can literally tell the app, ""I just spent $45 on gas,"" and it logs it in the right bucket before you even put your keys away.

Chat-to-Log feature. You literally just type:
• ""Coffee 5"" * ""Groceries 85.50""
• ""Gas 40 at Shell""

• Auto-Categorization: It actually learns your habits instead of just guessing.
• Privacy First: No selling your data to third parties. Period.
• Clean UI: No clutter, just the numbers you need to see.
•One-tap logging (or auto-sync).
• Smart Insights: Tells you where you’re overspending before the month ends.
• Custom Tags: Organize your money your way.

If you’re trying to get your 2026 finances in order, I’d love for you to check it out. I'm the developer, so feel free to roast the UI or suggest features below!",2025-12-29T18:54:23Z
tag,social-media,informal,after,"Free shipping to the United States

$60 shipped each. Chrome Hearts Pendants from Survival Source. Each pendant comes with a 22 inch bead chain. PayPal Invoice Only.

Tagged photos: https://imgur.com/a/vTEj1rs",2025-12-29T18:54:19Z
tag,social-media,informal,after,"Free shipping to the United States.

Brand New. $200 shipped each. From Aadi so you know they are 1:1. PayPal invoice only. 

Both colors are available 

Tagged photos: https://imgur.com/a/GrcDvfa",2025-12-29T18:54:05Z
tag,social-media,informal,after,"Instead of just relying on a CAPTCHA or e.g. Turnstile, I've been thinking of implementing honeypot fields in forms. But I have a few concerns regarding auto-fill. A lot of my visitors user Chrome and that browser will by default auto-fill fields. How do I ensure this does not happen?

And what's the best way to hide honeypot fields? And what about ARIA tags?

I think one good approach would be to add the honeypot fields via JavaScript after the page has loaded. Then on the backend I always ensure the field is included in the request, but that the value of it is empty. Because I feel like most bots can easily detect it upon page load. But let's say the field is only added after 1 second after the page loaded, or when the user scrolled a certain length, or when they focus on the form, or after a form field has changed, etc.",2025-12-29T18:53:54Z
tag,social-media,informal,after,"Free shipping to the United States

14kt (Yellow or White Gold) Baguette Diamond Moissanite Cross with 20 inch chain. Comes with moissanite certificate & card for the stones. $40 shipped. PayPal Invoice Only.

Tagged photos: https://imgur.com/a/ypoG2ez",2025-12-29T18:53:53Z
tag,social-media,informal,after,Anyone know when the next yellow tag clearance is? 🤩🤩🤭😆,2025-12-29T18:53:46Z
tag,social-media,informal,after,"I have plenty of Lvl 4 crafter Venators. Let me know how many would you like for Survivor or Bobcat BP.


**Blueprints I have:**

* Anvil
* Aphelion 
* Barricade Kit 
* Bettina 
* Blue Light Stick 
* Combat MK3 Flanking 
* Compensator II 
* Deadline 
* Defibrillator 
* Extended Light Mag III 
* Extended Shotgun Mag III 
* Green Light stick 
* Heavy Gun Parts 
* IL Toro 
* Jolt Mine 
* Muzzle Brake II
* Osprey 
* Pulse Mine 
* Red Light Stick 
* Shotgun Silencer 
* Showstopper 
* Silencer II 
* Tactical MK3 Defensive 
* Tagging Grenade 
* Trailblazer 
* Venator 
* Vertical Grip II 
* Vertical Grip III 


**Blueprints I want:**

* Combat MK3 Survivor
* Bobcat",2025-12-29T18:53:34Z
tag,social-media,informal,after,"Free shipping in the United States

$60. PayPal Invoice Only. The pendant is made of Ruby moissanites and passes the diamond tester. Comes with a 22 inch chrome hearts chain.

Tagged Photos: https://imgur.com/a/MkicqUt",2025-12-29T18:53:31Z
tag,social-media,informal,after,"Free shipping to CONUS

Brand New Moncler Hearts Beanie (comes in sealed retail packaging). Dozens in stock. 

$20 Shipped or $30 for two PayPal Invoice Only 

Tagged photos 

https://imgur.com/a/hNoeLqr",2025-12-29T18:53:19Z
tag,social-media,informal,after,"so very random but i saw someone repost a story from a celebrity with the whole reposted from icon thingy at the top, how do i do that lol ",2025-12-29T18:53:16Z
tag,social-media,informal,after,"Free shipping to the U.S.

Chrome Hearts Bandanna. Available in 3 sizes. $30 shipped each. PayPal invoice only.

Tagged photos: https://imgur.com/a/GigsTIQ",2025-12-29T18:53:07Z
tag,social-media,informal,after,"Free shipping to the United States.

$30 each. Each pendant comes with a 22 inch chrome hearts bead chain. PayPal Invoice Only.

Tagged photos: https://imgur.com/a/gyVDiXW",2025-12-29T18:52:52Z
tag,social-media,informal,after,[https://www.amazon.com/Amazon-Fire-TV-Stick-4K-streaming-device/dp/B0CJM1GNFQ?pd\_rd\_w=ownzN&content-id=amzn1.sym.f5690a4d-f2bb-45d9-9d1b-736fee412437&pf\_rd\_p=f5690a4d-f2bb-45d9-9d1b-736fee412437&pf\_rd\_r=E7V1XYH6K6JQRZGARR3P&pd\_rd\_wg=TZvVy&pd\_rd\_r=1abefcb2-37d5-44e3-963f-6f9683df6aef&pd\_rd\_i=B0CJM1GNFQ&th=1&linkCode=ll1&tag=moneymake02db-20&linkId=e85b3cdf5dc932c2a76388324384e52a&language=en\_US&ref\_=as\_li\_ss\_tl](https://www.amazon.com/Amazon-Fire-TV-Stick-4K-streaming-device/dp/B0CJM1GNFQ?pd_rd_w=ownzN&content-id=amzn1.sym.f5690a4d-f2bb-45d9-9d1b-736fee412437&pf_rd_p=f5690a4d-f2bb-45d9-9d1b-736fee412437&pf_rd_r=E7V1XYH6K6JQRZGARR3P&pd_rd_wg=TZvVy&pd_rd_r=1abefcb2-37d5-44e3-963f-6f9683df6aef&pd_rd_i=B0CJM1GNFQ&th=1&linkCode=ll1&tag=moneymake02db-20&linkId=e85b3cdf5dc932c2a76388324384e52a&language=en_US&ref_=as_li_ss_tl),2025-12-29T18:52:39Z
tag,social-media,informal,after,"Free shipping to the United States.

Made by David925. Solid 925 Silver. $90 each.

PayPal Invoice Only. Tagged photos.

https://imgur.com/a/BIxKbRH",2025-12-29T18:52:20Z
tag,social-media,informal,after,"Free Shipping to the United States

Chrome Hearts survival source triple cross pendant with 22 inch bead chain. Made from 925 silver. $70 shipped. PayPal Invoice Only.

Tagged photos: https://imgur.com/a/3LXNLn5",2025-12-29T18:52:05Z
tag,social-media,informal,after,Like Gemini with synthID. Pros don't like telling the truth most of the time ,2025-12-29T18:51:59Z
tag,social-media,informal,after,I searched everywhere for the maple color and was able to order it directly from the Coach website. It arrived literally smooshed into a box and missing the Coach bag tags? It’s sold out everywhere (according to the customer service agent I spoke with). She offered a 20% but I’m just so bummed.,2025-12-29T18:51:36Z
tag,social-media,informal,after,"Ralph lauren bottoms in black - Really accurate horse + wash tags and tags 9/10

https://m.1688.com/offer/982264908745.html?offerId=982264908745

Ralph lauren sweater shirt in navy blue - Good quality  material and accuracy 7/10

https://m.1688.com/offer/803537950352.html?offerId=803537950352

Ralph hoodie - Wrong horse but surprisingly good quality , do not order the black colour 6/10

https://m.1688.com/offer/803447528272.html?offerId=803447528272

 

Cu4 batch green tech trousers - Good budget batch 6/10

https://m.1688.com/offer/857172357871.html?offerId=857172357871

Lv belts - lowkey js needed a belt - did the job + cheap 4/10

https://www.lovegobuy.com/product?id=783959210130&shop\_type=ali\_1688&invite\_code=S8LUBQ

Used Lovegobuy -  shipped for 25 pounds with discount - Really good considering it was christmas time ",2025-12-29T18:51:30Z
tag,social-media,informal,after,"Free shipping to the United States

Chrome Hearts Pendants from Survival Source. Pendants are made from 925 silver and each pendant comes with a 22 inch bead chain from survival source.

$60 each shipped. PayPal Invoice Only.

Tagged photos: https://imgur.com/a/wNFPG45",2025-12-29T18:51:27Z
tag,social-media,informal,after,"I just got a pin maker for Christmas/Yule and I've been going crazy making pins, sadly for me I've run out of ideas :( any ideas are very welcome because making pins if VERY fun but it should be noted my pin maker can only make very small pins so mega complex ideas probably wont work well

Btdubs I'm sorry if I used the wrong tag, I wasn't sure about this one tbh",2025-12-29T18:51:23Z
tag,social-media,informal,after,"Free 3 day shipping to CONUS

Black Goyard duffel bags

$200 shipped, from Aadi, PayPal Invoice Only 

Tagged photos

https://imgur.com/a/10VK9WM",2025-12-29T18:51:16Z
tag,social-media,informal,after,"Free shipping to the United States

$200 each. Available in black, grey & blue. New 

Goyard messenger bags from Aadi. PayPal Invoice Only.

Tagged photos: https://imgur.com/a/Jz0zV8D",2025-12-29T18:51:04Z
tag,social-media,informal,after,"Free Shipping to the United States

Chrome Hearts Beanie with solid 925 silver hardware. $30 each or 2 for $50. PayPal invoice only.

Tagged photos: https://imgur.com/a/51znti2",2025-12-29T18:50:52Z
tag,social-media,informal,after,"Free shipping to the United States

You will receive a brand new sealed pack. I just opened one to show what the cards look like.

$20 a pack shipped. PayPal Invoice Only.

Tagged photos: https://imgur.com/a/msABYbh",2025-12-29T18:50:11Z
tag,social-media,informal,after,"Free shipping to the United States

VVS cross pendant with full paperwork & certificate for the Moissanite stones. Comes with an 18 inch chain. $40.

PayPal Invoice Only. Tagged photos: https://imgur.com/a/JE1oUFS",2025-12-29T18:49:59Z
tag,social-media,informal,after,"Free shipping to the United States.

Chrome Hearts Moissanite Red Ruby Plus Bracelet. From Survival Source Made of 925 silver. 20cm long. $80. PayPal Invoice Only.

Tagged photos: https://imgur.com/a/w0foVRL",2025-12-29T18:49:48Z
tag,social-media,informal,after,"Free shipping to the United States

$15 shipped. PayPal Invoice Only. Chrome Hearts Cross Money clip.

Tagged photos: https://imgur.com/a/EHqhGHi",2025-12-29T18:49:36Z
tag,social-media,informal,after,"Free shipping to the United States

Chrome Hearts Dagger Cardholder from David925. $30 shipped. PayPal Invoice Only.

Tagged photos: https://imgur.com/a/AkcXsFc",2025-12-29T18:49:23Z
tag,social-media,informal,after,"A drinking straw nametag customizable

https://makerworld.com/models/2172987?appSharePlatform=copy

And with 2026 logo.

https://makerworld.com/models/2172381?appSharePlatform=copy",2025-12-29T18:49:22Z
tag,social-media,informal,after,"Opinion:  Nation-formation bonuses in EU5 should be temporary and event-driven
I’m not opposed to bonuses when forming a new tag, but they should represent a short political momentum, not permanent power creep.
Unified duration rule
All nation-formation bonuses last 10 years minimum or until the unifier’s death (whichever is longer).
Baseline effects
Free casus belli, limited to regions that make historical and geographic sense
(claims should reflect legitimacy and momentum, not opportunistic conquest).
Limited help to finish unification (e.g. free/fast coring for 1–2 key regions).
Nation-founding event chain
Event I – External recognition
Choose one:
Expansion: coherent regional claims + small mercenary force
Legitimization: prestige + temporary diplomatic reputation
Event II – Internal organization
Choose one:
Centralization: admin efficiency + capital development
Infrastructure: reduced proximity cost + cheaper roads
Event III – Direction of the state
(Temporary focus defining the new country)
Science (Innovative ≥ 40): research boost + universities/libraries
Faith (Spiritual ≥ 40): conversion bonus + religious buildings
Culture: assimilation bonus + cultural buildings
Military (Belligerent ≥ 40): integration bonus + reduced unrest
Chancellery: chancellery bulding level +1, + extra advisor
The unifier
The ruler gains a unique “Unifier” trait (legitimacy + prestige).
The country’s founding momentum lasts as long as the unifier lives (minimum 10 years).
Conclusion
Nation formation should be powerful but temporary, driven by choices and leadership, not permanent modifiers.
What do you think?",2025-12-29T18:49:21Z
tag,social-media,informal,after,"Free shipping to the United States

$50 shipped. PayPal Invoice Only.

Tagged photos: https://imgur.com/a/W7TLZX7",2025-12-29T18:49:11Z
tag,social-media,informal,after,"Free shipping to the United States

Chrome Hearts Wallet. Black leather with crosses. $60 shipped. PayPal Invoice Only. 

Tagged photos: https://imgur.com/a/oxIIj6G",2025-12-29T18:48:58Z
tag,social-media,informal,after,"Free shipping to the United States

$60 shipped. PayPal Invoice Only. Chrome Hearts Wallet with colored leather crosses. The wallet even comes with a zipper coin pouch included. All hardware on the wallet is 925. 

Tagged photos: https://imgur.com/a/PlXwgLx",2025-12-29T18:48:44Z
tag,social-media,informal,after,"Free shipping to the United States

10 pairs of Chrome Hearts Rimless Gold Glasses. Asking $150 shipped for all 10. Sent priority mail. 

You can easily sell these for $100-$400 each on FB Marketplace, EBay etc.

PayPal Invoice Only.

Tagged photos: https://imgur.com/a/yGIpRrR",2025-12-29T18:48:30Z
tag,social-media,informal,after,"**Not necessary, but some background:** until I was 8 years old, I had a computer with a Pentium and a correspondingly thick keyboard. After that, my whole life has been laptops — for the last decade gaming ASUS ROG Strix/Scar models. And their keyboards completely suited me.

About 2.5 years ago I bought my first PC — a powerful gaming one, second-hand. As a bonus, I was given a keyboard that unexpectedly turned out to be almost perfect for me — **Cougar VANTAR AX Black**. Now I’m trying to find an analogue that’s *slightly more suitable* and closer to my ideal.

# Main request:

I’m looking for an *almost exact analog* of the **Cougar VANTAR AX Black**, but in **TKL (no numpad)** and **wireless** (NOT Bluetooth — I play games on it).  
If that exact combo doesn’t exist, I’m fine with a keyboard that has **either** TKL **or** wireless (non-Bluetooth) — ideally with the same feel/style as the VANTAR AX.



# What exactly makes this keyboard so great for me (in order of importance):

1. **Key type and key feel.** Mechanical switches, tall/thick keys, “chunky” keyboards — absolutely not my thing. I know how unconventional this request is. Keys with concave tops don’t work for me either.
2. **At least basic backlighting + proper multi-key rollover** (I do play games).
3. **A nice aluminum body** — the VANTAR AX has it, and it really matters more than I expected.

And as it turns out… there are almost **no options**.  
I’ve been searching for more than two weeks, annoying neural networks and Google alike — **nothing**.

The closest thing to my dream keyboard turned out to be the **Razer Joro Portable Keyboard**, but… these engineering geniuses and gaming-peripheral giants released it with a huge price tag and **Bluetooth only**.

All they had to do was add **2.4 GHz USB wireless**, and I would’ve been happy even with the overpricing — but nope.

It genuinely feels like total injustice in a world where lovers of thick keys and mechanical keyboards have an insane amount of choice.  
So if you can help fix this injustice — I’d really appreciate it.

Most likely, I’ll end up hunting down **Cougar VANTAR AX** units in warehouses or stealing used ones through people’s windows anyway… but hey, maybe there’s hope.

Basically, everything I want is shown in the two photos below.  
I’m not even hoping for *both* options at once anymore.

https://preview.redd.it/2sbdi4ngv6ag1.jpg?width=1280&format=pjpg&auto=webp&s=7695811dca3d0bf1c20cda4f66921437b1c89583

https://preview.redd.it/0wq125ngv6ag1.jpg?width=960&format=pjpg&auto=webp&s=1ec2ef6af0f5f040c66525ba8db39433aac760f2

",2025-12-29T18:48:27Z
tag,social-media,informal,after,"💥Real thoughts of ankit:
Oh no the dollar has not collapsed! All my dedollarization predictions have flopped!

Elon, please tell Trump to devalue the dollar fast! Or else more people will realize that I’m a fraud CA/Dr/IIM fear-peddler. None of academic qualifications are verified because they're all fake.

Right-wing has laughed at me and boycotted me. Left wing is completely unaware of my existence. I survive purely on low-IQ engagement farming.

I keep tagging the Economic Advisor to PM Sanjeev Sanyal ji so many times to give my genius suggestions on how to run India's economy (because I know better than him), but Sanjeev ji has ignored ALL my tweets, every single time. Never replied to me even once. But he replies to my arch-nemesis Aravind! How dare he! Aravind has the audacity to criticize the govt! Anyone who questions me or Modiji is congress/deep state/anti-national.

Kill the dollar plssss 😭
My three rupees izzat depends on it😭

🤣🤣🤣🤣🤣🤣🤣",2025-12-29T18:48:19Z
tag,social-media,informal,after,"Free 3 day priority mail shipping to the United States.

Chrome Hearts Rolex Submariner with VVS Moissanites. Dagger bracelet. $99 shipped, PayPal Invoice Only.

Tagged photos: https://imgur.com/a/24fBGO9",2025-12-29T18:48:16Z
tag,social-media,informal,after,"Free 3 day shipping to CONUS

Chrome Hearts Men’s Messenger/Side Bag, comes with full chrome hearts retail packaging 

Made from Real leather 

Asking $150 shipped, PayPal Invoice Only

Tagged Photos

https://imgur.com/a/PrWJzON",2025-12-29T18:48:04Z
tag,social-media,informal,after,"\- used a Dymo LetraTag label maker to adhere labels to the \*bottoms\* of each package (since I open them from the top).  I abbreviated any names too long to fit across the bottom of the box (i.e., Amber Asteroid became Amber).

\- alphabetized and stored in four rows in a like-it modular tall wide drawer, which fits 128 packages comfortably (\~32/row)

  
\- I have an accompanying inventory spreadsheet also organized alphabetically by nail strip name where I can also keep track of how well each design wore and any other issues or notes",2025-12-29T18:47:46Z
tag,social-media,informal,after,"So im looking to spend some amazon gift cards i have and im looking for a knight, but i know awhile ago the boxes gopt adjusted so i thought id come to ask if this box would have the canis parts in it [https://www.amazon.co.uk/Warhammer-40k-Imperial-Chevaliers-Questoris/dp/B0BH3MFKHL/ref=sr\_1\_12?crid=2VU7S35BJRM4J&dib=eyJ2IjoiMSJ9.fid1zKneaU4lpkAwzBSpvQWVQ\_PYHgGnS1Kbz5IuXI2leFBHCeakotqED0v-n-X79ZxaM5w2VVoRJrF9q7Xmt6xPi36gxhasRQOSdmUPLCuWLWpkGqLRwe6eg6frG\_AdokfWpI29kWt6rrzQcv1lqj-jbb-9-3OEpkIWXOHidj\_iqZcRXjWLbK6d\_C4Qqjb8PiCYccrAnZ1AlgLfSdfrTwSrsG7C2iNjHab2h8yV3xMGK49Z4V4JEHY85rgI-RFas6ark6n292s-DlqQg465hly05SreuWQ0mGpJJZoTXDA.LkA0k1ooGOU4X\_7K6wK5sAm\_aoDfyEenfj4BOzD3WQI&dib\_tag=se&keywords=warhammer+40k+imperial+knight&qid=1767033850&refinements=p\_36%3A7400-&rnid=389075011&sprefix=warhammer+40k+imperial+knight%2Caps%2C103&sr=8-12](https://www.amazon.co.uk/Warhammer-40k-Imperial-Chevaliers-Questoris/dp/B0BH3MFKHL/ref=sr_1_12?crid=2VU7S35BJRM4J&dib=eyJ2IjoiMSJ9.fid1zKneaU4lpkAwzBSpvQWVQ_PYHgGnS1Kbz5IuXI2leFBHCeakotqED0v-n-X79ZxaM5w2VVoRJrF9q7Xmt6xPi36gxhasRQOSdmUPLCuWLWpkGqLRwe6eg6frG_AdokfWpI29kWt6rrzQcv1lqj-jbb-9-3OEpkIWXOHidj_iqZcRXjWLbK6d_C4Qqjb8PiCYccrAnZ1AlgLfSdfrTwSrsG7C2iNjHab2h8yV3xMGK49Z4V4JEHY85rgI-RFas6ark6n292s-DlqQg465hly05SreuWQ0mGpJJZoTXDA.LkA0k1ooGOU4X_7K6wK5sAm_aoDfyEenfj4BOzD3WQI&dib_tag=se&keywords=warhammer+40k+imperial+knight&qid=1767033850&refinements=p_36%3A7400-&rnid=389075011&sprefix=warhammer+40k+imperial+knight%2Caps%2C103&sr=8-12)",2025-12-29T18:47:10Z
tag,social-media,informal,after,"Hello everyone, and welcome to the community!

I started r/SkillsForWorkCanada because navigating the Canadian job market—whether you are in the trades, corporate world, public sector, or gig economy—can be challenging. We needed a dedicated space to discuss upskilling, workers' rights, and career growth specifically through a Canadian lens.

**What is this sub for?** This is a place to help you advance your career and protect your livelihood. We encourage posts about:

* **Resume & CV Reviews:** Get feedback on your resume (please remove personal info first!).
* **Upskilling & Certifications:** Discussing trade tickets, university degrees, bootcamps, or government grants.
* **Labour Laws & Rights:** Questions about EI, severance, overtime, and safety standards (ESA/OHS).
* **Career Advice:** Navigating promotions, salary negotiations, or switching industries.
* **The Job Market:** Local trends in BC, Alberta, Ontario, the Maritimes, etc.

**How to get started:**

1. **Read the Rules:** They are on the sidebar. The most important one is **Privacy**—never post your full name or address.
2. **Use Flairs:** Tag your post so the right experts can find it (e.g., *Trades*, *White Collar*, *Legal*).
3. **Introduce Yourself below!** 👇

**Let’s get the ball rolling:** Drop a comment below and tell us: **What industry do you work in (or want to work in), and which Province/Territory are you from?**

Thanks for joining, and let's get to work!",2025-12-29T18:47:00Z
tag,social-media,informal,after,Are those boots men’s or womens? I can’t seem to tell. No tags or anything to go off of ,2025-12-29T18:46:25Z
tag,social-media,informal,after,"Is there a plan to allow formatting changes to Tag Indices and Subpage Indices within an element page? 

I would like the ability to add an image, Text box, change the font style, etc. for each. I suppose this may be more specific for a Subpage Index but could work for a Tag Index as well. 

I have been creating links and formatting the page layout manually for all Subpages, but would love an option that does this dynamically for me.",2025-12-29T18:45:24Z
tag,social-media,informal,after,"I know that scratch is a kids website, but I recently found a surprisingly interesting ARG by a talented creator on the platform, going by the name of kauliflowr. they are mainly an animator, but recently released a game as part of the ARG.

So far the ARG has been limited to just scratch, with the clues hidden in the project descriptions. With the way scratch is set up, it's possible to make animations using the program, which is what Kauliflowr has been doing, but it also lets them hide clues in the costumes, the code itself, and audio. If you want to look for said clues, click 'see inside' on any of the projects. There are some simple codes, and I think there's a spectrogram somewhere.

Kauliflowr is the name of both the profile/creator and the main character of the story. From what I can tell, the storyline thus far can be boiled down into this;

\- beret guy, Kauliflowr's boss, seems to be trapped in a place called the void, and creates several plant machine hybrids to go out into the world, one of them being kauliflowr ( [https://scratch.mit.edu/projects/925281423](https://scratch.mit.edu/projects/925281423) ). They begin Kauliflowr industries, which releases several advertisements for products. We're introduced to a new character named broccoli at the end of this animation, who takes over as kauliflowr's manager.

\- It seems like there was a retcon here. In the first animation, there's some crossover with The animation Game's storyline (TAG X). Tt's not an ARG, but not a super streamlined story either. Kauliflowr gets injured in a fight with a robot. ( [https://scratch.mit.edu/projects/1096586983](https://scratch.mit.edu/projects/1096586983) )

\- We're then introduced to beret man's boss, the oracle, who warns beret man that kauliflowr is going to die, while also threatening him. the rest of the animation is just holiday fun with the gang. ( [https://scratch.mit.edu/projects/1115845751](https://scratch.mit.edu/projects/1115845751) )

\- kauliflowr goes on a dinner with broccoli, thinks it's a date, and... something happens. It's not clear what. My guess is a mental breakdown. There are more clues within the code, audio, and project itself, even more so here than any other project at this point. ( [https://scratch.mit.edu/projects/1194586138](https://scratch.mit.edu/projects/1194586138) )

\- beret man apparently gets fired? and dies as a result?? but leaves a message for broccoli to ""secure a seed from the oracle's garden"" and affix it to a machine of sorts. Only thing is, an ""agent"" blows up the machine - thats what it's called in the project files, anyways ( [https://scratch.mit.edu/projects/1242414607](https://scratch.mit.edu/projects/1242414607) )

\- Kauliflowr clicker has a ton of stuff packed in and I'm not entirely sure what it means. we get to see what really happened at the end of the date, but get introduced to several new characters that were hinted at in the past. we also see that there are several... iterations? of kauliflowr? there are 3 main endings, and several cutscenes leading up to it, with varying dialogue, but those ""endings"" all lead to the same cutscene, being what happens after the date. ( [https://scratch.mit.edu/projects/1246616268/](https://scratch.mit.edu/projects/1246616268/) )

This is the kind of ARG you can piece together by yourself, which is fun, but there is also room for discussion and community collaboration to figure out the story. I'd encourage everyone here to check it out for yourself. The studio 'kaulifowr stuff' has all of the animations featuring kauliflowr, as well as other projects with lore relevant information. ( [https://scratch.mit.edu/studios/34130384/](https://scratch.mit.edu/studios/34130384/) )

Also, Kauliflowr is a surprisingly good animator, for using a ""software"" like scratch. It's not even meant for animation, but there are some really cool animators on the platform, even if they're hard to find. I'd recommend checking out Kauliflowr's other stuff too.",2025-12-29T18:45:23Z
tag,social-media,informal,after,"So I’ve been following this whole Mitali journal situation and honestly… it’s giving fake business drama.

She herself said that she printed the whole batch of her journals without even asking for a proper physical sample first. Which is literally the most basic rule of printing. No one who is serious about a product skips that step. Either that was extremely careless or this story is being stretched.

Then she says the batch came out pixelated and she had to reprint everything and lost ₹50,000.

People suggested a very normal solution: sell the misprinted ones at a lower price with a “defective” tag. This is what every brand does to reduce waste and recover some money. But she refused and said she has “a standard to maintain.”

That makes no sense. This is a small influencer brand run from a hostel room (even forgot the name of it). Even luxury brands sell defective or factory seconds at a discount. Saying you can’t do it because of “standards” just sounds like an excuse.

If the journals were only slightly pixelated, they could still be sold cheaper. The only reasons not to sell them are either they don’t really exist, or they are not as bad as she claims and she wants sympathy and full-price sales.

Now let’s talk money.

She said the whole batch cost her ₹50,000. Each journal is ₹1500. Even if she sells just 500 journals out of her 1.5 million followers, that’s ₹7.5 lakh. Compared to a production cost of ₹50k, that margin is huge. So crying about losing ₹50,000 feels more like a sympathy story to boost sales than a real business disaster.

Also, she is not some broke small creator. She already earns from YouTube ads, sponsorships, and brand deals. This journal is just extra income on top of that. But her audience is mostly students and young people who actually struggle with money, and they’re being emotionally pushed to spend ₹1500 to “support” her.

Instead of buying overpriced influencer merch, we should be supporting real small creators who make handmade journals, art, crochet, pottery, and other crafts. Those people actually depend on those sales, and their work is way more genuine.

This whole thing just feels like classic influencer marketing. Create a problem, act like a victim, and let followers rush in to buy.

Everyone really needs to stop falling for this.
",2025-12-29T18:45:17Z
tag,social-media,informal,after,"![](https://s3.cointelegraph.com/uploads/2025-12/019b6b0c-f19f-7bf4-a96d-4cd6b47b8a9b.jpg)

BlackRock’s tokenized money market fund has distributed $100 million from Treasury yields, offering a real-world test of blockchain-based financial infrastructure.

 **Details:**
- **Published:** 29/12/2025 18:26 (UTC)
- **📊 Characteristics Score:**
  > **Asset Type:** *t_bill*
  > **Sentiment:** `0.6`
  > **Entropy:** `0.3`
  > **Relevance:** `0.95`
  > **Staleness:** `0.1`
  > **Uncertainty:** `0.4`
  > **Level-1 Focus:** *asset-types, institutional-adoption, yield-performance*
  > **Level-2 Focus:** *financial-instruments, asset-manager-initiatives, treasury-and-bond-yields*
- **🏷️ Tags:** **#blackrock** **#buidl** **#tokenized money market fund** **#treasury yields** **#securitize** **#ethereum** **#solana** **#aptos** **#avalanche** **#optimism**

**Source:** https://rwatimes.io/articles/cointelegraph-black-rock-buidl-pays-100-m-in-dividends-showing-tokenized-finance-at-scale-149637690?utm_source=reddit&utm_medium=social&utm_campaign=reddit&utm_content=cointelegraph-black-rock-buidl-pays-100-m-in-dividends-showing-tokenized-finance-at-scale-149637690 

 ---
*Posted from RWA Times Bot*",2025-12-29T18:45:08Z
tag,social-media,informal,after,"Hi, i wanted to know if the mentioned counter works? i pasted the necessary code in my editor but nothing appears, i tried with the image only, i've refreshed countless times and i've followed tutorials, but nothing fixes the problem :\[  Am i doing something wrong?

[i pasted these exactly !!](https://preview.redd.it/u0akklisu6ag1.png?width=946&format=png&auto=webp&s=e6c80f94deb2bd680d88fd760e9098d64ff65d98)

",2025-12-29T18:45:05Z
tag,social-media,informal,after,"Hi everyone,
I’m at a bit of a crossroads and would really value some grounded opinions.

I’m 27, currently working as a software developer with ~4.4 years of experience. Things are stable career-wise, but I’ve been thinking long-term and feel that if I ever want to pursue an MBA, now is probably the last realistic window. Tentatively, I’ll be married by end of next year or early 2027, and I know myself well enough to admit that starting something as demanding as an MBA after that will be extremely difficult.

Because of this, I started exploring online / weekend MBA-style programs from reputed institutions, mainly for structured learning, exposure, and the brand value. One program that stood out is IIM Indore’s Masters in Management Studies (MMS), which is essentially an Executive MBA ( 2 years) with weekend classes and a fairly rigorous curriculum.

Here’s where the dilemma kicks in:

It’s not a full-time MBA, so I’m unsure about the real-world value compared to traditional programs.

The workload is heavy and will run alongside a full-time tech job.

The fees and time commitment are significant, so opportunity cost is real.

On the upside, it gives me a Tier-1/1.5 IIM tag, formal management education, and I don’t have to quit my job.

My goals are still evolving. I’m not trying to pivot immediately into consulting or hardcore management, but I do want broader business understanding, leadership exposure, and optionality for future roles. I’m also aware that some people see executive/online MBAs as “not worth it,” while others say they’re valuable if you know why you’re doing them.

So my questions to this community:

Is an Executive/online MBA from a top IIM actually worth it at this stage of career?

Does the brand + learning justify the cost and effort, or is this just FOMO before marriage?

Would you recommend waiting, skipping MBA altogether, or going all-in only for full-time programs?

Looking for honest opinions, especially from people who’ve done executive MBAs, hired MBA grads, or faced similar timing/life-stage decisions.

Thanks in advance.

[View Poll](https://www.reddit.com/poll/1pyuf15)",2025-12-29T18:44:49Z
tag,social-media,informal,after,source: https://danbooru.donmai.us/posts?tags=yami_%28eunriie%29&z=1,2025-12-29T18:44:39Z
tag,social-media,informal,after,"# 📈 Financial Market Update - Monday, December 29, 2025

## 📊 Market Sentiment Overview

🟢 **Positive**: 1 stories (100%)

🔴 **Negative**: 0 stories (0%)

🟡 **Neutral**: 0 stories (0%)

**Overall market tone**: 🟢 **Bullish** - Markets showing positive momentum

## 🎯 TL;DR

1 key market stories today - 1 positive, 0 high-impact developments. Overall: **Bullish** momentum with positive market signals

**Key takeaway**: Stay informed on these developments as they could significantly impact your investment decisions and market outlook.

### 1. For Decades, Venture Capital Was Only for the Ultra-Wealthy. That Just Changed.

🟢 **Sentiment**: Positive

**Sector**: General Market

**The Catalyst**: For Decades, Venture Capital Was Only for the Ultra-Wealthy. That Just Changed. 💡 Democratization of venture capital could redirect retail capital from public equities to private markets | Lower fee structure (1.85%) may pressure traditional VC firms to reduce costs 📊 Fundrise Venture opens ventur

**The Bottom Line**: What does this mean for $VC, $V, $C, $D investors? This analysis reveals critical insights for General Market sector positioning.

**Ticker Intelligence**:
* **$VC**: 🟢 Positive sentiment
* **$V**: 🟢 Positive sentiment
* **$C**: 🟢 Positive sentiment
* **$D**: 🟢 Positive sentiment

**Market Implications**: Market-moving financial news

**The ""Booklet"" Insight**: Monitor key indicators and regulatory developments for early signals.

🔗 **Read more**: https://financialbooklet.com/news/for-decades-venture-capital-was-only-for-the-ultra-wealthy-that-just-changed

---

**Remember**: This is for educational purposes only. Always do your own research before making investment decisions.

**Sources**: All information comes from reputable financial news sources. For detailed analysis, check the original articles.

📊 **Sentiment Analysis**: Generated using AI-powered market analysis

*Generated by FinancialBooklet*

---

*Tags: #FinancialNews #MarketUpdate #Finance #SentimentAnalysis #AI*",2025-12-29T18:44:01Z
tag,social-media,informal,after,"Hulking or serpent to r3, Karolina to r4",2025-12-29T18:43:43Z
tag,social-media,informal,after,"Have 4 Wyze Cam v3 models all purchased around 2022. All are enrolled in the free (and grandfathered) Cam Plus Lite person detection. Two cameras have person detection notifications enabled since 2022 — these notify properly on my iPhone.

The other two camera have notifications off (but person detection is still tagging properly in app on the video timelines). Now, I’d like to enable person detection notifications on these two cameras, but I can’t get them to send iOS notifications. Motion notifications work fine but not person detection notifications on these two cameras that have had this feature off for a few years now.

Things I’ve tried:

\- reinstall iOS app

\- disable/enable notifications

\- restart cameras

\- reset services button in app

\- on web, remove cameras from service, and then add them back

Any other ideas?

Thank you.",2025-12-29T18:43:37Z
tag,social-media,informal,after,"**Yuki Ishikawa's Attack The World vol. 15**

　This summer, a new journey began for the Japanese men's volleyball team, heading towards the 2028 Los Angeles Olympics. At the heart of this new team, led by new coach Laurent Tilley, who knows the pinnacle of Olympic achievement, was, of course, captain Ishikawa Yuki. The season began with the team aiming to compete for the world's top spot, but the World Championships ended with an unexpected result, with the team being eliminated in the first round. What was Ishikawa thinking during this new battle?

# Differences from last season's team

\-What theme did you have in mind for your new battle towards the next Olympics?

""Although the players haven't changed significantly, when the manager changes, many things change. I had been in communication with Coach Tille before, but we had never trained together, so I thought, 'First, let's try and find out what kind of manager he is.' My stance was to not make too many demands from us, but to do exactly what I was told. In my first year, rather than taking any particular action, I just accepted everything the manager said and how he did things. Personally, that was my theme.""

\--You've said before that it's important to understand the type of volleyball that Coach Tille wants to play. What kind of volleyball do you think the coach wants to play?

""I don't think what we expect from the team is much different from what it was under the previous coach (Philippe) Blanc. Japan is a team that relies on defense, so we were looking for a high pass return rate and defense.""

\-- Former manager Blanc was the type of person who would generally place emphasis on numbers and data when developing tactics, so was there any difference in that area?

""That was a bit different. Former coach Blanc was more meticulous about data and tactics, and had a lot of rules. It felt like he was very clear about, 'If this happens, do this, if that happens, do that.' Coach Tille was the type who valued the instincts of the players on the court.

　However, even in Italy (where I currently play), there are quite a lot of rules, so I sometimes felt that it was too free. That way of doing things is fine if the players can use their heads and move around properly, but there were young players who were being selected for the national team for the first time, and some players who hadn't reached that level yet. So, it seemed like the players were not yet used to the feeling that Coach Tille was looking for, and I felt that they were not able to control themselves well.

  
\--Do you think this issue can be resolved as the team becomes more refined from next year onwards?

""There's absolutely no problem with that. I thought it would be fine to wait a year before telling the manager, 'Let's do this,' so I think we'll be able to make adjustments from next season onwards.""

# ""The atmosphere was a little relaxed.""

\- Even after the start of national team activities, Ishikawa was training in Perugia, so he joined the team late. Did that have any impact?

""I passed the ball in the first week of the Nations League last season, so it didn't feel too difficult. I haven't had any trouble with things like working with the team or fitting in with them. However, I had a lot of injuries at Perugia last season, so I didn't touch the ball while I was training in Italy. After joining the national team, I was able to immediately start practicing with the ball and play in matches, which was a new way of adjusting.""

\--Japan advanced to the final tournament of the Nations League this year as well, but lost to Poland in the first match.

""We thought we had two chances to play against Poland this season (in the Nations League and the World Championships). In the end, we weren't able to face them in the World Championships. I thought that beating top teams like Poland would help us grow, so it was good that we were able to play them in the Nations League.

　Although we lost the first set 23-25 ​​and the second set 24-26, we played a good game. Although we lost in straight sets, I think it will help us in the next match. I got injured a week before the final tournament and was unable to take part in 6-on-6 practice until the day before the match, so I caused a lot of trouble for the team. However, considering my condition, I think I fought well. Every time I play against a strong team and lose, I realize where I felt I had some strength and where I was lacking.

\--And this season, your biggest goal was the World Championships. You lost your first match to Turkey and then to Canada, and were eliminated in the first round.

""Of course I'm disappointed that we lost, but I think we deserved to lose. I know this is hindsight, but if you ask me if we had a particularly good practice, the answer is no. There were times when the atmosphere was a little relaxed, and I think that showed in the game. As captain, I should have been the one to press them in, so I was careless about that.""

# What to do as a captain

\--I got the impression that teams from around the world are improving at the tournament. While Japan has been winning by using defense as a weapon, it seems like the level of defense overseas is also improving.

""There's no doubt that each country's defensive ability has improved. I felt that all the teams were starting to pick up the ball during the games. However, that doesn't mean that our defense has gotten worse. We were able to defend the same as before, but we weren't able to score the next point like we had in the past, we made mistakes, and we were shut out. There were a lot of scenes like that at the World Championships. On the other hand, our opponents were able to score the balls that they had gotten up defensively. I think that's what made the difference so big.""

\--Rather than the world's progress, would you say that the quality of our own play was a little poor?

""It's both. Our position has also changed. Previously, we were looked down upon, but now that we're starting to be recognized as 'strong,' more teams are coming at us with all their might. I particularly felt that spirit from Turkey and Canada (who we played against at the World Championships). On the other hand, we became passive. We lacked aggressiveness. When the other team got going, we didn't have the strength to bounce back. I think we could have improved our quality as well.""

\--You said, ""The important thing in the four years leading up to the Los Angeles Olympics is to consistently finish in the top four in the world."" What changes do you feel are necessary next season to achieve this?

""It's the way we approach practice. This season hasn't been bad either, but as captain I need to do a better job of creating an atmosphere.

　The other thing is communication with the manager. How can we match what we've built up so far with what the manager wants? My important role is to lead the team in the right direction. This season we didn't say to the manager, ""This is what I think,"" or ""This is what I want to do,"" but next season it will be important to find a balance between accepting what the manager wants and what we ourselves insist on, and to have those discussions.

　Also, as I've been saying all this time, I feel that there is a lot of need for improvement in individual abilities. If you look at the teams that advanced to the World Championships, you'll see that players who are active as mainstays in the Italian and Polish leagues are also performing well on their national teams. The same can be said for Turkey, Bulgaria, Belgium, Portugal, and others.

　On the other hand, in Japan, some players play in the domestic league, while others play in overseas leagues. If we want to improve individual abilities, each player must be able to perform well in the league they play in. In order to win on the world stage, further individual growth is essential.

\--If that works out, do you feel you can make it into the top four next season?

""Yes. This season, we have had some difficulties as a team, especially on the offensive side, so we need to improve a bit more.""

[(Series 16: Yuki Ishikawa, playing in his 11th season in Italy, says he's ""not particular about being in the starting lineup"" and reveals his goals for his 30s as his birthday approaches >>)](https://sportiva.shueisha.co.jp/clm/otherballgame/volleyball/2025/12/10/11_30/)

【profile】

**◆Yuki Ishikawa**

Born December 11, 1995, in Aichi Prefecture, he currently plays for Perugia in the Italian Serie A. While at Seijo High School, he achieved a triple crown (Inter-High School Championships, National Athletic Meet, and Spring High Volleyball Tournament) for two consecutive years. In 2014, during his first year at Chuo University, he was selected for the Japanese national team, making his debut in September of the same year. While still a student, he also played in Serie A on a short-term assignment, and after graduating, he has been active in the league as a professional player since the 2018-2019 season. In 2021, he captained the Japanese national team to the Tokyo Olympics, leading them to the final tournament for the first time in 29 years. He also led the team to the top eight as captain at the 2024 Paris Olympics.

Official X: [u/yuki14\_official >> ](https://x.com/yuki14_official)　[Official Instagram >>](https://www.instagram.com/yuki_ishikawa_official/?hl=ja)

# Author Profile

* [Masaki Karatani](https://sportiva.shueisha.co.jp/search_keyword/?SearchWord=%E6%9F%84%E8%B0%B7%E9%9B%85%E7%B4%80&tag=1)Sports reporter and writer. Born in Osaka Prefecture in 1985. With the University of Tsukuba men's volleyball team, he won many tournaments, including the All-Japan University Championship. After graduating in 2008, he worked for a major newspaper, covering crimes, accidents, and trials. Since changing jobs in 2013, he has been involved in sports reporting. He has covered many events on-site, including the 2018 PyeongChang Olympics, the 2021 Tokyo Olympics, and the 2022 Beijing Olympics. u/masaki_karaya [List of articles by Masaki Karatani](https://sportiva.shueisha.co.jp/search_keyword/?SearchWord=%E6%9F%84%E8%B0%B7%E9%9B%85%E7%B4%80&tag=1)

  
Machine translated from [Sportiva Article](https://sportiva.shueisha.co.jp/clm/otherballgame/volleyball/2025/12/10/post_102/?page=4)",2025-12-29T18:43:31Z
tag,social-media,informal,after,"
👖Item : BLCG Beige Flared Cargo Pants

🏷️Batch : Joker (Best Batch) (Sold Out)

💰Price :  90€ + Ship (Only shipping in EU)

📏 Measurements : Ask In DM (SIZE L)

✅ Conditions : Brand New (Still Has Tag)

📸 Pictures : https://imgur.com/a/zkV9pMC
 
Quality is crazy good, fit is incredible. Has waist adjusters and a lot of pockets.

🅿️ Paypal Invoice Only",2025-12-29T18:43:11Z
tag,social-media,informal,after,"Hi all, after a battle with insurance and phone tag, I needed to find a physical therapist for recurring back pain and disc issues that takes my insurance (Tufts) and one of the only places with close availability to see me was Dr. Goldstein at Healing Touch Acupuncture on Main St. I couldn’t find and google reviews about this business or practice.

When I called, he was friendly and helpful and said he’s been doing this for 20+ years. I just find the lack of information a bit weird and was wondering if anyone had anything to say, good or bad? Please and thanks! ",2025-12-29T18:41:37Z
tag,social-media,informal,after,"Hey im out going to somnath for some spiritual time and healing , but is it worth going as it is a new year ? Also if anyone wanna tag along feel free ",2025-12-29T18:40:38Z
tag,social-media,informal,after,"It's not about the *stuff,* I'm not griping about that. It's about the fact that I spend weeks or months searching for the right gift for everyone, asking loved ones what this person likes, what that person doesn't like, etc etc. I show up to Christmas with a pile of gifts for each person that I put a lot of time and thought into.

I always leave with about a quarter amount of gifts that I brought, because most of the men didn't do shit and just let their wife/girlfriend/mommy do all the legwork and then write his name on the tag. I can always tell because when I say ""thank you,"" the man is clearly seeing this item for the first time while his wife/girlfriend/mommy gushes about why *she* chose the gift. Never ""we.""

And again, it's not about me wanting more *stuff* from people. It's about the fact that I put thought and care into these people, but they didn't think twice about me. That's the part that's hurtful. I'm considering not buying anymore gifts for the men who do this. (Because of the social pressure to keep up appearances.)",2025-12-29T18:40:30Z
tag,social-media,informal,after,"So my last day was suppose to be January 1st (my two week notice) but my manager just called me and said she’s letting me go early. Is this now considered her firing me?

She also called me on her personal phone number to tell me this and not the B&BW phone number.

She told me I need to come in and return any aprons, name tags, and product guides that I have. Is this required? I have never been asked to return items I’ve been given for work before. I really do not want to have to go back in that store",2025-12-29T18:40:27Z
tag,social-media,informal,after,"**50 Cent** = 1280x720 (no AA)

**Afro Samurai** = 1280x720 (4xAA)  
**Alan Wake** = 960x544 (4xAA)  
**Alice: Madness Returns** = 1280x720 (no AA)  
**Aliens: Colonial Marines** = 1152x640 (no AA)  
**Aliens Vs Predator** = 1120x630 (custom AA)  
**Alone in the Dark** = 1040x600 (2xAA)  
**Arcania: Gothic 4** =  
**Army of Two** = 1280x720 (2xAA)  
**Assassin's Creed =** 1280x720 (2xAA)  
**Assassin's Creed 2** = 1280x720 (2xAA)  
**Assassin's Creed 2: Bromance =** 1280x720 (2xAA)  
**Assassin's Creed 2: Revelations** = 1280x720 (post-AA)  
**Assassin's Creed 3** = 1280x720 (post-AA)  
**Assassin's Creed 4** = 1280x720 (post-AA)  
**Assassin's Creed 3: Side Story 1**  
**Assassin's Creed 3: Side Story 2**  
**Assassin's Creed 3: Side Story 3**  
**Assassin's Creed 3: Side Story 4**  
**Assassin's Creed 3: Don't Stop Dancing**  
**Assassin's Creed 3: Higher**  
**Assassin's Creed 3: My Sacrifice**  
**Assassin's Creed 3: One Last Breath**  
**Assassin's Creed 3: With Arms Wide Open**  
**Assassin's Creed 3: The Ending DLC**  
**Assassin's Creed 3: The After Credits Ending DLC**  
**Avatar** = 1280x696 (2xAA, black borders)  
**Azura's Wrath** = 1280x720 (no AA)

**Backbreaker** = 1152x640 (2xAA + blur filter)  
**Banjo Kazooie: Nuts and Bolts** = 1280x720 (2xAA)  
**Batman: Arkham Asylum** = 1280x720 (2xAA)  
**Batman: Arkham City** = 1280x720 (no AA)  
**Batman: Arkham Origins** = 1280x720 (FXAA)  
**Battle Fantasia** = 1280x720 (no AA, toggable blur filter)  
**Battlefield 3** = 1280x704 (FXAA) black bars  
**Battlefield: Bad Company** = 1280x720 (no AA)  
**Battlefield: Bad Company 2** = 1280x720 (no AA)  
**Bayonetta** = 1280x720 (no AA)  
**Beijing 2008** = 1280x720 (2xAA)  
**Beowulf** = 1280x720 (4xAA)  
**Bionic Commando** = 1120x640 (no AA)  
**Bioshock** = 1280x720 (no AA)  
**Bioshock 2** = 1280x720 (edge blur filter)  
**Bioshock Infinite** = 1152x720 (FXAA)  
**Binary Domain** =  
**Blacksite: Area 51** = 1280x720 (2xAA)  
**BlazBlue: Calamity Trigger** = 1280x720 (2xAA background, no AA characters )  
**Blue Dragon** = 1280x720 (2xAA)  
**Blur** = 1280x720 (4xAA)  
**Bodycount** = 1024x720 (FXAA)  
**Borderlands =** 1280x720 (no AA)  
**Borderlands 2 =** 1280x720 (no AA)  
**Brink** = 1120x720 (FXAA, dynamic res)  
**Brutal Legend** = 1200x720 (no AA)  
**Bulletstorm** = 1280x720 (no AA)  
**Burnout: Paradise** = 1280x720 (2xAA)

**Call of Duty 3** = 1040x624 (2xAA)  
**Call of Duty: Black Ops** = 1040x608 (2xAA)  
**Call of Duty: Black Ops 2** = 880x720 (2xAA)  
**Call of Duty: Ghosts** = 1024x600 (2xAA)  
**Call of Duty: Modern Warfare** = 1024x600 (2xAA)  
**Call of Duty: Modern Warfare 2** = 1024x600 (2xAA)  
**Call of Duty: Modern Warfare 3** = 1024x600 (2xAA)  
**Call of Duty: World at War** = 1024x600 (2x AA)  
**Call of Juarez: Bound in Blood** = 1280x672 (4x2 custom edge AA + black borders)  
**Call of Juarez: The Cartel** = 1200x720 (custom edge AA)  
**Castlevania: Lord of Shadow** = 1280x720 (no AA)  
**Castlevania: Lords of Shadow 2** = 1024x720 (post-AA)  
**Catherine** = 1280x720 (2xAA)  
**Cars Mater-National =** 1280x720 (4xAA)  
**Club, The** = 1280x720 (4xAA)  
**Command & Conquer: Red Alert 3** = 1280x720 (no AA, blur filter)  
**Conan** = 1024x576 (no AA)  
**Condemned 2** = 1280x720 (2xAA)  
**Conflict: Denied Ops** = 1280x720p (2xAA)  
**Chronicles of Riddick: Dark Athena** = 1280x720 (4xAA)  
**Crackdown** = 1280x720 (2xAA)  
**Crash Time =** 1280x720 (2xAA)  
**Crysis** = 1152x720 (TAA + edge post-process)  
**Crysis 2** = 1152x720 (TAA + edge post-process)  
**Crysis 3** = 1152x720 (SMAA T2X)

**Dante's Inferno** = 1280x720 (no AA)  
**Darkness, The** = 1280x720 (4xAA)  
**Darkness II, The** = 1152x600 (FXAA)  
**Dark Sector** = 1280x720 (no AA)  
**Darksiders** = 1152x640 (no AA)  
**Darksiders II** = 1152x640 (post-AA)  
**Dark Souls** = 1024x720 (2xAA)  
**Dark Souls 2** = 1280x720 (post-AA)  
**Dead Island** = 1200x720 (custom edge filter)  
**Dead or Alive 4** = 1280x720 (2xAA)  
**Dead or Alive 5** = dynamic up to 1280x720 (no AA in-game)  
**Dead or Alive Xtreme 2** = 1280x720 (2xAA)  
**Dead Rising** = 1280x720 ( up to 4xAA depending on frame rate)  
**Dead Rising 2** = 1280x720 (2xAA)  
**Dead Space** = 1280x720 (no AA)  
**Dead Space 2** = 1280x720 (no AA)  
**Dead Space 3** = 1280x720 (FXAA)  
**Dead to Rights: Retribution** = 1088x612 (2xAA) ?  
**de Blob 2** = 1152x640 (2xAA)  
**Deus Ex: Human Revolution** = 1280x720 (FXAA)  
**Devil May Cry 4** = 1280x720 (2xAA)  
**Devil May Cry (DmC)** = 1280x720 (post-AA -> FXAA?)  
**Diablo III** = 1120x584 (2xAA)  
**Dirt** = 1280x720 (4xAA)  
**Dirt 2** = 1280x720 (4xAA)  
**Dirt 3** = 1280x720 (4xAA)  
**Dishonoured** = 1280x720 (post-AA)  
**Don King Prizefighter** = 1024x630 (2xAA)  
**Dragon Age: Origins** = 1280x720 (2xAA)  
**Dragon Age II** = 1280x720 (2xAA)  
**Dragon Ball: Raging Blast** = 1280x720 (1x1 edge blur)  
**Dragon Ball: Raging Blast 2** = 1280x720 (1x1 blur)  
**Dragon's Dogma** = 1280x608 (black bars, FXAA)  
**Driver: San Fransisco** = \~1120x720 (FXAA?)  
**Duke Nukem Forever** = 1152x640 (no AA)  
**Dynasty Warriors 6** = 1280x720 (no AA)  
**Dynasty Warriors 7** = 1280x720 (no AA)  
**Dynasty Warriors: Strike Force** = 1280x720 (no AA)

**EDF: Insect Armageddon** = 1280x720 (2xAA)  
**El Shaddai** = 1120x576 (2xAA)  
**Elder Scrolls IV: Oblivion** = 1024x600 (2xAA) - Same for GOTY Edition!  
**Elder Scrolls V: Skyrim** = 1280x720 (likely FXAA, less aggressive edge detection than PS3 iteration)  
**End of Eternity/Resonance of Fate** = 1088x720 (2xAA)  
**End War** = 1280x720 (2xAA)  
**Enslaved** = 1280x720 (no AA)

**F.E.A.R.** = 1280x720 (2xAA) + slight blur?  
**F.E.A.R. 2** = 1280x720 (2xAA)  
**F.E.A.R. 3** = 1280x720  
**F1 2010** = 1280x720 (4xAA)  
**F1 2011** = 1280x720 (4xAA)  
**Fable II** = 1120x720 (blur filter, 2xAA)  
**Fable III** =  
**FaceBreaker** = 1280x720 (4xAA)  
**Fallout 3** = 1280x720 (4xAA, certain edges)  
**Fantastic Four: Rise of the Silver Surfer** = 1280x720 (4xAA)  
**Far Cry 2** = 1280x696 (2xAA, black borders)  
**Far Cry 3** = 1280x704 (post-AA, black border on bottom)  
**Fifa 2006** = 1024x576 (2xAA)  
**Fifa 2007** = 1200x675 (no AA)  
**Fifa 2008** = 1280x720 (2xAA)  
**Fifa 2010** = 1280x720 (2xAA)  
**Fifa 2011** = 1280x720 (2xAA)  
**Fifa 2014** = 1280x720 (2xAA)  
**Fifa Street 3** = 1920x1080 (4xAA)  
**Fight Night Champion Online** =  
**Fight Night Round 4** = 1280x720 (4xAA)  
**Final Fantasy XIII** = 1024x576 (2xAA)  
**Fracture** = 1280x720 (no AA)  
**Forza Horizon** = 1280x720 (4xAA + FXAA)  
**Forza Motorsport 2** = 1280x720 (2xAA in-game, 4xAA replay & vehicle select)  
**Forza Motorsport 3** = 1280x720 (2xAA in-game, 4xAA replay & vehicle select)  
**Forza Motorsport 4** = 1280x720 (4xAA in time trial, 2xAA otherwise, 4x in car viewing etc.)

**Gears of War** = 1280x720 (HD), 960x720 (SD) (2xAA on static objects?)  
**Gears of War 2** = 1280x720 (2xAA, certain edges unaffected)  
**Gears of War 3** = 1280x720 (no AA)  
**Gears of War: Judgment** = 1280x720 (FXAA)  
**Ghostbusters** = 1280x720 (2xAA)  
**Ghost Recon: Advanced Warfighter 2** = 1280x720 (2xAA)  
**Ghost Recon: Future Soldier** = 1024x600 (FXAA)  
**G.I. Joe: The Rise of the Cobra** = 1280x720 (2xAA)  
**Godfather II** = 1280x720 (no AA)  
**Golden Axe: Beast Rider** = 1280x720 (no AA, blur filter)  
**Golden Compass** = 1280x720 (2xAA)  
**Grand Theft Auto IV** = 1280x720 (2xAA)  
**Grand Theft Auto V** = 1280x720 (FXAA)  
**Guitar Hero 3** = 1280x720 (no AA)  
**Guitar Hero Aerosmith** = 1280x720 (no AA)  
**Guitar Hero World Tour** = 1280x720 (no AA)  
**Guitar Hero 5** = 1280x720 (no AA)

**Halo: Anniversary =** 1152x720 (FXAA remake, no AA classic)  
**Halo 3** = 1152x640 (no AA)  
**Halo 3: ODST** = 1152x640 (no AA)  
**Halo 4** = 1280x720 (post-AA)  
**Halo: Reach** = 1152x720 (2xAA temporal)  
**Halo Wars** = 1280x720 (2xAA)  
**Hitman: Absolution** = 1280x720 (FXAA)  
**HAWX** = 1280x720 (4xAA)  
**HAWX2** = 1280x720 (4xAA)  
**Homefront** = 1024x576 (no AA)

**IL2 Sturmovik** = 1280x720 (2xAA)  
**Incredible Hulk** = 1280x720 (full screen blur)

**James Bond 007: Blood Stone** = 1280x720 (4xAA)  
**Juiced 2: Hot Import Nights** = 1280x720 (2xAA)

**Kameo: Elements of Power** = 1280x720 (no AA)  
**Kingdoms of Amalur** = 1280x720 (FXAA)  
**Kung Fu Panda** = 1280x720 (no AA)

**Left 4 Dead** = 1280x720 (no AA, edge blur)  
**Left 4 Dead 2** = 1280x720 (no AA, edge blur)  
**Legend of Spyro: Dawn of the Dragon, The** = 1280x720 (4xAA)  
**Legendary** = 1280x720 (no AA)  
**LEGO: Batman** = 1280x720 (2xAA)  
**LEGO: Harry Potter 1-4** = 1280x720 (2xAA)  
**LEGO: Indiana Jones** = 1280x720 (2xAA)  
**LEGO: Star Wars III =** 1280x720 (2xAA)  
**Lord of the Rings: Conquest** = 1280x720 (no AA)  
**Lost Planet** = 1280x720 (up to 4xAA dependent on framerate)  
**Lost Planet 2** = 1280x720 (2xAA)

**Madden NFL '09** = 1280x720 (no AA)  
**Mafia 2** = 1280x720 (2xAA)  
**Marvel: Ultimate Alliance** = 1280x720 (2xAA)  
**Marvel: Ultimate Alliance 2** = 1024x576 (2xAA)  
**Marvel Vs Capcom 3** = 1280x720 (no AA)  
**Mass Effect** = 1280x720 (2xAA, transparencies and effects not AA'd)  
**Mass Effect 2** = 1280x720 (2xAA, transparencies and effects not AA'd)  
**Mass Effect 3** = 1280x720 (FXAA)  
**Mercenaries 2: World in Flames** = 1280x720 (no MSAA, but [depth/Z-based edge blur](https://web.archive.org/web/20141124180125/http://forum.beyond3d.com/showpost.php?p=1215209&postcount=1050)?)  
**Medal of Honor** = 1280x720 (no AA)  
**Medal of Honor: Warfighter** = 1280x704 (FXAA)  
**Metal Gear Solid V: Ground Zeroes** = 992x720 (post-AA)  
**Metro 2033** = 1200x720 (post-AA)  
**Metro: Last Light** = 1200x720 (post-AA)  
**Midnight Club: Los Angeles** = 1280x720 (2xAA?)  
**Mirror's Edge** = 1280x720 (2xAA)  
**Mortal Kombat vs DC** = 1040x624 (2xAA)  
**Mortal Kombat 9** = 1280x720 (edge blur filter)  
**MotoGP 2006 (screenshot)** = 1280x1024 (framebuffer grab from AVS Forum member)  
**MotoGP '09/'10** = 1280x720 (2xAA)  
**MotoGP '10/'11** = 1280x720 (2xAA)  
**MX vs ATV: Alive** = 1280x720 (no AA)  
**MX vs ATV: Reflex** = 1280x720 (no AA)  
**MX vs ATV: Untamed** = 1280x720 (no AA)

**Nail'd** = 1280x672 (4x2 custom edge AA + black borders)  
**Naruto Ninja Storm 2 =** 1280x640 (no AA)  
**NBA Live '08** = 1280x720 (4xAA)  
**NBA Street Home court (demo)** = 1920x1080 (4xAA)  
**NCAA Football 08 (demo)** = 1024x600 (2xAA)  
**Need For Speed: Hot Pursuit** = 1280x720 (2xAA on cars, no AA on environment)  
**Need For Speed: Most Wanted (2012)** = 1280x704 (post-AA)  
**Need For Speed: Pro Street** = 1280x720 (4xAA)  
**Need For Speed: Shift** = 1280x720 (4xAA)  
**Need For Speed: Shift 2** = 1280x720 (4xAA)  
**Need For Speed: The Run** = 1280x704 (FXAA) black bars  
**Need For Speed: Undercover** = 1280x720 (4xAA)  
**NFL Tour** = 1280x720 (4xAA, 60fps)  
**NHL '09** = 1280x720 (4xAA)  
**Ninja Bladen** = 1280x720 (2xAA)  
**Ninja Gaiden 2** = 1120x585 (2xAA)  
**Ninja Gaiden 3** = dynamic up to 1280x720 (dynamic FXAA)

**Operation Flashpoint 2** = 1280x720 (2xAA)  
**Orange Box, The** = 1280x720 (no AA)  
**Overlord** = 1280x720 (2xAA)  
**Overlord II** = 1280x612 (custom edge blur, black borders)

**Perfect Dark Zero** = 1152x640 (no AA)  
**Phantasy Star: Universe** = 1152x648 (no AA)  
**Portal 2** = 1280x720 (edge blur)  
**Prince of Persia** = 1280x720  
**Prince of Persia: The Forgotten Sands** = 1280x720 (2xAA)  
**Pro Evolution Soccer 6 (demo)** = 1024x576 (2xAA)  
**Pro Evolution Soccer 2008** = 1280x720 (4xAA)  
**Pro Evolution Soccer 2010** = 1280x720 (2xAA)  
**Pro Evolution Soccer 2011** = 1280x720 (2xAA)  
**Project Gotham Racing 3** = 1024x600 (2xAA)  
**Project Gotham Racing 4** = 1280x720 (2xAA)  
**Prototype** = 1120x640 (2xAA)

**Quake 4** = 1280x720 (no AA)  
**Quake Wars: Enemy Territory** = 1280x720 (2xAA + blur)

**Race Driver: GRID** = 1280x720 (4xAA)  
**Race Pro** = 1280x720 (4xAA)  
**Rage** = 640x720 up to 1280x720 (no AA)  
**Rainbow Six Vegas 2** = 1280x720 (2xAA)  
**Red Dead Redemption** = 1280x720 (2xAA)  
**Red Faction: Armageddon** = 960x540 (2xAA)  
**Red Faction: Guerrilla** = 1280x720 (2xAA)  
**Resident Evil 5** = 1280x720 (dynamic 0-4xAA)  
**Resident Evil 6** = 1280x720 (Post-AA)  
**Ridge Racer 6 (demo)** = 1440x810 (no AA)  
**Rise of the Argonauts** = 1280x720 (2xAA, however post processing is likely interfering with the AA resolve in certain cases )  
**Risen 2: Dark Waters** = 1120x640 (no AA)  
**Rock Band** = 1280x720 (2xAA, post-fx or lighting usually resulting in ""no AA"")  
**Rock Band 2** = 1280x720 (2xAA, post-fx or lighting usually resulting in ""no AA"")  
**Rock Band: The Beatles** = 1280x720 (2xAA, post-fx or lighting usually resulting in ""no AA"")  
**Rock Band: Green Day** = 1280x720 (2xAA, post-fx or lighting usually resulting in ""no AA"")

**Saboteur** = 1280x720 (no AA)  
**Sacred 2: Fallen Angel** = 1920x1080 for any HD output (including PC res), 1280x960 for 4:3 output, 1376x768 for 480p widescreen (no AA)  
**Saint's Row 2** = 640p (2xAA)  
**Saint's Row 3 =** 1280x720 (2xMSAA material pass), 800x450 (lighting & G-buffer passes)  
**Saint's Row 4 =** 1280x720 (2xMSAA material pass)  
**SCORE International Baja 1000** = 1280x720 (4xAA)  
**SEGA: All Stars Racing** = 1280x720 (2xAA)  
**SEGA: Rally Revo** = 1280x720 (4xAA, alpha to coverage)  
**SEGA: Superstars Tennis** = 1280x720 (2xAA, 30fps)  
**Shadowrun** = 1280x720 (2xAA) - Gamefest '07  
**Shadows of the Damned** = 1280x720 (no AA)  
**Silent Hill: Homecoming** = 1280x720 (2xAA)  
**Simpsons, The** = 1280x720 (no AA)  
**Singularity** = 1280x720 (2xAA)  
**Skate** = 1280x720 (2xAA ? )  
**Skate 3** = possibly 1152x640 or less (2xAA, super blur filter makes it difficult to determine exact res)  
**Sleeping Dogs** = 1200x720 (FXAA)  
**Soldier of Fortune: Payback** = 1280x720 (4xAA ?)  
**Soul Calibur IV** = 1365x960 (no AA, software scaled to 720p)  
**Soul Calibur V** = 1280x720 (FXAA?)  
**Sonic & All-Stars Racing Transformed** = 1152x544 (post-AA)  
**Sonic Unleashed** = 880x720 (2xAA)  
**Spec Ops: The Line** = \~1200x680 (light FXAA?)  
**Spiderman: Web of Shadows** = 1280x720 (4xAA)  
**Splinter Cell: Blacklist** = 1200x720 (post-AA)  
**Splinter Cell: Conviction** = 1024X576 (2xAA)  
**Splinter Cell: Double Agent** = 1280x720 (full screen blur, 1-pixel horizontal & vertical)  
**Split-Second** = 1280x672 (2xAA)  
**SSX** = 1120x585 (FXAA)  
**Star Ocean 4** = 1248x702 (2xAA + edge blur/DOF, in field), \~936x512 (no AA, in battle)  
**Star Wars: The Force Unleashed** = 1280x720 (no AA)  
**Stormrise** = 1280x720 (4xAA)  
**Street Fighter IV** = 1280x720 (2xAA)  
**Super Stars V8: Next Challenge** = 1280x720 (4xAA)  
**Super Street Fighter IV** = 1280x720 (2xAA)  
**Syndicate =** 1280x720 (FXAA, dynamic res)

**Tales of Vesperia** = 1280x720 (2xAA + full screen blur)  
**Tekken 6** = 1024x576 w/motion blur, 1360x768 w/o motion blur (no AA)  
**Tekken Tag Tournament 2** = dynamic 720x720 to 1280x720, mostly 1024x720 with 2 characters in-game (with motion blur), max 900x720 with 3 characters, max 800x720 with 4 characters (no AA in-game, 2xAA for character LED background or no-characters-environment-only/rankings view), more often 1280x720 with 2 characters no motion blur  
**Terminator: Salvation** = 1152x648 (blur filter)  
**Test Drive Unlimited** = 1280x720 (2xAA)  
**Test Drive Unlimited 2** = 1280x720 (custom edge filter)  
**Tiger Woods PGA Tour '09** = 1280x720 (no AA)  
**Tiger Woods PGA Tour '11** = 1280x720 (no AA)  
**Titanfall** = (2xAA)  
**Tomb Raider** = 1280x720 (post-AA)  
**Tomb Raider: Legend** = 1024x600 (2xAA)  
**Tomb Raider: Underworld** = 1024x576 (2xAA) - depth buffer is 1040x576  
**Tony Hawk's Project 8 (screenshot)** = 1040x585 (2xAA)  
**Tony Hawk's Proving Ground** = 1280x720  
**Top Spin 3** = 1280x720 (2xAA)  
**Top Spin 4 =** 1280x720 2D, 640x720 3D (both 2xAA)  
**Transformers: Revenge of the Fallen** = 1120x720 (blur filter)  
**Transformers: War for Cybertron** = 1024x600 (2xAA)  
**Tron** = 1280x720 (no AA)  
**Turning Point: Fall of Liberty** = 1280x720 (no AA)  
**Turok** = 1280x720 (no AA)

**UEFA Euro 2008** = 1280x720 (2xAA)  
**UFC 2009: Undisputed** = 1280x720 (custom edge AA with 2 colour gradations like 4xAA)  
**Unreal Tournament III** = 1280x720 (2xAA ala Gears...)

**Vanquish** = 1024x720 (2xAA)  
**Virtua Fighter 5 (demo)** = 1024x1024 (4xAA)  
**Virtua Tennis 2009** = 1280x720 (4xAA)  
**Virtua Tennis 3** = 1920x1080 (2xAA)  
**Virtua Tennis 4** = 1280x720 (4xAA)

**WALL E** = 1280x720 (2xAA)  
**Wanted** = 1120x640 (no AA)  
**Warhammer 40,000: Space Marine** = 1200x720 (post-AA)  
**Wheelman** = 1280x720 (2xAA)  
**Witcher 2, The** = 1280x672 (FXAA)  
**Wolfenstein** = 1280x720 (no AA)  
**WWE All-Stars** = 1280x720 (no AA)

**XCOM: Enemy Unknown** = 1280x720 (FXAA)  
**X-Men Origins: Wolverine** = 1280x720 (2xAA)

**Zone of the Enders HD** = 1280x720 (no AA)

**XBLA**

**1942: Joint Strike** = 1280x720 (4xAA)  
**After Burner Climax** = 1280x720 (4xAA)  
**Alan Wake: American Nightmare** = 1120x576 (4xAA + FXAA)  
**Alien Breed** = 1280x720 (2xAA)  
**Battlefield 1943** = 1280x720 (no AA)  
**Bionic Commando: Rearmed** = 1280x720 (no AA)  
**Boogie Bunnies** = 1920x1080 (4xAA)  
**Call of Duty: Classic** = 1280x720 (4xAA)  
**Commando 3** = 1280x720 (4xAA)  
**Dead Rising 2: Case Zero** = 1280x720 (2xAA)  
**Hard Corps: Uprising** = 1280x720 (no AA)  
**Hydrophobia** = 960x672 (2xAA)  
**Ikaruga =** 540x720 (4xAA, centered on 1280x720 frame)  
**Invincible Tiger** = 1280x720 (4xAA, classic mode), 640x720 or 1280x360 (S3D mode), see [here](https://web.archive.org/web/20141124180125/http://forum.beyond3d.com/showpost.php?p=1330051&postcount=499) for more.  
**Lara Croft and The Guardian of Light** = 1024x576 (2xAA)  
**Nexuiz** = 1152x720 (no AA)  
**Puddle** = 1280x720 (post-AA)  
**Quake Arena Arcade** = 1280x720 (4xAA)  
**Red Faction: Battlegrounds** = 1280x720 (2xAA)  
**Resident Evil 4 HD** = 1280x720 (half-pixel offset blur?)  
**Rez HD** = 1280x720 (4xAA)  
**Rock Band Blitz** = 1280x720 (no AA)  
**Serious Sam HD** = 1120x630 (blur filter)  
**Sine Mora** = [1280x544 (4xAA, black bars), 3D: 640x544 (2xAA, black bars, full res HUD)](https://web.archive.org/web/20141124180125/http://forum.beyond3d.com/showthread.php?t=61827)  
**Splosion Man** = 1280x720 (2xAA)  
**Stacking** = 1200x720 (custom edge filter)  
**Strider** = 1280x720 (post-AA)  
**TMNT: TiT Re-shelled** = 1280x720 (no AA)  
**Trials Evolution** = 1152x648 (FXAA)  
**Trials HD** = 1280x680 (no AA, black borders)  
**Trine 2** = dynamic 1280x720 (FXAA)  
**Virtua Fighter 5: Final Showdown** = 1280x720 (FXAA)  
**Wolf of the Battlefield: Commando 3** = 1280x720 (4xAA)",2025-12-29T18:40:26Z
tag,social-media,informal,after,"I'm considering trying out COD (I've played similar titles like Battlefield and Halo) and I was wondering what game (that still is online/active) should I start with? I know the latest release (BO7) was a huge disappointment to fans, so I want an actually good game to start with. Any suggestions? (Btw, I had to repost this because I forgot the \[COD\] tag)",2025-12-29T18:39:00Z
tag,social-media,informal,after,"1. Project G/R ""Courtier"" Distressed Zip-Up
Review: This is a solid piece if you're into that grunge/Opium aesthetic. The distressing details look intentional and not just shredded randomly. The embroidery on the unicorn and text looks clean. It’s got a nice boxy structure to it. It’s a loud piece, so harder to style than a basic grey hoodie, but definitely a standout. Score: 8/10

2. BAPE Small Ape Head Zip-Up (Grey)
Review: A very safe, mature choice for BAPE. Sometimes the shark hoodies are too much, so this is a nice low-key flex. The grey heather looks soft, and the ape head embroidery size is proportional. It’s a great layering piece, though a bit boring if you are looking for a statement item. Good staple. Score: 7.5/10

3. Fear of God Essentials ""University"" Hoodie
Review: Let's be real, Essentials is everywhere right now, so you aren't winning points for originality here. That said, the ""University"" crest graphic is slightly better than just the plain text logo. The silhouette looks typically boxy and comfy. If the blank is heavy/thick, it’s a GL (Green Light), but visually, it's just okay. Score: 6/10

4. BAPE Socks (White/Black)
Review: Not much to say here—they are socks. The embroidery on the camo ape heads looks decent enough, not too wonky. Good filler items for the haul to match sneakers. They work. Score: 9/10 (Hard to mess up socks)

5. Nike Puffer Jacket (Black)
Review: Absolute winter staple. The loft on the puffiness looks decent in the photo, not too deflated. The branding is minimal which is what you want for a daily beater jacket. It looks warm and the fit seems standard. You can't really go wrong with this. Score: 8.5/10

6. Supreme x Ducati Track Jacket
Review: This is the heat of the haul. The racing aesthetic is trending hard right now. The patch placement (Shell, Brembo, etc.) looks symmetrical and high quality. It’s a loud piece, so you need simple pants to rock it, but it looks fire. Great color blocking with the grey and black. Score: 9.5/10

7. Stussy 1/4 Zip Mock Neck (White)
Review: Super clean. The embroidery on the center logo is crisp. I like the ribbing on the collar; it gives it a more structured look than a floppy collar. The only downside is keeping it white, but visually it’s a very versatile piece for a ""clean fit"" vibe. Score: 8/10

8. Enfants Riches Déprimés (ERD) T-Shirt
Review: ERD is a specific taste—punk/luxury vibe. The color is a nice deep maroon. The fit looks like it has that slight crop/boxiness which is accurate to the brand. The graphic is cool, but from the photo, it's hard to tell how high-quality the print is. If the cotton is thin/vintage feeling, it's a win. Score: 7/10

9. Carhartt Denim Jeans (Light Wash)
Review: A classic workwear staple. The back pocket logo placement is correct. The wash is a bit basic—maybe a bit ""flat""—but that might just be the lighting. These are reliable pants that fit with basically everything else in this list. Solid daily drivers. Score: 8/10

10. Prada Milano Embroidered T-Shirt (White)
Review: This is the definition of ""quiet luxury"" (or at least as quiet as a logo tee gets). The 3D embroidery on the chest looks nice and puffy, which is usually a tell for quality on these. The neck ribbing looks tight, not loose. It’s a super versatile piece that you can wear with the track jacket or just jeans. Simple, effective flex. Score: 8.5/10

11. Nike Fleece Zip-Up (White/Cream)
Review: Just a cozy, functional layer. It gives off very ""tech fleece"" but softer vibes. The white fleece will be a nightmare to keep clean, but it looks fresh right now. The ""Move to Zero"" tag suggests it's replicating the sustainable line. Nothing crazy, just a solid daily warmer. Score: 7.5/10

12. Polo Ralph Lauren Full-Zip Knit (Grey)
Review: Very sophisticated. This is a great switch-up from the hoodies and streetwear in the rest of the haul. It gives off that ""Old Money"" aesthetic that is trending. The knitting pattern (ribbing) looks consistent and the zipper hardware seems decent. Great for when you need to dress up a little bit but stay comfy. Score: 9/10

13. BAPE x Inter Miami Hoodie (Grey Camo)
Review: This is a specific taste. You have to really like the Bape aesthetic or be a Messi/Miami fan to rock this. The grey camo is definitely more wearable than the pink version of this collab. The graphic is massive, so it’s a loud piece. Quality-wise, the print looks solid, but it’s a bit busy for my personal taste. Score: 7/10

14. Hellstar Dennis Rodman T-Shirt
Review: Hellstar is arguably the hottest streetwear brand right now, and this Rodman graphic is iconic. The vintage/sun-faded wash on the black blank looks accurate to the retail vibe. The screen print looks thick. If the fit is boxy and oversized, it’s a 100% win. Great piece for the summer rotation. Score: 9/10

15. Fear of God Essentials Sweatpants (Black)
Review: To match the hoodie from the first batch? The ""Essentials Uniform."" The elongated drawstrings are a signature look. These are basically the most comfortable sweatpants you can buy. The text logo placement on the thigh looks correct. Boring? Maybe. Necessary? Absolutely. Score: 8/10

16. Travis Scott x Air Jordan 1 Low ""Fragment""
Review: The heavy hitter of the haul. The tooling code on the midsole looks crisp and positioned correctly. The Reverse Swoosh is a nice cream/sail color—sometimes reps get this too yellow, but this looks good in the lighting. The blue heel tab leather looks smooth. These are head-turners everywhere you go. Score: 10/10

17. Chrome Hearts Roller Belt
Review: This is a risky accessory because bad leather quality shows instantly on belts. However, visually, the hardware (buckle and the rollers) looks shiny and heavy. The spacing of the cross studs looks even. It’s a very loud ""rockstar"" accessory that pairs perfectly with the Hellstar tee or the distressed zip-up. Score: 8.5/10",2025-12-29T18:38:57Z
tag,social-media,informal,after,"Saw is out!

Price Tag has died.

Price Tag, cause of death: Burning in lava.

Team Ice Cube! is UFE!

Voting ends in one day!",2025-12-29T18:38:43Z
tag,social-media,informal,after,"Hey everyone!  
I’ve been thinking about a management game concept and wanted some outside opinions.

Imagine a game where the player runs a streaming platform. You don’t control characters or scenes, instead, gameplay comes from indirect decisions, like:

* choosing which markets to expand into
* deciding what kinds of content exist
* influencing how an algorithm prioritizes shows
* reacting to trends, saturation, and audience backlash

Each show or movie would be defined by abstract tags (genre, tone, budget, region). Those tags would dynamically affect performance, reception, and long-term catalog value. Even previews could be assembled from modular elements, so similar decisions don’t always lead to the same outcome.

The core challenge wouldn’t be execution, but strategy under uncertainty.

Curious to hear thoughts:

* Does this feel like an interesting management loop?
* Would the lack of direct control be engaging or frustrating?
* What part of this idea feels strongest or weakest?",2025-12-29T18:38:33Z
tag,social-media,informal,after,"Curious if anyone knows, sometimes I see cards that are tagged as lower yield, but the fact has a symbol in the relevant Sketchy video and is also in first aid? Not sure if I should trust the tag and suspend the card or not. An example is nid:1482359678830",2025-12-29T18:38:18Z
tag,social-media,informal,after,"(Idk what the duck posting tag means so I used that)


So, in one of the Click videos there is be Facebook post about the Flying Spaghetti Monster. It goes something like 

“I’ll send you money if you prove god doesn’t exist”

“Which one?”

“The one you’re implying in your post”

“Do you believe in The Flying Spaghetti Monster?”

“No”

“Nice, what’s your Cash App?”

So basically, apparently there is a gospel-",2025-12-29T18:38:11Z
tag,social-media,informal,after,"Hello!  
  
I’ve always wanted a ""Clueless""-style digital closet, so I finally built one to help manage my wardrobe.

The main goal was to make cataloging easy—you just snap a photo of your clothes, and the app removes the background and tags the style/color automatically. Once your closet is digitized, it acts as an AI Stylist.

You can ask it for specific looks (like ""casual Friday"" or ""dinner date""), and it scans your actual inventory + the local weather to build an outfit for you. It helps me rediscover clothes I usually forget I own.

It’s free to try out. I’m looking for feedback on how the AI suggestions feel—let me know if they make sense or if they're totally wild!

[https://apps.apple.com/us/app/fitcheck-ootd/id6756390076](https://apps.apple.com/us/app/fitcheck-ootd/id6756390076)",2025-12-29T18:37:53Z
tag,social-media,informal,after,"Hii, I'm longer interested in the dark academia aesthetic, I just really love the poetic and romantic atmoshpere, and the thoughts of it being more driven towards art and academia excites me. I also ( New year revolution hehe ) want to change my style more towards light/ dark academia, as for now, it is kinda bland. Now, this past few weeks were really exhausting mentally and idk, I'm generally not in too much fandoms, like for much media ( literature, series, movies...), can you recommend me some with some escapism elements, also maybe in the soundtrack, can be with romance too, since I kinda want to ease my love problems lol. Lately, I'm kinda obsessed with Phantom of the opera soundtrack, idk, i just love the obsession, moody themes, so it can also be a musical.

If this is not the right place to ask this, sorryy 

  
Edit: changed the tag, coincidentally put the Discussion one",2025-12-29T18:37:43Z
tag,social-media,informal,after,"In my line of work, right now is our busy season. Pretty much from 9-5 straight I am glued to my computer getting tasks done. One of my coworkers has been a little difficult to work with this year end. A couple weeks ago, she asked me to send her instructions on how to do something that we have documented in a publicly accessible file. I saw the message but I was in the middle of working - so I didn’t respond immediately. Flash forward 6 minutes and she has started a group chat with me, her, my team lead, and my boss asking the same question. I said nothing and my boss just sent her screenshots on where to find the info.

Then yesterday in the evening she sent my team lead and I a question. We do not work on Sundays, this is a 9-5 office job. I saw it, and planned on looking into her question today after I finished my morning tasks. By time I had finished my morning tasks she emailed us again, asking the same exact question. 

I talked to my team lead about this and told her I felt the coworker was being disrespectful. She tags pretty much everything she touches as urgent, expects immediate replies, and is always blowing up our inbox. My team lead agreed with me and said she would send a message to the coworker just asking her to not send us the same request multiple times. The coworker responded instantly and said she was sorry and that she would not do it again and that she hoped that her actions did not make us feel bad. I kind of just moved on and let it go. We have a lot of people we need to support during this time, her work is just as important as theirs, and now hopefully she will calm down.

Then she emails me a Starbucks gift card with a note saying how hard I’m working and that I should be rewarded for that. Is this weird? If it was out of the blue I would just be grateful, and I still am, but now I feel like she’s overcompensating because she feels bad. I feel weird even using the gift card. I wish she wouldn’t have done that. Now I feel guilty for even talking to my team lead about it and like I definitely shouldn’t bringing up her impatience with my director. However, the two examples I’m sharing in this post are just the more recent ones, she can be very pushy pretty much all the time.

Any advice? ",2025-12-29T18:36:38Z
tag,social-media,informal,after,"Hello!

I’ve been updating my web app to next JS 16 and it seems to have broken the way we use azure maps. Due to our middleware and backend setup, our use of next js is strictly client side, leading to a combo of pages-based routing and app-based routing. Azure maps was one of the packages that started erroring after upgrading, and to fix it we started loading the package via a script tag in the header of each page instead of importing from the package in the package.json file. 

Anyway, this worked great for the most part and my maps are back in working order, except for one part. There’s one map where I import drawing tools and let users draw polygons. When the polygon is clicked on to be erased, I get the following error:

“Uncaught Error: The layer \[object Object\] has not been added to the ma and its rendered features cannot be retrieved.”

I understand this means I should find a way to pass the name of the object or something to the drawing tools for proper erasure, or cast the object back to the expected data type or something. However, this code was not touched in the update, so it was working previously, and the package magic I had to do seems to have made the type different, maybe? I’m trying out things like print statement debugging, checking the types of the objects, manipulating the packages a little more, and seeing what I can do manually.

I know this sounds like a mess, and that’s because it is! But if you’ve run into something similar, I’d love to hear how you fixed it and what your problem was. ",2025-12-29T18:36:35Z
tag,social-media,informal,after,"Fala, pessoal. Estou enfrentando um problema de Driver Timeout (tela preta) que está tornando o PC complicado de usar. A GPU simplesmente para de enviar sinal para os dois monitores, tanto em jogos quanto em tarefas básicas, como usar o Google Chrome.

**O cenário é o seguinte:**

O PC funcionava perfeitamente até alguns meses atrás.

O problema começou após as últimas atualizações do Windows 11 e do AMD Adrenalin.

O problema persiste: Já tentei fazer o downgrade tanto dos drivers da AMD quanto das versões do Windows, mas o erro continua acontecendo.

Aparece a pop-up do Adrenalin logo após a imagem voltar (quando volta), mas muitas vezes preciso reiniciar o PC no botão.

**Informações do sistema:**

\- Ryzen 7 5700X

\- XFX Mercury 9070XT Magnect Air

\- Asrock x370 Gaming k4 Fatality

\- 32 GB ddr4 3200mhz HyperX

\- Fonte XFX XTR2 850W GOLD

\- Windows 25h2 (Desinstalei a 25h2 e continua igual)

\- Monitores: Monitor Gamer Xiaomi Mi 2K 27"" (2560x1440 - 165hz) + Monitor LG 25um58 (2560 x 1080 - 60hz)

  
OBS: Temps OK



**Etapas de solução de problemas que tentei:**

\- Instalação limpa do Windows (duas vezes) DDU + AMD Cleanup Utility no modo seguro e - Instalei drivers 25.10.2/25.11.2/25.12.2/25.9.2/25.9.1

    Loading Kernel Symbols
    ...............................................................
    ................................................................
    ................................................................
    .......................................................
    Loading User Symbols
    
    Mini Kernel Dump does not contain unloaded driver list
    *******************************************************************************
    *                                                                             *
    *                        Bugcheck Analysis                                    *
    *                                                                             *
    *******************************************************************************
    
    VIDEO_TDR_TIMEOUT_DETECTED (117)
    The display driver failed to respond in timely fashion.
    (This code can never be used for a real BugCheck; it is used to identify live dumps.)
    Arguments:
    Arg1: ffffc70c7224f010, Optional pointer to internal TDR recovery context (TDR_RECOVERY_CONTEXT).
    Arg2: fffff80362717750, The pointer into responsible device driver module (e.g. owner tag).
    Arg3: 0000000000000000, The secondary driver specific bucketing key.
    Arg4: ffffc70c7ab79080, Optional internal context dependent data.
    
    Debugging Details:
    ------------------
    
    Mini Kernel Dump does not contain unloaded driver list
    Unable to load image amdkmdag.sys, Win32 error 0n2
    *** WARNING: Unable to verify timestamp for amdkmdag.sys
    
    KEY_VALUES_STRING: 1
    
        Key  : Analysis.CPU.mSec
        Value: 1593
    
        Key  : Analysis.Elapsed.mSec
        Value: 5981
    
        Key  : Analysis.IO.Other.Mb
        Value: 0
    
        Key  : Analysis.IO.Read.Mb
        Value: 1
    
        Key  : Analysis.IO.Write.Mb
        Value: 34
    
        Key  : Analysis.Init.CPU.mSec
        Value: 1406
    
        Key  : Analysis.Init.Elapsed.mSec
        Value: 168968
    
        Key  : Analysis.Memory.CommitPeak.Mb
        Value: 105
    
        Key  : Analysis.Version.DbgEng
        Value: 10.0.29482.1003
    
        Key  : Analysis.Version.Description
        Value: 10.2509.29.03 amd64fre
    
        Key  : Analysis.Version.Ext
        Value: 1.2509.29.3
    
        Key  : Bugcheck.Code.LegacyAPI
        Value: 0x117
    
        Key  : Bugcheck.Code.TargetModel
        Value: 0x117
    
        Key  : Dump.Attributes.AsUlong
        Value: 0x18
    
        Key  : Dump.Attributes.KernelGeneratedTriageDump
        Value: 1
    
        Key  : Failure.Bucket
        Value: LKD_0x117_IMAGE_amdkmdag.sys
    
        Key  : Failure.Exception.IP.Address
        Value: 0xfffff80362717750
    
        Key  : Failure.Exception.IP.Module
        Value: amdkmdag
    
        Key  : Failure.Exception.IP.Offset
        Value: 0x1e7750
    
        Key  : Failure.Hash
        Value: {eb317d22-0fcb-4b7a-404e-a69301cad237}
    
        Key  : Faulting.IP.Type
        Value: Paged



    BUGCHECK_CODE:  117 BUGCHECK_P1: ffffc70c7224f010 BUGCHECK_P2: fffff80362717750 BUGCHECK_P3: 0 BUGCHECK_P4: ffffc70c7ab79080 FILE_IN_CAB:  WATCHDOG-20251228-1526.dmp DUMP_FILE_ATTRIBUTES: 0x18   Kernel Generated Triage Dump   Live Generated Dump FAULTING_THREAD:  ffffc70c6375e180TAG_NOT_DEFINED_202b:  *** Unknown TAG in analysis list 202b VIDEO_TDR_CONTEXT: dt dxgkrnl!_TDR_RECOVERY_CONTEXT ffffc70c7224f010 Symbol dxgkrnl!_TDR_RECOVERY_CONTEXT not found. PROCESS_OBJECT: ffffc70c7ab79080PROCESS_NAME:  System IP_IN_PAGED_CODE:  amdkmdag+1e7750 fffff803`62717750 ??              ??? STACK_TEXT:   fffffb0d`a4867030 fffff803`be4fff69     : ffffc70c`7224f010 00000000`00000000 00000000`00000000 00000000`00000000 : nt!DbgkpWerCaptureLiveTriageDump+0x8e fffffb0d`a4867560 fffff803`be8a238a     : 00000000`00000000 00000000`00000000 fffff803`be8dbf80 00000000`c0000099 : nt!DbgkpWerProcessPolicyResult+0x21 fffffb0d`a4867590 fffff803`be8a2189     : 00000000`00000003 fffffb0d`a4867770 ffffc70c`7224f010 00000000`00000038 : nt!DbgkWerCaptureLiveKernelDump2+0x1ea fffffb0d`a48675f0 fffff803`5008c9d9     : ffff940b`77e023c0 ffff940b`77e023c0 00000000`0002fa00 ffffc70c`636c0000 : nt!DbgkWerCaptureLiveKernelDump+0x69 fffffb0d`a4867670 fffff803`4fede525     : ffffc70c`7224f010 ffffc70c`7224f010 ffffc70c`7224f010 00000000`0002625a : dxgkrnl!TdrCollectDbgInfoStage1+0xd69 fffffb0d`a4867830 fffff803`610d5880     : fffffb0d`a4867919 01dc7827`709ae0f1 00000000`00000000 00000000`00000000 : dxgkrnl!TdrIsRecoveryRequired+0x155 fffffb0d`a4867860 fffff803`6113dcc9     : 00000000`00000007 ffffc70c`636c2000 ffffc70c`636c2000 fffffb0d`a4867ab9 : dxgmms2!VidSchiReportHwHang+0x658 fffffb0d`a4867980 fffff803`610a87ef     : ffffc70c`00000000 00000000`00000000 fffffb0d`ffffffff 0000013d`dfc83073 : dxgmms2!VidSchiCheckHwProgress+0x3e9 fffffb0d`a4867a10 fffff803`6113e5b2     : ffffc70c`636c2000 ffffc70c`5a98e7b0 ffffc70c`31e54010 ffffc70c`550ddbe0 : dxgmms2!VidSchiScheduleCommandToRun+0x5f fffffb0d`a4867b20 fffff803`611353d1     : ffffc70c`636c2500 ffffc70c`636c2000 fffff803`611352f0 ffffc70c`636c2000 : dxgmms2!VidSchiRun_PriorityTable+0x42 fffffb0d`a4867b70 fffff803`be28b77a     : ffffc70c`6375e180 fffff803`00000001 00320034`00360039 ffff8080`52b51180 : dxgmms2!VidSchiWorkerThread+0xe1 fffffb0d`a4867bb0 fffff803`be4a31b4     : ffff8080`52b51180 ffffc70c`6375e180 fffff803`be28b720 00500020`00720061 : nt!PspSystemThreadStartup+0x5a fffffb0d`a4867c00 00000000`00000000     : fffffb0d`a4868000 fffffb0d`a4861000 00000000`00000000 00000000`00000000 : nt!KiStartSystemThread+0x34 SYMBOL_NAME:  amdkmdag+1e7750 MODULE_NAME: amdkmdagIMAGE_NAME:  amdkmdag.sys STACK_COMMAND: .process /r /p 0xffffc70c256ae040; .thread 0xffffc70c6375e180 ; kbFAILURE_BUCKET_ID:  LKD_0x117_IMAGE_amdkmdag.sys OSPLATFORM_TYPE:  x64 OSNAME:  Windows 10 FAILURE_ID_HASH:  {eb317d22-0fcb-4b7a-404e-a69301cad237} Followup:     MachineOwner ---------",2025-12-29T18:36:10Z
tag,social-media,informal,after,"Points to Note Before Reading

This review is based on my personal experience, following a 3-day itinerary planned during a heavily crowded holiday season, which also coincided with the Winter Festival organised in Nainital.

⸻

My Experience in Nainital

Nainital truly offered the welcome I had anticipated. The weather and landscapes are beautiful, and the cleanliness and hospitality of the people are genuinely commendable.

As a South Indian, you spend a significant amount of money to visit a destination like this, and naturally, you expect a well-planned and relaxing experience.

I was already aware that the local government is actively promoting winter tourism, encouraging visitors and aiming to boost income opportunities for locals. Unfortunately, this is also where my disappointment began.

Being a hilly region, traffic congestion is inevitable at certain hotspots. However, the situation worsens when major events are organised exactly during peak tourist inflow. When the CM or ministers attend these events, entire areas are blocked, frequently used roads are rerouted, and tourists are left stranded.

In a hilly terrain, rerouting isn’t simple—it costs time, energy, and enthusiasm. People come here to relax and enjoy nature, but instead find themselves stuck in traffic loops, losing precious vacation time.

⸻

Naina (Naini) Devi Temple – A Deeply Calming Experience

One experience that truly stood out for me was the visit to Naina Devi Temple. Despite the crowd and chaos outside, the moment I stepped inside the temple premises, I could feel a strong spiritual presence.

The darshan of Maa Naini Devi brought an unexpected sense of calm and mental peace. It felt grounding—almost as if all the travel fatigue, frustration, and noise faded away for a while. The serenity and power of the place genuinely helped clear my mind and steady my emotions.

For me, this visit became the most meaningful part of the trip. No matter how busy or crowded Nainital gets, the temple retains its spiritual energy and offers a moment of stillness that is hard to describe but deeply felt.

I would strongly recommend not rushing this visit. Spend a few quiet minutes after darshan—it truly makes a difference.

————-

Entry Fees, Parking & Movement Within the City

Every time you enter the city, you are charged ₹300. A one-time entry fee would be understandable, but charging every single time feels excessive.

Once inside:

	•	Parking costs ₹500

	•	Driving on Mall Road costs ₹300 each time

Most tourists arrive by private vehicles due to limited public transport. While I understand the need to generate local income through transport services, it raises an important question:

At what cost does this come?

Goa is a classic example where over-regulation and taxi monopolies significantly hurt tourism. Nainital should be careful not to move in the same direction.

⸻

Tourist Spots & Activities

Nainital has limited tourist spots and activities, though they are visually appealing. However, don’t rely heavily on Google Maps—many places tagged as tourist attractions are not engaging or worth the effort.

⸻

Food & Accommodation

	•	Food places are excellent, and you should definitely try local delicacies

	•	Hotels and stays are generally good, but beware of shady properties

	•	Some claim to be 3-star hotels but lack basic amenities

	•	No TV subscriptions

	•	Extra charges for bottled water

	•	Amenities mentioned in the package are sometimes “not included”

⸻

Scams & Misleading Offers

I hate to say this, but I encountered blatant scams.

Right in front of the Ropeway cable car, a person approached me claiming he could:

	•	Reduce the cable car ticket to ₹400

	•	Arrange a midway stop during the ride

	•	Offer special “settings” with the operators

The actual ticket price was ₹380, and upon checking directly with the cable car operator, he confirmed that no such arrangements exist. It was clearly a scam, and these people didn’t even seem local.

⸻

The People

Despite everything, the locals are genuinely kind, respectful, and value cleanliness. Their warmth is one of the best parts of Nainital.

⸻

Overall Verdict

I truly enjoyed the beauty of Nainital, but when the state tourism slogan says “Carry along sweet memories”, that sadly didn’t happen for me.

You come to such places to relax and spend quality time with loved ones, but instead you are greeted with:

	•	Multiple tolls and entry fees

	•	Parking charges

	•	Scammers

	•	Traffic chaos due to poor planning

Developing a tourist destination makes little sense if tourists don’t have space, time, or peace to enjoy it.

This is purely my personal view. I may have faced these issues because I visited during peak season, but I felt it was important to share my experience for fellow travellers.",2025-12-29T18:36:07Z
tag,social-media,informal,after,"I ordered the 30th anniversary plates off of AliExpress for $22.26. I placed an order on 12/18 and I received it on 12/27 (9 days). I live in Chicago area. Few things to keep in mind between the fake 30th anniversary plates and the official 30th anniversary plates. The fake plates does not comes with a PS logo & the 30th anniversary on the actual plates at all while the official has it engraved. The side where you installed the disc drive. The official one has an embossed Triangle, 3O, X, Square. The fake plate does not.

The fake plates however does comes with a total of 4 stickers. PS logo (2) & 30th Anniversary (2). Does not come with a stickers for the Triangle, 3O, X, Square. The stickers was easy to put on. I just pulled up the official pictures of the 30th Anniversary and eye ball it. I was able to do that on my first try, but incase you messed up. You do have a 2nd stickers just incase. The stickers has a clear film over it so you will have to place the stickers on the plate and then peel the clear film off kind of like how you put a fake tattoo on as a kid. The build quality of the plate is just as good as the one that came with the PS5 Pro. All the tabs was sturdy and it feels high quality as well. The color of the plates in person is gray. The picture may look more white, but it is gray. Overall, I am happy with this purchased and the look of the plate.

I got the disc version and here is the link [Grey Pro Disc Edition Cover Plates with Logo Skin and 30th Anniversary Sticker for New PS5 Pro Console Shell Panels Faceplate - AliExpress 44](https://www.aliexpress.us/item/3256808043053443.html?spm=a2g0o.order_list.order_list_main.5.470f1802g7dODM&gatewayAdapt=glo2usa)

Non disc version [Grey Pro Digital Edition Cover Plates with Logo Skin and 30th Anniversary Sticker for New PS5 Pro Console Shell Panel Faceplate - AliExpress 44](https://www.aliexpress.us/item/3256808151455627.html?gps-id=pcStoreJustForYou&scm=1007.23125.137358.0&scm_id=1007.23125.137358.0&scm-url=1007.23125.137358.0&pvid=6e5cd8e0-f3c7-4021-b69e-5a6c12c154f5&_t=gps-id%3ApcStoreJustForYou%2Cscm-url%3A1007.23125.137358.0%2Cpvid%3A6e5cd8e0-f3c7-4021-b69e-5a6c12c154f5%2Ctpp_buckets%3A668%232846%238110%231995&pdp_ext_f=%7B%22order%22%3A%2218%22%2C%22eval%22%3A%221%22%2C%22sceneId%22%3A%2213125%22%2C%22fromPage%22%3A%22recommend%22%7D&pdp_npi=6%40dis%21USD%2133.90%2132.20%21%21%21236.24%21224.39%21%402101d6ff17670330688921657e4fb7%2112000044648669024%21rec%21US%21704456860%21X%211%210%21n_tag%3A-29919%3Bd%3A89a1c311%3Bm03_new_user%3A-29895%3BpisId%3A5000000198038577&spm=a2g0o.store_pc_home.smartJustForYou_2008832117494.1005008337770379&gatewayAdapt=glo2usa)

Both are from the same seller.

",2025-12-29T18:35:46Z
tag,social-media,informal,after,"------- JOB DESCRIPTION DETAILS ----\
Job Description\
\
\
Our mission is to create the Experience of a Lifetime for our employees, so they can, in turn, create the Experience of a Lifetime for our guests. We own and operate the most renowned destination resorts in the world as well as regional and local ski areas outside major cities, and connect them all through one unrivaled network. We are looking for ambitious leaders, innovators and creators to join our talented team. If you’re ready to pursue your fullest potential, we want to get to know you!\
\
Candidates for year-round positions are reviewed on a rolling basis. Applications will be accepted up to 90 days after the posting date, or until the position is filled (whichever is first).\
Job Summary:\
We’re looking for a hands-on programmatic media expert to join our Paid Media team as a Manager, Paid Media - Programmatic & Social Activation. This role will be directly responsible for building and managing campaigns across leading DSP platforms, such as Amazon DSP, The Trade Desk, or similar while ensuring flawless execution and performance optimization. Responsibilities include in-platform campaign setup, building orders and line items, trafficking creatives, applying audience targeting, and ensuring alignment with business goals. The role requires a strong understanding of creative specifications, ad serving tags, and performance marketing metrics.\
\
Beyond programmatic activation, part of the role will be responsible for negotiating and managing direct endemic partnerships and premium media deals, securing strategic placements that drive results. This role spans a wide range of paid media channels, including display, native, digital out-of-home, video, and CTV/streaming, as well as custom online media activations.\
\
There will also be expectations for producing paid social campaigns across Meta, TikTok, and Reddit, etc, ensuring cohesive activation across platforms. The ideal candidate is a detail-oriented digital expert who thrives in a fast-paced environment and can activate paid media tactics that align with the customer journey throughout the marketing funnel.\
Job Specifications:\
\
 	Starting Wage: $70,944 - $101,494 + annual bonus\
 	Employment Type: Year Round\
 	Shift Type: Full Time hours available\
 	Minimum Age: At least 18 years of age\
 	Housing Availability: No\
\
Job Responsibilities:\
Media Buying & Platform Expertise\
\
 	Manage paid media campaigns across DSP platforms including specifically in Amazon DSP, The Trade Desk, ensuring optimal performance and delivery.\
 	Translate strategic media plans into platform-specific executions, collaborating with cross-functional teams to align with business objectives.\
 	Apply media buying fundamentals such as 1P & 3P audience activation, inventory deal management, frequency capping, and pacing optimization.\
 	Activate paid social campaigns on Meta, TikTok, Snapchat, and Reddit, leveraging platform-specific tools.\
 	Negotiate and manage direct publisher and endemic media deals, including PG and PMP activations, and custom media placements & ad packages.\
\
Campaign Activation & Optimization\
\
 	Perform hands-on campaign setup, including order and line item creation, audience targeting, and creative trafficking.\
 	Analyze performance, generate insights, and deliver actionable recommendations to internal teams & stakeholders.\
 	Continuously monitor key performance indicators (KPIs) to ensure campaign efficiency and effectiveness.\
 	Recommend audience targeting, bidding strategies, and creative testing to drive conversion performance, incorporating guest lifetime value (GLV) models.\
 	Leverage performance insights to make recommendations around audience refinement, creative messaging, and media mix decisions.\
 	Conduct audience activation from CDPs, DMP’s, and other data systems. (e.g. LiveRamp,  Amperity)\
 	Knowledge on Meta Advantage+, predictive budget & bidding tools.\
\
Paid Media Innovation & Technology\
\
 	Identify and integrate new media trends, platform updates, and measurement solutions (e.g., incrementality, brand lift studies, attribution models).\
 	Collaborate with platform partners to explore alpha/beta opportunities and refine best practices.\
 	Serve as a thought leader within the team & organization, sharing strategic insights to inform planning and elevate overall media sophistication.\
\
Job Requirements:\
\
 	5+ years of hands-on media buying experience in programmatic and paid social platforms.\
 	Proven expertise in programmatic DSP platforms, campaign setup, optimization, and reporting.\
 	Deep understanding of audience segmentation, attribution models, and campaign measurement.\
 	Strong negotiation skills for direct publisher and endemic media deals.\
 	Proven ability to leverage analytics, audience insights, and performance metrics to inform decision-making, strategy, and media optimization.\
 	Demonstrated success adopting a test & learn approach to continually test new tactics and ideas.\
 	Have a growth-oriented mindset with a solutions-driven approach.\
 	Proficiency use of Microsoft Outlook/ Teams, JIRA, Excel, Tableau.\
\
The expected Total Compensation for this role is $70,944 - $101,494 + annual bonus. Individual compensation decisions are based on a variety of factors.\
Job Benefits\
\
 	Ski/Mountain Perks! Free passes for employees, employee discounted lift tickets for friends and family AND free ski lessons\
 	MORE employee discounts on lodging, food, gear, and mountain shuttles\
 	401(k) Retirement Plan\
 	Employee Assistance Program\
 	Excellent training and professional development\
\
Full Time roles are eligible for the above, plus:\
\
 	Health Insurance; Medical Insurance, Dental Insurance, and Vision Insurance plans (for eligible seasonal employees after working 500 hours)\
 	Free ski passes for dependents\
 	Critical Illness and Accident plans\
\
Vail Resorts offers a ‘Hybrid’ work environment where employees living within 50 miles of the Broomfield office work on-site Tuesday, Wednesday, Thursday and have flexibility to work off-site on Mondays and Fridays.  Employees living outside of a commutable distance can work remotely from British Columbia, Washington D.C., and the 16 U.S. states* in which we currently operate. This includes: California, Colorado, Indiana, Michigan, Minnesota, Missouri, New Hampshire, New York, Nevada, Ohio, Pennsylvania, Utah, Vermont, Washington State, Wisconsin, and Wyoming.\
\
Please note that the ability to work in person or off-site, and the particulars related to such work, are subject to change at any time; and, accordingly, the Company reserves the right to change its policies and/or require in-person/in-office work or off-site work at any time in its sole discretion.\
\
In completing this application, and when submitting related documentation, applicants may redact information that identifies their age, date of birth, and/or dates of attendance at or graduation from an educational institution.\
\
We follow all federal, state, and local laws including restrictions on child/minor labor. Minors hired into this position will not be asked or permitted to engage in any activities restricted to adult workers.\
\
Vail Resorts is an equal opportunity employer. Qualified applicants will receive consideration for employment without regard to race, color, religion, sex, national origin, sexual orientation, gender identity, disability, protected veteran status or any other status protected by applicable law.\
\
 \
\
------- APPLY FOR THIS ROLE: ------ \
https://www.ppcjobs.com/job/manager-paid-media-programmatic-social-activation-vail-resorts/",2025-12-29T18:35:41Z
tag,social-media,informal,after,"I know that scratch is a kids website, but I just found a surprisingly interesting ARG a talented creator on the platform, going by the name of kauliflowr. they are mainly an animator, but recently released a game as part of the ARG.

So far the ARG has been limited to just scratch, with the clues hidden in the project descriptions. With the way scratch is set up, it's possible to make animations using the program, which is what Kauliflowr has been doing, but it also lets them hide clues in the costumes, the code itself, and audio. If you want to look for said clues, click 'see inside' on any of the projects.

Kauliflowr is the name of both the profile/creator and the  main character of the story. 

Kauliflowr clicker is the most recent project in the series, and it seems to me that the story is approaching a climax. ( [https://scratch.mit.edu/projects/1246616268/](https://scratch.mit.edu/projects/1246616268/) )

From what I can tell, the storyline thus far can be boiled down into this;

\- beret guy seems to be trapped in ""the void,"" and creates several plant machine hybrids to go out into the world, one of them being kauliflowr ( [https://scratch.mit.edu/projects/925281423](https://scratch.mit.edu/projects/925281423) ). Begins Kauliflowr industries, which releases several advertisements for products. We're introduced to a new character named broccoli at the end of this animation, who takes over as kauliflowr's manager.

\- alternate timelines??? something to do with the animation games 10 (TAG X)???? introduced to beret man's boss, the oracle (I think that's his name?) who warns beret man that kauliflowr is going to die, while also threatening him ( [https://scratch.mit.edu/projects/1096586983](https://scratch.mit.edu/projects/1096586983) , [https://scratch.mit.edu/projects/1115845751](https://scratch.mit.edu/projects/1115845751) )

\- kauliflowr goes on a dinner with broccoli, thinks it's a date, and... something happens. It's not clear what. I think a mental breakdown? more clues within the code, audio, and project itself. ( [https://scratch.mit.edu/projects/1194586138](https://scratch.mit.edu/projects/1194586138) )

\- beret man apparently gets fired? and dies as a result?? but leaves a message for broccoli to ""secure a seed from the oracle's garden"" and affix it to a machine of sorts. Only thing is, an ""agent"" blows up the machine - thats what it's called in the project files, anyways ( [https://scratch.mit.edu/projects/1242414607](https://scratch.mit.edu/projects/1242414607) )

\- kauliflowr clicker has a ton of stuff packed in and I'm not entirely sure what it means. we get to see what really happened at the end of the date, but get introduced to several new characters that were hinted at in the past. we also see that there are several... iterations? of kauliflowr? there are 3 main endings, and several cutscenes leading up to it, with varying dialogue, but those ""endings"" all lead to the same cutscene, being what happens after the date. ( [https://scratch.mit.edu/projects/1246616268/](https://scratch.mit.edu/projects/1246616268/) )

I'd encourage you to check this out. It's the kind of ARG that could totally be a GT episode, but it's also the kind of ARG you can piece together by yourself, which is fun. I'd encourage anyone here to check it out for yourself.

Also, Kauliflowr is a surprisingly good animator, for using a ""software"" like scratch. It's not even meant for animation, but there are some really cool animators on the platform, even if they're hard to find.",2025-12-29T18:35:40Z
tag,social-media,informal,after,"Okay, so to be in context NC for me means not even check their (🥲) profiles. I blocked her profile everywhere, but his new boyfriend's profiles aren't blocked. So I did it. I didn't see much because she is blocked so the tagged contents aren't show up, so I went straight to incognito and started to type his name but I could stop myself there and turn back.
I feel guilty for checking even this much and ah god I didn't want to. 4 months passed, I wouldn't get together with her again but fuck this shit is an addiction. I blocked her and now I'm here again, I kinda stalked. I fucking hate this shit, I want justice, I want revenge.",2025-12-29T18:35:39Z
tag,social-media,informal,after,"I’m trying to write a fanfic and I’m at a point where I need to know Shizu’s motivations for tagging along with Kaval and co. Is the reason ever shared? I mean she supposedly came straight out of retirement for this. I want her personal reasons, not the relevance of her coming to Jura in relation to the story. Also, does her Sword have a name? ",2025-12-29T18:35:33Z
tag,social-media,informal,after,"TL;DR

Our new apartment uses NFC keycards. We lost 2 (out of 3) in our first 2 days. Need someone with a cloner or Flipper Zero to make duplicates. The landlord is charging us an arm and a leg. 



\----

Hi guys, so we moved into a new apartment and already lost 2 out of 3 keys. It was already in my plans to clone the keycard with the NFC tags you usually get at high-end gyms or door access for some offices. The flipper itself costs way too much to get this use out of it, and Im no expert in cloning keycards. If someone can help, it would be highly appreciated.  Also... I can prove I live here.",2025-12-29T18:35:06Z
