word,event,period,sentence,timestamp
follower,social-media,after,"“My followings on Instagram (1.2 million), Twitch (108,000) and YouTube (799,000) were included as part of my profile, and I listed my follower counts on each platform,” she said.",2026-01-11T16:34:50Z
follower,social-media,after,"Patricia Krenwinkel, a former Charles Manson follower who has been imprisoned for 56 years over her role in the Tate-LaBianca murders in Los Angeles, could go free after being recommended for parole last week.",2025-06-04T11:00:04Z
follower,social-media,after,"That includes Sirhan Sirhan, who remains imprisoned for the assassination of Robert F Kennedy, despite his son, Robert F Kennedy Jr, calling for his release; Leslie van Houten, another former Manson follower whose release was vetoed by Newsom, but who was freed by an appeals court in 2023; and Krenwinkel herself, who was granted parole in 2022, but blocked by Newsom.",2025-06-04T11:00:04Z
follower,social-media,after,"On an obscure and secretive TikTok account the Base operates for recruitment, counting just 30 followers, a private and mortarmen in the 1st Infantry Division is listed as a follower.",2025-04-14T11:00:42Z
follower,social-media,after,"My partner, let’s call her Cat Follower, is a cat follower (online and down the street).",2025-08-11T02:27:09Z
follower,social-media,after,The mistake Cat Follower made was to allow me to be the one to pick up our little “fully grown” kitten from the lost cat hotel.,2025-08-11T02:27:09Z
follower,social-media,after,"Media reports have alleged that Naveed Akram, one of the alleged Bondi beach gunman, was a follower of a Dawah preaching movement Haddad led.",2026-01-14T02:42:27Z
follower,social-media,after,"“His involvement is limited to occasional invitations as a guest speaker, including delivering lectures and, at times, Friday sermons.” On 17 December, the account posted a statement from Haddad, in which he denied Akram was a part of the Dawah preaching movement, or a follower of his, claiming “no verified photograph exists” showing the two together.",2026-01-14T02:42:27Z
follower,social-media,after,"As a past follower of Marie Le Conte (AKA the Young Vulgarian) on X, I read her column on leaving the platform with interest, complete empathy and self-reflection (To anybody still using X: sexual abuse content is the final straw, it’s time to leave, 12 January).",2026-01-18T17:37:26Z
follower,social-media,after,"The suit alleges Meta’s “failure to safeguard user privacy, including through its continued sharing of Follower and Following data … even after Meta knew that this engagement-focused product feature was resulting in sextortion-related deaths of teen users across the world”.",2025-12-17T19:52:46Z
follower,social-media,after,"Meta announced last October that accounts it detects as showing signals of suspicious behaviour would not be able to see people’s follower or following lists, removing their ability to exploit this feature, and would be blocked from being able to request to follow teens.",2025-12-17T19:52:46Z
follower,social-media,after,"The fictional nation was created by Nithyananda – a self-anointed “godman” and the “supreme pontiff of Hinduism” – in 2019, after he fled India while facing charges of abducting children for his ashram and one of raping a follower.",2025-04-08T04:00:36Z
follower,social-media,after,"(Some statistics about follower numbers are given over the closing credits.) Lee fiercely believed that all sex was wrong, and a wicked distraction from the spiritual.",2025-09-01T14:00:09Z
follower,social-media,after,No follower in this film is so disloyal as to ask how then is humanity to be saved from dying out?,2025-09-01T14:00:09Z
follower,social-media,after,"What we learned A huge ‘protest artwork by Anish Kapoor was installed on North Sea gas rig by Greenpeace The Trump administration is to ensure exhibits are ‘patriotic’ at 19 museums A Chris Ofili painting featuring elephant dung could be sold for £1.5m at auction A Sudanese exile turned to photography as an outlet for trauma In Ghana, coffins can be very stylish A London sewer project has generated dramatic new public spaces with giant artworks Early Beatles photos by Paul McCartney are to go on show in London Sensuous art nouveau is “ripe for revival” in the age of AI The exhibition Saved Treasures of Gaza is a hit in Paris Masterpiece of the week Pan Pursuing Syrinx by Hendrick van Balen the Elder and a follower of Jan Brueghel the Elder, possibly after 1615 The book that has had the biggest influence on European and American art, from Botticelli to Rauschenberg, is not an artistic manual or work of theory, but the Roman poet Ovid’s Metamorphoses.",2025-08-15T11:00:33Z
follower,social-media,after,It’s a collaboration between a figure painter and nature specialist: Jan Brueghel the Elder painted flowers and landscapes and his follower gives this scene finely observed natural details including a dragonfly and frogs.,2025-08-15T11:00:33Z
follower,social-media,after,"As Mandelson’s protege, follower and third-way mimic, he tugged the party rightwards to chase votes for ever lost to Nigel Farage, when all the polls said go left, fetch back Green and Liberal Democrat supporters: the times had changed since his mentor’s hero days of 1997.",2026-02-08T17:42:36Z
follower,social-media,after,"Media reports have claimed Naveed Akram, the alleged Bondi beach gunman, was a follower of a Dawah preaching movement Haddad led.",2026-01-12T03:09:43Z
follower,social-media,after,The recently reinstated Andrew Tate’s follower count exceeds the prime minister’s by 9 million.,2026-01-30T08:00:15Z
follower,social-media,after,"Crowther was a follower of the Wicca pagan religion, developed by Gerald Gardner, who in the 1950s took over a witchcraft museum on the Isle of Man and is credited with rescuing the practice from obscurity.",2025-09-26T10:11:41Z
follower,social-media,after,"Yamagami’s mother, a church follower, had bankrupted the family with donations to the organisation, which was formed in South Korea in 1954 by Sun Myung Moon, a self-proclaimed messiah who preached new interpretations of the Bible and conservative values.",2026-01-21T05:21:18Z
follower,social-media,after,"Howe responded in a third video to a social media follower who commented that the video of the foetus should be censored, that it was disturbing and sad, and that some people might want a trigger warning.",2026-02-05T11:10:29Z
follower,social-media,after,"The Arabic term sama’a loosely translates as meditative listening to music and poetry, taken from Thomas’s perspective as a follower of Sufism, and this new set’s four tracks manifest that spirit.",2025-11-14T09:30:23Z
follower,social-media,after,"There are no compromises, and we will be taking further action if they don’t comply.” Sign up: AU Breaking News email Media reports have alleged Naveed Akram, the alleged Bondi beach gunman, was a follower of a Dawah preaching movement Haddad led.",2025-12-23T05:49:40Z
follower,social-media,after,"She’s clumsy, messy, late and risk-taking, which, you guessed it, is in contrast to Alex’s nervy, by-the-book rule-follower.",2026-01-09T00:00:23Z
follower,social-media,after,I’m a keen follower of research that suggests how short bursts of exercise can improve your health – the finding announced last week that 10 minutes’ exercise could help protect against the progression of bowel cancer was excellent.,2026-01-05T13:43:16Z
follower,social-media,after,"But what gives the work its power is its sympathetic portrait of Sabina Spielrein, who went from being Jung’s patient, and presumed lover, to a devoted follower of Freud.",2026-01-13T05:00:27Z
follower,social-media,after,"Shortly after the stream went dead, I received an email from a Tate follower titled: “MATT SHAE WE NEED YOUR HELP.” He, along with other Tate fans, claimed they were victims of Tate rug-pulling them.",2025-05-30T11:00:13Z
follower,social-media,after,"Online, though, Fred’s alter ego Existor is a gamer and streamer with an off-the-charts follower count – the polar opposite of his unpopular creator.",2025-12-04T11:00:12Z
follower,social-media,after,"“It’s a bit more complicated with this,” he said of the more recent incident, “because they’re a full, if you like, national army unit.” Read the full story What we learned A third of US museums have lost government funding since Trump took office More than 150 Tate staff members will strike over pay this month An image of a burn survivor has won the Taylor Wessing photo portrait prize Harlem’s rehoused Studio Museum is a new destination for Black art in New York Artist Luke Jerram is planting a living installation of 365 trees Japanese-American photojournalist Jun Fujita shot early 20th-century Chicago – and Al Capone A BBC film raises the possibility that JMW Turner may have been neurodivergent Artists and writers shared their advice on how to live life artfully Guerrilla mosaics are brightening cities from Southampton to Sarajevo Masterpiece of the week A Young Man Holding a Ring by Follower of Jan van Eyck, c1450 It never rains but it pours.",2025-11-14T12:00:40Z
follower,social-media,after,"He worked as a bus driver for the Caracas subway system on his return and quickly became a union leader, like his father before him, and an enthusiastic follower of Chávez.",2026-01-03T16:12:55Z
follower,social-media,after,"Despite Kast’s clear praise and references to Trump, the US president has not expressed support for his Chilean follower, unlike in other Latin American elections this year – including Argentina and Honduras, where analysts and local politicians criticised Trump for outright interference.",2025-12-14T10:00:03Z
follower,social-media,after,Would you say you’re a rule follower or a riffer?,2025-06-10T15:00:01Z
follower,social-media,after,"But if you’re a long-time follower who’s ready to take to the sky, the best place to start is somewhere familiar, then whack on a twist, because even the recipes you thought were canonical often started with a riff.",2025-06-10T15:00:01Z
follower,social-media,after,"I doubt I’m saying anything that will shock or concern you here, but it should be articulated: this meeting was an epic photo op for a couple of bros perhaps looking to grow their follower count.",2025-11-22T21:22:43Z
follower,social-media,after,But this is not just about follower counts.,2026-01-31T08:00:52Z
follower,social-media,after,"In the entire history of the movement, only one follower – the QAnon shaman – has ever had true style.",2026-01-27T13:43:07Z
follower,social-media,after,"She was famed for endorsing the idea of violence or the death penalty against her opponents, once telling a follower who asked if they could hang the former president, Barack Obama, that the “stage is being set”.",2025-11-22T03:02:03Z
follower,social-media,after,"A proud follower of Trump and a sworn enemy of Cuba’s communist regime, he caused a sensation when he began to use his powers to target local companies doing business with Cuba: those sending food parcels, organising travel, recharging phones or arranging elderly care on the island.",2026-02-06T10:00:04Z
follower,social-media,after,"“A trusted presenter plays our song and says our name on national radio for the first time,” states the letter, organised by Stephen McAll of the band Constant Follower.",2025-12-17T06:00:27Z
follower,social-media,after,"Richard Sullivan, professor of cancer and global health at King’s College London, and Lewis Husain, a research fellow at the Institute of Development Studies, wrote earlier this year that China, once seen as a follower, is now emerging as a global leader in cutting-edge biopharmaceutical treatments, reshaping the competitive landscape.",2025-09-15T17:45:39Z
follower,social-media,after,"We’re made to feel good or bad by likes, reposts, comments or follower-counts, but our phone issues these precious rewards unpredictably, just as a slot machine does – and just as Fogg described.",2026-01-31T06:00:56Z
follower,social-media,after,"Meanwhile, liberals were still focusing on old media platforms such as newspapers and broadcast debates, as well as follower-focused platforms such as Bluesky.",2026-02-01T08:00:21Z
follower,social-media,after,"Jack, 27, has been a follower of the red-pill lifestyle since the pandemic.",2025-11-17T23:00:17Z
follower,social-media,after,"I love what it stands for, I’ve always been a strong follower of history and if you go back to ’48 I met Jack Hobbs there.” Zak Crawley and Jacob Bethell have followed Ben Duckett back into the pavilion during our conversation.",2026-01-06T13:00:14Z
follower,social-media,after,Prosecutors say Mohammad A became a follower of Islamic State ideology at the latest in April 2024 and sent a text to one of the plot conspirators in Austria containing a loyalty oath to the group.,2025-07-14T15:15:57Z
follower,social-media,after,"More than 1,000 heath fritillary butterflies, nicknamed the woodman’s follower, have been seen at sites on the National Trust’s Holnicote Estate on Exmoor and nearby land, a significant rise from about 600 at the same time last year.",2025-06-25T04:00:34Z
follower,social-media,after,"Be that as it may, there’s much to like here, a real grassroots success story that can cheer up even the grumpiest follower of the game.",2025-09-05T11:50:24Z
follower,social-media,after,"Musk replied to Altman’s tweet: “You got 3M views on your bullshit post, you liar, far more than I’ve received on many of mine, despite me having 50 times your follower count!” Altman replied to Musk multiple times, first calling his lack of views a “skill issue”, then “or bots”, and then offered a legal question of his own: “Will you sign an affidavit that you have never directed changes to the X algorithm in a way that has hurt your competitors or helped your own companies?",2025-08-12T18:12:00Z
follower,social-media,after,"So, whether you are a rusted on follower of all things athletics or new to the scene, lured by a certain Ipswich teenager, here is everything you need to know about following world championships from Australia, which start on Saturday.",2025-09-11T04:40:48Z
follower,social-media,after,"Like, who’s talking about that in the pub?” Another author says part of the problem is too many books being commissioned because of follower counts rather than ideas.",2025-12-17T15:41:18Z
follower,social-media,after,The fifth season of Slow Horses starts with a timely sequence: a gun attack perpetrated by a follower of a far-right politician (we even briefly glimpse a few St George’s crosses).,2025-09-24T04:00:16Z
follower,social-media,after,"Postings seeking an applicant who is “grounded and collaborative”, “thinks methodically” and “communicates in a straightforward and accurate manner” went in the “rule-follower” category.",2025-04-02T16:00:08Z
follower,social-media,after,"The team then gave study subjects fake job ads with either “rule-bender” or “rule-follower” language, and asked the subjects to evaluate how well-suited they’d be to the fictional roles – both of which were written to be appealing.",2025-04-02T16:00:08Z
follower,social-media,after,"Why did I only have 43 followers on TikTok, and why couldn’t I crack it big on Instagram despite promising follower 200 would receive a signed autograph?",2026-01-10T19:00:07Z
follower,social-media,after,"(Within the echoey void designed by Ben and Max Ringham, you can almost hear a faint “dude …”) It’s Bill &amp; Ted gone philosophical, Winter the crotchety, cerebral stick in the mud and Reeves the stilted follower; watching them together, allowed to indulge in the play’s opportunities for slapstick, bandying about the tube with occasional chest bumps, you might find yourself believing in something.",2025-09-29T02:00:27Z
follower,social-media,after,"“The life, example, and even death of Christ-follower and American patriot Charlie Kirk give me hope, sheer courage, no matter the arena,” he said.",2025-09-11T15:25:15Z
follower,social-media,after,"“Showed this to my bf,” a follower commented.",2025-09-05T13:00:49Z
follower,social-media,after,"“I wasn’t a Charlie Kirk follower, but I am a White American citizen,” wrote one southern California active club member, acknowledging their movement wasn’t in alignment with Kirk but sees his death as a major inflection point.",2025-09-19T11:00:42Z
follower,social-media,after,"He is believed to be a “sovereign citizen”, a follower of a pseudo-legal ideology that rejects government authority and the rule of law.",2025-08-31T04:53:39Z
follower,social-media,after,"I’m doing it because I’m a craven rule-follower; plenty of people manage to ignore this noise and live outward-looking, exciting, second acts.",2025-08-03T13:00:41Z
follower,social-media,after,"At school, she is clever and polite; a rule-follower.",2025-09-04T15:00:57Z
follower,social-media,after,"Suddenly a rule-follower, Trump now plans to bring the new blueprints to the National Capital Planning Commission, chaired by Will Scharf, his former lawyer.",2025-12-09T11:00:55Z
follower,social-media,after,"When asked by a follower why he was talking to Nazis, Mamalis replies that “extremists don’t disappear when you ignore them”.",2026-02-01T14:00:33Z
follower,social-media,after,"“Boss please can I come to learn [the] work please,” one follower commented on a popular BM Boy’s TikTok, which drew more than 2,000 likes.",2025-05-11T11:00:23Z
follower,social-media,after,"However, once a teen accepts a follow request, that person gains access to the follower list.",2025-05-11T11:00:23Z
follower,social-media,after,"Making follower lists inaccessible even to approved followers would further protect teens from being targeted by sextortionists, as would hiding their profiles in search, said Raffile.",2025-05-11T11:00:23Z
follower,social-media,after,"In 2016, a Henan province follower was jailed for five years for printing 100,000 copies of an “unauthorised” Guan Yin Citta journal.",2025-08-14T15:00:07Z
follower,social-media,after,Mrs Badenoch is a follower of events.,2025-06-05T17:41:00Z
follower,social-media,after,"Meanwhile, white nationalist Nick Fuentes sought to shut down speculation that Robinson may have been a “Groyper”, a nickname for a follower of Fuentes, after reports on the engravings on the bullets of the alleged killer’s gun led to theorizing on his ideology.",2025-09-14T00:29:56Z
follower,social-media,after,"His own page will attract its 200,000th follower this week, more now than Nina Kennedy, Australia’s athletics queen and the defending world championship and Olympic gold-medal winner who will miss Tokyo due to injury.",2025-09-13T20:00:14Z
follower,social-media,after,"At the time of the sale, the work was attributed to a “follower of Julius Caesar Ibbetson”, an 18th-century artist.",2025-06-06T08:00:29Z
follower,social-media,after,"The latest changing tack on North Sea oil and gas, with promises to “maximise extraction”, is yet more Reform-lite messing that comes over to voters as the party being a follower not a leader.",2025-09-02T07:00:31Z
follower,social-media,after,"Follower Carl Jung argued that clothes act as a psychological “mask”, a compromise that we make between our inner self and the external display we put on to the world.",2025-11-11T13:25:31Z
follower,social-media,after,"Since Trump’s election, Europe as a whole has joined the ranks – no longer the loyal Washington follower but, in Moscow’s telling, the real source of western aggression and instability.",2025-11-16T06:00:23Z
follower,social-media,after,"And yes, it made a Cult follower out of me.",2025-10-15T08:39:20Z
follower,social-media,after,Mel is a natural-born follower.,2025-10-06T17:10:58Z
follower,social-media,after,"Featuring striking animation, this gripping film dramatises the hijack and its aftermath, including police raids that forced Daxiong – a blacklisted Falun Gong follower – to flee the country.",2025-03-11T06:20:32Z
follower,social-media,after,"In 2023, a follower messaged me, saying she loved what I was doing and wanted to commission me – but she had an unusual request.",2025-05-23T04:00:19Z
follower,social-media,after,"Other evidence provided to the Guardian shows that whoever is running the account for the Base’s Ukraine cell on Telegram, has paid for a bot army to up its follower numbers into the tens of thousands.",2025-04-24T17:43:25Z
follower,social-media,after,He was known for dressing as a follower of IS – including a tool belt that looked like a “suicide belt”.,2025-12-23T13:57:28Z
follower,social-media,after,"The justice secretary said the government was determined to protect the convention, but that trust would disintegrate if human rights laws “appear to protect the rule-breaker over the rule-follower”.",2025-06-18T16:41:03Z
follower,social-media,after,"Patricia Krenwinkel, another former Manson follower convicted of murder, was granted parole for the first time last year, but Newsom blocked her release.",2023-07-11T23:55:40Z
follower,social-media,after,"What links all of this is the fact that you – the fan, the follower, the observer – did not ask for any of this.",2025-09-18T07:00:37Z
follower,social-media,after,"It’s hugely significant, as the Sun noted this week, that Cruz dropped the comment “wrong brother, mate” when a follower teased him on Insta for changing jobs every five minutes.",2025-08-15T11:58:34Z
follower,social-media,after,"As a dedicated follower of fashion, I, too, have decided to rewear items from my own wardrobe today.",2024-12-15T18:19:54Z
follower,social-media,after,"When a follower asked for the price of the Xerendip, he was directed to the same phone number.",2025-09-11T20:00:15Z
follower,social-media,after,"In 2022, the Biden administration condemned Ben-Gvir’s visit to the memorial of violently racist and anti-Palestinian rabbi Meir Kahane, whom the national security minister was a follower of in his youth.",2025-04-23T20:42:09Z
follower,social-media,after,"In 2022, the Biden administration condemned Ben-Gvir’s visit to the memorial of violently racist and anti-Palestinian rabbi Meir Kahane, whom the national security minister was a follower of in his youth.",2025-04-23T20:42:09Z
follower,social-media,after,"“Ciao Mauro, now you can return to the island that protected you for decades,” wrote one follower.",2025-01-07T12:31:50Z
follower,social-media,after,"The sketch says Howard was a “strong family man”, significantly influenced by his wife, Janette, that he was a “fanatical follower” of cricket, and a “great admirer” of Sir Winston Churchill and Mahatma Gandhi.",2025-07-22T04:50:20Z
follower,social-media,after,Bhabha emerges as not a follower of Giacometti at all.,2025-05-07T10:08:08Z
follower,social-media,after,"Charles Manson follower Leslie Van Houten could be freed in about two weeks after California’s governor, Gavin Newsom, announced he will not ask the state supreme court to reverse her parole.",2023-07-08T18:23:58Z
follower,social-media,after,"Cline, the editor of religious right publication American Reformer, is also the director of scholarly initiatives at the Hale Institute of New Saint Andrews College, the college associated with theocratic rightwing pastor Douglas Wilson and his CREC denomination, which counts the defense secretary, Pete Hegseth, as a follower.",2025-09-06T11:00:49Z
follower,social-media,after,"He also has accounts on Instagram and X, with respective follower counts of 1 million and 485,000.",2025-01-17T15:46:23Z
follower,social-media,after,"Directing follower attention can be incredibly lucrative, since crypto investments are largely a “coordination game” driven by demand, rather than underlying fundamentals, Mullins added, making crypto “extraordinarily vulnerable to celebrity influence”.",2025-12-14T13:00:03Z
follower,social-media,after,"We are on Satan’s side.” He said the backlash against Muslims in Britain, a fraying of the social fabric and rise of extremism were what the terrorists would have hoped for: “When terrorists hide behind a religion to commit an atrocity, people blame every follower of the religion and the religion itself.",2025-07-06T11:00:36Z
follower,social-media,after,"By the mid-60s he had become a follower of Ernesto “Che” Guevara, believing only revolutionary change could solve his country’s social and economic problems, and joined the Tupamaros.",2025-05-14T12:05:30Z
follower,social-media,after,"Even his family called him a follower, who didn’t fit with school, and preferred to play truant.",2024-12-17T00:38:43Z
follower,social-media,after,"Godard homed in on her brand identity as a muse for the modishly rebellious Britrock invasion of America and the world – but Godard favoured her as a follower of the bad-boy Stones, not the goody-two-shoes Beatles.",2025-01-30T21:51:58Z
follower,social-media,after,"Some accounts have claimed to have earned thousands of dollars from the practice and last month the owner of X, Elon Musk, promised the “annihilation” of accounts deemed to be engaging in “platform manipulation by buying large follower accounts and then using them to push paid narratives”.",2025-01-17T20:00:06Z
follower,social-media,after,"We learn that Jenkinson was obsessed with torture videos and are left with the impression that Ratcliffe was more of a follower than a leader (although it was his clothes that were covered in Brianna’s blood and his house in which the murder weapon was found), but no proper parsing of their roles is undertaken.",2025-03-27T22:20:04Z
follower,social-media,after,"Read the full story US soldier revealed as neo-Nazi TikTok follower An active-duty serviceman in the US army is openly following a proscribed neo-Nazi terrorist group on social media, one that has vowed to recruit soldiers in preparation for a so-called race war.",2025-04-15T00:55:33Z
follower,social-media,after,"Donaldson’s stunts on his MrBeast YouTube channel, such as “I bought everything in a grocery store”, and giveaways such as gifting a follower an island to celebrate reaching 100 million subscribers, have helped make him an internet superstar.",2025-01-22T08:52:54Z
follower,social-media,after,"To increase her daughter’s appeal and her YouTube channel views and follower numbers, Smith gradually added other children – friends?",2025-04-09T04:00:31Z
follower,social-media,after,Here’s the thing: I’m a very enthusiastic rule-follower – assuming the rules are sensible and non-tyrannical.,2025-03-18T13:39:45Z
follower,social-media,after,"“The internet is making us feel like there is always something we could be improving, and there’s a sense that we feel no choice but to try and keep up sometimes,” says former guru follower Just a Girl in Paris in a video critique.",2025-06-07T06:00:58Z
follower,social-media,after,"She says she immediately began filming and sharing the Israeli bombardment on social media, and as she did, her follower count grew: from 4,000 before the war to more than 4 million today.",2025-08-29T15:00:35Z
follower,social-media,after,"You see it happen all around you as Rogier van der Weyden watches a grey-faced corpse being exhumed, a follower of Robert Campin spies on the Virgin as she breastfeeds Christ and Hans Holbein gazes into the eyes of a squirrel.",2025-05-07T17:25:51Z
follower,social-media,after,"“I was never someone who was necessarily a rule follower,” she says.",2025-12-18T12:00:13Z
follower,social-media,after,Actors have spoken out against being asked about their follower count in the smallest non-speaking roles.,2025-08-14T07:00:28Z
follower,social-media,after,"He used to, but when I went to university I removed him as a follower.",2025-05-08T07:00:23Z
follower,social-media,after,"Fabulate says the key to Labor’s success has been consistency of posting, which has also helped Albanese increase his follower count by more than 25%.",2025-05-02T02:26:07Z
follower,social-media,after,"And I am a dedicated follower of the “I spy” imperative to label, record, share.",2024-10-23T04:30:00Z
follower,social-media,after,"“You have to be able to sell a show, you have to be able to get people intrigued, get people interested in what you’re doing.” Nicolson’s follower count on Instagram is hurtling towards half a million, some 20 times that of her American challenger.",2025-03-21T14:00:26Z
follower,social-media,after,"Or, more accurately, a cult follower: he sounds delighted as he sings: “I’m looking through a hole in the sky / I’m seeing nowhere through the eyes of a lie.” The contrast between Osbourne’s shriek and Iommi’s roil was a key component of the Sabbath sound – when Iommi was not soloing, his voice was often the only treble in the mix.",2025-07-23T06:00:46Z
follower,social-media,after,Our follower counts had exploded.,2025-03-14T14:00:22Z
follower,social-media,after,"When a follower would realize my political views swung left, they’d pepper my pictures with comments about how they’d thought they liked me until they found out I was a radical lefty.",2025-03-14T14:00:22Z
follower,social-media,after,"One woman said she handed over all the money she had received for her wedding; another follower said he donated about £33,000.",2025-07-01T16:47:31Z
follower,social-media,after,Low follower counts and posts that repeatedly tag others en masse are often tell-tale signs of a bot.,2025-08-08T18:28:15Z
follower,social-media,after,"It includes fairly obvious choices, like Thiebaud’s good friend and fellow California artist Richard Diebenkorn, as well as old masters such as Rembrandt and Velázquez, modernists who at first blush may not seem like the best fits (among them Rothko, Joan Mitchell, and both Willem and Elaine de Kooning), and even an anonymous follower of the 19th-century landscape painter Thomas Hill.",2025-04-16T17:20:36Z
follower,social-media,after,Instagram will also hide follower and following lists from potential sextortion scammers who are known to threaten to send intimate images to those accounts.,2024-10-18T05:00:16Z
follower,social-media,after,"“The perpetrator of the 2009 Fort Hood Shooting, where a US army psychiatrist killed 13 people and wounded 32 others, had communicated with al-Qaida in the Arabian Peninsula propagandist Anwar al-Awlaki.” Fisher-Birch also pointed out another example from 2020, when Ethan Melzer, a US soldier and follower of the extremist and satanic group the Order of Nine Angles, passed sensitive information about his unit’s troop movements to an undercover FBI agent he believed to be a member of al-Qaida.",2025-01-16T13:00:12Z
follower,social-media,after,"I’m a rule follower, which means I’m unlikely to use an appliance other than for its intended purposes but my rogue husband used it to heat up leftover congee, and it strangely worked.",2025-11-10T20:15:00Z
follower,social-media,after,"I’m a rule follower, which means I’m unlikely to use an appliance other than for its intended purposes but my rogue husband used it to heat up leftover congee, and it strangely worked.",2025-11-10T20:15:00Z
follower,social-media,after,"The phenomenon was spotted by internet users including one follower of TikToker Price Check Guy, who confirmed in a video that “Vegemite is cheaper from a small town in Scotland than from Coles and Woolies in Australia”.",2024-10-05T19:00:31Z
follower,social-media,after,"In endlessly unfurling CinemaScope, The Robe gave us Richard Burton as a Roman centurion turned follower of Jesus, while Ben-Hur racked up 11 Oscars in 1960 for an even more grand-scale fusion of Roman empire lore and modern American Christian values.",2025-01-25T08:00:15Z
follower,social-media,after,"When the urge for prayer stirred the soul during off-hours, a faithful follower could borrow the key and have the place to pray.",2025-03-24T14:00:59Z
follower,social-media,after,"Just as there are a hundred gradations of beige, so are there a hundred shades of influencer, their contents overlapping and shifting according to profit, leading a follower like me down an algorithmic alleyway.",2024-12-29T08:00:02Z
follower,social-media,after,"Shanks, a comedian known for his political commentary, continues to have the largest follower base and viewership on YouTube of the Australian creators mentioned by callout respondents.",2025-04-22T15:00:54Z
follower,social-media,after,"Another follower described the MPs’ wish to call Musk to give evidence as a trap, saying: “They’ll detain him at the border, demand to see the contents of his phone, and charge him under counter-terrorism laws when he refuses.” Asked about Musk’s response, Onwurah said: “X is one of the most relevant social media platforms to our inquiry.",2024-11-21T16:47:19Z
follower,social-media,after,"Row said Xiao was seen by friends and colleagues as good-hearted, a follower of Confucius, with a thoughtful approach to life.",2024-12-06T12:51:04Z
follower,social-media,after,"Talmy continued working with the Kinks until 1967, producing No 1 hits Sunny Afternoon and Tired of Waiting for You as well as Dedicated Follower of Fashion, All Day and All of the Night, and more.",2024-11-15T10:13:31Z
follower,social-media,after,"Sah told me that one of the key questions she poses in leadership seminars is: “What type of leader do we want to be?” I am certainly not a leader, but I don’t want to be a follower either, and life’s too short to read unappetizing books.",2025-01-14T17:00:54Z
follower,social-media,after,"A week before the election that will decide the next occupant of the White House and control of Congress and state legislatures nationwide, Democrats have increasingly argued that Trump – who has baselessly insisted that his 2020 election loss was fraudulent and recently proposed unleashing the military against his political opponents – is a follower of the far-right philosophy associated with Adolf Hitler.",2024-10-29T19:24:02Z
follower,social-media,after,Don’t be a follower.’ That was something that helped me out in what I wanted to do.,2025-03-31T08:00:43Z
follower,social-media,after,"The young people comprise: Kelly (Buket Kömür), the escaper of the chomping nan (Anita Dobson, probably having the best time of anyone as Janine); Stef (Lewis Gribben), a crossbow-wielder and a follower of a toxic online influencer, despite his fundamental good-heartedness; Charlie (Jay Lycurgo), Kelly’s ex; Billy (Ava Hinds-Jones), Charlie’s sister, who is part of the unit deployed to the village when Westminster realises something has been spilled that ought not to have been; and Finn (Viola Prettejohn), who is bolshier and wittier than the rest and the only one who amounts to more than a cipher as the six episodes unfold.",2024-10-27T22:00:12Z
follower,social-media,after,"“If it’s a brother, he’s a legend.” It is unclear if Jabbar was a bona fide IS operative or merely a follower who engaged with the terror group’s vast online archive.",2025-01-04T13:00:49Z
follower,social-media,after,"He was a student, a friend, an athlete and most important a Christ follower,” Bryan Oliver said in a statement, reported by WSFA TV.",2024-08-26T15:42:03Z
follower,social-media,after,"And no disrespect meant to Zverev, whom every follower of the sport acknowledges as the best current player to never win a slam.",2025-01-12T14:56:24Z
follower,social-media,after,"Describing himself as “a revolutionary Aristotelian”, he was also an enthusiast for the ethics of Aristotle’s medieval follower, Thomas Aquinas.",2025-05-25T14:35:14Z
follower,social-media,after,"Khaled Hussein, 29, who prosecutors said was a “follower and dedicated supporter” of Choudary, was also found guilty of membership of ALM.",2024-07-23T12:15:19Z
follower,social-media,after,"Still playing it.” When Jula spun the Cars’ 1978 eponymous album, another follower showed their age by reminiscing: “Had the first on vinyl and 8 Track!",2024-11-21T13:00:47Z
follower,social-media,after,"One tweet describing Rinehart’s patronage as a “game-changer” was posted by an account with one follower, purportedly based in New Haven, Michigan.",2024-08-20T02:35:52Z
follower,social-media,after,“There’s a lot of people for who it’s all about follower count.,2025-07-18T04:00:42Z
follower,social-media,after,"One depicts a woman with complicated hair and is thought to represent a maenad, a female follower of Bacchus, god of wine, who were associated with divine frenzy.",2025-03-18T13:05:52Z
follower,social-media,after,"During the election campaign, he accused Britain’s first Asian prime minister of being “the most liberal” on immigration, sounding a dog whistle that could be heard by any follower of Farage.",2024-12-19T08:00:09Z
follower,social-media,after,"Khaled Hussein, 29, from Canada, who prosecutors said was a “follower and dedicated supporter” of Choudary, was jailed for five years with an extra year on licence, having been found guilty of membership of ALM.",2024-07-30T14:52:14Z
follower,social-media,after,"Giles Nelson, defending, said the teenager had been “swept along” in the violence having had a difficult childhood with learning difficulties and that, “when he was in that corridor of violence, he became a sheep and a follower”.",2024-08-22T16:59:36Z
follower,social-media,after,"The big advantage of influencer marketing is you can be very laser-focused on who you’re going after.” Microinfluencers also benefit from the way social media algorithms operate in 2024, where large follower counts are increasingly less important than an ability to make engaging content.",2024-04-20T06:00:20Z
follower,social-media,after,"In the USA, political campaigns think nothing of handing over money in return for supportive content by small-follower TikTok or Instagram accounts.",2024-04-20T06:00:20Z
follower,social-media,after,"It was just so boring, but then it turned me into not a total pedant, but a real rule-follower.” When she moved to London, Matafeo’s tastes in games diversified into escape rooms, social games such as Werewolf (which found its way into an episode of Starstruck) and, the big one, pub quizzes.",2024-12-22T08:00:40Z
follower,social-media,after,"As an improvised dance, it means you have to listen to your partner intently as a follower and, if you’re lucky, are listened to in turn.",2025-03-09T14:00:03Z
follower,social-media,after,"Then there is Leggo (Sam Pote), who is an unwilling follower in his senior officer parents’ footsteps, and Paul (Jamie Bisping), the dim scion of a local crime family.",2024-07-20T21:00:46Z
follower,social-media,after,"The show then uses their follower counts to calculate each person’s value and worth as a proportion of the 300m won (£170,000) prize pot .",2024-08-06T12:09:58Z
follower,social-media,after,A TLL Instagram follower donated a signed Australian women’s cricket shirt.,2024-08-23T15:00:13Z
follower,social-media,after,"By extension it speaks for Collins too, who remains a faithful follower of that approach – almost to a fault.",2024-04-22T10:00:22Z
follower,social-media,after,He’s a follower.,2024-10-09T04:46:27Z
follower,social-media,after,"Despite his admiration and affection for Ayer, he was not a follower or a disciple of anyone.",2024-11-19T20:13:55Z
follower,social-media,after,"Not being a close follower of the storied TV career of Leigh Francis, AKA Keith Lemon, I arrived at his maiden live show an agnostic in this lively critical conversation.",2024-03-11T06:00:23Z
follower,social-media,after,"John, a follower of Christ and author of one of the four gospels, is on a Greek island seeing the future.",2024-05-10T13:54:09Z
follower,social-media,after,"“Welp,” replied a bedazzled follower, “now I want an aeperol [sic] spritz.” Don’t we all?",2024-08-30T11:44:14Z
follower,social-media,after,"Instagram accounts were a necessity, since the evacuations were funded by follower donations, but racking up likes and shares became its own quest, and had odd effects on the core mission.",2024-07-24T21:30:28Z
follower,social-media,after,"He’s not a follower, he hastens to add – it was just the done thing for a young man.",2024-10-30T14:00:15Z
follower,social-media,after,Rai reports that one of the administrators of the channel admits mainstream sources should “be used to win people over” and that Bannon was “involved” when asked by a follower in a group chat text message shared with the Guardian.,2024-08-20T14:00:47Z
follower,social-media,after,"As such, its aim is to be politically unbiased, though any follower of the BBC will know that impartiality is a moving target.",2026-01-08T05:00:03Z
follower,social-media,after,"We love our brothers and sisters.” Ahn disputed the idea that his decree could spur his followers to violence, writing in an email that such language was “all spiritual” and that “[a]nyone who advocates physical violence in Jesus name is not a true follower of Jesus who taught us to turn our cheeks”.",2024-10-19T18:00:22Z
follower,social-media,after,A follower of mine recently used AI to portray my characters doing something inappropriate.,2025-05-31T10:45:41Z
follower,social-media,after,"Between her rage-fuelled father, extremely shady betrothed, on-the-run secret boyfriend and not-so-secret TikTok account (Ikmen’s teenage daughter is a follower), there are plenty of suspects and enough unguessable twists.",2024-07-07T21:00:17Z
follower,social-media,after,"Robert Weissman, the co-president of the watchdog group Public Citizen said “Gaetz has demonstrated contempt for the rule of law, truth and decency” and was “singularly unqualified to lead an agency that enforces civil rights laws and environmental protection statutes.” A loyal Trump follower, Gaetz’s nomination comes a little over a year after the justice department decided not to charge him as part of a sex trafficking investigation.",2024-11-15T00:30:52Z
follower,social-media,after,A born follower.,2024-09-10T18:27:33Z
follower,social-media,after,A born follower.,2024-10-02T14:23:42Z
follower,social-media,after,"What we learned The Stones’ Ronnie Wood is a talented painter Serendipity can result in a fabulous photograph Dalí’s rediscovered sketches for Spellbound reveal the truth behind Hitchcock’s famous dream sequence Dundee has been meticulously mapped out in 20,000 photographs Raymond Briggs was “not a normal person”, according to Raymond Briggs The trauma of war in Ukraine has resulted in some extraordinary artworks If you go down to Cheltenham promenade today, you’re sure of a big surprise Nick Cave tells a tragic story through his devilish ceramics A sculpture of Prince Philip is so awful that no artist will admit to making it Masterpiece of the week The Dead Christ and the Virgin by Neapolitan follower of Giotto, probably 1330s-40s The death of Christ became central to European art in the middle ages.",2024-03-29T11:42:12Z
follower,social-media,after,"To follow his various accounts online is to imagine a world simmering with constant sexual potential, always ready to boil over into hardcore scenarios, perhaps even involving you, his loyal follower.",2024-01-23T11:00:31Z
follower,social-media,after,"One avid follower of developments was Fryn Tennyson Jesse, a writer who had made her name with a true-crime novel about the 1922 Thompson-Bywaters murder case, A Pin to See the Peepshow (1934).",2024-09-29T06:00:26Z
follower,social-media,after,"But only after she lit up that dart did her follower count surge by more than 70,000, according to NBC Sports.",2024-06-05T18:25:21Z
follower,social-media,after,Bernard was not a rule-follower and he was determined to give communities what they needed.,2024-02-19T17:35:07Z
follower,social-media,after,"Pre match discourse Rob Kitson previews the match And here are Ugo Monye’s thoughts For a Lions follower, much of theses opening tour matches are all about gathering information and intelligence to inform the discussion of who will be in the Test squad.",2025-06-28T12:12:07Z
follower,social-media,after,"Christina Robinson, who is a follower of the Black Hebrew Israelite movement, had been watching a YouTube video which quoted scripture promoting the rod for correction.",2024-03-13T19:08:23Z
follower,social-media,after,"“The west thinks there’s a leader and a follower, that Iran gives an order and we fire,” said a different Mohammed Moussawi, the spokesperson of the Abbas al-Moussawi shrine, which features a large poster of Iranian leaders next to the tomb.",2024-09-06T04:00:16Z
follower,social-media,after,"She was a follower of the Black Hebrew Israelites movement, she said, and had been watching a YouTube video that quoted scripture promoting the rod for correction.",2024-03-21T15:30:37Z
follower,social-media,after,"Tesla is likely to win approval for Musk’s remuneration, according to Dan Ives, an analyst at Wedbush and a veteran follower of the company, albeit “not by a wide margin”.",2024-06-08T11:00:44Z
follower,social-media,after,A born follower.,2024-07-25T17:29:13Z
follower,social-media,after,"And, like a good little rule follower, I listened and trusted their advice.",2025-11-08T12:00:03Z
follower,social-media,after,"The comment from a follower midway through last year, on a video of her completing the difficult “Weiler” move on the uneven bars, made her think – why not add an extra rotation?",2023-11-23T03:09:31Z
follower,social-media,after,But he admits Godwin might not have created her eponymous skill without that one Instagram follower.,2023-11-23T03:09:31Z
follower,social-media,after,"Because I’d gained some weight, some speculated I was pregnant.” Away from wellness, her follower count dwindled from almost 400,000 to 300,000 and her commercial rate dropped 70% .",2024-03-31T04:00:28Z
follower,social-media,after,"We let him get a dog when he was young, and that allowed him to be more than a follower.",2024-08-12T13:00:41Z
follower,social-media,after,"“Many people now defend our country, many people stay in our cities – so we want to give them something to make them smile.” Paris 2024’s most delectable TikTok Trends The Muffin Man You may not be an avid follower of Norwegian swimming, but if you are deep into Olympic TikTok you’ll have undoubtedly come across Henrik Christiansen, whose videos declaring his love of the chocolate muffin available in the Olympic village, sparked ChocolateMuffinTok; other athletes have run with the trend.",2024-08-10T07:00:37Z
follower,social-media,after,Two chefs recently made me a pizza in the shape of “50k” to celebrate my follower count – I’ve actually hit 60k since.,2024-05-03T09:00:06Z
follower,social-media,after,"“She wasn’t a leader, she was a follower,” she said.",2024-06-21T08:50:09Z
follower,social-media,after,I’m a devoted follower.,2024-03-30T15:00:14Z
follower,social-media,after,"Make it sound more interesting so that people like my partner who is a cyclist but not a TdF follower can understand what is happening without having to ask me to translate.” Thanks to all emailers, apart from maybe Tim.",2025-07-26T14:59:46Z
follower,social-media,after,"rushmorewallace Mary Magdalene, a follower and financial supporter of Jesus.",2024-04-21T13:00:58Z
follower,social-media,after,"Five years after starting to post my own thoughts, my follower count reached 40,000.",2024-01-08T07:00:01Z
follower,social-media,after,"As my follower count grew, so did my network of contacts.",2024-01-08T07:00:01Z
follower,social-media,after,"Indeed, Garcia’s follower count across all platforms has swelled by at least 3m since it was announced, a spike no doubt fueled by rubberneckers curious about what has often given the impression of real-time mental breakdown.",2024-04-19T11:00:48Z
follower,social-media,after,"Their follower counts now number in the tens of thousands, and include a fair share of the city’s reporters and political operatives.",2024-06-12T13:00:02Z
follower,social-media,after,"I wanted my work to speak for itself, but when I was shot, it allowed me to connect with the community, with victims.” Since then, Calhoun’s follower count on X has exploded, fueled, he said, by public interest in crime, and the fact that there has been no shortage of it.",2024-06-12T13:00:02Z
follower,social-media,after,"It actually took a few days for the abuse to materialise, along with the usual unsolicited direct messages and the Instagram follower requests.",2024-07-11T19:00:31Z
follower,social-media,after,"It’s been over six months since he sat a few feet away from Cohen when his former fixer, once his most loyal follower, testified against him during his fraud trial.",2024-05-04T11:00:40Z
follower,social-media,after,"I’ve never been a follower of trends but I have always been extremely lazy, so tend to shop where it’s most convenient.",2024-02-15T14:00:16Z
follower,social-media,after,A natural born follower.,2024-05-26T12:48:24Z
follower,social-media,after,But the libertarian movement that helped propel Milei to power last month appeared to deliberately target feminists when it started building its follower base in 2018.,2024-01-08T13:00:42Z
follower,social-media,after,"“Sneaker con should be ashamed for uploading this,” wrote one follower.",2024-02-20T21:11:34Z
follower,social-media,after,"A few months ago, a follower on Facebook queried whether a product that had been advertised was one of hers.",2024-03-25T09:00:15Z
follower,social-media,after,"The California supreme court has denied a bid for freedom by Leslie Van Houten, the Charles Manson follower serving a life sentence for the murder of a Los Angeles grocer and his wife in 1969.",2022-02-11T12:40:19Z
follower,social-media,after,"Newsom has also blocked a recommendation to free Manson follower Robert Beausoleil, who has spent decades in prison for an unrelated murder.",2022-02-11T12:40:19Z
follower,social-media,after,"Virality of videos or tweets enhances users’ ability to unlock monetisation and grow follower counts, which then attract brands and partnerships, and the more that model works, the more it brings in revenue for social media platforms, which in turn charge for monetisation as a service.",2024-04-01T05:00:05Z
follower,social-media,after,"His follower Samuel Palmer depicts himself in an ethereal trance, pale and fervent; his Irish contemporary James Barry glowers broodingly.",2024-02-23T16:43:29Z
follower,social-media,after,"While the previous narrative had insisted that “our family had nothing to do with the Nazis” (the dominant account in most German households), now suddenly the late grandmother is not only found to be a committed follower of Nazi ideology, but to have had a love affair with Hitler’s secretary.",2024-03-27T07:00:45Z
follower,social-media,after,"Truly, who cares about Mahek’s follower count when this perverse mother-daughter dynamic would make Freud faint.",2024-01-30T22:00:07Z
follower,social-media,after,"The organisation had no advanced plans to commit a terrorist act but the court found Benbrika had praised Osama bin Laden and those responsible for attacks in London and Madrid, encouraged training in the use of knives to maim nonbelievers, exhorted a follower to not just kill a few people but to “do a big thing” and referred to killing a thousand people to coerce the government into withdrawing Australian troops from Muslim countries.",2023-12-13T23:00:41Z
follower,social-media,after,"This neighbour of mine was a retired engineer, a Norfolk boy, and a follower of both first team and academy, home and away.",2025-11-08T06:00:57Z
follower,social-media,after,"As Josh says, in the world of social media, “not everyone’s a fan – they’re just a follower.",2023-12-29T14:00:05Z
follower,social-media,after,"The internet, always primed for a new cult scandal, took up the cause, especially given 7M’s relative ubiquity; several dancers had follower counts in the millions.",2024-05-28T08:01:46Z
follower,social-media,after,"Gordon, for instance, is “a Christian and follower of Jesus Christ”.",2024-02-18T07:30:36Z
follower,social-media,after,"It’s present in the new phenomenon of amplified celebrity pundit content, famous names yelling at the players for private clicks, a dialogue taking place over the heads of a rapt and passive fan-follower audience.",2024-06-23T19:16:21Z
follower,social-media,after,"Now he’s just a follower, going in whatever direction he is taken.",2024-02-28T17:44:17Z
follower,social-media,after,"“We were lucky that we had internet success when we were married with a mortgage and a kid, because a lot of people that get into social media, they’re like 17, 18, and they haven’t worked lots of jobs or seen the real world or had responsibility.” Both have met people who define themselves by their follower count.",2024-11-04T10:00:10Z
follower,social-media,after,"He understands that to remain as supreme leader, you need to be a supreme follower, as well.” While Khamenei is conservative, “he has always preferred to work with a reformist civilian administration.” Until president Ebrahim Raisi’s death in a helicopter crash in May, “it was difficult for Khamenei – all of the branches of power were dominated by his camp, and there was often not a face-saving way out.” That may be part of why he accepted reformist Masoud Pezeshkian as president after Raisi: “if an opposing power centre holds some authority, if they have success, great – if they fail, it’s ‘I told you so’.” Khamenei’s stance is therefore unsurprising – but it is implausible to claim that the nature of a response is merely a tactical military matter.",2024-10-28T06:53:49Z
follower,social-media,after,"Nathalie Adkins and her son, RJ Handle: @natlivingselfcare TikTok follower count: 53,300 followers Primary content: A cooking vlog in which Nathalie’s 9-year-old son RJ Nathan Phillips tries recipes from different cultures, sharing the process and results.",2023-04-08T10:00:20Z
follower,social-media,after,"Ross Pomerantz Handle: @corporate.bro TikTok follower count: 206,500 Primary content: Satirical videos about millennial corporate life How he uses TikTok: I got on TikTok about three years ago.",2023-04-08T10:00:20Z
follower,social-media,after,"Alexis Devine and Bunny the Dog Handle: @whataboutbunny TikTok follower count: 8.3m Primary content: Bunny the dog communicates with her caretakers using buttons that convey objects, ideas and feelings.",2023-04-08T10:00:20Z
follower,social-media,after,"Alexander Maupin Handle: @alex_makes1 TikTok follower count: 160,700 followers Primary content: Alexander produces a variety of content but has gained a large following for live videos in which they individually pop kernels of popcorn using a hair straightener.",2023-04-08T10:00:20Z
follower,social-media,after,"Adolescence was hard enough without the threat of online humiliation, the possibility of quantifying, through engagement and follower numbers, exactly how much of a loser you are.",2024-03-21T07:30:24Z
follower,social-media,after,Compelling contributions include Mancunian follower Derek Lovelock and relatives who were back home when they heard about the explosions in Mount Carmel.,2023-09-10T05:00:42Z
follower,social-media,after,"Wild festivals, exquisite fruit-bowls and unusually realistic renderings of motherhood and female friendship – not to mention a glimpse of Lady Hamilton as an enthusiastic follower of Bacchus – will go on show in Madrid on Tuesday as one of the country’s most famous galleries seeks to spike the patriarchal canon of art history with a new, and avowedly feminist, exhibition.",2023-10-31T05:00:32Z
follower,social-media,after,Izabela is killed by a male figure who for all his own unorthodoxy and boozy indiscipline is a submissive follower of the party line.,2023-08-14T08:00:10Z
follower,social-media,after,"“I trust you are a football fan as well as a dance fan.” I replied rather tentatively that I couldn’t honestly claim to be its greatest follower, but having been a student in the city, I had actually seen him play.",2023-10-24T16:19:12Z
follower,social-media,after,"I have the utmost confidence that Kai’s expertise, drawn from her work at numerous media organizations and law practices dedicated to the rights of a free press, will offer our reporters and editors the best possible defense and protection.” Kai Falkenberg said: “As an avid follower of the US media landscape and a longtime participant in it, it’s been thrilling to watch Betsy and Steve take the reins of the Guardian US this past year.",2023-10-02T11:28:41Z
follower,social-media,after,"So I was more angry about this system than about the copy problem.” She wishes more could be done to educate people about fast fashion, “because nobody is talking about this major problem to young people or to people in general while this is one of the biggest issues currently [fashion is the planet’s second-biggest polluter].” She wishes laws could be implemented to stop this happening, but concedes: “A lot of money is involved so that’s very complicated.” Transformations by Tracy New York-based designer Tracy Garcia first saw the Shein version of her camisole when a follower messaged her on Instagram.",2023-09-02T15:00:07Z
follower,social-media,after,"Again, a follower sent her a link.",2023-09-02T15:00:07Z
follower,social-media,after,"George is an avid cricket follower and, according to Wray, a handy footballer too.",2024-01-27T18:00:43Z
follower,social-media,after,"As a longtime follower of Abramović, I had become used to the images of Rhythm 0.",2023-09-25T07:00:19Z
follower,social-media,after,"The other words that didn’t make the final cut were “parasocial” (a relationship characterised by the one-sided, unreciprocated intimacy felt by a fan or follower for a well-known figure), “heat dome” (a persistent high-pressure weather system over a particular geographical area), and “de-influencing” (the practice of discouraging people from buying particular products or reducing their consumption more generally).",2023-12-04T13:43:20Z
follower,social-media,after,Pineapple Express told News.com.au Crompvoets’ contact details were disseminated in the comments section by a follower of the page and that the comment in question was deleted.,2023-11-01T03:39:58Z
follower,social-media,after,Elon Musk has deployed his 130 million-follower Twitter bullhorn to come to the rescue of a beleaguered cartoonist dumped by hundreds of newspapers across America for having delivered a virulent racist tirade.,2023-02-27T14:58:30Z
follower,social-media,after,"“FRANCIOSI YOU EFFING LEGEND.” The account, which has helped draw attention to the tiny republic’s football exploits, is run by Martino Bastianelli, a Dutch follower of the team whose name would fit nicely on the Sammarinese substitutes’ bench.",2023-11-21T16:24:31Z
follower,social-media,after,"Almost everyone that Musk interacts with falls into one of those categories, and their accounts function like remoras on the side of Musk’s 195 million-follower shark.",2024-09-14T07:30:20Z
follower,social-media,after,"The Lincoln Project, an anti-Trump group founded by former Republican operatives, said McConnell would “go down in history as a spineless follower who cowered to a wannabe dictator clown.",2024-02-29T04:25:09Z
follower,social-media,after,I am a big follower of stoicism so if anyone was going to get in my head it was going to be Marcus.,2023-10-01T15:22:46Z
follower,social-media,after,"As conflict reignites in Palestine, prominent users have again reported various forms of uneven enforcement or censorship – including the Pulitzer prize-winning New York Times reporter Azmat Khan, who said her 7,000-follower Instagram account “was shadow-banned” after posting a Story about the war in Gaza on Saturday.",2023-10-18T13:55:03Z
follower,social-media,after,"Brought up as a Sufi, a follower of a mystical form of Islam that has non-violence at its centre, Noor Inayat Khan did not hesitate when she signed up to fight the Nazis as a British agent in the second world war.",2023-09-27T05:00:48Z
follower,social-media,after,"What we learned Thatcher’s Enterprise Allowance Scheme inadvertently helped birth Britpop A dazzling Dutch masterpiece made its first public appearance Grayson Perry failed to land his latest satirical punch Looted artefacts were found in a Met trustee’s home Alan Turing may soon take his place on the fourth plinth Eve Arnold knew it was hard work being Marilyn Monroe The Marquis de Sade was not for the faint-hearted Climate crisis artists are aiming for optimism Masterpiece of the week Basin, made by a follower of Bernard Palissy, late 1500s to early 1600s A dark green snake slithers across the bottom of this brilliantly decorated Renaissance ceramic bowl.",2023-07-28T10:00:07Z
follower,social-media,after,"The eldest of three sons of Winnie (nee Thorpe) and George Renshaw, Paddy was born in West Ham, east London, and remained a lifelong follower of the football club.",2023-06-06T19:40:45Z
follower,social-media,after,"Rather than the powerful world figure he imagines, the footage from Beijing revealed Orbán to be a servile follower, bowing to the Russian foreign minister, Sergei Lavrov, and parroting the Kremlin’s narrative about the war in Ukraine, calling it a “military operation”.",2023-10-25T06:00:03Z
follower,social-media,after,"Alaqad’s follower count grew from 4,000 before the war to 4.2 million, and as it did so, she opened every message and email she received from viewers so that she could respond to their questions.",2023-12-12T05:00:56Z
follower,social-media,after,"“As a resident of Frankfurt and follower of the Eintracht, I can confirm that your entries at 37 and 39 minutes sum up Ekitiké to a tee,” writes Harvey Mayne.",2025-08-15T21:58:58Z
follower,social-media,after,"Goldstein was a follower of another American, Rabbi Meir Kahane, founder of the far-right religious Kach party that was eventually banned in Israel and the US under anti-terrorism laws.",2023-12-15T10:00:25Z
follower,social-media,after,"In an era when anyone with a chunky social media follower count can get their own documentary, it’s bit of a relief that someone as eminently likable as footballer Peter Crouch is subject to the streaming-platform treatment.",2023-06-22T06:00:02Z
follower,social-media,after,"The Bikeriders is set in a world in which the increasingly careworn gang leader competes for the affection of his toughest follower with this man’s girlfriend, while at the same time grooming him as his heir.",2023-10-05T20:00:21Z
follower,social-media,after,"Heath fritillaries were once known as “the woodman’s follower” because they colonised open glades left by coppicing, the traditional method of cutting small trees back to their stumps and letting them regrow.",2023-05-04T04:30:39Z
follower,social-media,after,"In response, she has been offered tips for audio accompaniments to the voyage: “I hope you liked the 16-minute @GratefulDead song I recommended earlier,” said one follower.",2023-02-11T20:14:08Z
follower,social-media,after,"“If you’ve got another long bus ride still to come, I’ve got a 30-minute one ready for you.” A newer follower added: “Very much enjoying the @ETWriteHome bus tour … I did a similar hitchhike to Paris from Edinburgh in 2010.",2023-02-11T20:14:08Z
follower,social-media,after,"(Scoopearth editor Niraj Kumar claimed that the website was only partially AI-generated, and the clearly AI-written articles NewsGuard discovered on its site were “mistakes done by our authors”.) Other AI sites, such as the finance site FilthyLucre.com, haven’t attracted a single follower on any platform.",2023-05-02T16:52:37Z
follower,social-media,after,"It did summarise a speech by North Korean defence minister Kang Sun-nam, who described the parade as a historic celebration of the country’s “great victory against the American imperialists and the forces of their follower nations” and said the North under Kim’s leadership would “prosper indefinitely”.",2023-07-28T05:04:42Z
follower,social-media,after,"Some attendees were upset at the profile given to the organisation, given that Nithyananda fled India in 2019 while facing multiple charges of abducting children and one of raping a follower.",2022-12-11T07:00:26Z
follower,social-media,after,"The member for Hawthorn has shown once again he is a follower, not a leader,” Thomas said.",2023-10-20T14:00:21Z
follower,social-media,after,"Her follower count grew and, after two years, her expressive, boldly coloured portraits caught the attention of the fashion and art world.",2023-12-28T08:00:29Z
follower,social-media,after,"The sisters who make up the band ELAZ have not heard directly from Slipknot, though a follower told them that the lead singer’s son, Griffin Taylor, had reposted one of their videos.",2023-09-15T05:00:52Z
follower,social-media,after,"A vital part of the spectacle as well as a source of financial support, he (and it’s most often a he) can be a dutiful follower, fierce critic, passive spectator, possessive adulator, worshipful and entitled, and not infrequently all at the same time.",2023-07-23T12:00:41Z
follower,social-media,after,"Suzanna Son, who plays uber-guileless follower Chloe, delivers the soundtrack’s only real dud – the irritatingly faux-naive piano ballad Family, whose lyrics make little sense inside or outside the universe of the show – but has far more success on False Gods, where her piercing voice is sped up and set against whirring trap and a verse from rapper Lil Baby.",2023-06-30T16:22:12Z
follower,social-media,after,"Irma worked firmly within the innovative tradition of Freud’s follower Melanie Klein, who had stressed the distorting nature of what she termed phantasies – underlying, often unconscious, assumptions – which are central to patients’ destructiveness.",2023-09-11T09:03:16Z
follower,social-media,after,"If Tate has become more popular globally, this could explain why his follower count on X rose by millions last year while support has reportedly waned in the UK.",2024-01-06T15:00:13Z
follower,social-media,after,"“I’m not expecting every reader to be aware of their correspondent’s allegiances,” emails Matt Burtz, “but as soon as I saw your name on this one I recalled that you were a Manchester United supporter, which is evidenced by the litany of underachievements in the preamble that only a loyal follower could or would be able to rattle off in short order.",2025-05-08T21:23:44Z
follower,social-media,after,"His father, Monkombu Kottaram Sambasivan, a renowned surgeon and a follower of Mahatma Gandhi, died when Swaminathan was 11 years old.",2023-10-09T17:01:39Z
follower,social-media,after,"“Was worried there for a moment.” When a follower warned that the Twitter boss should watch his words around Zuckerberg, Musk responded: “I’m up for a cage match if he is lol.” What could have been one of many half-thought-out tweets dashed off by Musk – whose itchy posting finger has already brought him a libel suit from a British diver he labelled a “pedo” and an SEC demand for a lawyer to vet his missives after he falsely claimed to have “funding secured” to take Tesla private – became rather more significant when Zuckerberg responded.",2023-06-22T14:11:52Z
follower,social-media,after,Instagram has 2 billion users and account holders can transfer their follower list on to their new Threads account.,2023-07-06T17:16:55Z
follower,social-media,after,"When an Instagram follower asked why Lighthouse membership cost $500, Saldaya vented via text to a freelance employee.",2025-11-22T07:00:33Z
follower,social-media,after,"In typical Musk fashion, he eventually tweeted a meme noting the change, and followed up with the closest to an explanation he has proffered: a callback to a joke a follower made in March 2022 suggesting that he should buy Twitter and replace the logo with Doge.",2023-04-04T15:54:02Z
follower,social-media,after,"(“I just did it because I’m extra,” Lower said.) The popularity of Teddy’s custom doghouse helped Lower build an 11 million-follower social media empire under the name AGuyandaGolden, and led to partnerships with brands like Petsmart, Subaru and Hilton.",2023-11-15T18:00:52Z
follower,social-media,after,"It is also because it would be, in economic terms, extremely serious for us, because Taiwan has a strategic role in the production of the most advanced semiconductors.” Borrell’s comments come after the French president, Emmanuel Macron, this month argued that Europe should not be a “follower” of the US in the event of conflict with China over Taiwan.",2023-04-23T04:42:07Z
follower,social-media,after,"But you do not have to be, as Ann Wroe is, a Catholic or a follower of any organised religion to be thankful for this brave, unfashionable and out of the ordinary book, which looks above and beyond pedestrian woes and has, as its starting point, a belief in the existence of the soul.",2023-08-27T10:00:05Z
follower,social-media,after,"As a Guardian reader and supporter and a follower of Finnish politics for more than 20 years, I was saddened to read Zoe Williams’ misrepresentations of the Finnish parliamentary election result (Misogyny is a mighty force on the right – just look at the fate of Finland’s Sanna Marin, 4 April).",2023-04-09T17:23:58Z
follower,social-media,after,"“As a supporter of neither team but a keen follower of Test cricket, I can’t help but wonder how many teams have either makeshift No3 like South Africa with Mulder, India and Pakistan with a revolving door of players, or inexperienced players like Jacob Bethell.",2025-12-27T07:08:04Z
follower,social-media,after,They said 58 accounts within the Instagram follower network appeared to be content buyers.,2023-06-07T23:28:10Z
follower,social-media,after,"… And so is The Crucible “The Crucible,” wrote Arthur Miller, “was an act of desperation” – and any follower of the Ashes knows all about those.",2023-06-15T07:00:27Z
follower,social-media,after,"Ruby was glamorous, old-fashioned and a devout follower of the Church of Jesus Christ of Latter-day Saints (LDS), AKA the Mormons.",2025-01-25T10:00:19Z
follower,social-media,after,"At the time, it said appointments were based on how many members described themselves as a follower of that faith group.",2023-07-29T20:00:03Z
follower,social-media,after,"What we learned The mayor of Amiens wants a loan from Madonna A hidden Munch painting is up for auction Rachel Whiteread has had enough of the fourth plinth sculptures A court agreed with acclaimed painter Peter Doig A Beta Band musician is making waves with his paintings Madrid has a new eye-popping school complete with rainforest and drawbridge AI is reimagining household appliances as works of Gaudí Arsenal unveiled their latest star An Irish photographer has the scent for drag hunting Masterpiece of the week A Lady in Profile, about 1490, by Follower of Sandro Botticelli Botticelli revolutionised the depiction of women, putting the female image at the centre of his mythological paintings.",2023-01-20T12:09:55Z
follower,social-media,after,"“Instead we can be a fast-follower, acting quickly to deploy our resources and make the most of the opportunities provided to us.",2023-04-21T15:00:45Z
follower,social-media,after,"I’m not your faithful follower.’ The younger generations are more sceptical and I think Labour are in danger, and have been for some time, in taking them for granted.” If she no longer sees Labour as a vehicle for the kind of change she wants to see, why stay in it?",2024-09-07T06:00:10Z
follower,social-media,after,"Awartani is a keen follower of Brighton and Hove Albion FC, the English football team, and is a “bit of a chef”, Ashhab said.",2023-12-02T14:00:47Z
follower,social-media,after,"Her mother was a seamstress and domestic worker, her father (a follower of Marcus Garvey) worked in a factory.",2024-03-25T09:03:13Z
follower,social-media,after,"Committed England follower Billy Grant, co-presenter of Brentford FC’s Beesotted podcast, called the chants aimed at Germany “total nonsense”.",2023-03-26T10:00:17Z
follower,social-media,after,A wicca follower mentions they schedule their projects according to the waxing and waning of the moon.,2023-06-03T16:00:35Z
follower,social-media,after,"Ali’s mother, however, remained a committed follower.",2023-05-02T17:24:40Z
follower,social-media,after,"Hugh Callaghan, a former welder, a follower of Aston Villa football club, born in Ardoyne, Belfast, died late last month aged 93.",2023-06-04T08:32:07Z
follower,social-media,after,"“The VPN thing is intriguing to me, but I’m also a rule-follower, so I’d have a hard time doing that,” she said.",2023-05-19T10:00:25Z
follower,social-media,after,"In the interview, Polignano discusses having been “a member of the National Alliance and a follower of William Pierce”, and as “part of this whole antisemitic right that’s where you see Jews as this alien race … as less than human and just kind of different creatures from humanity”.",2023-07-08T12:00:15Z
follower,social-media,after,"“We’re looking into it and apologize for the inconvenience.” The scale of the accidental suspensions is significant enough that even users whose accounts are unaffected have noticed it, thanks to their displayed follower accounts dipping markedly.",2022-10-31T16:23:35Z
follower,social-media,after,"When rights feel remote from fairness, or we appear to protect the rule-breaker over the rule-follower, trust disintegrates - and with it, the foundations of democracy.",2025-06-18T17:02:27Z
follower,social-media,after,"As a UCKG follower, you felt an expectation to give the church a lot of your money – 10% of your income.",2022-12-02T12:00:14Z
follower,social-media,after,"So like any good UCKG follower, I bottled it up.",2022-12-02T12:00:14Z
follower,social-media,after,"During the Vietnam war era, I was a Maoist, a follower of Mao Zedong.",2024-05-17T11:00:36Z
follower,social-media,after,"Kick off is only minutes away, so now is the time to pick your bandwagon if you’re not a follower of either of these clubs.",2024-10-06T07:09:31Z
follower,social-media,after,"Although Ngo frequently screenshots and pastes reporters’ questions to his 1.3 million-follower Twitter account, neither he nor the other CAL clients responded.",2023-06-20T10:00:31Z
follower,social-media,after,• Other recently amended articles include: Church of England bars Desmond Tutu’s daughter from officiating at funeral QAnon follower who chased officer on January 6 convicted of felonies ‘There’s a path towards death that people travel’: how hunger destroys lives and communities US intelligence resumes national security review of Mar-a-Lago documents – as it happened Marina Abramović’s Gates and Portals review – why surrender your liberty to these wafer-thin ideas?,2022-09-26T20:00:02Z
follower,social-media,after,Such botanical migrations meant Gauguin’s follower Henri Rousseau could paint “jungles” just from visits to the Jardin des Plantes in Paris.,2023-01-06T12:35:02Z
follower,social-media,after,Has been an avid follower of the Boston Red Sox baseball team since watching the film Good Will Hunting.,2023-10-03T07:00:35Z
follower,social-media,after,Then later – after leaving her marriage and the church with a woman she met there – she became an avowed goddess follower in her 40s.,2023-02-20T07:00:32Z
follower,social-media,after,"It had been purchased privately in 2014, when it had a tentative attribution to Rosso Fiorentino, a 16th-century follower of Michelangelo.",2023-02-19T13:00:08Z
follower,social-media,after,"Meanwhile the French president, Emmanuel Macron, said in an interview published on Sunday that Europe must not be a “follower” of either the US or China on Taiwan, saying that the bloc risks entanglement in “crises that aren’t ours”.",2023-04-09T06:21:35Z
follower,social-media,after,"The TikTok algorithm “can be follower agnostic”, so users with a relatively small amount of followers can go viral, which has fuelled the trend, Sherman said.",2023-02-15T06:00:06Z
follower,social-media,after,"Such campaigns have left many far-right leaders with dwindling platforms, removing any capacity for them to gain a follower base.",2023-03-21T03:53:34Z
follower,social-media,after,"But even as observers savored a sombre yet reaffirming moment for the rule of law, a follower of the former US president could be seen outside court waving a giant flag.",2023-08-05T10:00:39Z
follower,social-media,after,"A former follower of the banned Kach terrorist group, with a conviction for inciting racism, Ben-Gvir supports altering Israel’s legal code, which could help Netanyahu evade a conviction in his corruption trial.",2022-11-03T18:02:19Z
follower,social-media,after,"Long time follower, first time emailer,” chirrups Rishi.",2025-01-05T04:15:47Z
follower,social-media,after,Telltale signs include the use of newly created accounts with zero or low follower numbers; accounts created in blocks of hundreds or thousands; using similar account name structures such as female name + numbers; identical text content; and sharing photos or videos of young Asian women.,2022-12-04T12:17:02Z
follower,social-media,after,"“Longtime follower and fan of OBO here,” writes Konrad Jagodzinski.",2025-06-22T18:04:37Z
follower,social-media,after,"From that moment on, I was his follower, I was his satellite and orbited around him, and that was how our lifelong relationship was,” he says.",2023-08-16T15:53:25Z
follower,social-media,after,"But more tantalising is the portrait of her hero, seen only in glimpses: a star since childhood, he’s in the news for punching a follower, struggling with the weight of millions of hopes being projected on to him.",2022-12-30T12:00:47Z
follower,social-media,after,“BBC serials like Doomwatch and The Edge of Darkness were great and I am an avid follower of the new ones.” Copley suspects viewers today demand a higher level of scientific accuracy in the background of these stories.,2023-02-11T16:00:07Z
follower,social-media,after,"Corre also revealed that Westwood had been working on a book before her death, and that she had also become a follower of Taoism, though he added the designer “was not a religious person”.",2023-02-16T19:44:13Z
follower,social-media,after,Another Canadian TDF follower!,2024-07-21T18:43:25Z
follower,social-media,after,"Radheyan Simonpillai The follower – It Follows The tactic is familiar: a fake-out followed by a sudden, jolting appearance of a menacing figure.",2023-10-31T06:12:34Z
follower,social-media,after,"Also there was Atmadayaki Nithya – Atmadaya, as she is commonly known – the UK representative for Nithyananda, a Hindu guru with millions of followers who is on the run after being charged with raping a follower and abducting children.",2022-12-20T15:42:58Z
follower,social-media,after,"He said, “everyone knew her, knew her family” and that she was “just a sweet person from a sweet family.” Owen added that Peak was a devout follower of God, and it did not surprise him that she was working at a Christian school.",2023-03-29T21:22:20Z
follower,social-media,after,"In a Facebook post in October last year, Leak said he had written to the government warning: “I will end illegal immigration into this country within one year from the French boat side.” He later tweeted: “We will stop these boats.” The archive also showed he was an active follower of groups that campaign against Channel crossings by filming and harassing people as they arrive in lifeboats.",2022-11-02T17:41:35Z
follower,social-media,after,A sleep school Instagram account I follow recently went turbo with the “mummy needs a drink because of her kids” trend in an obvious follower-grab.,2022-11-26T19:00:34Z
follower,social-media,after,But the controversy seems to have only made the streamer’s overwhelmingly young and male follower base more aware of the availability of deepfake content – and eager to use it themselves.,2023-03-13T10:16:14Z
follower,social-media,after,He said the kingdom had been a follower when he first started visiting but was now “taking control” and broadening its economy out of its oil base.,2025-05-14T01:56:48Z
follower,social-media,after,"Although the AFL dropped Rio Tinto in 2020 for destroying the 46,000-year-old Juukan caves, this is the first time that a peak sporting body has presumably dumped a partner on the specific grounds of climate – clearing the path for others to follow suit; and herein lies the opportunity for the first follower.",2022-02-12T19:00:01Z
follower,social-media,after,The power of the first follower is notoriously understated.,2022-02-12T19:00:01Z
follower,social-media,after,"An unsung hero that is routinely overlooked, the first follower exhibits arguably more courage than the leader whose initial step took the tally from zero to one.",2022-02-12T19:00:01Z
follower,social-media,after,"It’s the first follower who normalises and validates the actions of those they are following, providing safe passage for the fence sitters whose strength depends on the quantity of those around them and the direction they are moving.",2022-02-12T19:00:01Z
follower,social-media,after,"Without the forward momentum that the first follower brings, moments don’t evolve into movements; and that’s the tantalising opportunity that Tennis Australia has provided for athletes, fans and administrators.",2022-02-12T19:00:01Z
follower,social-media,after,"By rectifying their initial failure and parting ways with Santos, Tennis Australia is the flint and the first follower – whether that be the Australian Olympic Committee, AFL, Cricket Australia, Netball Australia, Swimming Australia, Rugby Australia or the plethora of clubs under their codes banners that have been captured by carbon – to be the spark.",2022-02-12T19:00:01Z
follower,social-media,after,"She was particularly suspicious of one follower – Rebekah Vardy, wife of Jamie, who is another famous footballer.",2022-12-21T22:00:17Z
follower,social-media,after,"Incompetent, negative, a follower not a leader: Josh Pugh is highly conversant with his own shortcomings.",2022-08-26T11:00:28Z
follower,social-media,after,"Itamar Ben-Gvir, second on the list, is an anti-Arab former follower of the banned Kach terrorist group, with a conviction for inciting racism.",2022-11-02T19:03:39Z
follower,social-media,after,"As he posts the evidence online, his follower count explodes, even if some people, including their other housemate, acerbic alcoholic Scotsman Pete (Daniel Cahill), believe he is staging it all.",2022-03-15T13:00:02Z
follower,social-media,after,The board said a user’s “celebrity or follower count” should not be the sole criterion for receiving the special protection offered by the programme.,2022-12-06T16:17:25Z
follower,social-media,after,"Bryndis Roberts, a longtime follower of the royals who grew up in the segregated south, told the BBC she had watched the series “with tears in [her] eyes”.",2022-12-20T06:00:41Z
follower,social-media,after,“Thank you for the OBO....I’m an old follower.,2024-06-22T17:48:50Z
follower,social-media,after,"Joining Triple J Breakfast, the PM (or DJ Albo as he’s also been known), who has been a long follower of Australian music, reminisces on the gigs of his early 20s and 30s at iconic Sydney pubs.",2025-07-28T08:22:45Z
follower,social-media,after,"Since Monday, some of the social network’s biggest progressive voices have seen their public follower counts decline, while some rightwing Twitter users have gained followers, according to data from the analytics site Social Blade.",2022-04-28T07:45:40Z
follower,social-media,after,"“While we continue to take action on accounts that violate our spam policy which can affect follower counts, these fluctuations appear to largely be a result of an increase in new account creation and deactivation,” Twitter said.",2022-04-28T07:45:40Z
follower,social-media,after,"“It’s easier as a solo artist to convey who you are and the kind of artist you are on TikTok or Instagram than for four guys to do the same thing.” Record company A&amp;R departments are much more likely to scout for talent online, checking follower counts and engagement metrics, rather than trying to size up a four-piece performing in a sweaty pub.",2023-01-29T14:00:50Z
follower,social-media,after,"While not normally a royal follower, I decided that I had to do the British thing and watch the Queen’s funeral.",2022-09-20T17:02:41Z
follower,social-media,after,"“You get a focus group of half a dozen Reform voters in a room, the chairman says ‘Now, what about national service?’ “When you’re a weak leader – and Sunak is not a leader in any way at all – you’re a follower, so you follow what the focus groups say, and you say ‘by doing this I can attack the Reform vote’.",2024-05-26T14:59:28Z
follower,social-media,after,“Not a follower.” The final gives him an opportunity to lead the way.,2022-12-17T15:00:24Z
follower,social-media,after,"Arthur is the ringleader and wants to trick people; Martin, the follower with a penchant for baked beans.",2023-10-08T13:00:41Z
follower,social-media,after,"The subplot featuring Bertram’s slippery, self-serving follower Parolles (Jamie Wilkes), is well executed, though at times it threatens to dominate and imbalance the plot.",2022-08-26T13:00:30Z
follower,social-media,after,"The Sunni majority country was ruled with an iron fist by Assad, a follower of the Alawite offshoot of Shia Islam who sought to project himself as a protector of minority communities.",2024-12-12T18:35:35Z
follower,social-media,after,"Araujo, 7-de la Cruz, 11-Pellistri; 19-Nuñez If you’re a devoted Premier League follower, you’ll recognize the last two names from Manchester United and Liverpool.",2024-07-02T03:15:43Z
follower,social-media,after,"Last year, Liverpool’s official social media presence on Instagram, Facebook and Twitter shot through the 100 million follower mark – excluding the popularity of individual players’ accounts – cementing their position as one of the top 10 most popular clubs in the world.",2022-11-07T19:37:24Z
follower,social-media,after,"“As a Warwickshire follower,” says Phil Russell, “it’s great to see Bethell and Mousley in the team, and hopefully Sam Hain will get more recognition before long too.",2024-11-01T01:51:17Z
follower,social-media,after,Within days the promotion ran into trouble after British model Nyome Nicholas-Williams said she had no idea her image had been used and only found out about the campaign after being sent a news story of the advert by an Instagram follower.,2022-07-31T17:34:21Z
follower,social-media,after,"This is less than we ask of factory workers.” Neither Musk nor Tesla have confirmed that he sent the memo but in a reply to a Twitter follower asking for “additional comment to people who think coming into work is an antiquated concept”, Musk wrote: “They should pretend to work somewhere else.” In the memo Musk said he would “review and approve” any cases where staff could not meet the minimum.",2022-06-01T15:13:00Z
follower,social-media,after,Simon Hughes writes sensitively for the Athletic about Rickie Lambert’s shift from lovable ex-Liverpool player to David Icke follower.,2023-09-25T05:55:18Z
follower,social-media,after,The British model Nyome Nicholas-Williams said she had no idea the image had been used until an Instagram follower sent her a news story about the poster.,2022-07-29T13:02:02Z
follower,social-media,after,"It would have been easy to miss Miznon’s opening in Soho even for a keen follower of restaurants, because it’s an international chain run by the Israeli celebrity chef Eyal Shani that serves stuffed pittas and sides such as whole roast cauliflower and lima bean stew.",2022-11-25T12:00:07Z
follower,social-media,after,It is quite possible that a Belfield follower would have physically attacked one of the eight victims in the case.,2022-10-13T16:38:09Z
follower,social-media,after,"Only the keenest follower would have recognised Yahia Attiyat Allah, a left-back from local club Wydad AC, before this tie.",2022-12-10T19:15:35Z
follower,social-media,after,"Ben-Gvir, the slate’s charismatic deputy with a large and youthful following, is a former follower of the far-right terrorist Rabbi Meir Kahane.",2022-11-02T16:58:42Z
follower,social-media,after,"Laura Greenwood, psychotherapist and maternal mental health coach, lauragreenwoodtherapy.com Do a digital cleanse Just because you’ve been a long-time follower of a social media account, it doesn’t mean it’s serving your wellbeing.",2023-04-10T09:00:15Z
follower,social-media,after,"As a younger man, Ben-Gvir was a follower of the late Rabbi Meir Kahane, a US export who ran foul of the law in both countries.",2022-10-31T17:38:45Z
follower,social-media,after,"It’ll be all worth it!” Seth Meyers After a disappointing midterms performance, “Republicans are furiously pointing fingers at each other looking for someone to blame,” said Seth Meyers on Late Night, “and honestly it’s kinda fun to watch.” The Alabama senator Mo Brooks, a loyal Trump follower, said last week that the ex-president was “dishonest, disloyal, incompetent, crude” – “which is true, but Trump didn’t prove that last week”, Meyers said.",2022-11-15T16:27:19Z
follower,social-media,after,"As an avowed follower of Kent, all I can say, after the months and months of overblown hype is: Zak, what the eff!?",2025-11-21T11:00:44Z
follower,social-media,after,"Her digital incarnation is the last of many reinventions: she is seen as discontented daughter, innovative painter, Esalen follower and student activist – present at Kent State University in the 70s when students protesting against the escalation of the Vietnam war were shot by national guardsmen.",2022-11-06T10:30:16Z
follower,social-media,after,"More famous content creators, those with follower counts running into six or seven figures, command high fees for promotional videos; these fresh wannabes are happy to get paid in free clothes, which cost pennies to make, and their recommendations often come across as more reliable to viewers because they are less obviously corporate shills.",2022-10-17T18:00:29Z
follower,social-media,after,Her Twitter follower count increased by 30% between October 2022 and July 2023.,2023-07-07T11:00:30Z
follower,social-media,after,"In the days since Musk’s $44bn (£34.5bn) acquisition offer was accepted by Twitter’s board, hundreds of thousands of users have closed their accounts on the site, the company confirmed, leading to a dip in follower numbers for left-leaning politicians and celebrities such as Barack and Michelle Obama, Taylor Swift and Jeremy Corbyn.",2022-04-28T15:04:46Z
follower,social-media,after,"“While we continue to take action on accounts that violate our spam policy which can affect follower counts, these fluctuations appear to largely be a result of an increase in new account creation and deactivation,” a spokesperson said.",2022-04-28T15:04:46Z
follower,social-media,after,"Ben-Gvir, a former follower of the banned Kach terrorist group with a conviction for inciting racism, has promised to support legislation that would alter the legal code, which could help Netanyahu evade a conviction in his corruption trial.",2022-11-02T18:36:13Z
follower,social-media,after,"There needs to be a lasting legacy.” John has more prosaic concerns: “My only worry is that he’ll be knocked off his bike on a country lane.” Since becoming a full-time follower, I have noticed a distinct cross-generational aspect, with parents indoctrinating their offspring.",2022-04-27T05:00:18Z
follower,social-media,after,"Yamagami had targeted Abe, he told police, because he believed the politician was a supporter of the church, which he blamed for destroying his family after his mother, a follower, donated more than 100m yen (£627,000) to the group two decades earlier.",2023-01-10T08:47:03Z
follower,social-media,after,"In a reply to a Twitter follower asking for “additional comment to people who think coming into work is an antiquated concept”, Musk wrote: “They should pretend to work somewhere else.” By contrast, software giant Atlassian told employees in mid-2020 they never needed to come back into the office.",2022-06-03T09:05:25Z
follower,social-media,after,"The contrast was used to paint Starmer as a diligent rule-follower and Johnson as a serial rule-breaker, given that the prime minister’s repeated denials that no parties were held in Downing Street during lockdown have been proven to be untrue.",2022-06-13T09:54:31Z
follower,social-media,after,"But where Beard focused on first-century Pompeii, and Davidson on fifth-century BC Athens, Vout’s canvas is vast, taking her on a 1,000-year journey from a close read of a sixth-century BC ceramic bowl decorated by the painter Sophilos, to St Jerome advising a female follower in the fifth century AD to express holiness by starving herself almost to death.",2022-09-08T06:30:09Z
follower,social-media,after,"In fact, there could be several degrees of book-handling, from the low-cost (four leaves in each to be dog-eared, and a tram ticket, cloak-room docket or other suitable bookmark inserted), to the high-end, which would have pencilled marginalia added (“Yes, but cf Homer, Od, iii, 151”; “I remember poor Joyce saying the very same thing to me”; and even forged messages of gratitude from the author – “From your devoted friend and follower, K Marx”).",2022-04-15T17:09:44Z
follower,social-media,after,An elegant surface reading cleanly superimposed over a precise cryptic meaning: I am an old-fashioned follower of the Ximenean tradition and a stickler for compliance with the rules.,2022-09-05T10:17:02Z
follower,social-media,after,"“As a Brentford supporter and therefore the follower of a club without the cushion of Saudi Arabia’s billions, reading them complaining about Isak’s behaviour whilst benefiting from exactly the same behaviour by Wissa at Brentford is (mild) hypocrisy.",2025-09-01T21:27:39Z
follower,social-media,after,"Dr Fiona Thompson Shipley, West Yorkshire • In the 1960s, in an effort to make our Latin lessons more fun, our very charismatic teacher, Mrs Howard, gave us the task of translating popular songs into Latin; Cliff Richard’s The Young Ones was relatively straightforward, rather more challenging was The Kinks’ Dedicated Follower of Fashion, in particular the line “and when he pulls his frilly nylon panties right up tight”.",2022-04-08T16:09:41Z
follower,social-media,after,"Even when I’m looking at these deals getting bigger, my follower numbers getting bigger, for me, it’s not about the money, but about what we can do, and what’s next.",2022-11-09T12:00:28Z
follower,social-media,after,"The branch’s president, Tomihiro Tanaka, told a press conference that Yamagami’s mother became a follower in the late 1990s, adding that the family had suffered financial ruin around 2002.",2022-07-12T04:43:23Z
follower,social-media,after,"It isn’t just levelled at Conservatives: I get racist abuse online – and not just from low-follower accounts – for being a “race traitor” for deviating from views some consider to be acceptable, a form of racism no less hurtful than other kinds.",2022-10-30T08:00:22Z
follower,social-media,after,"The organisation had no advanced plans to commit a terrorist act but the court found Benbrika praised Osama bin-Laden and those responsible for attacks in London and Madrid, encouraged training in the use of knives to maim non-believers, exhorted a follower to not just kill a few people but to “do a big thing”, and referred to killing a thousand people to coerce the government into withdrawing Australian troops from Muslim countries.",2022-11-18T14:00:31Z
follower,social-media,after,But the one thing worse than having the world’s primary reserve currency is not having it – and being a monetary follower rather than a leader.,2022-10-17T11:30:03Z
follower,social-media,after,The report by the UN group said: “Johal is a follower of the Sikh faith.,2022-06-03T11:23:50Z
follower,social-media,after,"A former follower of the banned Kach terrorist group, with a conviction for inciting racism, he has promised to support legislation that would alter the legal code, which could help Netanyahu evade a conviction in his corruption trial.",2022-11-01T21:25:12Z
follower,social-media,after,"It can be something as small as sharing something on social media to their often male-dominant follower base, which helps our game gain traction or shifts the narrative.",2022-07-29T00:07:37Z
follower,social-media,after,"With the new “soft block” feature, users can remove followers by going to their profile page, clicking “followers” and then the three dot icon next to the follower’s name, and selecting “remove this follower”.",2021-09-08T14:22:43Z
follower,social-media,after,The former follower will not be notified by Twitter.,2021-09-08T14:22:43Z
follower,social-media,after,"Unlike blocking, which stops someone from viewing a user’s tweets and sending them direct messages, their tweets will simply no longer appear automatically in the removed follower’s timeline.",2021-09-08T14:22:43Z
follower,social-media,after,"According to Bloomberg, Twitter is planning a series of trials to give people more privacy options, with the follower removal and safety mode tests among the first.",2021-09-08T14:22:43Z
follower,social-media,after,"“That is where we are still struggling as a country, because we invest a lot in leadership, which is good, but we have a very weak ‘follower-ship’.” The organisation taps into informal but powerful financial associations for women (chamas) in low-income areas that have historically campaigned for male leaders.",2022-08-24T05:30:26Z
follower,social-media,after,"Like Tahsin, he joined TikTok during lockdown, at the request of his daughter: “She wanted another follower,” he says.",2023-04-16T10:00:09Z
follower,social-media,after,"The Wisconsin Rapids Tribune reported that Roemer presided over a number of high-profile cases, among them one from 2008 that involved the leader of a religious sect who ordered a follower to hide a 90-year-old woman’s corpse in a toilet in her home for two months while he pocketed social security payments issued to the deceased.",2022-06-04T21:15:06Z
follower,social-media,after,"She still hasn’t hasn’t explained her absence to her not insubstantial follower base – all 24,000 of them.",2022-11-11T14:00:14Z
follower,social-media,after,"In January, a follower of the University of Cosmic Intelligence, Damien Winslow Washam, was arrested after allegedly attacking several members of his family with a samurai sword, killing his mother.",2022-09-11T09:00:27Z
follower,social-media,after,Somsak doesn’t obsess over his follower count and number of likes.,2022-07-25T00:00:20Z
follower,social-media,after,"She has been a dedicated follower of the Lionesses all her life – but trying to watch games at pubs, even in big tournaments, has always been a deeply unsatisfying experience.",2022-07-31T05:00:45Z
follower,social-media,after,QAnon follower who chased officer on January 6 convicted of felonies A QAnon conspiracy theorist who led a pack of Donald Trump supporters that chased a solitary police officer around the US Capitol on the day of the January 6 attack has been found guilty of several felonies.,2022-09-26T09:35:56Z
follower,social-media,after,"Payment can come from a number of sources, which include: brands that pay influencers to promote their products; YouTube’s partner programme, which offers a cut of the advertising revenue from ads accompanying the videos; loaning or giving products or services in exchange for a review or endorsement; follower donations or purchases of an influencer’s own products; and funding schemes offered by TikTok, Snapchat and Instagram.",2022-05-29T18:36:21Z
follower,social-media,after,Co-author Renee DiResta said that other pages appeared to be building large follower counts to increase their resale value.,2024-04-21T05:17:56Z
follower,social-media,after,The rightwing politician was a happy Trump follower but made the mistake of saying it was time to look ahead to future elections and not focus on Trump’s loss in 2020’s election – which Trump falsely says was stolen from him.,2022-05-24T20:44:10Z
follower,social-media,after,The index to Justice Steyn’s ruling is endearingly revealing in its own way: “The Flooded Basement Post”; “The Soho House Posts”; “Ms Rooney’s Decision to Remove Ms Vardy as a Follower”.,2022-07-30T06:00:18Z
follower,social-media,after,"“As a United follower for a long time,” says John Smith, “all I can say is there needs to be a huge shake-up with the organisation as it stands now.",2023-12-02T23:28:45Z
follower,social-media,after,"The pieces – which were made in Bruges in 1654 by Corneille Schutz, a follower of Rubens – were stolen by René Alphonse van den Berghe, better known to the Spanish public as Erik the Belgian.",2022-02-21T13:33:47Z
follower,social-media,after,"As a Premier League follower and fan, I have to say, The Fiver adds little to my understanding of culture or humour.",2022-09-06T14:56:58Z
follower,social-media,after,"All bring energy and excitement, engaging the regular follower and those new to the sport.",2022-07-20T11:55:18Z
follower,social-media,after,"Daemon’s consort Mysaria (Sonoya Mizuno) is starting to develop into one of the series’ most interesting characters: with hints of both Daenerys’s maidservant Missandei and Tyrion’s “camp follower” Shae, she’s clearly a woman who knows her own mind and isn’t afraid to speak it.",2022-08-29T21:05:06Z
follower,social-media,after,"It’s 20 minutes until we’re back in the Tower Ballroom… Another email just in from Strictly fan and eager liveblog follower, Iain Crofts in Montreal: If I weren’t frozen out from voting on Strictly by being in Canada, I would usually be voting for Sarah and Vito this season.",2024-11-17T20:36:30Z
follower,social-media,after,"“Our updated enforcement on QAnon content on Twitter, along with routine spam challenges, has resulted in changes in follower count for some people’s Twitter accounts.",2021-01-20T02:14:46Z
follower,social-media,after,"In some cases, these actions may have resulted in follower count changes in the thousands.” The action reportedly caused follower counts among Republican politicians to drop, and appears to have had a similar impact on the follower count of a number of rightwing Australian politicians, according to social tracking site Social Blade.",2021-01-20T02:14:46Z
follower,social-media,after,"One of the more active Liberal MPs on Twitter, Dave Sharma, has increased his follower count by 302 in the past 30 days, losing just 21 followers around the time of the purge, to take his follower count to 8,719.",2021-01-20T02:14:46Z
follower,social-media,after,"The prime minister, Scott Morrison, lost 757 followers over the course of two days this month, but has made up for the losses to increase his follower count by 8,383 to 514,868.",2021-01-20T02:14:46Z
follower,social-media,after,"Labor leader Anthony Albanese did not record any loss in followers across any of the days, increasing his follower count to 254,215, up 3,504.",2021-01-20T02:14:46Z
follower,social-media,after,"Defining herself through a prism of follower counts and male approval, Dimple has no idea who she really is.",2022-04-27T06:30:20Z
follower,social-media,after,"You didn’t need to follow football to know who Rebekah Vardy was; you didn’t have to be on Instagram to know that Coleen Rooney, suspecting someone was selling nuggets from her personal life to the Sun, smoked out the culprit by fabricating a story, restricting her follower count to one person – Vardy – then waiting for it to hit the showbiz pages.",2022-12-09T13:00:42Z
follower,social-media,after,"The ONS – like the Bank, OBR and Treasury – is a natural follower, not a leader.",2022-04-23T16:00:00Z
follower,social-media,after,"Throughout her life, she regarded herself as a painter, which is where she began as a student, a dutiful if belated follower of both abstract expressionism and of Cézanne.",2022-09-07T17:18:27Z
follower,social-media,after,"As a Premier League fan and follower, The Fiver gives me this added understanding of culture, idiosyncrasies and sense of humour (or not) of your country and people.",2022-09-05T15:12:35Z
follower,social-media,after,"“The first follower will have to be very special,” he said, sitting down in the refectory to escape the midday sun.",2022-08-06T14:00:16Z
follower,social-media,after,"In true Chandrasekhar fashion, rather than focusing on the revered persona of Gandhi, she concentrates on his assassin, Hindu nationalist Nathuram Godse, seeking to get to the heart of his journey from avid follower of Gandhi’s doctrine of non-violence to killer.",2022-05-16T07:00:53Z
follower,social-media,after,"“I’d prefer to have just one follower rather than do something that’s not me and have a thousand followers,” she says.",2022-07-27T05:18:48Z
follower,social-media,after,"I mean no disrespect to him.” Schmeck, from Central Point, also said he was not a “Trumper” but rather a “free-thinking American and follower of Jesus Christ”.",2021-12-26T13:10:09Z
follower,social-media,after,"DePape was reportedly a follower of the rightwing conspiracy theory QAnon and had a blog where he embraced conspiracy theories about January 6, the 2020 election and Covid.",2022-10-28T22:50:22Z
follower,social-media,after,"He just kind of disappeared.” David DePape appears to have an online blog filled with conspiracy theories about the government, media and tech companies, and appeared to be a follower of the QAnon conspiracy theory, according to the newspaper.",2022-10-28T22:50:22Z
follower,social-media,after,A California parole panel recommended the release of Charles Manson follower Patricia Krenwinkel for the first time in in more than five decades.,2022-05-27T12:05:35Z
follower,social-media,after,His gestures at viciousness in the light of Trump’s vast villainy cast him as a follower seeking to be the leader.,2023-07-31T06:00:31Z
follower,social-media,after,"Wingard called for people to need to be identifiable on social media, pointing to an incident on Instagram where a “burner account” with one follower commented a monkey emoji on a photo of 10 AFL players.",2022-02-01T09:12:43Z
follower,social-media,after,"The man behind Plant A Tree Co, 23-year-old Floridian Zack Saadioui, appears to run several of these sorts of Instagram accounts, that drive engagement and follower counts through promising to donate to charity on behalf of those who follow his accounts and post stories linking to the account.",2021-11-17T11:45:35Z
follower,social-media,after,"This sort of social media tactic is a very easy and cheap way to improve follower counts, and get more engagement on social media.",2021-11-17T11:45:35Z
follower,social-media,after,"And it has made me – a neurotypical, type-A rule-follower, squarely-in-the-box operator, former spelling bee champion and perpetual list-maker – into a much more fluid person and creative thinker, willing to let go of my rigid routines.",2021-03-13T06:00:55Z
follower,social-media,after,"Despite doubling down on the claim, tweeting “Bet ya a signed dollar it’s true” to one follower, and hiring a private investigator to find out whether the diver really was a paedophile, Musk managed to convince a US court that the claim was a meaningless insult and avoided libel damages.",2022-04-06T10:45:22Z
follower,social-media,after,"My husband, more of a rule follower, was uneasy at me going off-piste.",2022-03-06T07:00:46Z
follower,social-media,after,I was once a big follower of the “Church of Oprah” but I’ve since gained a slightly more objective view.,2022-03-01T16:30:18Z
follower,social-media,after,"Santos, a follower of the Umbanda faith, said she would seek spiritual protection to ward off bad energy as she spearheaded Mocidade’s quest for glory.",2022-04-21T04:00:45Z
follower,social-media,after,"In the hours after Russia launched its aerial bombardment of Ukraine, the Twitter account of a longtime follower of the QAnon conspiracy movement remarked that approximately 30 biolabs were dotted across Ukraine.",2022-03-18T07:00:51Z
follower,social-media,after,"I mean pro-bowling was really popular when I was growing up, and I never became a follower.",2024-01-03T23:17:14Z
follower,social-media,after,Keith is a devoted if ill-informed follower of wabi-sabi – a Japanese aesthetic tradition that celebrates transience and decay.,2022-06-22T11:00:44Z
follower,social-media,after,"“But then it is a very male-laden story.” He has considerably expanded the time spent on the stage by Jesus’s mother, Mary, as well as Veronica, who wipes his face, and Mary Magdalene, considered to be his closest female follower, and he has introduced the role of Pilate’s wife, previously mentioned only by a male servant who voiced her objection over Jesus’s treatment.",2022-05-14T07:00:02Z
follower,social-media,after,"There was blood and smoke everywhere.” How conspiracy theory about Ukrainian ‘bioweapons labs’ took off In the hours after Russia invaded Ukraine, a longtime QAnon follower tweeted that approximately 30 US-funded ‘biolabs’ were dotted across Ukraine.",2022-04-15T20:00:41Z
follower,social-media,after,She takes us to a VIP influencer party with a “million follower” policy.,2021-12-01T07:30:01Z
follower,social-media,after,"Trump will be joined on stage by Kari Lake, a former television news anchor and dedicated follower of Trump’s who is running for the state’s open Senate seat.",2024-10-25T01:05:12Z
follower,social-media,after,"No joke.” One follower, called Fiona, told of being “locked out of the house by husband when he went to get our takeaway Sunday lunch from the pub.",2021-05-02T21:21:11Z
follower,social-media,after,"“How did Jennifer react?” came one reply, referring to Edmondson’s wife, the actor Jennifer Saunders, to which another user hypothesised: “It was her that closed the window!” A user called Henning spent his bank holiday trying to extricate a recently completed watercolour painted that had slipped down the back of a radiator, while one follower called JRae said that she “took the kids out on their scooters and my eldest got to a really steep hill and said, ‘No way am I going down there.’ I told him kids these days are wimps, and I proceeded to scoot down … crash spectacularly and possibly fracture my elbow!” Others also shared stories of their time off, with one mentioning that their dog had pushed them into a pond, while another made friends with a pigeon that would not leave them alone.",2021-05-02T21:21:11Z
follower,social-media,after,I may not be a devout follower of the cult.,2022-05-15T05:00:21Z
follower,social-media,after,"He blames Ripley’s rather than Kardashian and says that, within a day of posting the images, his follower numbers soared from 60,000 to 80,000.",2022-07-04T05:00:34Z
follower,social-media,after,"Boris Johnson, not a football follower but a politician who knows how to read the signs of the times, found the right register of response: “These clubs, these names,” he said, “originate from famous towns and cities in our country.” They should not be “dislocated” from these places “without any reference to fans and to those who have loved them all their lives”.",2021-10-15T17:37:51Z
follower,social-media,after,He was a vice-president of the British Humanist Association and a devoted follower of Aberdeen football club.,2022-01-14T15:32:21Z
follower,social-media,after,"Kelly Loeffler, the Republican US senator from Georgia who has embraced a follower of the toxic rightwing conspiracy theory QAnon in a desperate bid to hang on to her seat, squared off with her Trump-supporting rival and the leading Democratic candidate in their first debate on Monday.",2020-10-19T23:44:23Z
follower,social-media,after,"In the summer of 2021, more than a year since I had last seen my photo in Reductress, I received a notification from a follower on TikTok.",2023-04-08T09:00:18Z
follower,social-media,after,One follower told her Leo reminded her of her childhood peke; another said he had provided comfort through a health crisis.,2021-12-23T15:00:05Z
follower,social-media,after,"Again, we should take heed: the climate apocalypse is coming, and you’re worried about your follower count?",2022-02-14T12:02:16Z
follower,social-media,after,"With ever-growing follower numbers and the sheer amount of exposure each of their posts have, it is no surprise how valuable content from these celebrities can be.” Under the UK advertising code, which is enforced by the Advertising Standards Authority, paid promotions on social media are meant to be clearly marked so as not to mislead consumers.",2021-06-30T15:05:53Z
follower,social-media,after,"HopperHQ compiles the list by analysing factors including average engagement, how often an Instagrammer posts and a range of variables, including follower numbers, to estimate what a celebrity could charge a brand for a sponsored post.",2021-06-30T15:05:53Z
follower,social-media,after,I am a reluctant follower of rules.,2021-11-04T12:30:34Z
follower,social-media,after,"I had a pretty severe eating disorder when I was a teenager and I often wonder whether I would have recovered if I had lived in a world with Instagram, Facebook, Snapchat and TikTok; an image-obsessed world of likes, retweets, follower counts and filters.",2021-09-28T16:00:26Z
follower,social-media,after,"Asked about DeSantis’s glitch-filled launch, Clinton Vos, 63, said: “I knew that it was going to happen today on Twitter but I’m not a Twitter follower.” Curtis Kull, 30, was asked if he’d heard about DeSantis and Elon Musk’s difficulties.",2023-05-25T20:00:28Z
follower,social-media,after,"In modern biology, such ideas were first explored and popularised by Darwin’s half-cousin Francis Galton and his follower Karl Pearson at University College London.",2022-01-30T07:00:14Z
follower,social-media,after,"In the following two weeks Rennick’s follower count tripled, expanding his reach with videos of people claiming to have suffered adverse events from Covid-19 vaccines.",2021-12-08T08:54:35Z
follower,social-media,after,“This my first as a regular MBM follower and have thoroughly enjoyed it.,2022-05-29T17:39:36Z
follower,social-media,after,“I’ve only been an avid follower since it became available to watch here in the USA!,2022-05-29T17:39:36Z
follower,social-media,after,"On Instagram, follower numbers leaped 254%.",2021-06-21T05:00:43Z
follower,social-media,after,"On Twitter, follower numbers climbed 61%.",2021-06-21T05:00:43Z
follower,social-media,after,25 min: Emmetten has got in touch about the celebrity sightings and said: “Celebrity is pushing it but as a regular clockend and away day follower in the 80s - It was common to see Stewpot Stewart from Grange Hill amongst the Gooner fraternity.” I think they count as celebrities!,2023-03-29T21:11:24Z
follower,social-media,after,"Three months later, she started posting content to a small follower count of 100.",2021-11-16T16:30:13Z
follower,social-media,after,"“Our updated enforcement on QAnon content on Twitter, along with routine spam challenges, has resulted in changes in follower count for some people’s Twitter accounts.",2021-01-12T05:06:59Z
follower,social-media,after,"In some cases, these actions may have resulted in follower count changes in the thousands.” QAnon backers have pushed conspiracies on social media that include the baseless claim that Trump secretly is fighting a cabal of child-sex predators, among them prominent Democrats, figures in Hollywood and “deep state” allies.",2021-01-12T05:06:59Z
follower,social-media,after,"“I think that’s a reasonable thing to say.” “Tim believes that the world has really been taken over by … Luciferian paedophiles and that is represented by the left, the radical left,” the ABC quotes a “sister of a QAnon follower” as saying.",2021-06-11T06:32:20Z
follower,social-media,after,One follower wore an orange replica jersey with “NOT SORRY 17” printed on the back.,2021-10-27T11:28:25Z
follower,social-media,after,"However, in 2010 Rice once again renounced Christianity, saying that while she was still a follower of Christ she could not reconcile herself with many of the church’s beliefs – particularly on same-sex marriage, Christopher being a prominent gay rights activist.",2021-12-15T15:13:06Z
follower,social-media,after,"This is not to argue that every lonely person is about to become a QAnon follower or a Proud Boy, but we should recognize that our isolated and atomized society – made all the more so because of Covid and, in some way, our technology – comes with risks attached.",2022-02-09T11:16:04Z
follower,social-media,after,"What we learned Theaster Gates opened up to us about pottery, music and Obama’s library Gilbert &amp; George chatted over breakfast London has more statues of animals than of named women Our art critic made an appearance in the Beano A robot artist will be showing its work at the Great Pyramids – if it can clear customs Syrian refugees have turned aid into art … while Philadelphia artist Lydia Ricci sculpts out of scraps Spencer Tunick shot another large-scale nude Artist John Giorno got the FBI interested in poetry In Düsseldorf, 90s fashion photography is back in vogue A new show celebrates the architectural eccentricities of Becontree estate … while Welwyn Garden City turns 100 … … and change is in the air at the Reach estate in Thamesmead Grayson Perry is taking questions Guardian photographer Tristram Kenton selected his finest shots of the ballet Magnum is having a print sale There is more Aboriginal art on show in South Australia Prolific Holocaust artist Boris Lurie never sold a painting Little Amal, a 3.5-metre puppet, has been making her way across Europe … making spectators uncomfortable as well as charming them Basil Watson has designed a statue to commemorate the Windrush generation DeLovie Kwagala led the winners of this year’s East African photography awards Dalí’s “lips” sofa was a collaborative effort The Garden of Earthly Delights has blossomed into a 21st-century artwork The National Gallery’s Raphael exhibition has opened in cinemas Street photographer Janet Delaney caught New York unawares … … and a painter at work … while Sophie Green documents British subcultures … … and Tom Wood has photographed Ireland over decades The patrons of Frieze art fair dressed for the occasion LS Lowry’s Auction is going under the hammer Enniskillen celebrated its Oscar Wilde connection with a golden work of public art Mel D Cole’s best photograph captured a moment from the BLM protests in New York Dimitris Papaioannou has brought myth, optical illusion and slapstick to Sadler’s Wells We looked inside the famous homes of five artists Photographer Mario Heller spent three weeks on trains documenting life in Kazakhstan A £120m government-backed public arts festival will include an “almost indescribable” artwork viewed with eyes closed The Observer reviewed Anicka Yi’s Turbine Hall installation at Tate Modern … as well as the Barbican’s exhibition of the work of Japanese-American sculptor Isamu Noguchi Ant-whispering photographer Stephen Gill has come up for air in his home town of Bristol A statue of Maria Callas has hit the wrong note Ai Weiwei mourned the death of documentary producer Diane Weyerman at 66 Architect Owen Luder has died, aged 93 Ghanaian-born artist Atta Kwami has died, aged 65 Masterpiece of the week A Bacchanal, follower of Dosso Dossi, 1525 This orgy in the countryside is a raw and racy take on a classical theme.",2021-10-22T15:45:36Z
follower,social-media,after,"Earlier this year, Boebert said in an interview that she was “very familiar” with the QAnon conspiracy theory, but she stopped just short of saying she was a follower.",2020-07-01T19:12:48Z
follower,social-media,after,"An in-depth podcast series by the New York Times called Rabbit Hole at one point featured a former QAnon follower who finally realizes she’s been duped but explained how easily the theory and messages from online followers suck in ordinary people who would not think of themselves as rightwing radicals and are just churchgoing “middle Americans” feeling anxious, lost and down on their fortunes, and finding something to belong to that strikes such a powerful chord.",2020-07-01T19:12:48Z
follower,social-media,after,"He was a talented gymnast, and an enthusiastic follower of mixed martial arts, and he wanted to be baptised.",2022-08-03T05:34:57Z
follower,social-media,after,"But overall it was a very good round.” Geoff Wignall joins in the debate kicked off by Ian (below): “I’m not the greatest golf fan or follower, but I do know that a succession of golfing greats have long been vocal in their love of links golf and the challenge of the Open.",2024-07-19T20:18:40Z
follower,social-media,after,"On Friday the theatre announced reopening plans which will include a new musical based on Sleeping Beauty; and a new play for the Olivier stage telling the story of Nathuram Godse, the devout follower of Gandhi who became his assassin in 1948.",2021-06-04T15:56:48Z
follower,social-media,after,"He’s All That swiftly proceeds through a slideshow of restaged scenes with slight 2021 hallmarks: Gatsby-themed party scene, cameo from Rae pal Kourtney Kardashian as a drolly ruthless brand manager, the ever-present stress of follower counts.",2021-08-27T07:01:11Z
follower,social-media,after,"Edwin was a collector of West Indian art and a keen follower of West Indies cricket, as well as a fan of Manchester United.",2021-05-06T17:31:50Z
follower,social-media,after,"In contrast to the golf-loving Trump, whose frequent trips to the fairways during his only term in office were matched only by his exaggerations and flat-out lies about his achievements, Biden has never professed to be an avid follower or prolific player of the game.",2021-04-18T20:48:21Z
follower,social-media,after,The point he draws from this is that it should be possible today to be a follower of Jesus as the messiah and still be regarded as an authentic Jew.,2021-04-18T10:00:05Z
follower,social-media,after,"But he found that though you have the right of return as a Jew if you are a Jewish atheist or a Jewish Buddhist, this right was denied to him as a follower of Jesus both by the government and the Supreme Court of Israel, though he later acquired citizenship through naturalisation.",2021-04-18T10:00:05Z
follower,social-media,after,"Li has proven himself to be a loyal follower of Xi - even when Shanghai’s two-month Covid lockdown caused widespread discontent and exacted heavy economic cost, Li insisted on strictly implementing the “zero Covid” policy in Shanghai according to “the spirit of the important instructions by Party Secretary Xi Jinping.” Cai Qi was the big surprise entry to the PSC.",2022-10-23T06:02:56Z
follower,social-media,after,"Comments posted on Telegram by followers of Paul Joseph Watson, a British conspiracy theorist, include: “I hope he gets killed.” Another added: “If the police weren’t there, he could and should have been lynched.” On the same thread, another follower wrote: “I hope people track him down.” One user on an anti-lockdown Telegram channel wrote that it was “payback time”.",2021-06-20T07:30:17Z
follower,social-media,after,"The previous day he deleted the post, which was a response to a follower’s congratulations for scoring twice in the 3-2 victory.",2020-12-01T16:11:31Z
follower,social-media,after,"And you’d see a tweet here or there and you’d say: ‘That’s good, I’ll take that’.” If you aren’t an obsessive follower of UK political news or – like most of the world – don’t spend much time on Twitter, then you might be wondering why we’re writing about the closure of a single news aggregation account.",2022-01-12T11:45:39Z
follower,social-media,after,"By controlling these other features – such as the follower count, verified accounts and the use of multimedia in tweets – the authors set out to assess whether the use of sentiment terms affected the probability of retweets.",2021-04-13T10:02:02Z
follower,social-media,after,"• Other recently amended articles include: California governor blocks parole for Manson follower Leslie Van Houten Russian warship ‘threatens to ram’ US destroyer Five factors that helped US democracy resist Trump’s election onslaught Intelligence firm Black Cube ordered to pay £350,000 to Israeli TV show",2020-12-01T21:00:10Z
follower,social-media,after,"A naked satyr balances on a bag of wine, a follower of Bacchus dances in solitary delight.",2021-10-05T15:57:58Z
follower,social-media,after,"For years I have taken so many small, 2-follower count punches that at this point, I am honestly deeply bruised.” Shortly after, the account was deactivated.",2021-03-25T12:40:11Z
follower,social-media,after,"In an interview with the Guardian last June, a fellow activist described Gugino as committed to non-violence and a follower of the Catholic Worker movement, a group that advances peace and justice.",2021-02-11T23:58:47Z
follower,social-media,after,"I got some horrible abuse but twice as many messages of support, and my Twitter follower number went sky-high.” McDermid Ladies went to a Wetherspoons before that first match which took place in a media frenzy.",2022-05-28T19:45:39Z
follower,social-media,after,"An Iowa construction worker and QAnon follower was sentenced earlier today to five years in prison for his role in the January 6, 2021, insurrection at the US Capitol, when he led a crowd chasing police officer Eugene Goodman, who courageously diverted rioters away from lawmakers.",2022-12-16T21:00:06Z
follower,social-media,after,"“I have, like, one follower.” Her avoidance is “not out of rebellion, but boredom.",2022-04-16T08:00:03Z
follower,social-media,after,"The Great Bear, or Ursa Major, was once the Arcadian princess Callisto, a celibate follower of the hunter goddess Artemis.",2021-04-07T17:38:02Z
follower,social-media,after,"Also in Kimmel’s blast radius was Georgia Rrepresentative and QAnon conspiracy follower Marjorie Taylor Greene, who compared Nancy Pelosi’s continuation of the mask mandate in the House, where less than half of Republicans have reported their vaccinations, to Nazi Germany.",2021-05-25T15:49:48Z
follower,social-media,after,The most assiduous and perceptive follower of the money is David Conn.,2021-04-29T14:00:07Z
follower,social-media,after,"”Long-time OBO follower, first-time emailer!",2023-07-22T17:41:17Z
follower,social-media,after,"What we learned Britons still on furlough are most likely to be arts and creative workers Surrealism, Cornelia Parker and Cézanne are highlights in 2022’s Tate season Homeless artist Richard Hutchins became an Oprah-endorsed sensation Oscar Murillo’s bad-boy fantasies have been undone by sensible teens The National Gallery of Australia will return artworks worth a combined £1.5m to India … … while it’s warned the country’s Covid-hit arts sector won’t survive without government help UK cuts to university arts funding are to gag criticism, says Turner prize winner Helen Cammock Tony McGrath was an outstanding photographer and the Observer’s picture editor … … whose reportage covered wars, famine and the icons of his age Artist Colin Painter dedicated his career to encouraging participation in the visual arts Found cassette tapes tapes shone fresh light on Dennis Severs and his unusual London museum The secrets of Seville cathedral’s doors reveal a wealth of historic detail The defaced George Floyd statue moved to Manhattan Liverpool’s Three Graces must be blushing with shame, said the Observer’s architecture critic Retro Africa: Do This in Memory of Us celebrates contemporary African art in New York Oxford’s Ashmolean showed that Tokyo ‘invented modern art’ The creators of adult comic Viz revealed how they trumped the zeitgeist A new exhibition showcased three Cameroonian photographers from the ‘golden age’ of studio portraiture in west Africa Asher Milgate explored Indigenous Australian identity in his vivid landscape photography Previously unseen shots of Amy Winehouse went on show in London Departures at a Barcelona museum provoked anger in the art world Osman Yousefzada dressed Birmingham with an ‘infinity pattern’ … … while other artists had the cheek to celebrate the human bottom Henry the vacuum cleaner became an accidental design icon The World Architecture festival award announced its 2021 shortlist The Wellcome photography prize focused on mental health, infectious diseases and global heating … … while the annual iPhone photography awards offered glimpses of beauty and hope A controversial £100m Holocaust memorial has been greenlit in Westminster … … but visitors to the ‘Marble Arch mound’ in London have been offered refunds … … because it is underwhelming in person … … and was arguably a bad idea from the start The photographic selfie dates back to the 1830s Terry Aston described becoming a life model Renee Osubu produced a photo essay on black fatherhood … … photographer Charlie Phillips documented black lives in London in the 1960s and 70s … … and John Ferguson has documented people from Suffolk’s African-Caribbean community Magnum’s Chris Steele-Perkins trained his lens on Northern Ireland during the Troubles Luis Antonio Rojas’s best shot captured the tragedy of the Mexican drug trade … Masterpiece of the week Homage to a Poet by follower of Giorgione (early 1500s) The Renaissance artist Giorgione was good-looking, seductive and not only a brilliant painter but a talented lutenist and ardent lover – so the story goes.",2021-07-30T12:22:46Z
follower,social-media,after,"“I say if you can get it, get it,” said one friend, who has otherwise been a swottish rule follower.",2021-07-07T17:30:39Z
follower,social-media,after,"We prioritize likes and follower counts over meaningful, reciprocated connections.",2021-07-22T10:27:22Z
follower,social-media,after,I also knew Ron as a keen follower of football and a dedicated supporter of Aston Villa.,2020-04-19T16:35:16Z
follower,social-media,after,"The painting’s whereabouts cannot be traced earlier than 1900, when it was sold as the work of Leonardo’s follower Bernardino Luini for £120.",2021-06-13T05:15:50Z
follower,social-media,after,"But it is unapologetic about its tactics to sell warranties which, any follower of this column knows, can open up a whole new can of worms and are often not worth the outlay.",2021-01-15T07:00:31Z
follower,social-media,after,"At this peak, the pages would be banned rather quickly (a large follower count vastly increases the likelihood of reports).",2021-07-15T10:21:38Z
follower,social-media,after,"But the tiny firm did have one thing going for it: its CEO, Doug Logan, a self-proclaimed “follower of Jesus Christ” and proud father of 11, was on record attacking the 2020 election as riddled with fraud.",2021-06-09T10:00:32Z
follower,social-media,after,"“If given the chance, will you try again to repeal the Affordable Care Act and strip health-care access away from millions of Americans?” Are you a follower of American politics in your 30s or older?",2022-09-23T20:01:24Z
follower,social-media,after,"When we started it, Crikey wrote an article about the account’s follower rise without ever checking to see whether the followers were all eggs, which they were because I paid $60 to get 70,000 fake ones so that we aesthetically mirrored the real @triplejhack Twitter account as closely as possible.",2021-09-22T17:30:27Z
follower,social-media,after,You don’t need to be a follower of fashion to comprehend the importance of choosing a winter coat.,2021-01-29T07:00:40Z
follower,social-media,after,"The possible misattribution may be understandable: Ribera, the son of a shoemaker, studied in Rome and was a noted follower of Caravaggio and an admirer of his use of chiaroscuro, the use of strong contrasts between light and dark.",2021-04-08T14:46:46Z
follower,social-media,after,"Angela Stanton King, who is running in Atlanta, Georgia, for the congressional seat once held by the late civil rights icon John Lewis, told the Guardian in an on-camera interview she believed the debunked conspiracy theory while continuing to deny she was a follower of QAnon.",2020-10-15T15:01:26Z
follower,social-media,after,"When asked to explain this post, Stanton King once again denied being a follower of the movement and stated: “It was raining that day.” Weather reports on 6 August in Atlanta indicate it was hot with no precipitation.",2020-10-15T15:01:26Z
follower,social-media,after,He’d been a lifelong follower.,2021-06-29T09:00:06Z
follower,social-media,after,"The request comes after French president, Emmanuel Macron, visited China last month and sparked controversy by saying that Europe should not be a “follower” of either Washington or Beijing or get caught up in any escalation over the future of Taiwan.",2023-05-10T17:55:45Z
follower,social-media,after,"When he was just a follower of a doctrine, Mr Johnson could claim that if things went badly he or his creed weren’t entirely responsible.",2021-02-15T19:02:02Z
follower,social-media,after,"Zeck’s 85,000-follower Instagram page hosts a range of misleading claims, including that the Covid-19 virus has never been isolated.",2021-04-11T05:45:27Z
follower,social-media,after,"The difference in intent, the way the FBI could have interpreted the men’s words as an actual terror threat, is perhaps best summed up by Burson Augustin, a follower of Batiste who was sentenced to six years in prison: “We grew up from nothing, we grew up from watching people that we love die, get shot in the street.",2021-08-09T14:58:41Z
follower,social-media,after,In the post – which was later deleted – the words “gracias negrito!” are used to thank a follower congratulating Cavani on his performance in the match at St Mary’s.,2020-11-30T00:16:45Z
follower,social-media,after,"Angela Stanton King, a GOP congressional candidate and high-profile ally in Trump’s fight to win over Black voters, also admitted to believing the baseless conspiracy theory even while denying she was a QAnon follower.",2020-11-04T02:31:54Z
follower,social-media,after,“Nobody could ever oppose that – except for the 12 Republicans who opposed that.” Colbert referred to the oppositional group – 11 white men and the QAnon follower Marjorie Taylor Greene of Georgia – who objected to the use of the term “insurrectionists” to describe the rioters as the “legion of dumb”.,2021-03-19T15:27:37Z
follower,social-media,after,"Essex, winners in three of the last four years (again including last year), should come safely through Group One and Yorkshire are favourites to win Group Three, but as every follower of the county game knows, long-range forecasts are wildly unreliable.",2021-04-04T07:00:00Z
follower,social-media,after,One follower said he would drive on through – with bull bars.,2021-02-05T17:00:17Z
follower,social-media,after,He’s the 33-year-old shirtless QAnon follower who was running around the Capitol wearing horns and brandishing a spear.,2021-01-12T15:47:07Z
follower,social-media,after,"The top 10 fitness influencers worldwide can earn between £10,000 and £37,000 per post – astronomical figures that work on a straightforward metric: your follower count multiplied by 0.003, turned into quids.( I don’t know who decided it, I just worked it out in my head).",2020-12-05T07:00:33Z
follower,social-media,after,"Throughout the pandemic, the Australian government has preferred to be a follower rather than a leader.",2021-03-10T02:25:27Z
follower,social-media,after,"If you’re a follower of international recipes, you’ll have noticed that the varieties called for in recipes from the likes of Nigel Slater and J Kenji López-Alt will often be tricky to track down at the shops down under.",2021-06-14T20:49:27Z
follower,social-media,after,Loeffler is swathed in controversy for allying herself with a congressional follower of the rightwing conspiracy theory QAnon while professing ignorance of it; voicing opposition to the Black Lives Matter movement; and being obliged to disavow a picture of her posing with a former Ku Klux Klan member.,2021-01-05T11:00:56Z
follower,social-media,after,"You inspired me a lot.” On his Facebook page, Green claimed to be a follower of Louis Farrakhan, the leader of the Nation of Islam, and said his faith in Farrakhan and the extremist group was “one of the only things that has been able to carry me through these times”.",2021-04-03T15:38:44Z
follower,social-media,after,"You will not be disappointed.” “I knew he wouldn’t fail us because I felt so sure about him and because we knew that his plan for the nation was achievable,” said Teresa Sordo Vilchis, a 71-year-old obradorista who has been a dedicated follower for more than a decade – and believes her leader has been true to his word.",2021-06-04T09:00:35Z
follower,social-media,after,"The Lament of Luther was a response to fears that the “pious man” and a “follower of the true Christian faith” had been arrested, “treacherously taken prisoner”, its author wrote.",2020-12-23T12:05:24Z
follower,social-media,after,"(That’s more than can be said for the employees of Beam Industries, who have been ruthlessly “streamlined” by Wirm.) He takes on a number of challenges to see if he is cut out to be one, including creating an elite holiday experience for young people on a budget, putting on an exhibition of influencer-inspired art, and commentating on a boxing match between two internet-famous idiots, with no previous experience of fighting that does not involve shouting follower numbers at each other.",2021-01-24T09:00:42Z
follower,social-media,after,"They reunite for what sounds like a gripping drama tracing the life of Mahatma Gandhi’s assassin, Nathuram Godse, from his beginnings as a devout follower to his radicalisation and their final encounter.",2021-12-27T06:00:45Z
follower,social-media,after,Austin Butler (who was the creepy Manson follower Tex in Quentin Tarantino’s Once Upon a Time in Hollywood) plays Elvis – though it is not yet clear if he will be doing his own singing.,2021-12-31T06:00:13Z
follower,social-media,after,"Jimmy Kimmel Late-night hosts recapped the war within the GOP this week over how to handle the Georgia representative Marjorie Taylor Greene, the extremist follower of the QAnon conspiracy movement who has claimed the Parkland school shooting was staged and endorsed the execution of the House speaker, Nancy Pelosi.",2021-02-05T16:36:22Z
follower,social-media,after,"Adventures abounded, all documented on the couple’s 42,000-follower-strong Instagram account.",2021-04-01T19:00:49Z
follower,social-media,after,"Having been a casual follower of the sport for some 20 years, Abdullah began buying racehorses in the late 70s and enjoyed almost immediate success when his Known Fact won the 2,000 Guineas in 1980, thanks to the controversial disqualification for interference of Nureyev.",2021-01-12T19:13:13Z
follower,social-media,after,"As a life-long baseball follower, I remain astonished that this hasn’t come into the game yet.” I know the square root of bugger all about baseball - I really need to watch that Ken Burns series - so excuse what may well be a moronic question.",2022-07-24T15:57:21Z
follower,social-media,after,"Green described himself as a follower of the Nation of Islam and its controversial leader, Louis Farrakhan, and spoke of going through a difficult time during which he leaned on his faith, according to recent messages posted online that have since been taken down.",2021-04-03T00:38:24Z
follower,social-media,after,"Varujan, producer and director, Bristol ‘Everyone kept asking: “When’s it going to happen with you two?”’ Paul and I met via Twitter in 2017, through a mutual follower.",2021-08-13T10:30:28Z
follower,social-media,after,"“As a resident of Norn Iron and a follower of local football, I was delighted to witness two examples of our quality matches featured on your email recently.",2021-04-16T15:54:59Z
follower,social-media,after,"After all, on 6 January, as supporters of Donald Trump stormed the US Capitol, images of the 32-year-old QAnon follower called Jake Angeli, sporting a horned helmet and face paint, became one of the defining images of the riot.",2021-02-20T09:00:28Z
follower,social-media,after,"As a longtime, old time England cricket follower, I’m loving this - the most riveting ENG team since maybe 1981.” Have googled a black balsam, does it have a touch of the mulled wines about it?",2022-12-10T12:03:42Z
follower,social-media,after,"“Being only a casual follower of cricket - I grew up in Somerset but my family’s from the west of Scotland, where I’ve lived for the last couple decades, so, y’know - I always wondered if Ian Blackwell would ever have been any good at Test level,” says James Humphries.",2023-06-10T17:09:47Z
follower,social-media,after,"By building alliances with the EU, the CCP hopes to brand itself as a keen follower of a “peacemaker”, demonstrating an alternative to “US unilateralism”.",2020-12-21T12:00:46Z
follower,social-media,after,is probably the only blues concerning menopause – and becoming a follower of the late Indian spiritual leader Sai Baba ensures spiritual rather than corporeal matters now primarily concern her.,2021-08-12T11:58:28Z
follower,social-media,after,“I think we should as artists be looking elsewhere and not relying solely on Instagram.” She says people are moving back to their personal websites and blogs (Waplington resumed directly collecting fan and follower email addresses last year).,2021-08-08T12:00:21Z
follower,social-media,after,"The group’s president, David McIntosh, has been an avid supporter of some of the most anti-democratic lawmakers elected in 2020, including Lauren Boebert, a QAnon follower and gun rights advocate from Colorado who has been criticized for tweeting the location of the House speaker, Nancy Pelosi, during the riot in the Capitol, against the advice of police.",2021-01-18T08:00:24Z
follower,social-media,after,"Instead, he largely agreed with Vardy’s lawyers, saying that the message would be read by an “ordinary reader” as a clear allegation that she personally had “frequently abused her status as a trusted follower of Ms Rooney’s personal Instagram account”.",2020-11-20T15:51:50Z
follower,social-media,after,"“They send emails with photos of paintings, often without any text, as the request is implicit: establish a monetary value for the painting, or simply express what I think about it.” The painting was attributed in the online catalogue to the circle of the 17th-century artist José de Ribera, son of a shoemaker and a notable follower of Caravaggio, but Pulini was convinced it was by Caravaggio himself.",2021-04-23T05:00:01Z
follower,social-media,after,I’ve already had a new Twitter follower from a group called Domination Sites.” This sort of confusion must happen a lot.,2020-08-12T15:54:06Z
follower,social-media,after,"For school dances in my teens, I would get dressed, come down the stairs and my dad would play Dedicated Follower of Fashion by the Kinks, which to this day I still think is a great song to help you decide what to wear.",2021-02-18T15:45:44Z
follower,social-media,after,"But he said although he is “interested” in QAnon, he is not a “follower”.",2021-02-15T16:30:27Z
follower,social-media,after,"Last year, Guardian Australia revealed QAnon had found a follower in Tim Stewart, a family friend of the prime Scott Morrison.",2021-02-15T16:30:27Z
follower,social-media,after,"He was a lifelong supporter of Leyton Orient FC, and an avid follower of the Essex and England cricket teams.",2020-09-02T16:38:56Z
follower,social-media,after,"Artemisia Gentileschi’s savage way with chiaroscuro, not to mention blades and blood-spatter, marks her out as a follower of Caravaggio while still showcasing much that is entirely her own.",2020-11-28T09:00:06Z
follower,social-media,after,"Mourinho is clearly a follower of Seligman’s learned helplessness model, itself the inspiration for black ops interrogation and ‘persuasion’ techniques.",2021-03-09T15:56:03Z
follower,social-media,after,"Tom Robertson, a wise head, emails in: “As a long-standing follower, a 1-0 lead away from home in the 70s would mean not only qualification but proof that Scotland will win the World Cup.",2021-11-12T19:06:53Z
follower,social-media,after,"To be a follower of Christ cannot, therefore, mean withdrawal from the world – especially in a time of crisis.",2020-11-25T08:00:22Z
follower,social-media,after,If election outcomes were purely a product of follower counts then political parties would just recruit Kendall Jenner.,2021-04-24T10:18:35Z
follower,social-media,after,"Tasmanian Liberal party branch votes in favour of nuclear submarine base This is several layers away from being a meaningful decision, but if you are a follower of Liberal party branch politics, it’s worth noting that members of the Kingston branch of the Tasmanian Liberals have voted in favour of the development of a nuclear submarine base in southern Tasmania.",2022-08-20T07:46:29Z
follower,social-media,after,"If you’re a follower of international recipes, you’ll have noticed that the varieties called for in recipes from the likes of Nigel Slater and J Kenji López-Alt will often be tricky to track down at the shops down under.",2021-06-14T17:30:21Z
follower,social-media,after,"Thanks Philip!” responded Rosen, letting another follower know: “Lying in bed 24 hours a day for over 2 months is not good for beards.”",2020-06-12T11:07:09Z
follower,social-media,after,"As a casual follower who’s not been able to pull themself away from the Ashes, I was kind of surprised to see that Marsh is in the squad at all.",2023-07-06T18:06:30Z
follower,social-media,after,Is that enough to prompt action from the perennial crowd-follower Johnson?,2021-01-07T15:58:18Z
follower,social-media,after,"Brexit is all but over, and his plan B of being a Donald Trump camp follower/media pundit took a significant dent at the weekend.",2020-11-11T07:00:31Z
follower,social-media,after,"“To be very clear, I do not believe everything from QAnon and would never describe myself as a follower, but I also do not believe in infringing upon any outlet’s right to discuss news or topics,” she said.",2020-05-21T15:30:48Z
follower,social-media,after,Katz traced a former LaRouche follower who had useful information.,2021-01-21T21:50:50Z
follower,social-media,after,"You could probably work it out by a process of elimination, given the location of the ad, the specificity of the follower count and the fact that all the influencer does is be an influencer.",2020-08-03T11:47:41Z
follower,social-media,after,"I don’t see that this is a central debate that anybody’s going to decide who the next president of the United States might be or where we need to deploy the FBI.” This week, Marjorie Taylor Greene, a QAnon follower, won the Republican primary for a House seat in Georgia.",2020-08-23T15:48:33Z
follower,social-media,after,"“Tahlequah in particular means a great deal to me,” said wildlife photographer Alena Ebeling-Schuld, a close follower of the whales.",2020-09-07T03:49:06Z
follower,social-media,after,"Loobyeh bil-zeyt (or runner beans in tomatoes and olive oil) I’m an avid follower of Middle Eastern cuisine, and this recipe is adapted from one in Anissa Helou’s book Lebanese Cuisine, which I have owned for all of 17 years.",2020-08-01T05:00:33Z
follower,social-media,after,"The partners have said they will employ a “leader-follower” model, with Renault the leader in Europe.",2020-06-03T07:42:40Z
follower,social-media,after,"“The birds react to personalities and not professionality or Instagram follower numbers,” he says.",2021-03-31T14:04:21Z
follower,social-media,after,The emirate is home to a vast industry of aspiration: agents and producers trained to boost follower counts; hotels and luxury brands eager to use social media as cheap advertising.,2021-04-17T11:00:32Z
follower,social-media,after,"A few influencers have turned their hard-won follower count into offline businesses, including Joelle Mardinian, whose cosmetic surgery clinic in Dubai, which sells itself as “beauty trusted by celebrities”, uses fillers, Botox and surgery to make flesh what Instagram filters and Facetune can do online.",2021-04-17T11:00:32Z
follower,social-media,after,"She remains a loyal follower of the president, with both Trump and Powell continuing to dispute the election result, despite it being confirmed by the electoral college last week.",2020-12-22T11:18:39Z
follower,social-media,after,"Rather than a tell-all by a former staffer or a burn-all by a hostile family member, the book is a paean to the president by a loyal follower with the subtitle Faith, Freedom and the Fight of Our Lives Inside the Trump White House.",2020-09-02T05:00:46Z
follower,social-media,after,"Chelsea’s biggest summer signing, Kai Havertz, has always been a keen follower of Premier League football, so he knows exactly what Jürgen Klopp has done for Liverpool in recent seasons.",2020-09-19T21:30:28Z
follower,social-media,after,"Often, Connors will include updates about the way Jade’s follower count is fluctuating – perhaps because the public was unsure how to take what she was telling them.",2020-04-23T08:00:09Z
follower,social-media,after,"“I’m here to pay my respects to her majesty, I’ve been an avid follower for many years,” said Rachel, an NHS doctor from Sandy, Bedfordshire.",2022-09-14T22:30:31Z
follower,social-media,after,I am an avid follower and I believe in the royal family’s dedication so Bobby will hear me talk about it and hopefully she’ll follow in my footsteps in being a fan.,2022-09-14T22:30:31Z
follower,social-media,after,I was never a follower.,2020-06-30T12:25:26Z
follower,social-media,after,"One of the most sensitive of all Dutch 17th-century paintings, in the Wallace Collection in London, is by Rembrandt’s follower Govaert Flinck .",2020-12-02T10:00:25Z
follower,social-media,after,"Even the earliest episodes of Keeping Up With the Kardashians (KUWTK) – before the disputed billionaire statuses, 100 million-follower accounts and sold out lip-kits – showed us a close-knit, wealthy family sheltered from many of the hardships and realities of life.",2020-10-29T13:29:52Z
follower,social-media,after,"Truly become a hopeless game, and this is coming from a former passionate football follower.” Well, yes.",2021-09-18T09:22:49Z
follower,social-media,after,"The business was set up in 2019 by two best friends – Harriet Gibson, 27 and Erin Luker, 30 – who have seen their follower count double in recent months.",2020-09-27T06:30:37Z
follower,social-media,after,"I fall in the category of those who by age and gender should be a firm men’s test follower but i really enjoyed The 100 and enjoy all forms of cricket.” As David Brooker notes by email, the Knight-Ecclestone partnership was (narrowly) England’s highest 9th-wicket stand in women’s Tests.",2022-01-29T05:40:05Z
follower,social-media,after,California’s governor has blocked the parole of a Charles Manson follower for the fourth time.,2020-12-01T11:20:14Z
follower,social-media,after,"While it’s difficult for anyone to “go viral” with 8,000 followers on Instagram – there is a clear line between who is and isn’t an influencer – people can get millions of views on their content on TikTok regardless of their follower count.",2020-08-11T07:00:29Z
follower,social-media,after,"Another Joburg follower, albeit on my way to Durban for a 50th.” That’s from Duncan Bonnett.",2023-07-28T17:59:09Z
follower,social-media,after,"It is akin to influencers’ giddy celebrations at hitting a follower milestone, which once upon a time was frowned upon as silly and is now normalised, given the undeniable ramifications on income stream and status.",2020-09-21T07:06:07Z
follower,social-media,after,"As a true-crime follower, Dean drew inspiration from a number of real-life cases, from serial killers Fred and Rosemary West to the more recent case of David and Louise Turpin, the Californian parents who in 2019 were given life sentences for torturing and abusing 12 of their 13 children.",2021-01-25T06:00:07Z
follower,social-media,after,"Villanelle is a magpie, not a fashion follower.",2020-12-27T09:00:40Z
follower,social-media,after,"Never a follower, Bobby was an observer, adapter and innovator.",2020-06-07T09:26:13Z
follower,social-media,after,"Collectives are taking over Tom Kiefer’s America is all-consuming Pet portraits are on the rise London is bracing itself for the Blob Dougie Wallace sees things subversive in Shoreditch Rivalry between Picasso and Matisse pushed the artists to greater heights Robert Klippel’s junkyard sculptures returned to the spotlight Humans were not centre stage in Palaeolithic art Lynn Goldsmith’s best photograph was for Patti Smith’s Easter album The best photographs of New York will go on sale at Bonhams Some fine images by female street photographers are on show Rodin’s controversial sculpture of Nijinksy was gifted to the V&amp;A Masterpiece of the week Narcissus by a follower of Giovanni Antonio Boltraffio, circa 1500 Lavish attention has been paid to Leonardo da Vinci in his 500th anniversary year, but this painting highlights his private life in ways you might not guess from exhibitions of his religious paintings.",2019-12-13T14:00:46Z
follower,social-media,after,"It’s ascribed to a follower of his follower, Boltraffio, but really it’s a homage to Leonardo himself.",2019-12-13T14:00:46Z
follower,social-media,after,"A keen follower of rugby union, Norman was widely read and keenly interested in politics.",2020-04-17T16:15:53Z
follower,social-media,after,Someone left a comment saying they didn’t have food and another follower sent them groceries.,2020-09-10T14:26:07Z
follower,social-media,after,"For any ballroom dance, you just need a leader and a follower.",2020-09-05T08:00:04Z
follower,social-media,after,Spanish police working with the FBI and the Moroccan intelligence officers say they have arrested a “profoundly radicalised” Islamic State follower who was apparently scouting for targets to attack in Barcelona during the country’s strict coronavirus lockdown.,2020-05-08T10:16:17Z
follower,social-media,after,He doesn’t like the term “follower” and definitely doesn’t want to be thought of as a guru.,2021-02-04T10:00:32Z
follower,social-media,after,"Travis View, the host of the QAnon Anonymous podcast, said posts showed that Babbitt was “100% a dedicated QAnon follower.",2021-01-09T11:00:19Z
follower,social-media,after,He is no avid follower of American football but it did not escape his attention that Tom Brady won his seventh Super Bowl this year at 43.,2021-03-03T08:00:12Z
follower,social-media,after,“She’s always been a fanatical follower of Boris.,2021-10-31T09:00:24Z
follower,social-media,after,"If you are a follower of New Zealand politics, you’d be forgiven for thinking that the 2020 general election is fundamentally a contest between New Zealand’s two major parties, Labour and National.",2020-09-18T01:01:20Z
follower,social-media,after,She has received a boost in Twitter follower numbers after being retweeted several times by US president.,2020-01-31T01:04:13Z
follower,social-media,after,"He tweeted: When Twitter announced the crackdown, it said it expected to see the typical follower count drop by about 6%.",2018-07-13T15:20:32Z
follower,social-media,after,"“Follower counts are a visible feature, and we want everyone to have confidence that the numbers are meaningful and accurate,” Gadde said.",2018-07-13T15:20:32Z
follower,social-media,after,"“People having an artificially inflated follower count made up of bots and redundant accounts is at best deceiving and at worst fraud,” Weed said.",2018-07-13T15:20:32Z
follower,social-media,after,"A believer recently won a Republican primary in Florida, so Congress might have a QAnon follower in its ranks next year.",2020-08-25T16:14:17Z
follower,social-media,after,In Japan he absorbed the philosophy of Mingei – the idea of design to be inexpensive and for everyday use by ordinary people – and in India he became a follower of the guru Sri Aurobindo.,2020-09-22T10:58:57Z
follower,social-media,after,But Emin had a secret: she wasn’t really a follower of Duchamp at all.,2020-11-23T15:53:16Z
follower,social-media,after,There is a phrase that any long-term follower of football administration will recognise.,2020-10-16T19:00:04Z
follower,social-media,after,"But the administrator of the page summed it up best in a reply to a follower: “In the end, he mashed himself.”",2021-04-01T19:00:48Z
follower,social-media,after,"Starmer has already said he would offer a job to his opponent Rebecca Long-Bailey, a Corbyn follower, in a future shadow cabinet.",2020-04-03T17:16:32Z
follower,social-media,after,A born follower.,2020-09-08T18:02:23Z
follower,social-media,after,"I imagine that, with a little less integrity and a well-chosen target, someone like me could triple their follower count and perhaps score a TV appearance by singing modern conservatives’ favorite tunes: about dangerous undocumented immigrants, the sanctity of statues or the chaos reigning in America’s cities.",2020-07-18T11:40:20Z
follower,social-media,after,"It also emerged that Litzman, who was chairman of the ultra-Orthodox United Torah Judaism party that was part of Netanyahu’s governing coalition, was a follower of the same Gur Hasidic sect of Judaism as Leifer.",2021-01-30T19:00:17Z
follower,social-media,after,"Young-Woong Kee, a 16-year-old Hawaiian high school student, is a keen follower of biodiversity TikToks: “Seeing them and talking about them with my friends has definitely impacted us and made us want to look more into it.” He has acquired a collection of succulents and hopes other viewers will look more deeply into wider environmental issues.",2020-08-28T09:00:20Z
follower,social-media,after,"“It’s kind of created its own little community, which has been really fun and something I absolutely didn’t expect.” One follower of the account suggested Birx was using the scarves as a face mask as soon as she left the White House podium, another implored her to teach the world her scarf-tying technique.",2020-04-30T03:18:01Z
follower,social-media,after,"Anton thought John did a brilliant job as a leader, but he wanted more poise as a follower.",2021-10-31T20:01:44Z
follower,social-media,after,"The California governor has reversed parole for Charles Manson follower Leslie Van Houten, marking the fourth time a governor has blocked her release.",2020-11-30T19:58:20Z
follower,social-media,after,"The three alliance partners on Wednesday said they would employ a “leader-follower” model, with Renault the leader in Europe.",2020-05-28T10:56:49Z
follower,social-media,after,"The white-supremacist and cult-follower assault on the Capitol on 6 January was historic, but so was the election the night before of the Rev Raphael Warnock and John Ossoff as Georgia’s first two Democratic senators in decades.",2021-01-23T11:13:14Z
follower,social-media,after,"At a film premiere, Brooke rubs shoulders with teen influencers who recommend filters that smooth pictures of your feet to appease fetish accounts, while Cary bemoans the pressure from casting directors to be hired based on his Instagram follower count and gloms onto a troupe of “Insta-gays” to boost his profile.",2020-06-28T17:30:11Z
follower,social-media,after,"When another follower suggested it was fortunate he hadn’t mistaken Twitter for Tinder, Doherty suggested that would be “profoundly sad”.",2020-04-27T08:37:43Z
follower,social-media,after,"Having started the account in 2018, Maya had amassed a modest 3,000 follower count by June 2020.",2020-12-19T09:00:44Z
follower,social-media,after,"“Sod you, Lineker, you drew me in,” tweeted one follower.",2020-06-01T15:22:49Z
follower,social-media,after,There is also no minimum follower count for the influencers involved.,2020-02-07T17:30:51Z
follower,social-media,after,"Instead, they said, the government offered to boost their platform, and perhaps their follower count.",2021-01-29T14:42:54Z
follower,social-media,after,"So Duke bought tickets for several of the Ashes matches, being a fanatical cricket follower, sometime spinner and umpire.",2021-12-28T02:34:09Z
follower,social-media,after,“Will you be donating any of the proceeds to any of the marginalized communities that this language and attitude harms?” wrote one angry follower.,2020-02-20T21:08:18Z
follower,social-media,after,"“I just wanted it to be somewhere people could get a real quick laugh if they needed it.” As his follower count shot up, the work started rolling in.",2021-04-02T15:15:12Z
follower,social-media,after,"Following these changes a number of influencers, with follower numbers in the hundreds of thousands, accepted paid-for press trips to the kingdom, and posted fawning commentary on social media.",2019-12-23T03:28:23Z
follower,social-media,after,The biggest-name attendees at MDLBeast have follower counts in the millions.,2019-12-23T03:28:23Z
follower,social-media,after,"“Austrian - and long-time MBM follower - here,” by the name of Johannes Steiner.",2021-06-13T18:00:56Z
follower,social-media,after,"“I’m convinced that sport must be a leader, and not a follower,” Grant will say.",2020-01-26T14:56:52Z
follower,social-media,after,"“My thought go out to you and your family,” said one follower.",2020-01-13T09:27:11Z
follower,social-media,after,"As for the ‘X’; one follower guessed ‘Xavier’ which is unlikely, given Musk already has a son named Xavier; Neal, Alexander and Sasha are also popular guesses.",2020-05-06T03:14:21Z
follower,social-media,after,"He is a follower of charismatic Nigerian preacher TB Joshua, who subscribed to magical thinking predicting the virus would stop spreading on 27 March.",2020-05-19T06:15:50Z
follower,social-media,after,"“They put the nozzle of the spray bottle inside the mouth of a follower who was later confirmed as a patient before they did likewise for other followers as well, without disinfecting the sprayer,” an official later said.",2020-08-19T10:00:46Z
follower,social-media,after,"In August, a picture in the same collection, Orpheus Enchanting the Animals, was upgraded from coming from a little-known Titian follower, Alessandro Varotari, to Titian’s workshop.",2019-10-19T13:15:25Z
follower,social-media,after,"Yesterday Hope, the former director of the Warburg Institute, a research centre associated with London University, challenged The Danaë’s attribution, suggesting that it was by a north European follower of Titian rather than an Italian artist.",2019-10-19T13:15:25Z
follower,social-media,after,“One family knew that I am a follower of the ‘other Brighton team’ – Whitehawk FC.,2020-04-02T18:10:30Z
follower,social-media,after,"There could be platform bankruptcy, in which the giants would reset their user and group follower counts to zero and rebuild from the ground up with robust disinformation and hate speech policies.",2020-09-08T15:23:59Z
follower,social-media,after,"FIVER LETTERS “At the beginning of last season Aston Villa were predicted by every pundit, hack, social media follower and phone-in ‘know it all’ that they were ‘Doing a Fulham’.",2020-08-07T15:42:51Z
follower,social-media,after,"An adventure of this magnitude requires a fitting hero, a notion undercut by the meek rule-follower Patrick (voice of Nicholas Hoult, unrecognizable no matter how hard you listen for him).",2020-06-10T07:15:14Z
follower,social-media,after,"“A lot of the accounts that were removed from the Facebook platform remain active on Instagram, with enormous follower counts,” Anna-Sophia Harling, the head of Europe for NewsGuard, a company that rates the accuracy and trustworthiness of news websites, and that also produces public reports on social media vaccine misinformation, said.",2021-01-06T11:00:25Z
follower,social-media,after,"And perhaps the shrewdest choice of modern follower to analyse their radicalism is the American art star John Currin, whose fusion of old master painting with popular culture turns Cranach’s inventiveness into a knack.",2020-07-26T08:00:18Z
follower,social-media,after,"It was the old media who built her up, generously adding to her Twitter follower count in the process: a positive feedback loop of hate.",2020-07-29T05:00:23Z
follower,social-media,after,"The atmosphere he’s created doesn’t allow for independent thought or for women to possess any agency, but the more she starts to learn about the Shepherd and what happens when he deigns to give a chosen follower his “grace”, the more her entire belief system starts to unravel.",2020-04-02T09:30:46Z
follower,social-media,after,"A follower of Kerri’s Instagram page, on which she posts about her struggle with Lyme and her embroidery to over 52,000 followers, pointed her to the potential of bee-sting therapy for chronic lyme.",2020-08-12T06:35:02Z
follower,social-media,after,Yes Instagram follower count?,2020-12-23T05:48:22Z
follower,social-media,after,"In my book, Why We Swim, I write that to live deliberately as a swimmer means that you are a seeker: a chaser of the ocean’s blue corduroy, a follower of river veins.",2020-08-06T13:30:00Z
follower,social-media,after,On Saturday afternoon Osaka’s new reporting skills were put to use on Instagram as a follower jumped into the comments section with criticism and accusations.,2020-05-31T14:53:57Z
follower,social-media,after,"Twitter likes are just one of the scores that fill our lives, from an education system steadfastly obsessed with grading, to credit ratings, Fitbit or Strava data, and Instagram influencers, for whom follower counts correlate with a higher bank balance.",2020-08-03T09:54:52Z
follower,social-media,after,(Google “Tuskegee syphilis study”.) Dr Epstein was a follower of Horatio Winthrop – one of Titus Braithwaite’s old cultist chums – and the money for the house found its way to Leti via an elaborate Christina Braithwaite ruse.,2020-08-31T14:00:09Z
follower,social-media,after,"Ziamani, a follower of the radical preacher Anjem Choudary, was found guilty of planning a terrorist attack in 2015 over a plot to behead a British soldier.",2020-01-10T11:35:19Z
follower,social-media,after,"“It has put an end to the questioning and that is great.” The Welshman insisted he never listened to speculation, saying: “Rightly or wrongly, I am not a media follower.",2022-10-07T17:00:09Z
follower,social-media,after,"“Due to the disruption in business operations a lot of companies are facing financial challenges,” explains Shane Barker, a digital strategist who offers consultancy services for companies using social media to boost their brand, and influencers hoping to reach the right brands and monetize their follower count.",2020-05-02T05:00:14Z
follower,social-media,after,"He tweeted: “The Federal Reserve must be a leader, not a very late follower, which it has been!” The Fed was the first big central bank to cut rates at an emergency meeting last week, although further cuts are expected.",2020-03-10T19:59:33Z
follower,social-media,after,"FIVER LETTERS “As a follower of The Fiver since the days when it was funny (yes, younger readers), consider my sense of nostalgia when I laughed out loud yesterday.",2020-06-05T14:56:00Z
follower,social-media,after,"He sure looks like the star of it to me – or at the very least the co-star with Lakeith Stanfield – playing the real-life figure of the Black Panther leader Fred Hampton, betrayed by his follower Bill O’Neal (Stanfield) who was an FBI informant.",2021-02-26T14:05:17Z
follower,social-media,after,"What sort of football follower, after all, would rather see results achieved on the balance sheet than the pitch?",2020-04-12T09:00:38Z
follower,social-media,after,"This once seemed a bit of an oddity in the Campion canon, an idiosyncratic change of pace after the high Hollywood literariness of Portrait of a Lady, with Winslet playing a guru-follower subjected to deprogramming by counsellor Harvey Keitel.",2020-09-17T13:20:36Z
follower,social-media,after,Authority is less dependant on expertise or qualifications than follower count.,2020-02-23T12:00:50Z
follower,social-media,after,"A lifelong follower of Tablighi Jamaat, he was making his first trip to India.",2020-06-17T04:00:43Z
follower,social-media,after,"In the best possible way, Phil May genuinely didn’t appear to give a fuck, and at least one member of their audience was watching very closely and picking up tips: David Bowie, a die-hard Pretty Things follower, wrote May’s phone number in his address book under the name “God”.",2020-05-16T08:00:25Z
follower,social-media,after,These are tough times in every sport and we can come out of this with two weakened bodies or one stronger body.” He replied to one follower who complained that having two strands of governance was confusing and unnecessary.,2020-04-23T00:53:27Z
follower,social-media,after,"If she grows her follower count apace, designer-sponsored Instagram posts and brand partnerships may well follow.",2019-12-14T08:00:17Z
follower,social-media,after,"I’m almost 30, haven’t played in 7 years and am completely out of shape, but I missed it,” a follower commented on a recent Instagram post.",2020-08-27T09:00:49Z
follower,social-media,after,"According to the Guardian’s art critic Jonathan Jones, author of a new book on Gentileschi, she is “Caravaggio’s boldest and most-inspired follower – his artistic heir”.",2020-02-29T12:01:45Z
follower,social-media,after,"Last year a follower in Singapore was jailed for sending Faisal $1,145 after being inspired by his sermons, which he had accessed online.",2020-02-09T08:17:00Z
follower,social-media,after,Schoenberg began writing as a follower of post-Wagnerian lushness before eventually replacing traditional keys and harmonies with a system based on relations between the 12 pitches of the musical octave.,2020-11-25T13:36:17Z
follower,social-media,after,"Though I do consider myself a true neutral, able to enjoy any match on its merits without bias, I definitely retain a soft spot for both of those clubs.” 77 mins: Cameron Dunbar offers: “As fellow American and frequent follower of the MBM reports, I have to say I find it strange for Mary to be talking of the ‘corporate sludge’ of the NFL while extolling the Premier League, in which the entire game is one big advertisement.",2021-05-17T21:24:35Z
follower,social-media,after,"Surely Kim Jong-un did not just mark me!?’” The book is described by Martin Pengelly from Guardian US as “a paean to the president by a loyal follower with the subtitle Faith, Freedom and the Fight of Our Lives Inside the Trump White House”.",2020-09-02T05:31:37Z
follower,social-media,after,"Set in Lancashire, the play shows David, an earnest 19-year-old follower of the Salvation Army, taking in a lodger after his mother’s death.",2019-08-09T09:31:07Z
follower,social-media,after,"A follower of Islamic State who was fascinated by the group’s ideology plotted to launch a terrorist attack on a wide range of possible targets including the Queen’s Guard, parliament and media organisations, a court has heard.",2018-01-16T12:35:51Z
follower,social-media,after,"“As he later told police after his arrest, he was their loyal follower.” Haque tried to recruit children aged about 11 to 14 to his cause, the court heard.",2018-01-16T12:35:51Z
follower,social-media,after,"Michael Powell, Colin’s son, said: “My father is frequently remembered as a problem solver.” “Colin Powell was a great leader because he was a great follower.",2021-11-06T00:04:06Z
follower,social-media,after,"Two of Fulbright’s acquaintances told Right Wing Watch that she had become deeply absorbed in the QAnon conspiracy theory, including talking about how Trump was “literally taking down the cabal and the pedophile ring” and that she continued to describe herself as a follower of QAnon even after her arrest.",2020-10-16T05:00:03Z
follower,social-media,after,"Before the creation of the Close Friends feature, such a service would have been very difficult to implement on Instagram, since few users would have been comfortable sharing their location with every follower.",2019-08-27T09:48:57Z
follower,social-media,after,To be a follower of this movement is to vicariously experience the pleasures of this joyousness.,2020-03-02T12:48:15Z
follower,social-media,after,"“The new attorney general must surely be aware of the long-standing allegations against the organisation,” said Mark Dunlop, a former follower, who said he had felt compelled to have sex with Lingwood over a four-year period.",2020-02-15T21:30:27Z
follower,social-media,after,"If you were even a casual follower of the movie industry, you’d have known of his reputation as a terrifying bully.",2020-02-25T13:11:04Z
follower,social-media,after,"I had intriguing experiences in all corners of the land: in Herefordshire, for instance, with a follower of the Old Ways; on Iona in the Hebrides, when seeking a mysterious land temple; or in Sussex, following a “treasure map” to hidden healing springs.",2020-05-28T14:51:10Z
follower,social-media,after,"Moments after the final whistle, the team began trending on Twitter, with their follower count doubling to 14,000 as news spread of their victory.",2019-08-01T14:29:55Z
follower,social-media,after,"it was good fun.” Watson, not a huge football fan but now an avid follower of Yeovil, had no idea who he was, although he recognised her.",2020-01-19T11:26:07Z
follower,social-media,after,"Wasim and Waqar instilled in me a love for Pakistani cricket that survives to this day; not least because, thanks to them, I briefly became – if not a team insider – then at least a trusted camp follower.",2020-08-07T11:02:41Z
follower,social-media,after,"In case you are not a regular Politics Live follower, or have forgotten, there is a briefing after each party room meeting, given by a nominated MP, who reads from the minutes.",2023-05-30T08:39:23Z
follower,social-media,after,"Soon, my photos – sometimes nude, sometimes dressed in rainbow-hued outfits – were re-posted countless times, and my follower count started to shoot up.",2019-11-02T15:30:04Z
follower,social-media,after,"As my follower numbers increased and I started to earn money from sponsored posts, the innocence of how I used the app began to get lost.",2019-11-02T15:30:04Z
follower,social-media,after,"I was slightly puzzled by Amelia Gentleman’s piece on “former Middlesex bowler Richard Stewart” (Another Windrush victim dies without payment or apology, 22 June), as I did not recognise the name despite being a strong follower of Middlesex CCC.",2019-06-26T17:07:24Z
follower,social-media,after,"The Dutch council of state has ruled that Pastafarianism is not a religion, denying a follower of the Church of the Flying Spaghetti Monster the right to wear a colander on her head in her passport and driving licence photo.",2018-08-16T12:08:39Z
follower,social-media,after,"People have friends.” BurnedSpy and his son, also a QAnon follower, have met prominent US-based QAnon figures.",2019-10-04T20:00:28Z
follower,social-media,after,"An armed QAnon follower blocked traffic at Hoover Dam in Nevada with an armoured truck in June 2018, calling for the release of the “OIG Report”, an unredacted Justice Department inspector general report which QAnon believes will expose a shadowy network entrenched in the government.",2019-10-04T20:00:28Z
follower,social-media,after,"Over time, especially as the follower is disappointed by the object of their worship, these feelings segue into a no less passionate loathing, or even a desire to destroy the celebrity.",2020-02-21T06:00:46Z
follower,social-media,after,"Online Casinos estimates that popular TikTok stars could be paid up to $0.005 per follower for sponsored posts, which means a star like Bhatia could charge $973,000 per post if she reached the 194 million mark.",2020-02-22T06:00:14Z
follower,social-media,after,"A longtime follower of the seasteading movement, he was also such an early and successful bitcoin adopter that he and his wife were able to retire early thanks to their investments.",2021-09-07T05:00:21Z
follower,social-media,after,"William accrues a follower on the way, an almost-Benedictine baby monk called Adso (Damian Hardung).",2019-10-11T21:01:07Z
follower,social-media,after,"“It concerns every democracy and it concerns everybody who believes in inclusivity and in the liberal ideology.” While Modi has often described himself as a follower of Gandhi, Tushar said that this was meaningless in the face of the Hindu nationalist agenda being pushed by Modi’s BJP government, which aims to irreparably fracture the country down religious lines.",2019-12-21T18:34:22Z
follower,social-media,after,"Since 1985, Probert has been a follower of “holistic management”.",2020-08-19T05:00:44Z
follower,social-media,after,"As a result he’s licked his finger and held it to the air and realised there’s a groundswell of sub-100 follower Twitter accounts who are mad they can’t drop the N-word online and still keep their jobs about it, and he’s figured out a way to make them pay him protection money to let them keep doing exactly what they are already and were keep going to do.",2020-02-24T16:13:31Z
follower,social-media,after,"A regular correspondent got in touch recently to observe that 50 years ago his father, though more of a rugby follower than a football fan, would often make an exception for FA Cup ties because you couldn’t beat the electricity of two teams going all out for a result on the day.",2020-01-21T12:29:17Z
follower,social-media,after,"“Included in the definition of ‘follower’ [is] a respondent who either watched live Manchester United matches, followed highlights coverage or read or talked about Manchester United regularly.” A visit to this newspaper’s online match report when the team lose will show quite clearly that not all who read and leave a comment are wishing United well, as Mark Dreyer, a China-based sports business consultant, observes.",2019-03-09T09:45:09Z
follower,social-media,after,"“The small print defines a ‘follower’ as anyone who takes an interest in Man United’s results, and that – laughably – includes fans of their biggest rivals,” Dreyer says.",2019-03-09T09:45:09Z
follower,social-media,after,If such figures were used to discuss “reach” then perhaps it would be different but the term “follower” is often used interchangeably with more traditional descriptions of support.,2019-03-09T09:45:09Z
follower,social-media,after,"Instead, she opted to be a follower and not a leader, and to follow the Republican party into dark places, even if she quibbles a little along the way.",2019-11-11T15:00:12Z
follower,social-media,after,"Twitter users will see a drop in their follower counts this week as the company clamps down on “problematic” accounts including those that have been hijacked to spread abuse, misinformation and propaganda.",2018-07-11T16:00:16Z
follower,social-media,after,"Starting on Wednesday, Twitter will remove all locked accounts from people’s follower numbers.",2018-07-11T16:00:16Z
follower,social-media,after,"“People having an artificially-inflated follower count made up of bots and redundant accounts is at best deceiving and at worst, fraud.",2018-07-11T16:00:16Z
follower,social-media,after,"“Follower counts are a visible feature, and we want everyone to have confidence that the numbers are meaningful and accurate,” Gadde said.",2018-07-11T16:00:16Z
follower,social-media,after,"The news in clues If you come to the puzzle page for a rest from the news, you won’t have had much luck with Orlando and his clue … 24d In Strasbourg I must accept one follower of May (4) [ wordplay: both in French (“in Strasbourg”): word for “I” containing (“must accept”) word for “one”] [JE containing UN] [definition: follower of May] … for JUNE, with the Telegraph setter who we presume is Jeremy Mutch and his clue … 11ac Bless the Tories and European Commission value (10) [wordplay: informal word for “the Tories”’ + abbrev.",2019-03-25T17:07:32Z
follower,social-media,after,"Despite the claim that the photo was staged having been acknowledged as false, it has continued to spread on both Facebook and Twitter, largely through individual low-follower accounts cutting and pasting the original text to share with their friends.",2019-12-10T19:05:42Z
follower,social-media,after,A long-term women’s football follower who supports Chelsea’s men may well support Arsenal’s women.,2020-01-08T10:00:24Z
follower,social-media,after,"Je M’En Fous, a filly in the stable of Patrick Chamings, has become Je M’En Fiche, to spare the blushes of any follower of the sport with especially delicate sensibilities.",2019-07-09T10:38:34Z
follower,social-media,after,"Ardern is an avid follower of Australian goings-on, referencing the vaccine rollout in Queensland and Covid-19 restrictions in the ACT during the interview.",2021-12-11T07:13:18Z
follower,social-media,after,"“I was accidentally cc’d into an email that discussed the rates of another content creator, and found out they were getting paid over £1,000 more than me, even though my follower count and engagement was higher,” Yeboah says.",2020-10-10T11:00:35Z
follower,social-media,after,"If attributed to a “follower of Cimabue” or even to a Sienese master, it would be less glamorous and less coveted than an original by this revered painter.",2019-09-24T13:16:46Z
follower,social-media,after,"But it turns out Dulwich Hamlet can be eclipsed … “I’m a life-long follower of Chelmsford City,” mails John Perry.",2020-01-15T10:00:00Z
follower,social-media,after,"“There’s a bastard inside every follower … Participation is only a stone’s throw away.” According to the publisher,Will is “a man trying to survive among the treachery”, and this novel “asks what any of us would do” in such circumstances.",2019-10-03T08:00:40Z
follower,social-media,after,“This is when a county cricket follower dares to think that a batting point might be on the cards; and then tries to un-think the thought in a futile attempt to appease the Cricketing Fates.” Ha.,2022-03-24T23:06:07Z
follower,social-media,after,"As a teenager hanging out in Plymouth’s clubs and bars, David was a dedicated follower of mod fashion, wearing green needlecord jeans and a backcombed hairstyle that could only be achieved by a shampoo and set in a women’s hairdressers.",2019-11-25T17:25:08Z
follower,social-media,after,"Her follower count grew exponentially, driven mainly by viewers within Pakistan.",2020-11-12T06:00:01Z
follower,social-media,after,Her follower count shot up.,2020-11-12T06:00:01Z
follower,social-media,after,"And maybe he has a priapic follower in Taylor Jack Smith’s animation Dentin, in which a bald old knucklehead grinds his teeth repeatedly (to a wincing soundtrack) as if unable to use his words.",2019-12-08T09:00:36Z
follower,social-media,after,Her follower count ticked upwards of one million.,2019-11-19T06:05:21Z
follower,social-media,after,Takis may have been the last artistic follower of Plato.,2019-08-16T16:14:16Z
follower,social-media,after,"“As a recent follower of the NFL, I was unaware of quite how dominant Brady was during his (exceptionally long) 22 season career as a quarterback.",2022-03-09T21:56:59Z
follower,social-media,after,Earlier this year American activist Blair Imani eloquently laid bare why being a follower of the Islamic faith and being proudly queer are not mutually exclusive.,2019-10-25T19:00:28Z
follower,social-media,after,"“I remember we were walking one time in Makati (the business district of Manila) … he told me something like God had spoken to him and impressed upon him that I would be involved in changing the banking system in the Philippines … I am a follower of Jesus, but for the life of me I could not believe that God would do that.” Microfinance was booming on a wave of optimism about its potential for transformation in the lives of the poor.",2020-09-04T20:00:36Z
follower,social-media,after,"“As an English exile down here, the last few weeks have truly tested my patience as a follower of my home side and my local team.",2022-01-07T08:52:58Z
follower,social-media,after,"Our national interest dictates that Australia becomes once again a global climate change leader, not a follower.",2020-01-06T01:15:05Z
follower,social-media,after,"Royal is not being constantly visible in order to keep your follower count buoyant; it is being lost for some weeks at Sandringham, then catapulted into six courses plus coffee with the latest visiting deaf dictator, while wearing jewels that hurt, before an early start to shake hands at a hospice.",2019-08-31T08:00:44Z
follower,social-media,after,Act like your kid is the second coming and watch your follower count drop.,2019-05-15T16:59:12Z
follower,social-media,after,"“Do the identity reveal,” one follower replied to a since-deleted tweet.",2019-10-16T05:00:09Z
follower,social-media,after,“She is back!” wrote one follower.,2019-04-25T00:46:31Z
follower,social-media,after,"An avid follower of Israeli elections, he predicts Netanyahu will keep the premiership and adds: “I don’t think Netanyahu will start another war and I don’t think the others would put Gaza in a better situation.” Stallholder Gharabli thinks another leader would be more “aggressive” that Netanyahu, who he thinks has “understandings” with Hamas.",2019-09-15T08:23:20Z
follower,social-media,after,"As one German contributor to Qanoncasualties, who was not a QAnon follower but had been a believer in Pizzagate, explained: “It all started on Reddit.",2020-09-20T06:30:38Z
follower,social-media,after,"(Anyone who has used Twitter will understand the frustration at trying to parse what exactly those rules are.) The call with Omar came the same day Dorsey met with Trump in the White House, a meeting in which the president is said to have largely complained about his follower count.",2019-04-26T16:24:24Z
follower,social-media,after,"Kristel is a follower of NoFap, a platform that encourages its users to refrain from masturbation.",2019-09-09T05:00:11Z
follower,social-media,after,"The French government has dismissed a claim by the Islamic State (Isis) group that it was responsible for the deadly shooting at the Christmas market, but Chekatt’s father told French media on Saturday that his son had become an Isis follower.",2018-12-16T20:25:08Z
follower,social-media,after,Hitler was a teetotaller and Duvalier a follower of the occult.,2019-10-26T06:30:44Z
follower,social-media,after,"We all just have to live with the fact that every community in Australia with 23,000 men in it – from a Twitter follower count to a Facebook page, a football club to a country town – contains a murderer?",2019-05-29T06:26:13Z
follower,social-media,after,"A follower of the psychological theories of BF Skinner and John B Watson (who argued that what humans do is more influenced by environmental factors than inheritance), Ed boasts, during life crises: “I’m a behaviourist.",2019-07-27T11:00:45Z
follower,social-media,after,"Meanwhile, our rivers run dry.” The sometimes obscure procedures of the Cop process can baffle even the most dedicated follower.",2021-11-01T18:54:46Z
follower,social-media,after,You must be a keen lower league follower.” Or drunk (I’m a keen lower league follower).,2020-01-02T22:16:43Z
follower,social-media,after,"She urged me, however, to notice that there is no one archetypical Ramsey follower, that people who use his program are “black, white, Asian, Hispanic, gay, straight, liberal, conservative, Christian, atheist, Muslim”.",2020-10-29T07:00:06Z
follower,social-media,after,"The young Lazarus became a follower of the popular social reformer against monopolies, Henry George.",2019-08-18T05:00:15Z
follower,social-media,after,"A devoted reader, a keen tennis player, a follower of rugby and other sport, a horse rider and a fabulous cook, Pat did not mince her words.",2019-02-28T17:31:03Z
follower,social-media,after,"The reality is that in a customs union all the power would rest with the EU, with the UK as a follower.",2019-04-12T08:21:04Z
follower,social-media,after,"Soon it was the turn of more #relatable individuals such as the makeup vlogger Zoella and her YouTuber boyfriend Alfie Deyes, who built up multimillion-follower counts and now incessantly try to sell them things.",2018-11-14T11:38:00Z
follower,social-media,after,"Perfectly ordinary digital citizens, with follower counts as low as 1,000, are being courted for their influence.",2018-11-14T11:38:00Z
follower,social-media,after,me with my three-figure follower count!,2018-11-14T11:38:00Z
follower,social-media,after,"So when he brought out the cookbook Lean in 15, five years ago, his publisher said she would be delighted to sell 70,000 copies, which roughly amounted to one per Insta follower.",2020-03-26T06:00:20Z
follower,social-media,after,"Hence the not very humorous old joke: “Getting hit in the funny bone is not humerus” hummus you eat it; humus you put it on the garden humour, humorist, humorous hundred years war hunky dory Huntington’s disease formerly known as Huntington’s chorea huntsman a paid servant of the hunt, rather than a hunter or hunt follower Hurricane Alex, Hurricane Barney etc Hutchison Telecommunications International (not Hutchinson) part of Hutchison Whampoa; Hutchison Essar in India, known as Hutch hydroelectric hyperbole what used to be known in newspapers as “flamming up” a story – which, on the whole, we aim to avoid See sexing up hyperthermia hot; hypothermia cold hyphens Our style is to use one word wherever possible.",2020-12-22T16:37:21Z
follower,social-media,after,"The format is this: each week, the celebrities are given a light-hearted warm-up challenge where they paint on easels in a studio, then have a fun-and-perky art lesson with “mentors” Diana Ali (northern, cheery) and Pascal Anson (who, with his moustache and red boilersuit, is destined for a handful of @hot_4_pascal 12-follower Twitter fan accounts that veer into a realm so horny they get banned).",2019-03-30T11:00:37Z
follower,social-media,after,"Bum traps A sheriff’s officer or his follower A sheriff’s officer, more commonly termed a bailiff, was notorious for following closely at a sheriff’s bum.",2019-08-20T02:08:11Z
follower,social-media,after,"Derby conflicts last just about forever (I’m a follower of Nottingham Forest and we hate Derby, though Leicester City are tolerated) so there’s an inbuilt insult factor, much enjoyed by the working classes who form the main support.",2021-06-30T20:37:40Z
follower,social-media,after,"Father Amaro Lopes is the best-known follower of the American-born nun, Dorothy Stang, who was murdered in 2005 in a killing orchestrated by landowners during a dispute that continues today.",2018-03-27T22:40:16Z
follower,social-media,after,"“Hair became a form of healing.” A hair appointment with Mensah is, says a faithful follower, something of a “spiritual experience”.",2020-10-18T06:00:43Z
follower,social-media,after,"It is derived from the Latin sequāx, a follower, and can also be used of biddable beasts, or tractable objects, though its psychological meaning seems still the most relevant.",2019-11-22T14:00:26Z
follower,social-media,after,"Manufacturers are wise to the appeal: nothing says you are time-rich and devoted to self-care better than a selfie, with sheet masks like angry monkeys, grinning cats or demure opera queens – much more attractive to the discerning Insta-follower than the regular off-white slop.",2019-07-09T10:28:56Z
follower,social-media,after,"(Now, the Never Trumper Lincoln Project is running an ad featuring that tape in an endless feedback loop.) Graham’s antic hypocrisy seems confounding to some who previously admired him when he was a camp follower of McCain’s anti-Putin foreign policy.",2020-10-11T06:00:04Z
follower,social-media,after,"You’re a follower of Test cricket, which means you have the best concentration in the world.",2021-09-06T16:20:19Z
follower,social-media,after,Also showing Henry Moore The British follower of Picasso gets an outing among the Wallace Collection’s rococo delights.,2019-03-01T16:10:37Z
follower,social-media,after,"A year from the selection of a candidate to rival Trump, the stage was crowded with names even the diligent politics-follower would have struggled to recognise; Jay Inslee, Michael Bennet, Marianne Williamson, John Delaney are hardly the stardust one would imagine drawing a huge crowd.",2019-06-30T13:00:17Z
follower,social-media,after,"Over the years every follower of the England team has thus been imbued with a certain dread of the World Cup, which inevitably percolated into the reporting of their exploits.",2019-07-02T10:50:50Z
follower,social-media,after,"“An influencer is providing affirmation, validation, and that follower is getting something from them.” Ultimately, however, the primary subject of Mandelup’s film remains her first: the teenage girl fan, a role Mandelup, a former moody teen, takes personally.",2019-08-23T06:00:05Z
follower,social-media,after,"One day after the Charlie Hebdo killings, Amédy Coulibaly, a follower of Islamic State and another member of the Buttes-Chaumont network, as well as a close friend of the Kouachi brothers, killed a trainee policewoman.",2018-12-21T11:17:49Z
follower,social-media,after,"“After that day, he realised he couldn’t trust me again,” she said, “He just hid all of that stuff from me … he knew I was a follower of British Islam.” Rehman told the court that her husband would often demean her “British Islam” when she tried to confront him about his views.",2019-06-06T14:22:15Z
follower,social-media,after,"Masterpiece of the week Narcissus, c1500, Follower of Giovanni Antonio Boltraffio Leonardo da Vinci loved young men with long hair in ringlets, wrote his biographer Giorgio Vasari in 1550.",2019-01-25T16:22:54Z
follower,social-media,after,"But that’s like a follower of Marie Kondo inspecting a toilet plunger and asking “Does this spark joy?” The answer is no; but chuck it out, and you’ll be in trouble.",2019-01-25T15:00:42Z
follower,social-media,after,“Now virtually no brands do it.” Tomlinson – who helps run the 972-follower Facebook page Crazy Bout Crisps and is on the Seabrook Crisps taste-test panel – says the 80s were “experimental”; he started collecting crisp packets after enjoying unusual limited-edition flavours such as Smith’s gammon and pineapple.,2020-01-14T06:00:27Z
follower,social-media,after,"“Balkrishna Doshi has always created an architecture that is serious, never flashy or a follower of trends,” said the Pritzker jury in its citation, praising his work as embodying “a deep sense of responsibility and a desire to contribute to his country and its people through high-quality, authentic architecture”.",2018-03-07T15:02:10Z
follower,social-media,after,"In the space of several hours, his follower count had gone up… by a couple of hundred thousand.",2020-01-05T11:00:02Z
follower,social-media,after,"The world wide witch web Romania’s witch community has gone online, livestreaming rituals on Facebook and building up their follower count.",2019-05-04T13:00:15Z
follower,social-media,after,"Michael Zilbershlag used to loathe to eat out: as a follower of kosher lemehadrin, one of the strictest forms of Jewish dietary law, the professional caterer found there often wasn’t anything she wanted to order.",2019-03-11T05:00:04Z
follower,social-media,after,"As the experiment of levelling access to tools and speech comes to a shuddering halt, the platforms will increasingly favour the establishment, whether that is among a narrow band of mainstream media suppliers, a smaller number of high-follower influencers, a tiered system of political actors or a particular class of advertisers.",2019-06-02T13:00:38Z
follower,social-media,after,"The tweet, which was posted less than an hour before Musk went on to tweet that he would take a break from Twitter “for a few days”, was in response to a question from a Twitter follower.",2018-10-28T16:10:50Z
follower,social-media,after,"John Bellany and Alan Davie Two contrasting painters, Bellany, a figurative artist, and Davie, a follower of abstract expressionism, add up to an interesting take on modern British art.",2019-02-22T13:40:23Z
follower,social-media,after,"“People would talk about how he could affect weather, how he would affect technology,” testified Mark Vicente, a follower for more than 10 years until he resigned from the organization and contacted the FBI.",2019-06-19T20:10:14Z
follower,social-media,after,"Further information on monkeypox is available from the World Health Organization: https://www.who.int/news-room/fact-sheets/detail/monkeypox An eagle eyed blog follower has pointed out the governor general, David Hurley, is not in the country at the moment.",2022-05-20T10:47:19Z
follower,social-media,after,"Both women, moreover, have something they wish to hide: their friendship was born in a psychiatric institution, where they were both for a time patients of a charismatic follower of RD Laing called Dr Ryan.",2019-03-24T07:00:37Z
follower,social-media,after,"I never wanted to have to do that.” Harris has noticed more people following her lead lately, from models young and old on the catwalk, to images on Instagram where she gets at least one message every day from a follower thanking her for inspiring them to embrace their roots.",2018-12-14T12:10:02Z
follower,social-media,after,An investigation: Follower count It goes without saying that Beckham has more Instagram followers than I do.,2018-07-26T09:00:36Z
follower,social-media,after,"But let’s do the maths here – £228,000 sounds a lot, but it means that Beckham is only being paid a fraction of a penny per follower when he does a sponsored post.",2018-07-26T09:00:36Z
follower,social-media,after,"One follower wrote: “Do you have these in a ‘no thank you’”, while another compared the rips to “another DREADFUL bear attack”.",2019-05-15T07:00:04Z
follower,social-media,after,"In the eyes of the QAnon follower: “If Jeffrey Epstein’s death looks suspicious, then how can you deny that there’s a sex trafficking ring of people who drink blood?” Richards drew up a diagram, The Conspiracy Chart, exploring that slide in detail.",2020-11-11T06:00:30Z
follower,social-media,after,"The New York Times reports that Green, a 25-year-old from Indiana, was a self-described follower of Louis Farrakhan—who spent decades spreading antisemitic views—and his Black nationalist movement, the Nation of Islam.",2021-04-03T00:47:10Z
follower,social-media,after,"If this all seems familiar, it’s because It’s the standard operating procedure of a particularly single-minded Twitter troll, albeit one with the follower count of a high-profile pro athlete.",2019-02-21T09:26:07Z
follower,social-media,after,"Unlike other religious services that can feel a bit formless and impersonal, this was deeply personal – a physical union between the guru and follower in the form of an embrace.",2019-04-18T18:00:39Z
follower,social-media,after,"Her follower count has just ticked over 54 million, so she appends a comment: “THANK YOU GUYS SO SO MUCH FOR 54 MILLION!!!!” Meanwhile I track the progress of the J Cole dance that ended with Dixie falling over.",2020-06-06T11:00:21Z
follower,social-media,after,"“While the government is addressing the needs of the IDPs [internally displaced persons], it is also seeking for a solution to the problem of violent extremism and terrorism.” Alex wouldn’t call himself a die-hard Isis follower.",2019-03-09T00:30:02Z
follower,social-media,after,Are you a glass half-full or half-empty A-League follower?,2019-01-20T17:00:25Z
follower,social-media,after,"But this gorgeous trip through 20th-century dreams and nightmares also shows that she was never simply a surrealist, let alone a mere follower of the movement’s European founders.",2019-02-26T09:05:23Z
follower,social-media,after,"“He could tell you the grass was blue, and he would get you to believe it,” says one former follower.",2019-01-02T22:30:00Z
follower,social-media,after,"Further to Peter Avery’s letter about watching cricket outside a TV rental showroom (4 August), in the late 1960s I was an avid follower of the Apollo space missions.",2018-08-06T16:10:07Z
follower,social-media,after,"But, thanks to the Egyptian American feminist Mona Eltahawy translating her tweets from Arabic and sending them out to her large follower base, she quickly caught the world’s attention.",2019-01-12T14:00:00Z
follower,social-media,after,Michael Gove Gove has a dedicated follower base among MPs which straddles the divide including remainers such as Nicky Morgan and Brexiter converts such as Nick Boles.,2018-12-12T07:19:09Z
follower,social-media,after,"When one Facebook follower questioned the legality of filming in class, she warned: “Just behave properly and there is no reason to be scared, citizen.” Campagnolo could not immediately be reached for comment.",2018-10-30T06:00:08Z
follower,social-media,after,"It’s not a coincidence that the stats have improved in the last few weeks because we’ve had a focus on going forward quickly.” Outsprinting Tottenham will be a different matter, especially as the peerless Son will play at Wembley before joining South Korea for the Asia Cup in Dubai, but as Solskjær and every United follower knows the emphasis on going forward quickly has been missing for some time.",2019-01-12T22:29:11Z
follower,social-media,after,"They want to implement this ideology – which has killed millions of people in other countries – here in Brazil.” Max Cavalcanti, another local follower, called Bolsonaro a patriot cut from the same cloth as Nigel Farage, Marine Le Pen and Matteo Salvini.",2018-10-07T01:22:07Z
follower,social-media,after,I’m such a rule-follower.,2019-05-23T14:48:25Z
follower,social-media,after,"Her commissioning editor was a follower, and when Jones hit 10,000 followers, she got a private message saying, “Can we talk …” Jones never saw being an author in her future, nor messaging with Jamie Oliver, then travelling to London to cook with him.",2018-10-24T07:00:07Z
follower,social-media,after,In 1997 Chantelle Jane McDougall attended a seminar held by Felton in Melbourne and became a follower.,2018-05-15T05:23:20Z
follower,social-media,after,He later told the same follower that he was planning to kill himself and he did not want MacDougall to know.,2018-05-15T05:23:20Z
follower,social-media,after,"The player’s wife, Gisele Bündchen, contradicted that claim in a reply to a follower on Instagram.",2019-02-03T11:00:08Z
follower,social-media,after,"“It’s a very honest portrait, very much the kind of picture you might give to a friend,” said Archie Parker, the art dealer who recognised Wright immediately, wrongly catalogued as by a follower of Joshua Reynolds, and then spent months trying to prove it.",2017-08-08T17:44:17Z
follower,social-media,after,"Another follower said the man who threw the drink represented “spot on the attitude of the typical Muslim teenager throughout the UK, absolutely zero respect”.",2019-05-17T15:43:51Z
follower,social-media,after,"Kinda like me,” remarks Trudi “Tinkerbelle” Reppi, 42, a former Grateful Dead follower who has lived rough in and around the neighbourhood for a decade and often works the traffic coming in and out of the Lincoln tunnel during rush hour.",2019-04-14T06:00:41Z
follower,social-media,after,"Johannes Itten, the shaven-headed Swiss artist who taught painting in the early years, was a follower of Mazdaznan, a pseudo-Zoroastrian fire cult that encouraged its adherents to purify themselves by, among other things, covering their bodies with tiny cuts.",2019-01-20T09:00:17Z
follower,social-media,after,"And I know just enough to know that in general I need to keep my mouth shut and listen and try to figure out what’s going on and be a supporter and a follower in the little, teeny tiny ways that I can.” Of his decision to do an interview now, Affleck said: “If I’m not promoting a movie, I’m not going to do any press, so that’s why you haven’t heard from me.” Affleck has been working on The Old Man &amp; The Gun, in which he plays a cop trying to track down an older bank robber, played by Robert Redford.",2018-08-10T02:02:08Z
follower,social-media,after,"“A cricket novice, but avid OBO follower since the last Ashes here.” Good to have you with us, Andrew Kimmitt.",2021-02-25T15:14:41Z
follower,social-media,after,"One wag has worked out that if every follower of the YouTube star Tanya Burr bought a ticket to see her professional acting debut, it would fill Southwark Playhouse for 87 years.",2018-05-28T11:11:23Z
follower,social-media,after,"Keep your follower count under 100,000 for proper impact.",2018-04-27T11:00:44Z
follower,social-media,after,"“Our updated enforcement on QAnon content on Twitter, along with routine spam challenges, has resulted in changes in follower count for some people’s Twitter accounts.",2021-01-13T02:57:59Z
follower,social-media,after,"In some cases, these actions may have resulted in follower count changes in the thousands.” You can read more here: Twitter suspends 70,000 accounts sharing QAnon content Neil Young has called for empathy towards those who stormed the US Capitol building in Washington DC, arguing they had been “manipulated” into doing so.",2021-01-13T02:57:59Z
follower,social-media,after,"Between 2004 and 2011, Seamus Heaney’s Follower was popular; between 2012 and 2016, Robert Browning’s My Last Duchess became a favoured choice.",2019-01-22T13:00:17Z
follower,social-media,after,"“This is with reference to ‘All the while India - the Brazil of cricket teams in 2021- can lick their fingers at what a day three pitch might do’ Brazil is usually the neutrals favourite and a liked team overall for a casual follower of football.As an India supporter there is a distinctively uncomfortable feeling that with the IPL riches and a powerful BCCI , the Indian cricket team is really not universally liked or the neutrals favourite anymore ( assuming it ever was), That honour goes to New Zealand.” A very good point.",2021-03-06T11:06:36Z
follower,social-media,after,"He was a devout follower of Mazdaznan, a neo-Zoroastrian movement that prescribed a strict vegetarian diet and breathing exercises, which he conducted at the beginning of each class.",2019-04-17T12:21:19Z
follower,social-media,after,His follower chose to place her party’s unity before the country’s interest.,2019-03-14T09:34:25Z
follower,social-media,after,"The NFL should be a leader on this subject, not a follower.",2019-01-21T09:00:10Z
follower,social-media,after,"Readers’ letters will rise again.” In response to a follower who criticised the move, claiming the media were retreating from user-generated content, he replied: “Wrong.",2018-07-25T15:23:55Z
follower,social-media,after,"He was a former follower of Anjem Choudary, the terrorist propagandist and preacher who helped motivate at least 100 young people to turn to terrorism in Britain and Europe.",2018-08-10T16:27:45Z
follower,social-media,after,"His moods will turn on a sixpence from genial praise to terrifying rage and he has the natural leader’s skill in Führerkontakt, focusing his flattering attention with devastating force on one acolyte before sweeping it mortifyingly away to someone else, playing one follower off against another and diffusing the sexual tension among the group.",2018-09-02T12:03:39Z
follower,social-media,after,"Vuillard had a sister called Marie who is as present in this exhibition as her mother, but only as a kind of browbeaten follower.",2018-10-21T07:00:16Z
follower,social-media,after,"Frank Zöllner, a German art historian at the University of Leipzig, believes the Salvator Mundi could be a “high-quality product of Leonardo’s workshop” or even a later follower, and Charles Hope, the Italian Renaissance specialist, has argued that accepted Leonardo paintings look “quite different”.",2018-08-06T06:00:30Z
follower,social-media,after,"There’s just so much better coffee out there.” “I’m a longtime follower of the Dunkin’ brand, and this change is great,” said Jeremy Stanley, of Boston.",2018-09-25T20:18:55Z
follower,social-media,after,"He is now back playing club rugby again and a recent chat with the cricketer Alastair Cook, a Northampton Saints follower, has persuaded him there is still more he can achieve.",2018-09-26T21:59:03Z
follower,social-media,after,"The beauty writer Rio Viera-Newton, a follower of the multi-step regime whose Google doc of routine products led to her becoming a contributor to New York magazine, agrees.",2019-02-06T11:30:38Z
follower,social-media,after,"We make every effort to uphold that neutral stance in our Facebook group.” She said that she was a follower of “vitamin C pioneers”, citing Dr Linus Pauling, Dr Frederick Klenner, Dr Robert F Cathcart, Dr Irwin Stone and Dr Thomas Levy.",2019-02-12T07:00:28Z
follower,social-media,after,"“I’ve been an Arsenal follower since 1953, I’m in my hospital bed in Melbourne recovering after a cancer op,” says Ray Brindle.",2019-12-05T22:44:03Z
follower,social-media,after,Our follower count stalls at 199; eventually I beg a friend to get us over the 200 mark.,2019-07-14T07:00:31Z
follower,social-media,after,"Part of her work involves parsing out the many pictures falsely attributed to him – including The Colossus, a once-major museum holding subsequently credited to a “follower of Goya”.",2019-01-30T11:59:50Z
follower,social-media,after,"“Mr Hanumangarh,” writes Abhijato Sensarma, “I would tell you - but then, I’m an OBO follower from India too.",2021-02-08T15:04:22Z
follower,social-media,after,"It’s just the people that are getting into power are being very selfish and don’t remember what they come from.” Trump, she says, is a “follower”.",2019-02-11T11:00:06Z
follower,social-media,after,My follower count is embarrassingly low.”,2018-01-29T13:04:13Z
follower,social-media,after,"A woman who identifies pulling up tights as “the most annoying thing about being tall” is corrected by a follower: “I gotta do that and I’m crazy short!” Another turns it into an insult: “You’re as annoying as when you get a hole in your tights and have to pull and scrunch the tip up and shove it in between your big &amp; 2nd toe.” One more chides her boyfriend for calling tights tangled by the wash “the most annoying thing”: “AT LEAST YOU DON’T HAVE TO WEAR THEM PAL.” It speaks to women being forced regularly into garments that make them feel too tall, too short, too big, too small, too active, too clumsy or careless.",2019-01-17T11:00:17Z
follower,social-media,after,"Greene has said QAnon does not reflect what her priorities will be as a congresswoman, and Boebert has said she is not a follower of QAnon, but neither of them have flat-out denounced the conspiracy theory.",2020-11-13T02:47:38Z
follower,social-media,after,"But as her follower numbers took off and companies started approaching her with freebies in return for promotion, she eventually abandoned the journalism to go full time as a blogger and influencer.",2019-04-18T05:00:24Z
follower,social-media,after,"When a follower asked what the plan was for gay people, Folau responded: “HELL – unless they repent their sins and turn to God.” On Friday Qantas, which is the major sponsor of the national side, said it had made it clear to Rugby Australia that it found the comments “very disappointing”.",2018-04-06T05:19:24Z
follower,social-media,after,It inspired this belated homage that features a forlorn England OBO follower as the wickets start to clatter soundlessly into the void of a dark tormented night...,2021-01-24T12:46:43Z
follower,social-media,after,"But 75-year-old Rodney Carter, a lifelong follower of West Indian cricket, was sitting in row 17, the same spot he has placed himself in for every match here for more than five decades.",2019-02-03T09:30:06Z
follower,social-media,after,If you are an avid blog follower you would know that I am often assisted in running the live blog by my small kitten Astro.,2021-04-19T08:15:10Z
follower,social-media,after,"FIVER LETTERS “Having watched Brentford go from muddy midfield-less scrappers in the 80s to the attacking wonderstuff of today, just in time for my eight-year-old to be excited by them and not become an Arsenal/Chelsea/NFL (delete where applicable) follower, I was wondering if you could mention the old Bees in some manner.",2018-09-24T14:56:23Z
follower,social-media,after,It was February – in the midst of Italy’s general election campaign – and Della Barbara was the latest follower to like the most posts by Matteo Salvini in the shortest amount of time.,2018-12-17T09:17:31Z
follower,social-media,after,"From Nancy, “I went into something with Harvey [Weinstein] that was one of the hardest experiences I’ve ever had in my life on set.” The project, a mini-series about Waco, which has since had Weinstein’s producer credit removed, featured Riseborough as a cult follower.",2018-10-05T22:38:04Z
follower,social-media,after,"“To be very clear, I do not believe everything from Q/Anon and would never describe myself as a follower, but I also do not believe in infringing upon any outlet’s right to discuss news or topics,” Perkins said.",2020-05-22T00:13:54Z
follower,social-media,after,"National Theatre: Lyttelton, SE1, Saturday 9 February to 30 April Edward II A king goes out of his way to protect his favourite follower and invites chaos into his court.",2019-02-08T09:00:33Z
follower,social-media,after,"We think of it as somewhat active because of daily fantasy but the reality is, you stop playing before the game starts and then you become a Twitter follower or Twitter poster I guess I should say until the game ends, you have no control over your outcome.",2018-08-29T11:17:46Z
follower,social-media,after,Tony was such a refreshing contrast: a follower of the French new wave who gave us artistic freedom.,2018-04-10T05:00:19Z
follower,social-media,after,"• Tate St Ives until 29 April Masterpiece of the week The Virgin and Child before a Firescreen, about 1440, by Follower of Robert Campin The down-to-earth yet poetic realism of Flemish art nearly 600 years ago is vividly exemplified by every detail of this painting, from the lovely town scene through the window to its brilliant observation of breastfeeding.",2018-02-16T14:13:42Z
follower,social-media,after,"Since she started her Empowered Birth Project page in 2014, her follower count has grown to almost 300,000, but the images of the process she seeks to celebrate, educate and inform women about – and help them heal from – are often removed by Instagram.",2018-03-12T16:38:01Z
follower,social-media,after,"Back in prewar Paris, Cahun had become a follower of the anti-patriotic, non-militaristic beliefs of André Breton.",2018-05-27T06:00:18Z
follower,social-media,after,He was a keen follower of the West Indies cricket team.,2018-05-30T16:42:13Z
follower,social-media,after,"Among the 16-year-old’s followers is a teen who recently posted an image from a rival gang’s area, with the caption: “Opp block [rival’s area] everyday EC [Easy Cash] a fucking joke.” A 15-year-old from EC1 responded: “Be posted on ur block coz when we came we didn’t see no one only civil [civilians].” Another follower posted six times from HMP Chelmsford last week, including a selfie with the caption: “Smartphones all over the jail.” The concerns at the potential for social media to provoke violent crime follows a rise in fatal stabbings in London, where there have been at least 46 knife deaths this year.",2018-06-16T14:00:31Z
follower,social-media,after,"It has to mean that girl you work with, but don’t want to offend; a mutual Twitter follower you’ve never met, but speak to every day; the flatmate who makes you toast every morning.",2019-01-13T09:00:05Z
follower,social-media,after,"McKelvey and Dubois tracked bots dating as far back as 2012, when a follower of the nascent Coalition Avenir Québec created a bot that sent out 11,000 tweets in support of the provincial party.",2018-04-12T09:00:27Z
follower,social-media,after,"Angela Stanton King, who is running in Atlanta, Georgia, for the congressional seat once held by the late civil rights icon John Lewis, told the Guardian in an on-camera interview she believed the debunked conspiracy theory while continuing to deny she was a follower of QAnon.",2020-10-15T23:01:56Z
follower,social-media,after,A few noted their own follower numbers.,2018-05-22T20:30:20Z
follower,social-media,after,"Newcombe said other groups who were looking into this included the Triratna sect, which has faced controversy after a former follower claimed he was coerced into sex with one of its elders.",2018-03-05T05:30:08Z
follower,social-media,after,"As a follower of the sport, the prospect of watching incredible runners break records and push boundaries is exciting, providing it is accompanied by appropriate safeguards to keep the sport clean and fair.",2018-07-19T09:36:53Z
follower,social-media,after,"He had been on the Fiche-S list of people considered a potential security risk since 2016 but was considered a suiveur (follower), or secondary figure, according to anti-terrorist officers.",2018-05-13T10:50:58Z
follower,social-media,after,"And if you’re a keen follower of the Covid situation in NSW, premier Gladys Berejiklian will be interviewed on A Current Affair on Channel 9 at 7pm, and right after that, on ABC’s 7:30 at, well, 7:30pm.",2021-08-23T09:10:36Z
follower,social-media,after,"The liberal Lee was quick to spot trends and jump on them, while Ditko was already a libertarian follower of Ayn Rand’s Objectivism.",2018-07-08T14:24:19Z
follower,social-media,after,Across 7 follower F&lt;0/L(eft)&gt;LOWER 9 tea set T(ime) + EAS  10 thug T(rouble)/HUG 11 push-button UP BOTH NUTS (anag) 12 canard CA  D 14 starling STAR LING 15 litany LIT(erature)/ANY 17 Slavic SLA  C(k) 20 floor mop FL  OP 22 strand ST  AND 23 gravitated AVID TARGET (anag) 24 shoe SH&lt;0&gt;E 25 coward COW/A/R(oa)D 26 yachting (german)Y/ACHT(u/I)NG Down 1 mothball MO  LL [hoods &amp; molls] 2 slug double def 3 swiped S(outhpaw)WIPED 4 stub nail S  NAIL 5 cantilever C  LEVER 6 heroin HERO/IN 8 resist RES  T [‘spider’ = rest for a cue] 13 art nouveau VANUATU OR E(ritrea) (anag) 16 nematode MEAT DONE (anag) 18 confound CON/FOUND 19 spotty SP  Y [over the top] 21 lardon LA  D + (anag)ON 22 seduce SE  E 24 site animalS IT Emerges (hidden),2017-08-10T23:01:42Z
follower,social-media,after,I want it.” I am no longer a follower of trends.,2018-09-23T10:00:21Z
follower,social-media,after,“Mission Impossible” was the headline on the front of Gazzetta dello Sport and even the most devoted follower of I Giallorossi could have been forgiven for thinking Barcelona’s advantage was too imposing.,2018-04-10T20:46:08Z
follower,social-media,after,"The letter said: “When you were informed by the interviewing officer that he was referring to Plato and Aristotle, you replied: ‘Yeah, the thing is because of my medication that is strong I just forget stuff sometimes’.” The Home Office concluded: “Your knowledge of humanism is rudimentary at best and not of a level that would be expected of a genuine follower of humanism.” Walayat joined the Humanists UK organisation in August, but said he had believed in the basic principles of humanism from childhood.",2018-01-17T16:31:41Z
follower,social-media,after,"One disgruntled Spurs follower for 25 years grumbled, “I often curse Pop for doing what he did.",2018-04-24T08:00:14Z
follower,social-media,after,"The British government needs to act as a restraining influence in this crisis, not a camp follower.",2018-04-15T18:00:12Z
follower,social-media,after,"There haven’t been many reasons to be cheerful as an A-League follower in recent months, but the Jets could well be top of the list.",2018-03-04T17:00:00Z
follower,social-media,after,"Ed Jones Edinburgh • As a displaced follower of The Fife, I would like to think that a more probable tongue-twisting outcome would be East Fife 5: Forfar 4 (Letters, 7 September).",2017-09-08T17:24:48Z
follower,social-media,after,"Much of the online material remained free, but if a follower wanted access to “exclusive” courses, a subscription was required.",2020-01-09T11:00:06Z
follower,social-media,after,"I was always… I still am, a rule follower, a good citizen.",2018-10-19T08:00:17Z
follower,social-media,after,"Read more here: Family sues Verizon after worker who ‘wasn’t given any PPE’ dies of Covid-19 I’m not entirely convinced it will swing any votes, but Katy Perry has just endorsed Kamala Harris to her Twitter and Instagram fans, with a combined follower count of no less than 212 million.",2020-08-15T00:16:50Z
follower,social-media,after,"He was noted for the sympathy and authority he brought to his subjects, who ranged from self-educated workers from Victorian back streets, through early socialists in Britain and the US, to the “poor deluded follower[s]” of the millenarian prophet Joanna Southcott.",2018-02-05T15:10:00Z
follower,social-media,after,"But then, Doctor Who has never really been a slavish follower of fashion.",2017-11-09T16:45:55Z
follower,social-media,after,"“Some people love the escape into a different world - a US follower once said he loved looking at the photos when he was at work in his office in a skyscraper in Chicago.” For 24-year-old Lake District farmer Nathan Atkinson (@njatkinson1, 7,700 followers), sharing life on the farm resulted in a boost in followers.",2017-10-08T13:00:51Z
follower,social-media,after,"“We’ve been through all this before,” said Bruce McCluggage, a former evangelical who now identifies as a “follower of Christ”.",2018-05-19T16:16:43Z
follower,social-media,after,"Another “follower” of Kadwell moved in, a young woman called Justine Smith.",2017-12-09T22:52:27Z
follower,social-media,after,"Smith had been an ardent follower of Kadwell’s spiritual beliefs, before breaking free.",2017-12-09T22:52:27Z
follower,social-media,after,I’m sure we can expect the first Breitbart/Fox article gloatingly comparing their respective follower numbers by Wednesday afternoon.,2021-01-16T01:12:19Z
follower,social-media,after,"Doyle was late to bloom as a writer and performer of his own material, but with Boys Forever he rapidly established a distinctive voice and style full of all the winsome hooks, mischievous wit, yearning romance and DIY values any follower of his career might have expected.",2018-03-06T06:00:03Z
follower,social-media,after,"Though he has been a keen follower of Mercer’s dealings, tweeting several times about his company, Renaissance Technologies, which he describes as “the world’s most successful quant fund” [a hedge fund that uses automated trading].",2017-05-14T07:00:10Z
follower,social-media,after,"In the new miniseries Waco, a recently inducted follower (Rory Culkin) has his first misgivings about the legitimacy of the self-styled prophet (an ornately mulleted Taylor Kitsch, two notches too handsome to make sense in the role) when Koresh mentions that in order to keep his flock free from sin, he nobly shoulders the burden of having all of the strictly reproductive sex in the compound he calls home.",2018-01-24T11:30:04Z
follower,social-media,after,"There are hundreds getting more than 100,000 clicks a time, or with six-figure follower counts, such as Harlen White (209,000 on Instagram), the blue‑eyed toddler thought, at one point, to be Britain’s most followed baby.",2019-03-23T06:00:16Z
follower,social-media,after,"Jason Kint, Washington-based chief executive of Digital Content Next, , has become an avid follower of the committee’s work, getting up early to watch the unfolding drama on his computer.",2018-07-28T19:33:18Z
follower,social-media,after,"That means only someone the user approves as a follower can view their videos, which was not the case previously.",2021-01-14T03:00:47Z
follower,social-media,after,"Surely only dedicated Spears “stans” – the most dedicated kind of fan, a portmanteau of “fan” and “stalker” taken from Eminem’s hit about a crazed follower – would have braved these conditions to glimpse their idol.",2018-09-04T10:30:24Z
follower,social-media,after,"“Being an avid follower of the game like yourself, I would love to take part in such a match and I hope you would be able to lend your support to such an idea.” In blue biro, Major commented: “Please support.",2017-12-29T06:00:22Z
follower,social-media,after,"Until I saw this show, I had no idea that Nicolas de Staël had a subtle follower in the Belgian painter Ilse D’Hollander (1968-97), whose gravely beautiful canvases hold rectilinear forms and monochrome colours in quizzically balanced variations.",2018-04-15T06:59:06Z
follower,social-media,after,"I was more a follower than a leader, you know, when I was that age.” Like McCraney, Jenkins’ mother was an addict, and he was raised by a family friend, his father having died when he was 12.",2019-02-09T09:00:06Z
follower,social-media,after,"In accepting someone as a friend or follower, even on private profiles, you are usually giving them access to everything you’ve ever posted.",2018-02-13T15:58:23Z
follower,social-media,after,"By 2014, Mastodon’s follower count had grown to just under 1 million.",2019-01-28T10:00:01Z
follower,social-media,after,If you’re not a regular follower of Spanish football you might be wondering who Reguilon is.,2019-02-27T22:10:35Z
follower,social-media,after,"As Christ is arrested by armoured men, the face of a follower holding up a lamp to this violence is illuminated – it is Caravaggio himself.",2017-08-18T08:30:18Z
follower,social-media,after,He told Fox that social media firms such as Twitter are unfairly throttling his follower numbers (a claim he’s made before).,2019-06-26T15:41:19Z
follower,social-media,after,"Old Bilbo Ken Clarke Baggins, upon the road to Rivendell with Sonny Rollins’s Freedom Suite bopping on his Walkman; little Frodo Soubry, stepping forward in grim determination with her loyal follower, tiny Samwise Greening; all under the guidance of Lord Gandalf Adonis and the protection of ancient Treebeard Heseltine, a speaking and often incoherent tree of indeterminate vintage.",2018-02-11T10:00:02Z
follower,social-media,after,Bennet made her comments on Instagram in response to a follower asking why she had changed her name.,2017-08-31T17:17:49Z
follower,social-media,after,"The jury heard that Andrews said in a witness statement that Osborne had become “obsessed” with Muslims and an avid follower of social media postings by the former EDL leader Tommy Robinson, as well as members of the far-right group, Britain First.",2018-01-22T19:35:12Z
follower,social-media,after,"However, it is far from clear what happens if you are a loyal follower of an act – you’ve been to the gigs and bought the records and T-shirts - but you don’t crow about it on Facebook, Instagram or Twitter.",2018-01-20T09:00:48Z
follower,social-media,after,"...unless of course....” King, who is running in Atlanta, Georgia, for the congressional seat once held by the late civil rights icon John Lewis, told the Guardian in an on-camera interview she believed the debunked conspiracy theory while continuing to deny she was a follower of QAnon.",2020-10-17T00:13:19Z
follower,social-media,after,"With a quietly confident air, Lee explains how she likes to “go against the traditional”, how she doesn’t see herself as a follower of trends and, more importantly, wants to puncture the concept of “perfection”.",2017-10-15T09:00:26Z
follower,social-media,after,"I’m more of a fashion follower than an innovator but I can imagine wearing it, “in moderation”.",2017-08-29T18:15:47Z
follower,social-media,after,"Narration by Xiao He (Guo Yi), a statesman and follower of Liu, urges the audience through the highly stylised performance with dramatic gestures and melodious delivery.",2017-10-08T01:15:02Z
follower,social-media,after,The flaws with the We-Vibe sex toy were first revealed at the Def Con hacking conference in Las Vegas in 2016 by New Zealand-based hackers “goldfisk” and “follower”.,2017-03-14T10:08:06Z
follower,social-media,after,"Speaking there, the pair argued that the problem was a “serious issue”: “unwanted activation of a vibrator is potentially sexual assault”, follower said.",2017-03-14T10:08:06Z
follower,social-media,after,This is impressive when you consider how well we (I now consider myself a follower) know it on the inside.,2019-02-02T09:00:28Z
follower,social-media,after,"As Bilney put it, the goal was to “upgrade” a follower to a paying “supporter” through staying in touch regularly, hitting them with varied, dynamic content and keeping them engaged.",2019-05-21T05:00:44Z
follower,social-media,after,"“At this moment we don’t have such a product, we’re kind of the follower of society.” Sylvanian Families reflects the majority, he says.",2018-03-01T12:10:12Z
follower,social-media,after,She is an ideological follower of Margaret Thatcher.,2017-11-07T19:19:20Z
follower,social-media,after,"“[Orbán has] done the right thing, according to many people on immigration.” The president does not elaborate on the “many people” who admire Orbán (you don’t have to be a close follower of Trump to know this is a common tactic of his), but Democrats Eliot L.",2019-05-14T00:15:14Z
follower,social-media,after,No follower of Snow’s career can suppose he put blue election posters in his window.,2017-07-02T06:00:21Z
follower,social-media,after,"Elder is a “culture follower”, a plant that travelled with people, who scattered its seeds and encouraged it around their settlements.",2016-10-05T04:30:54Z
follower,social-media,after,"“Innovation,” Steve Jobs once said, “distinguishes between a leader and a follower.” Now, if ever there were a prototypical follower, it would have to be the government.",2017-07-12T05:30:16Z
follower,social-media,after,"The editorial accuses Australia of being a “petty follower” of the US, and “engineering a divorce from China”.",2020-04-21T23:54:51Z
follower,social-media,after,"The Global Times editorial, published late yesterday, saidAustralia was acting more and more like “a petty follower of the US”, after having alreadybanned Huawei from its 5G network, and allegedChinese infiltration in domestic politics.",2020-04-21T23:54:51Z
follower,social-media,after,"– Maanvi Singh and Joan E Greve Kelly Loeffler, the Republican US senator from Georgia who has embraced a follower of the toxic rightwing conspiracy theory QAnon in a desperate bid to hang on to her seat, squared off with her Trump-supporting rival and the leading Democratic candidate in their first debate today.",2020-10-20T01:50:54Z
follower,social-media,after,"It then disappeared for 140 years – until 1900, when it was bought by Sir Charles Robinson as a work by Bernardino Luini, a follower of Leonardo.",2017-10-10T19:06:47Z
follower,social-media,after,"Still in his kit, he explains that he grew up in a diehard Tory family and was an ardent follower until after the 2015 election, when his work as a criminal barrister showed him the damage done by austerity.",2017-10-07T23:04:34Z
follower,social-media,after,To be a follower – there’s no other word – of the Fall was to be part of an almost devotional sect.,2018-01-28T10:00:16Z
follower,social-media,after,"Natalie Simpson as the spirited duchess, Phil Cheadle as her loyal follower and Jay Saighal as her murderous wooer all give full-blooded performances and Shirley’s play, shifting from revenge-drama to black comedy, leaves one astonished at its neglect by our incurious theatre.",2017-05-01T10:16:02Z
follower,social-media,after,"Frank Zöllner, of the University of Leipzig, wrote in an art journal in 2013 that the painting could be a “high-quality product of Leonardo’s workshop” or even a later follower.",2017-10-18T23:00:07Z
follower,social-media,after,"Once a world beater, it’s now an ageing follower of the pack.",2017-10-01T06:00:10Z
follower,social-media,after,One of the UK’s largest Buddhist orders has been forced to report allegations of sexual abuse after a former follower claimed he was coerced into sex with one of its elders.,2017-02-19T00:05:15Z
follower,social-media,after,"Last month a former follower alleged that he had been groomed for sex by another senior member of the order at the Croydon centre in the 80s when he was just 16, and therefore a minor in the eyes of the law at the time.",2017-02-19T00:05:15Z
follower,social-media,after,"But I’ve been around since ’91, and I’ve not heard a tracing of that teaching, and we would not permit that now.” In an interview with a Buddhist follower in 2009, Lingwood said of the sex between him and students: “Perhaps in a very few cases they were not as willing as I had supposed at the time – that is possible.” When pressed about whether he considered he had breached the student-teacher relationship, Lingwood said: “I did not regard myself as a teacher with a capital T.” He added: “I have had many, many human encounters, the great majority non-sexual, and most of those encounters, including the sexual ones, have been satisfactory for both parties.",2017-02-19T00:05:15Z
follower,social-media,after,"Influencers are social media users who, having commanded a high follower count, partner with brands to feature products in their posts, in exchange for freebies or money.",2018-04-28T17:00:20Z
follower,social-media,after,"Looking forward to this,” tweeted McDermid of the book in question, to the puzzlement of one follower, who responded: “Val, genuine question.",2017-09-15T12:31:44Z
follower,social-media,after,"Turkey’s modern democracy should be a leader to follow for Muslim states, not a follower of bad leads.",2017-07-16T18:59:22Z
follower,social-media,after,"The painting had unknown whereabouts from 1763 to 1900 – a large time gap to disappear – before being acquired by art collector Charles Robinson of Richmond, near London, who thought it was painted by Leonardo follower Bernardino Luini.",2017-11-20T16:01:23Z
follower,social-media,after,2 | Art David Shrigley David Shrigley is an artist I’ve always been a follower of.,2017-10-29T10:00:24Z
follower,social-media,after,“The process of issuing follower notices to recoup payment of what is expected to be tens of millions of pounds in income tax could begin almost immediately.,2017-07-05T19:32:56Z
follower,social-media,after,"The next day I saw a tweet from an Irish follower of mine, comparing this image to Caravaggio’s painting “The Taking of Christ”.",2018-12-31T09:00:13Z
follower,social-media,after,"One suddenly turned in front of a willow and doubled back, its follower still in close pursuit.",2017-04-27T04:30:07Z
follower,social-media,after,"“Have you just ruined the GBBO final?” asked another follower, while the reality TV star Cara de la Hoyde‏ tweeted: “This is absolutely devastating.",2017-10-31T12:00:46Z
follower,social-media,after,"The time has come to let it go.” Among the car’s qualities listed with the advert: “1 owner… meticulously cared for, regularly serviced, paint protect, only 16,000km, near new tyres, immaculate car, bone leather interior.” Kyrgios gave short shrift to followers bemused by the informal use of his official account, replying to one who told him to “concentrate on tennis only” by saying: “Thanks Dad.” Another who said: “Someone needs money for the clay season’s travel” was told: “Semis of Miami paid 280k US – probably not mate.” He refused to make his asking price public – but told one follower who offered him $6,000: “I’ll send you the petrol tank lid.” The world No16 is currently preparing to lead Australia in their Davis Cup quarter-final tie against the US in Brisbane on Friday, amid what he describes as one of the best spells of his career.",2017-04-05T15:19:48Z
follower,social-media,after,"Soon he would buy up the famous Gonzaga collection, starring Mantegna’s multi-part The Triumph of Caesar, nine monumental canvases magnificently displayed here (as they generally aren’t in the Royal Collection) in a massive central gallery through which one pursues the ancient procession in its inexorable onward march like a gawping follower on foot.",2018-01-28T08:00:33Z
follower,social-media,after,"“Each notification – whether it’s due to gaining a follower on Twitter, or an email – is prompting you to pick up your phone.",2018-01-27T17:30:56Z
follower,social-media,after,"Here’s a companion to Barney’s sportswashing piece – along with Rob Davies, he’s compiled an alternative guide to this round’s Champions League ties: Interested: does this kind of thing actively bother you, as a football follower, or are you more inclined to block it all out and enjoy the show?",2019-02-15T17:07:48Z
follower,social-media,after,"“My Twitter follower count went from 400-and-something to 16,500 in about two hours, so that was pretty mental.",2017-03-31T17:20:44Z
follower,social-media,after,"On Thursday night in the north Indian city, Rahul Chauhan was playing tabla drums while the rest of his Seventh–Day Adventist choir sang Christmas songs in the home of a follower.",2017-12-24T06:00:43Z
follower,social-media,after,"When the BBC tweeted the view of Rainford-Brent, the former England player turned Test Match Special contributor, one follower replied: “I can’t take a woman’s opinion seriously when it comes to cricket.” Support for Rainford-Brent came rapidly.",2017-12-26T13:00:49Z
follower,social-media,after,"I spend much less money now because the things I enjoy don’t cost that much.” Emily (she prefers not to reveal her surname), who is 44 and earns £90,000 a year at a scientific company, is another committed Fire follower.",2018-11-20T10:00:11Z
follower,social-media,after,"The court produced a monumental 300-page judgment, analysing evidence about the origins of this barbaric war and the racism orchestrated by Slobodan Milošević and carried out by, among others, his fanatical follower Tadić.",2017-11-19T15:26:58Z
follower,social-media,after,One avid Matildas follower who posted on a classified ad site was willing to pay $100 for a single $20 ticket for the game in Penrith.,2017-09-12T09:24:46Z
follower,social-media,after,"A strict follower of the 5:2 diet, he weighs his food almost religiously – and over 18 months found he was getting much less than stated on the side of the tin.",2017-07-15T06:00:45Z
follower,social-media,after,It’s true musical comedy; one’s the leader and one’s the follower but we also look incredible.,2018-02-10T07:00:10Z
follower,social-media,after,"In a May conservative podcast, Boebert said of QAnon that “if this is real, then it could be really great for our country.” After her June primary victory, she backpedaled, telling a local television station that “I’m not a follower” of QAnon: “I’m not into conspiracies.” She faces Democrat Diane Mitsch Bush in a district that non-partisan analysts say leans Republican.",2020-10-27T05:12:07Z
follower,social-media,after,Devine appeared to agree with a follower who said the gleeful reaction from the atheist and Twitter left-wing confirmed it was a witch-hunt.,2017-06-29T04:18:05Z
follower,social-media,after,Alec Baldwin is polling his Twitter follower on whether they would vote for him for president.,2019-04-09T00:23:44Z
follower,social-media,after,"There was something tragically poetic about the fact that not a moment after Farage celebrated his one millionth follower on Twitter this week, it was revealed that over half were bots.",2017-09-27T11:56:25Z
follower,social-media,after,"The follower, who is always the woman, dances a fraction of a second behind the leader and is without agency.",2017-09-12T05:00:26Z
follower,social-media,after,You can also share your views if you are a follower of a sport other than football.,2017-01-26T16:01:22Z
follower,social-media,after,"Each competitor, says the first article, must race as if he were alone on a lonely road - mend his own tyres, drink out of his own bottle, sponge the blood out of his eyes in fall, or bandage a broken leg as best he may without the slightest assistance from competitor or follower until he arrives at the end of his stage.",2018-06-28T10:00:07Z
follower,social-media,after,"JakeStockwell asks: As you’re an exponent of the trumpet and an appreciative follower of jazz, who winds up most often in your CD player?",2017-06-19T13:18:41Z
follower,social-media,after,"Nicole Tan, a 29-year-old content marketer from Singapore, has visited enough places in the last year to make an Instagram follower weep: Jamaica, Miami, Portland, San Francisco, LA, Budapest, Slovenia, Berlin, Luxembourg, Iceland, Romania, Poland, Paris, Amsterdam and Thailand.",2018-05-15T06:15:49Z
follower,social-media,after,"Public life: President, Association of Directors of Children’s Services Interests: Ongoing restoration of a semi-derelict cottage, passionate follower of Leicester City football club, Norfolk beach walks, growing veg.",2017-10-11T06:59:05Z
follower,social-media,after,"He remains one of the few top male tennis players to employ a female coach, Amélie Mauresmo, and he has always been a keen follower and fan of the women’s game.",2018-01-07T00:00:07Z
follower,social-media,after,"It’s partially Instagram’s structure: a visually focused social network is always going to encourage nice pictures, in the same way Twitter encourages short quips and Facebook does hateful rants about immigration.The follower/following model means that unlike Facebook, you’re never quite certain who you’re posting to.",2017-05-30T09:15:15Z
follower,social-media,after,"The last follower of the cult, a woman who had fled Nazi persecution in Germany called Hedwig Michel, ceded the grounds to Florida in 1961.",2018-01-25T06:30:08Z
follower,social-media,after,"Later, she’ll treat her 489,000 Instagram devotees to a photo of herself, cross-legged in the grass at the festival and sinking her teeth into a taco, and caption it “Best part of @coachella cause @badgalriri [Rihanna] didn’t bless us.” You can’t accuse her of being a follower.",2018-04-29T06:00:36Z
follower,social-media,after,But Twitter long has explained that follower figures fluctuate as the company takes action to remove fraudulent spam accounts.,2019-04-24T00:00:20Z
follower,social-media,after,"A follower was murdered outside his home in Yazd last year by two young men because of his faith, a March report by Jahangir said, and at least 90 Baha’is are behind bars.",2017-08-15T12:31:26Z
follower,social-media,after,"This is Tinder for people whose opening line is: “So, how many impressions are you getting per week?” This is a Soho House-ing of the dating market so you’re only exposed to like minds and people with good follower ratios.",2017-07-27T08:51:30Z
follower,social-media,after,"When she recently posted a link to a hotdog-themed game she had created to both platforms (where she has similar follower numbers) she found the Snapchat audience to be much more responsive, sending her their scores and commenting on the game.",2017-07-15T11:00:05Z
follower,social-media,after,"“I admit I’m not a religious follower of all OBOs (yes, yes, I’ll do my penance later ...) so I can’t believe I’m the first person to think and ask this question,” begins James Byrne.",2020-01-03T16:11:29Z
follower,social-media,after,He thought it could well be a painting by a Leonardo follower.,2017-11-16T19:04:53Z
follower,social-media,after,"Other footage showed an England follower holding a finger above his lips to imitate Hitler, in between gesturing that he would stab Germany’s supporters, during March’s game in Dortmund that became an opportunity for many travelling Englishmen to go through their repertoire of songs about the second world war.",2017-06-06T21:43:00Z
follower,social-media,after,I’m a great follower.,2017-04-22T13:00:14Z
follower,social-media,after,"Just look at the name, Harry Styles: he’s an originator of trends, not a follower.",2017-10-14T06:00:00Z
follower,social-media,after,"Harold Somers Manchester • It’s been a difficult few weeks as a follower of England cricket (Sport, 20 December).",2016-12-20T19:00:38Z
follower,social-media,after,Any follower of the atrocity-ridden war in Syria will accept that Assad’s military machine deserved more than verbal reproof for its continued use of chemical weapons.,2017-04-07T08:46:39Z
follower,social-media,after,"Social media, with its likes, retweets and rising follower counts has turned social standing into a plain high-score game, a way to quantify, via those irrefutable, arcade-like numbers, how smart, funny, popular or politically on-point we are within our chosen circles.",2017-05-07T07:30:27Z
follower,social-media,after,"But at the Def Con hacking conference in Las Vegas, two independent hackers from New Zealand, who go by the handles goldfisk and follower, revealed that the way the vibrator speaks with its controlling app isn’t really secure at all – making it possible to remotely seize control of the vibrator and activate it at will.",2016-08-10T07:00:05Z
follower,social-media,after,"In their talk, Hacking the Internet of Vibrating Things, Follower argued that despite titters at the back of the room, the security of a sex toy should be taken seriously.",2016-08-10T07:00:05Z
follower,social-media,after,"“Our EULA and privacy policy does disclose that we may collect data, but we are currently in the process of reviewing our privacy &amp; data collection protocols in an effort to provide more transparency for our customers.” For their part, follower and goldfisk decided to seize the initiative, launching the “Private Play Accord”, an initiative to encourage sex toy manufacturers to sign up to basic standards of privacy and security.",2016-08-10T07:00:05Z
follower,social-media,after,"“We want to promote transparency so that people can make informed buying decisions,” follower said.",2016-08-10T07:00:05Z
follower,social-media,after,Daniel Weyman is aptly jumpy and sceptical as the young follower who wants both to be bathed in praise and to vanquish the person who praises him.,2017-04-23T06:00:05Z
follower,social-media,after,"But she’s far from a follower: the artist AKA Rachel Keen dropped out of the Brit because it made her feel “confined”, and has since crafted a sound that absorbs pop, soul and woozy electronica.",2017-02-03T11:00:13Z
follower,social-media,after,"His father was a craftsman jeweller, a diamond-setter, by trade, and in Bill’s words “almost a communist”, anti-war and a follower of Keir Hardie.",2018-03-01T15:02:00Z
follower,social-media,after,I’ve read only the first book of the quartet and can vouch for the fact that you don’t need to be a Ferrante follower to get the point.,2017-03-14T07:00:15Z
follower,social-media,after,I wouldn’t spend a dime on that company!” commented one follower.,2017-04-12T08:40:21Z
follower,social-media,after,"Over the last five years, according to a recent study by George Washington University, white nationalist and neo-fascist movements in the US have grown by 600% on Twitter, outperforming Isis in nearly every category, from follower numbers to numbers of tweets.",2017-08-17T10:00:45Z
follower,social-media,after,"Finally, her ordeal takes her effectively even further back, to the grim palace prison, like an army encampment of the 19th century, with its attendant “camp follower” community of crooks, gangsters, prostitutes and wretched wives and petitioners just like this woman, desperate for news, any news, of the loved ones who have been arbitrarily liquidated by the Russian state.",2017-05-24T21:29:51Z
follower,social-media,after,It was a very special experience and since then I have been an enthusiastic follower of his interpretations.,2017-04-17T06:00:15Z
follower,social-media,after,"Here, a second half of Beethoven’s Appassionata Sonata and Schumann’s C Major Fantasy is preceded by two sonatas by the nearly forgotten Samuil Feinberg, a Soviet follower of Rachmaninov and Scriabin.",2018-01-13T09:00:01Z
follower,social-media,after,"Sorry, I’m a pretty new and naive follower of the game, haha.",2020-01-06T16:23:00Z
follower,social-media,after,"If phase one was hyperactive expansion – bump the follower count, boss the Instagram algorithm, rack up the brand deals – then insiders say that phase two is about authenticity, about “coming back to quality again,” as Dominic Smales, CEO of Magrath’s agency Gleam Futures, told me.",2019-04-05T05:00:28Z
follower,social-media,after,Is your organisation a leader or a follower?,2017-02-13T15:24:01Z
follower,social-media,after,"As a rather ancient and dozy follower, I want to be able to sing her praises without making a complete idiot of myself.",2017-03-14T18:42:48Z
follower,social-media,after,"Either side of a map of St Petersburg on his right arm, he wears two inspirational tattoos: ‘You won’t break me, you just make me stronger than I was,’ and: ‘Always be a leader and not a follower.’ So, we wondered, where did he get them from?",2017-07-01T17:28:56Z
follower,social-media,after,"Although dropping a few grand on a pair of mangled trainers might sound like the extreme behaviour of a dedicated follower of fashion, the trend can be spotted everywhere at the moment.",2017-08-18T07:01:16Z
follower,social-media,after,But considering the amount of Western books printed in ‪#China there must be many more similar examples?” Another follower tweeted: “The behavior of the Communist Party of China is rather ugly.” The author was unavailable for comment at the time of writing.,2016-12-14T14:32:17Z
follower,social-media,after,"Observers might detect a sense of irritation that the UK will now be put in a position where it is a follower, rather than a leader, given that this week’s conference has been convened by the Dutch, Belgian and other northern European nations.",2017-03-02T17:43:03Z
follower,social-media,after,"Upbraided by one fan for spending time on Twitter when she should be writing, she responded that she was having a break: “I’ve been writing since 5.55am!” When asked by a follower who “couldn’t even dress” at that time how she wrote so early in the morning, she responded: “Wake up, drag the laptop into bed and get to work.",2016-12-22T10:35:41Z
follower,social-media,after,And the Fed should be a “leader not a follower”.,2020-02-29T20:04:33Z
follower,social-media,after,"A sad note for me last week as a follower of English football (if supporting Leeds United equates to the same thing) was the death of Graham Taylor, the former England manager, aged 72.",2017-01-17T16:28:29Z
follower,social-media,after,"At first, Offred believes Ofglen – played by former Gilmore Girl Alexis Bledel – to be a pious follower.",2017-06-12T05:01:17Z
follower,social-media,after,"This study, written after the second world war as an attempt to account for European fascism, offers a psychic audit of “the follower”.",2017-08-23T12:00:13Z
follower,social-media,after,"As a dedicated follower of his social media output, Lost in Showbiz now dreams of a US president who speaks only in uplifting workout hashtags, as opposed to just alleging the New York Times has made an animal sex tape or whatever.",2016-11-17T15:17:53Z
follower,social-media,after,"She is not a “strong and stable” leader but a craven follower, if she fears she owes her prime ministership to immigration above all else.",2017-04-27T11:04:15Z
follower,social-media,after,"“I’m sure you’re as keen a follower of Yr Seintiau Newydd (aka Welsh champions TNS) as I am, and are fully aware of their fantastic win against Queen of the South on November 12 in the Irn-Bru Cup quarter final,” says Algy Taylor.",2017-11-22T10:00:17Z
follower,social-media,after,"He had another woman in his life and Claudel needed to escape his shadow, frustrated at being labelled a Rodin follower.",2017-02-26T00:05:15Z
follower,social-media,after,"Jack Seale I’m 21 But Look 61: Extraordinary People 10pm, Channel 5 Rotherham teenager Zara Hartshorn has more to be concerned about than her Instagram follower count.",2017-02-15T06:09:04Z
follower,social-media,after,"The Cure of Folly is now merely “Workshop or follower of Hieronymus Bosch (c1510-20)”, say researchers, while The Temptation of Saint Anthony has been relegated to “Follower of Hieronymus Bosch (c1530-40 and after 1574)”.",2016-02-19T12:08:19Z
follower,social-media,after,"Perhaps the surprise is not that the Prado has objected but that so many museums have cooperated to make the Den Bosch show a triumph even where this means accepting their cherished Bosches are just by a “follower”, after all.",2016-02-19T12:08:19Z
follower,social-media,after,"Today, many museums that once proudly displayed a Rembrandt now only have a “school of”, “studio of” or “follower of” Rembrandt.",2016-02-19T12:08:19Z
follower,social-media,after,And like John Cage – another follower of Duchamp and Roussel – Wyn Evans enjoys the indeterminacy of colliding systems and thoughts.,2017-03-27T16:29:34Z
follower,social-media,after,"It turned me from avid follower of every developing detail to a woman who’d rather not think about it – which is not a luxury those who knew and loved Aysha, or any of the other victims, can afford.",2017-03-25T06:00:01Z
follower,social-media,after,"“I’m a follower of Barcelona.” Guardiola has not encountered a Tony Pulis team before, though he knows a lot about his opponents on Saturday through talking to his players.",2016-10-28T13:27:07Z
follower,social-media,after,He was said to be an avid follower of the news and a voracious reader about politics and current events.,2017-05-30T09:07:18Z
follower,social-media,after,"Anastasia Lin, a 25-year-old Chinese-born actor who was crowned Miss World Canada in May, is an outspoken critic of Chinese religious policy and a follower of the meditative group Falun Gong, which is banned in China.",2015-11-26T14:31:11Z
follower,social-media,after,Ten minutes later her follower count had gone up to 24.,2017-10-31T16:46:03Z
follower,social-media,after,"I still have a swollen tongue and am rehabbing steadily … come see me live and happy and in person in Westwood next week if you think I’m fibbing!” Kilmer is a follower of Christian Science, whose adherents often reject conventional medicine in the belief that prayer will heal them.",2016-11-02T10:09:22Z
follower,social-media,after,"Dedicated Follower of Fashion swings ferociously, and who would have imagined Sunny Afternoon with a reggae groove?",2016-07-10T06:59:15Z
follower,social-media,after,"A biopic of Mary Magdalene, a follower of Jesus Christ who, in the Bible, witnesses his crucifixion and resurrection, is to move into production by the maker of the Oscar-winning British period drama The King’s Speech.",2016-01-21T16:14:48Z
follower,social-media,after,"As any follower of her Instagram knows, she rides horses in her spare time and competes in dressage events.",2016-10-25T12:32:25Z
follower,social-media,after,"We need to lead in this space with business ideas and intent, not be a passive follower in things like joint ventures, small-medium enterprises and implementation of government initiatives like Closing the Gap.",2017-05-02T02:07:43Z
follower,social-media,after,"For a while August, too, is a follower.",2017-02-19T07:00:02Z
follower,social-media,after,"Morgan’s “Another attempt by leading Brexiteers to silence those whose coverage &amp; questions they don’t like #chilling” was better received by her followers than Watson’s comments in support of the BBC, tweeted by the Labour press team, which prompted one follower to respond that the BBC was run by “middle class New Labour lovey’s” [sic].",2017-03-21T15:57:30Z
follower,social-media,after,But then he wasn’t a follower of British politics.,2017-05-14T09:00:12Z
follower,social-media,after,"“It was unfortunate that the Japan Rugby Football Union (JRFU) let slip a golden opportunity to make rugby one of the most popular sports in Japan, simply because it was disorganised,” says Tetsuo Jimbo, a 55-year-old and lifelong follower of Japanese rugby.",2017-05-09T15:06:33Z
follower,social-media,after,"But Rand’s philosophy of rugged, uncompromising individualism – of contempt for both the state and the lazy, conformist world of the corporate boardroom — now has a follower in the White House.",2017-04-10T17:49:09Z
follower,social-media,after,"Perhaps her most significant early follower was Alan Greenspan, later to serve as chairman of the US Federal Reserve for 19 years.",2017-04-10T17:49:09Z
follower,social-media,after,He tweeted to a follower: “Is that how we save it then?,2017-03-27T16:40:32Z
follower,social-media,after,A follower sneaked the Guardian past police lines last week into the temple grounds.,2017-03-10T15:06:18Z
follower,social-media,after,"Though raised a Roman Catholic, he was a follower of the late Indian spiritual guru Sai Baba and told the Guardian in 2014 he was a bit of a hippy with a penchant for John Lennon and Led Zeppelin.",2017-07-29T23:04:03Z
follower,social-media,after,"And just what is a Jew in the legal terms statehood presumes: a member of a Hebrew-speaking civil society, a follower of Orthodox Jewish law or a bearer of J-positive blood?",2018-05-20T07:05:50Z
follower,social-media,after,"We want to love him and his passion for mid-century light fittings, his wild visions of leather jogging bottoms, his on-point tweets about removing likes and follower counts from social media, not to mention his way with a rap banger.",2018-12-29T07:00:14Z
follower,social-media,after,"Then, someone I do not know, a new follower, leaves a comment.",2018-02-03T10:00:17Z
follower,social-media,after,Account users have their real-Instagram (their rinsta) which has high follower numbers and offers a more polished and performative visual narrative.,2016-09-26T08:00:25Z
follower,social-media,after,"With low follower numbers (followers are usually kept in the low double figures), they use this account to share more candid pictures of their lives – often wilfully unattractive ones, pulling faces and the like.",2016-09-26T08:00:25Z
follower,social-media,after,"Previously thought to be the work of a copyist or follower of Brueghel, it now takes its place as the only version of this popular scene in a UK public museum.” This boast typifies the way the art world’s experts are happy to confuse the public about Bruegel and his family.",2017-02-09T12:53:55Z
follower,social-media,after,"or Lancashire follower will tell you, is Get Parky On.” Which is amusing, but not very likely.",2019-05-19T17:58:16Z
follower,social-media,after,"With a Eurosport subscription one could, mind-bogglingly, catch just the last 30 minutes of Denmark’s 1-0 win over Belgium on TV (imagine that for a men’s game or in any sport for that matter); or one could log in to watch the full match online, with seemingly no commentary for most of the 90 minutes, a test for even the most avid follower.",2017-07-18T09:00:02Z
follower,social-media,after,"As with tobacco control, Australia could again become a leader rather than a reluctant follower.” Most major health and medical bodies have warned of the extreme impacts climate change will have on human health.",2017-02-09T19:00:30Z
follower,social-media,after,"This sequel is set to be four times larger and features a new follower system, allowing players to build a small army to lay siege to orc fortresses.",2017-06-07T10:30:00Z
follower,social-media,after,"In 2011, the charismatic married Democratic congressman Weiner tweeted a link to a lewd photograph of himself to an adult female follower on Twitter, and was obliged to resign.",2017-09-25T14:53:22Z
follower,social-media,after,"Then came various schemes such as a regular web show presented by the long-time baseball follower Colin Murray, social media campaigns run by a company called Engage, who have worked with Manchester City and the RFU, and a virtual reality game currently installed at Pop Brixton in south London.",2017-07-03T12:26:44Z
follower,social-media,after,I have my best ideas in the 30 minutes following my almost daily yoga session.” What they say “To define herself as a leader she needs to establish herself not as a cultish follower — there have been too many who have buckled under the pressure of Sir Nicholas’s firm thumb — but as someone with the fresh ideas and creative vision to take the organisation into the future.,2017-07-01T23:04:13Z
follower,social-media,after,"I’m no follower of fashion, but I’m thinking a vest has bigger holes to put your arms through?",2018-01-17T08:33:53Z
follower,social-media,after,"So far she has been their follower, not a leader of her party – let alone of the country where 48% didn’t vote to leave and many who did will be angry to find a brutal Brexit impoverishing them.",2017-03-28T05:51:29Z
follower,social-media,after,"Sajid Javid is a self-confessed follower of that goddess of selfishness, the hyper-libertarian Ayn Rand.",2016-04-11T06:00:08Z
follower,social-media,after,"“We need to focus on that market because the return on investment in attracting a five- to eight‑year‑old into the game, as a player or simply being a lifelong follower, is enormous.” Harrison, like so many in his line of work, would benefit from an eight-week class in plain English but the blunt version is that, according to the ECB’s recent survey, less than 2% of English children say cricket is their favourite sport.",2017-03-22T11:30:33Z
follower,social-media,after,"Another early follower was British-born physicist Raynor Johnson, master of Queen’s College at the University of Melbourne.",2017-02-13T03:01:22Z
follower,social-media,after,from a follower in classic information technology (IT) development to one of the leaders guiding future IT achievements”.,2016-08-16T08:18:39Z
follower,social-media,after,"Assistant editor Jim Falzarano, who edits the Weekly’s letters page, its Notes and Queries section, our Good to meet you contribution, and does much more besides, is a keen player and follower of the sport.",2016-09-06T14:29:38Z
follower,social-media,after,"Turkey’s president, Recep Tayyip Erdoğan, declared for the first time it was obvious that the assassin was a follower of Fetullah Gülen, the cleric living in American exile and allegedly the ringleader of a shadowy movement behind July’s abortive military coup.",2016-12-21T19:20:58Z
follower,social-media,after,"“A follower was worth nothing,” says Bartlett.",2018-01-14T08:45:22Z
follower,social-media,after,"Nonetheless, as an Arab and a woman, Choucair was quickly pigeon-holed as a follower of Léger.",2017-02-06T17:42:40Z
follower,social-media,after,"• The journalist and author Sally Brampton, who died this week, went to Ashford school, not Ashdown as we had it in a feature (‘She was never a follower’, 12 May, page 10, G2).",2016-05-12T20:00:07Z
follower,social-media,after,"Tonight, in the face of further plotting, Pius divides public opinion at a press conference but does gain one new follower.",2016-11-03T06:10:40Z
follower,social-media,after,"A lover of France and its language, Nicola was also a keen follower of French drama.",2016-08-02T16:55:35Z
follower,social-media,after,"“I don’t know what is more disgusting, if [sic] killing that shark or bragging about it,” said one Floridian follower Ana Maria.",2016-08-29T14:22:14Z
follower,social-media,after,"And when Regan asks why she needs even one follower, Jackson makes “O reason not the need” less an earth-rending cry than a simple utterance of despair, delivered head in hands, at human incomprehension.",2016-11-05T00:01:32Z
follower,social-media,after,"After being asked by a follower for more information, Taylor claimed to know even more than the hoaxer had told him.",2017-08-28T21:28:26Z
follower,social-media,after,"The subjects are often fantastical: a great dragon writhes in a rain cloud rising above Mount Fuji; a seven-headed dragon deity flies in the sky above the monk Nichiren (Hokusai was a devout follower), sitting on a mountain top reading from a sutra scroll.",2017-05-19T11:51:55Z
follower,social-media,after,"When it subsequently learned that I was a Yudkin follower, however, I was quickly dropped from its marketing department.",2016-04-11T17:30:45Z
follower,social-media,after,"She was dependable and hardworking, a natural rule-follower and no discernible threat.",2017-02-19T07:00:02Z
follower,social-media,after,"It’s about exploring boundaries sensibly, seeing danger and calculating risk.” Meek, 24, who set up Fluidity Freerun with fellow parkour enthusiast Craig Robinson and a £50,000 loan, is almost an archetypal follower of the sport.",2017-01-14T20:28:12Z
follower,social-media,after,"Beneath the hijab, the Iranian woman is an ardent follower of the diktats of western fashion forecasters.",2017-02-15T16:07:07Z
follower,social-media,after,"According to the Southern Poverty Law Center, David Duke, the former Ku Klux Klan grand wizard who is running for the US Senate in Louisiana and has spoken favourably of Trump, was once a follower.",2016-08-07T21:07:43Z
follower,social-media,after,"A devoted camp follower in Numan’s pop-star period, Gemma found herself being asked out on a date by her idol as the musician tried to cheer her up after her mother died.",2016-06-19T08:00:03Z
follower,social-media,after,"As a follower of football, I am passionate and partisan when supporting my team.",2016-10-13T08:00:36Z
follower,social-media,after,"“I own the Picador Book of Cricket,” boasts Phil Sawyer, “and it is well worth any cricket follower investing their money and time.",2019-01-25T21:34:12Z
follower,social-media,after,"The LA-based label had just been launched as an offshoot from noise and ambient imprint Not Not Fun, of which Octo Octa was a passionate follower; its founders, Amanda and Britt Brown, were on the hunt for dance music producers with an ear for the retro, lo-fi, DIY house sound that the label quickly became known (and at times chastised) for.",2017-03-28T12:40:34Z
follower,social-media,after,"I can’t usually see the couples from the front, but there were some beautifully sweaty, shirts-off dancefloor moments in Tokyo.” When asked who his most famous fan/Twitter follower/celebrity stalker is, he replies, “Dam Funk,” adding: “Like him, I’m not interested in fame.",2016-11-07T08:00:39Z
follower,social-media,after,"Donald Trump was interviewed by Fox News host and former nemesis Megyn Kelly, who challenged him on having retweeted a follower calling her a bimbo.",2016-05-18T04:28:33Z
follower,social-media,after,"Homosexuality was not openly discussed but the more alert picked up on songs such as the Kinks’ Dedicated Follower of Fashion, or their elusive, slippery See My Friends.",2017-06-08T05:00:18Z
follower,social-media,after,"The decision is a reminder that Hillary Clinton is not above the law.” The decision means Clinton will probably not have to step away from the campaign trail to sit for an interview with some of her fiercest critics, but ensures that the controversy will continue to follower her throughout the final weeks of the presidential campaign.",2016-08-20T16:58:45Z
follower,social-media,after,"But Magdala was also the hometown of Mary Magdalene, a follower of Jesus and witness to his death and resurrection.",2016-09-09T07:30:56Z
follower,social-media,after,"“The operating assumption is Rivera is five years younger, Rivera’s the follower.",2016-12-09T21:00:08Z
follower,social-media,after,"“But then I thought: ‘I’m from London, I should make it about Waterloo, because it had been significant in my life: I used to go down there to change trains to go to college in Croydon; when I was in hospital in St Thomas’s – I was quite seriously ill when I was 15 – they took me out on to the balcony after an operation to look at the Thames.” He breaks off to sing gently, “Dirty old river …” Davies’ best songs have come from bittersweet personal experience: Dedicated Follower of Fashion, the deathless Days and, of course, Lola.",2017-05-11T17:31:53Z
follower,social-media,after,"There has so far been no independent confirmation of Altıntas having any Gülenist links or sympathy, and sceptics will note that it is in the Turkish government’s interest to portray the killer as a follower of its main foe.",2016-12-20T16:18:35Z
follower,social-media,after,"Trump Jr repeatedly refers to people tweeting at him as “morons”, while he also described himself as “a boob guy” and called a follower a “pussy”.",2016-09-20T20:39:50Z
follower,social-media,after,"Like Freud’s follower Jacques Lacan, Wallinger dwells on the moment we recognise our mirror image, the moment a child becomes I.",2016-08-08T11:47:50Z
follower,social-media,after,"After the war he began freelancing as an advertising and magazine illustrator – contributing to Picture Post, Punch, Vogue and Lilliput, among others – with no particular interest in cartoon strip work, although he was a follower of the wartime adventures of Jane in the Daily Mirror and the imported American strips, particularly Rip Kirby.",2016-11-10T18:08:09Z
follower,social-media,after,"Mr Enrique is clearly a follower of the Greek philosopher Zeno, whose paradoxes demonstrated the folly of viewing time as being made up of a discrete number of ‘moments’.",2017-03-10T16:07:03Z
follower,social-media,after,"Nelson’s other intellectual hero, Murray Rothbard, was an American economist and intellectual follower of Mises who was the leading theoretician of “anarcho-capitalism”, a political philosophy that advocates the elimination of the state in favour of individual sovereignty, private property and free markets.",2017-02-28T19:13:46Z
follower,social-media,after,I’m not a follower and I will speak my mind.,2016-07-07T15:34:42Z
follower,social-media,after,"A judge at one hearing noted that joint enterprise was a “very controversial area of law” and accepted the view of the original trial judge that there were mitigating circumstances, as outlined in a probation report: “He did not plan the trip to Sydenham and was more likely to be a follower than a leader in what took place in Home Park.",2016-10-04T14:36:41Z
follower,social-media,after,"Ross advises university marketers to follow the students’ lead: “You need to signpost Snapchat from your other social media platforms and email comms, to build your follower count.” The campaign used “geofilters” (overlays that tell you where and when the snap was taken).",2016-09-27T14:22:59Z
follower,social-media,after,"Hollis is a follower of Carl Jung, so his view of the mind is that the ego – the conscious “voice in the head” that we take to be ourselves – is only a tiny part of the whole.",2015-08-10T17:25:38Z
follower,social-media,after,"Nothing new about fans’ raw deal Many thanks to the Manchester City follower who has brought to my attention a letter, from April 1969, that had been sent into Jimmy Hill’s Football Weekly magazine asking why the people who shape their lives around going to matches often get such a raw deal from those in charge of the sport.",2017-04-22T20:00:23Z
follower,social-media,after,"As a rule, the higher your follower count, the better a person you are.",2016-07-25T20:38:48Z
follower,social-media,after,"Where Britain once inspired the development of disability rights across the EU, over time it has become more a follower.",2016-06-07T10:59:19Z
follower,social-media,after,"“They’re connecting me to that … to that animal, they’re connecting me to him; not at all, he was an Isis sympathiser, a follower of [Abu Bakr al-]Baghdadi – these people are criminals.”",2016-06-15T00:15:18Z
follower,social-media,after,"But, although Rattigan has Lawrence falling into silence when a Bedouin follower suggests he has lied, he generally avoids the larger geopolitical framework.",2016-06-10T11:13:22Z
follower,social-media,after,"Speaking to the Guardian, they described their son as a rule follower who was determined to sprint through his studies and graduate within three years.",2016-07-05T08:29:34Z
follower,social-media,after,"“Long time follower, first time emailer.",2019-07-11T17:38:49Z
follower,social-media,after,"She retweeted a follower who noted that Jones’ character, Patty Tolan, would most likely earn more than her academic fellow Ghostbusters.",2016-03-07T09:30:11Z
follower,social-media,after,"At least another Instagram follower, but hopefully a whirlwind romance.",2016-04-23T05:00:28Z
follower,social-media,after,"Barry’s is not the only tale of cross-dressing in medical history – it echoes the tale of Agnodike, a fourth-century Athenian woman who is said to have cut off her hair and posed as a boy in order to study medicine under Herophilos, a follower of Hippocrates.",2016-09-26T15:38:07Z
follower,social-media,during,“Cook’s Apple has turned into a follower rather than a leader.” It is easy to see why he would think that.,2014-09-10T12:23:28Z
follower,social-media,during,"The accusation of being a follower, not a leader, is one regularly thrown at Apple.",2014-09-10T12:23:28Z
follower,social-media,during,Follower.,2014-09-10T12:23:28Z
follower,social-media,during,"The lesson is that calling Apple a “follower” overlooks what it does best, which is wrap excellent usability into top-quality design, often alongside an innovative interface and then keep iterating to produce a hugely popular product that also wrings huge amounts of money from people.",2014-09-10T12:23:28Z
follower,social-media,during,"Apple could be accused of being a follower: out of ideas, late to the market.",2014-09-10T12:23:28Z
follower,social-media,after,"Sy-ri-a!!) His Indonesian follower responds: “Iya, Sarinah, Kaan?” (Yes, Sarinah, right?) There are times, too, when social media and humour are wielded for more serious purposes.",2016-11-21T03:01:09Z
follower,social-media,after,"Speaking to the Guardian, they described their son as a rule follower who was determined to sprint through his studies and graduate within three years.",2016-07-04T17:32:02Z
follower,social-media,after,One represents the mob – “a blind follower” in Opolka’s words.,2016-08-05T16:08:41Z
follower,social-media,after,"An avid follower of the arts, she seemed to take delight in expressing a damning verdict after each show, often to those involved in it.",2017-09-23T11:00:14Z
follower,social-media,after,"“He’s more a follower than a leader … Salah Abdeslam is a perfect example of the GTA [Grand Theft Auto] generation who believe they’re living in a video game,” Mary added.",2016-04-27T10:46:03Z
follower,social-media,after,"One of the biggest things is his pro-life stance and, as a Christ follower, it’s very hard to accept someone who’s not.” Wilburn said she doubted that Trump will be able to bridge the partisan divide in his inaugural address on Friday.",2017-01-20T01:26:44Z
follower,social-media,after,"samjordison: Just had a question come in from a Twitter follower, Sophie Coulombeau: ‘As a scholar of Hester Thrale’s work,I love Beryl’s According to Queeney.",2016-10-26T17:12:04Z
follower,social-media,after,Chuang has said the car was a gift from a follower and it is kept in a museum.,2016-03-29T09:04:51Z
follower,social-media,after,"But recently, after the cold-blooded murder near Paris of a police officer and his wife, an administrative employee in a police station, by a self-proclaimed follower of Isis, the local Muslim community organised its own silent protest.",2016-07-15T19:04:30Z
follower,social-media,after,As a cricket follower I am disgusted that we cannot provide a proper surface to ensure a contest.,2019-01-04T07:24:53Z
follower,social-media,after,Adaptation and credibility is what differentiates a leader from a follower.,2016-07-08T07:00:15Z
follower,social-media,after,"Helen, like Colin, was a firm follower of the church’s liberal tradition, always open to questions, working alongside those seeking to explore their faith and serving God by serving others.",2016-02-28T17:17:10Z
follower,social-media,after,I wholly expected her to win’ I did not vote because as a follower of Christ I could not give my vote to such a morally bankrupt person as Donald Trump.,2016-11-18T17:32:36Z
follower,social-media,after,"His killing sparks issues of succession: the most obvious candidate is, by his own admission, more follower than leader so Paoli’s will contentiously favours his charismatic lawyer niece Sandra (Hélène Fillières).",2016-04-18T08:00:12Z
follower,social-media,after,"It can be cold and bleak on Newmarket Heath in the middle of April, but for a follower of Flat racing there is nowhere better to be on the first day of the Craven meeting.",2016-04-11T17:51:36Z
follower,social-media,after,"The Moscow home service announces: “The heart of the collaborator and follower of the genius of Lenin’s work, the wise leader and teacher of the Communist party and of the Soviet people, stopped beating.” 2o June 1953: The height of American paranoia is realised with the trial and execution of the Rosenbergs, a couple found guilty of conspiring to pass on atomic secrets to Russia.",2016-02-15T12:05:02Z
follower,social-media,after,The teenage Islamic State follower who cut the throat of a Catholic priest celebrating mass in northern France was released from prison despite being determined to join jihadis in Syria.,2016-07-27T14:07:13Z
follower,social-media,after,"“I wish to make it clear that the incident was nothing at all to do with Christianity or any other religious beliefs even although I am a follower of the prophet Muhammad peace be upon him I also love and respect Jesus Christ.” Ahmed made no plea during a private court appearance, where he was charged with Shah’s murder.",2016-04-06T18:18:12Z
follower,social-media,after,"The young Fleming was a keen follower of motor racing at Brooklands and adapted the name from a series of four monstrous aero-engined cars – Chitty-Bang-Bang 1, 2, 3 and 4 – built by the eccentric Louis Zborowski in the 1920s.",2015-12-21T19:08:02Z
follower,social-media,after,This is not the issue for a follower of God and he [Omar] that did this has greatly saddened me.,2016-06-13T09:47:46Z
follower,social-media,after,"Monday’s best bets, by Chris Cook So are you a Don Cossack fan or a devout follower of Cue Card?",2016-03-21T12:08:18Z
follower,social-media,after,"Antony, an imperial Roman, Enobarbus his faithful follower, are felled by her female mystique and otherness.",2016-04-30T10:00:22Z
follower,social-media,after,"“He’s more a follower than a leader … Salah Abdeslam is a perfect example of the GTA [Grand Theft Auto] generation, who believe they’re living in a video game,” Mary said.",2016-04-27T17:46:36Z
follower,social-media,after,16ac Weapon for Falstaff’s follower (6) [ standard bearer to Falstaff ] ...,2016-04-25T11:30:56Z
follower,social-media,after,"“As a longtime follower of the OBO (and former half-decent leggie), I was wondering if I could plug my ridiculous attempt at endurance walking – 52.4 miles non-stop along the South Downs.",2018-06-21T20:33:21Z
follower,social-media,after,"But he denied speeding at any stage, hitting any dogs, reversing towards riders or assaulting a hunt follower.",2015-07-23T14:33:19Z
follower,social-media,after,"When he came upon hunt follower Stanley Wreyford, he was said to have grabbed him by the scruff of the neck and shouted at him: “Is this your fucking dog?” Wreyford said it wasn’t and Wright-Watson drove on, the court heard.",2015-07-23T14:33:19Z
follower,social-media,after,"The comedy arising from the conflict between plain-speaking Daniel and the faceless form-follower is broad, and the point rather soft.",2016-05-24T13:29:44Z
follower,social-media,after,"“A lot of my life I had to pretend to be straight, but here people can be as they are.” I ask Gonzalo, 26, and Trix, 29, who can both dance as either leader or follower, why that flexibility is important for them.",2016-03-30T06:30:00Z
follower,social-media,after,"“After finishing my exams as a follower, it was like: now you can do them all again ‘as a man’.",2016-03-30T06:30:00Z
follower,social-media,after,"Younger by a generation than the group of French composers known as Les Six, Françaix is more easily identified as a later proponent of their central aesthetic values of wit and sheer chic, as opposed to registering as a follower of the more delicately sensuous path laid out by Fauré – whose Poème d’un jour was carefully articulated by tenor Matthew Long and sensitively accompanied by Anna Markland.",2015-12-11T12:58:11Z
follower,social-media,after,"The bride is a follower of Jainism, an ancient Indian religion similar to Buddhism, and her groom is a Sikh.",2016-11-03T07:00:42Z
follower,social-media,after,"In 2014, former Manchester United defender Rio Ferdinand was suspended for three matches while at Queens Park Rangers and fined £25,000 for directing a jibe at a Twitter follower using the word “sket”, Caribbean slang for a promiscuous woman.",2016-04-16T19:49:14Z
follower,social-media,after,"We looked at some of the handful of paintings by women it has, but I found myself telling the story of Artemisia Gentileschi, the brilliant follower of Caravaggio who was the most original female artist of the baroque age.",2016-05-02T12:10:42Z
follower,social-media,after,Corbyn is a follower of Tony Benn.,2016-06-10T05:00:13Z
follower,social-media,after,"We determined whether the first person held the door for the follower or followers, how far the follower or followers were from the door, how long it took for the follower or followers to reach the doorway, and how many followers (one or two) followed the first person at the door.” “We found,” they reveal, “that the closer the follower or followers were to the door, the more likely people were to hold the door open.” The researchers devised the experiment to test their new hypothesis — their highly educated guess — as to what happens in the mind of a person faced with a decision to either hold the door open for the next person, or not hold the door open.",2015-05-26T05:55:01Z
follower,social-media,after,"“Ali was not a leader, he was a follower,” Kindred says.",2016-06-05T12:00:39Z
follower,social-media,after,"“I was disgusted, ashamed to be a West Ham fan,” said lifetime follower Ciro Castaldo, who stood near one of the troublespots.",2016-09-17T23:05:02Z
follower,social-media,after,"One possible explanation for the Toulouse picture is that it was painted by a northern follower of Carravagio, as some French experts appear to think.",2016-04-13T11:07:41Z
follower,social-media,after,"A landowner who was furious that a hunt had “run amok” on his property ran over hounds in his car, reversed at horse riders and attacked a foot follower by grabbing him by his neck, a court has heard.",2015-07-21T15:41:53Z
follower,social-media,after,"When he came upon hunt follower Stanley Wreyford he allegedly grabbed him by the scruff of the neck and shouted at him: “Is this your fucking dog?” Wreyford said it wasn’t and Wright-Watson drove on, the court heard.",2015-07-21T15:41:53Z
follower,social-media,after,It began when a follower complained on Thursday evening that he had been blocked from following Bishop.,2015-09-17T18:07:00Z
follower,social-media,after,"A Twitter follower of mine Robert Ramsey pointed out that the modern generations are the first ones to be able to record or download their favourite entertainments and watch them at will, thus keeping them fresh in the memory rather than fading over time.",2016-06-01T13:16:47Z
follower,social-media,after,"“I feel like my guy doesn’t just dress up,” he says, alluding to an idealized Scottian ur-follower.",2016-05-27T15:54:09Z
follower,social-media,after,"She also started dominating a more modern popularity metric, becoming the most followed person on Twitter in 2016 (her follower count is steadily creeping towards 100m).",2017-06-11T07:59:49Z
follower,social-media,after,What makes the relationship between organic daughter of the soil Helen and bloodthirsty follower of the hounds Rob so compelling is precisely that we cannot see them.,2016-03-11T14:00:06Z
follower,social-media,after,"As a follower of the Persian prophet Mani, this was the religion of Augustine’s youth.",2016-01-05T12:50:38Z
follower,social-media,after,"Taylor is nothing if not consistent: 40 years ago he published a pioneering book on Hegel, presenting him as a follower of Herder, for whom language was an “expression of self”, as opposed to Condillac, who saw it as a “vehicle of ideas”.",2016-04-27T13:00:06Z
follower,social-media,after,"Although our ancestors were Sikhs, my father was Christian and my mother was a follower of Brahmo Samaj, a reformist Hindu movement.",2017-08-02T14:25:05Z
follower,social-media,after,"The key is to capture our activities from many different angles instead of using misleading metrics in isolation (follower numbers on social networks is widely acknowledged as a bad metric in communications circles, because you can’t be sure those followers are actually reading your feed).",2016-02-10T07:15:18Z
follower,social-media,after,"One new follower, New York Magazine art critic Jerry Saltz, commented: “You.",2016-03-10T17:59:15Z
follower,social-media,after,"Being an expat Scot, O’Rangers fan, Aston Villa follower and recently returned from Canada, I jumped at the chance.",2017-01-12T16:20:01Z
follower,social-media,after,"He channelled the spirit of John Maynard Keynes, telling a follower “in the long run we are all dead” – but that in the medium term he is going nowhere.",2015-05-31T13:01:52Z
follower,social-media,after,"A follower of Gandhi’s teachings living in India, at the age of 26 he had embarked on a walk for peace over 8,000 miles across four continents between Moscow and Washington, capturing the imagination of anti-war campaigners around the globe.",2016-07-31T11:30:01Z
follower,social-media,after,paulinejeyasubha asks I am your great fan and follower from India.,2016-04-27T13:09:31Z
follower,social-media,after,[Plus contributions by Carlos Hughes and Cayo] paulinejeyasubha says I am your great fan and follower from India.,2016-04-27T13:09:31Z
follower,social-media,after,"“As a follower and supporter of the England cricket team for over 30 years now, I’ve got mixed feelings today.",2018-06-10T17:57:48Z
follower,social-media,after,"Jeremy has a conversation with his possible follower, who may be a friend or a foe, about recording his students’ habits – reading, writing, seminar attendance.",2016-02-12T11:00:37Z
follower,social-media,after,I wonder if the UK will be a creator of new knowledge and solutions to the world’s problems or a follower waiting for other countries to lead the way?,2016-01-17T00:05:10Z
follower,social-media,after,"A follower of Baye Fall, a mystic Islamic sect, Lô is a peace warrior on a mission, the light to Boko Haram’s darkness, as Baissons les Armes suggests.",2015-06-07T07:00:04Z
follower,social-media,after,"In the person of One Nation’s Malcolm Roberts, it would appear that Queensland may have elected a follower of the sovereign citizen movement to the Senate.",2016-08-05T05:10:49Z
follower,social-media,after,"Many of the objects in the closing part of the exhibition turn out to be attributed to “Botticelli and workshop”, or simply “Workshop of Botticelli” or even, in a final distancing shrug, “Follower of Botticelli”.",2016-03-05T12:00:04Z
follower,social-media,after,"Likewise, but in reverse, another workshop production, Virgin and Child With Four Angels from 1485 already looks so disconcertingly pre-Raphaelite in its style that you have to check the date to make sure that it wasn’t done by a follower of Rossetti in the 1890s.",2016-03-05T12:00:04Z
follower,social-media,after,"Professionally and editorially she was never a follower – she led with her heart, with intelligence and courage.",2016-05-11T17:04:36Z
follower,social-media,after,Bernie Sanders is winning the Snapchat election – at least on the follower count.,2016-04-05T17:54:28Z
follower,social-media,after,"Murdoch said he was reading Carson’s “wonderful” book, One Nation: What We Can All Do To Save America’s Future, and told a follower on Twitter he would “recommend it to everybody”.",2015-10-08T02:46:41Z
follower,social-media,after,"It was the second major terrorist attack in France in less than two weeks after an Isis follower ploughed a lorry into crowds celebrating Bastille Day on 14 July in Nice, killing 84 people and injuring hundreds more.",2016-07-28T07:30:35Z
follower,social-media,after,"She’s a follower of the Afro-Cuban Santería faith, and her best material echoes the African-influenced religious chanting she has known since childhood.",2015-06-11T17:15:03Z
follower,social-media,after,"So far, reaction has been mostly positive, and the polls have proved to be good for brand engagement and follower interaction with many people participating and a high level of retweets.",2015-09-25T14:01:11Z
follower,social-media,after,"Clearly, making the subtle pregnancy chic look work beyond the third trimester is easier if you are a voluminous Rick Owens tunic or vintage smock dress kind of person – rather than a dedicated follower of bodycon.",2016-01-14T11:11:07Z
follower,social-media,after,"“I think as an honorary president you are something like [a] godfather, but he’s clever enough and intelligent enough to let his follower go ahead and run Fifa.” In the programme, in which the former England international Sol Campbell calls for Fifa to be disbanded altogether, Stoehlker also confirms that Blatter has recovered from his recent health scare.",2015-11-21T09:37:17Z
follower,social-media,after,But an extrovert can be a very unassertive follower of a crowd while an introvert might confidently stand up to one.,2016-01-15T14:07:21Z
follower,social-media,after,"Now almost every football follower in the country can recite Leicester’s basic lineup: Schmeichel, Simpson, Morgan, Huth, Fuchs, Mahrez, Kanté, Drinkwater, Albrighton, Vardy, Okazaki.",2016-03-18T12:32:57Z
follower,social-media,during,You are our 5000th Twitter follower – do you use social media much?,2013-09-06T15:36:00Z
follower,social-media,after,"Don’t want it or need it, but don’t wanna be out of the action!” Sweariest opening salvo: @SamuelLJackson He dropped plentiful F-bombs in Pulp Fiction and life imitated art when the actor opened his account in 2011: “Can-a muh fukkasay fuck on here?” Fastest follower-gathering: @Caitlyn_Jenner In June, the reality star broke all records by gathering 1 million followers in a mere four hours.",2015-10-04T08:15:11Z
follower,social-media,after,"Social media has fueled an ego-driven society where we celebrate reality TV stars, heavily curate photos we post online and strive to have huge follower numbers on social media.",2015-11-09T21:25:04Z
follower,social-media,after,"Together with her second husband, businessman Bill Byrne, whom one ex-follower described as “a handsome, rich, compliant handbag,” she received an AU$5,000 fine, but no jail time.",2016-11-20T09:00:33Z
follower,social-media,after,While it is difficult to fathom the mentality of the football follower who makes the journey to an away game with a banner inviting the manager to leave tucked inside his coat – and in the case of Wenger still unfurls it at Hull even though Arsenal were 4-0 winners – should any similar protest take place at Wembley on Saturday it would just be one more reminder that the FA Cup’s alleged magic casts a weaker spell with every passing season.,2016-04-16T21:00:05Z
follower,social-media,after,"So in this case you become the follower, and you have to be discreet about it – invisible, in fact, like the nightmarish figures in Mitchell’s movie.",2015-02-26T15:32:35Z
follower,social-media,after,"I am not Facebook friends with Brok or Blake, nor a regular at that Gold Coast shopping mall, nor a follower of Woolworths’ Facebook page: as such, I would have been blissfully unaware of this whole sorry saga had news sites not picked it up.",2016-04-14T00:51:27Z
follower,social-media,during,"Other music stars whose follower count plunged were rappers Tyga and Ma$e, who lost 1.5 million followers.",2014-12-19T16:18:15Z
follower,social-media,during,"While many celebrities and civilian Instagrammers were furious over their free-falling follower count, others revelled in the massacre.",2014-12-19T16:18:15Z
follower,social-media,during,Users who make money from sponsored posts due to their large follower count also stand to lose out.,2014-12-19T16:18:15Z
follower,social-media,during,"A spokesman said of the purge: “After receiving feedback from members in the Instagram community, we recently fixed an issue that incorrectly included inactive accounts in follower/following lists.",2014-12-19T16:18:15Z
follower,social-media,during,"As a keen follower of international ski racing, I was saddened to learn of the death of John Samuel.",2014-11-28T17:53:43Z
follower,social-media,after,"I wish when I was a kid somebody would’ve told me they were a follower a Christ, and they still struggled with sin.” In this small Kansas town of 3,700, it is difficult to find anyone who will speak ill of the man who shot a semiautomatic rifle at pedestrians from his moving vehicle, before arriving at his place of employment seemingly to execute coworkers at random.",2016-02-28T13:32:40Z
follower,social-media,after,"This artist we know as a painter of pagan gods became a follower of the preacher Girolamo Savonarola, who briefly turned Florence into a theocracy.",2016-03-02T09:00:00Z
follower,social-media,after,"Mike is – as any follower of running legends will know – a former London marathon winner, while Yolanda has unfeasibly long legs, which I’m sure are an unfair advantage on these climbs.",2016-05-23T06:37:22Z
follower,social-media,after,"He demonstrates how You Really Got Me turned the blues into hard rock with a simple shift of attitude, saucy orgasm gags are dropped into calypso jive Come Dancing and Dedicated Follower of Fashion is half Noël Coward, half Johnny Cash.",2015-07-26T12:24:40Z
follower,social-media,after,"Smith, a self-styled ideological follower of Nye Bevan, the postwar Labour health secretary and founder of the NHS, admits to fears about what may come.",2016-07-16T23:05:25Z
follower,social-media,after,"I can remember going to watch one final, Manchester City against Sunderland [in the 2014 Capital One Cup], but I’d usually stay at home, or be playing football, and I didn’t know what had happened until my friends came back after the match to tell me the score.” This partly explains why Iheanacho grew up as a follower of Barcelona, with Lionel Messi his idol, and more attuned to the goings-on in La Liga than English football.",2016-02-19T18:31:00Z
follower,social-media,after,"When she uploaded a post during her “self destructive” stage, one follower accused her of being “#kindawhiney!” and when she shared a picture of herself crying, another wrote: “Cry me a river.” Finally, when Ulman appeared to be recovering, people accused her of being boring, calling her an idiot and a bitch.",2016-02-04T13:22:57Z
follower,social-media,after,Q: Do you have an ethics policy that your developers follower?,2018-02-08T18:04:20Z
follower,social-media,after,"He is a big fan of football (aka soccer) but perhaps most brilliantly, he is a follower of British soap Coronation Street, even pursuing a cameo role and professing his attraction to the character Deirdre Barlow, played by the late Anne Kirkbride.",2015-06-12T10:12:08Z
follower,social-media,after,"“I think, in general, music radio has over the past five years or so become a bit too over-reliant on data,” he says, in what appears to be a step away from Radio 1’s previously established system of using streaming stats and social media-follower counts to pick artists to playlist for daytime airplay.",2016-03-12T07:00:10Z
follower,social-media,after,It was recommended to Iuzzolino by a Twitter follower.,2016-04-08T11:54:09Z
follower,social-media,after,"It’s a shame, everyone says, that this new generation seems so addicted to “likes” and “follower counts” and “favorites” that they have lost their inner compass, and that, lost in our devices, we are robbing our fellow human beings of attention, humanity and true friendship.",2016-02-03T09:00:29Z
follower,social-media,after,"For her show at New York fashion week on Sunday morning, Victoria Beckham wore head-to-toe black, an outfit that any follower of the designer would recognise as fairly typical.",2015-09-13T18:06:35Z
follower,social-media,after,"I am an enthusiastic follower of both codes but feel that the more serious injuries are occasioned in the scrums, both set and loose, of the union game.",2016-03-04T19:13:53Z
follower,social-media,after,“As a keen follower of Scottish football it’s nice to see that some of the talent at Southampton that has brought them success in recent seasons has moved south from Scottish football.,2016-10-16T16:54:42Z
follower,social-media,after,"Raised Roman Catholic but not a follower in adulthood, I too was taken by this pope.",2015-10-01T10:45:17Z
follower,social-media,after,"“We chose Kickstarter as I’ve personally been a follower since it started, so I’m very familiar with the platform, the way it works and the community behind it,” adds Spence.",2015-12-13T10:44:53Z
follower,social-media,after,An exclusive club has formed on Twitter based on blue ticks and large follower numbers.,2015-12-23T12:13:33Z
follower,social-media,after,"Rebecca commented to a follower on Tumblr: “Obviously it’s been super hard for me because Essena has put out all this information about what SOME instagramers are like, then left social media and of course I have been left with everyone comparing us and thinking that she is implying those concepts are relevant to my account.",2015-11-03T07:30:44Z
follower,social-media,after,"He claimed his alleged rape victim, who cannot be named, “was extremely competitive” with, and jealous of, another follower, Sian Williams, with whom he admitted having an affair in the commune.",2015-11-26T14:12:12Z
follower,social-media,after,"But from the time Malcolm X began tutoring him in the teachings of Elijah Muhammad in 1962, he was a committed follower.",2016-06-04T23:05:23Z
follower,social-media,after,"As a lifelong supporter/fan/follower of the ‘appy ‘Ammers (no, no … wait for it.",2016-08-08T14:50:16Z
follower,social-media,after,He said it was “entirely inappropriate to suggest every follower of one of the world’s great religions has to be suspected of terrorism”.,2015-12-09T22:02:47Z
follower,social-media,after,"One tweet attributed to a follower of Pegida, the anti-Islam, anti-immigrant protest group , stated: “Merkel … you’re an accessory to the abuse at Cologne.” On Pegida’s Facebook page, a woman identifying herself as Angelina Southern got more than 500 likes for her comment: “I could puke when I read this, and there are still so many deluded idiots who say ‘Welcome refugees’ … Close the borders now.",2016-01-05T16:49:01Z
follower,social-media,after,"Dismissing Australia cheaply would obviously frustrate the requirement for a full match, but perhaps carries other compensations for the success starved English follower?",2017-12-29T06:18:38Z
follower,social-media,after,"You want to be a leader, not a follower.",2015-11-08T18:00:08Z
follower,social-media,after,"Yes, the peregrine has proved to be an excellent urban adaptor, or what in German is known as a Kulturfolger – a “culture-follower”.",2017-04-15T08:00:20Z
follower,social-media,after,"Maria calls Malvolio “a time-pleaser, an affectioned ass” - a follower of fashion and a pretentious idiot in Twelfth Night.",2015-04-23T08:00:03Z
follower,social-media,after,"He was a devoted follower of the Amadeus Quartet and, after the ensemble disbanded in 1987, was a member of the board of the Amadeus Scholarship Fund, which supported young string quartet players.",2015-09-06T16:31:15Z
follower,social-media,after,"He became a follower of the Social Democratic party when it was first formed, but later reverted to Labour.",2015-09-06T16:31:15Z
follower,social-media,after,"7 | Metropol theatre Tarragona, Josep Maria Jujol, 1908 Jujol was a follower of Antoni Gaudí who, sometimes blessed with smaller budgets than the great man commanded, produced works that were less excessive but equally inventive.",2015-12-11T11:59:09Z
follower,social-media,after,"If you’re a development worker, campaigner or a hard-core follower of international affairs this might not be news to you.",2015-09-07T11:38:16Z
follower,social-media,after,"In fact, His Holiness the Dalai Lama, of whom Ripert is a dedicated follower, translates from the Tibetan as Ocean Wisdom.",2016-03-20T12:30:39Z
follower,social-media,after,"However, the mystic failed to foresee his own downfall even as investigators closed in on his most powerful follower.",2015-06-11T16:33:14Z
follower,social-media,after,"“I come from a generation where these huge follower counts are normal,” she told the New York Times, who described her as not just “preternaturally self-possessed” but “fluent in the language of modern marketing”.",2015-09-04T14:35:11Z
follower,social-media,after,"Young Jessica Ainscough, who shunned conventional treatment for her sarcoma, and recently died, was a follower.",2015-03-02T23:39:19Z
follower,social-media,after,"I’m not a follower of religion, I would never be a dogmatic person about religion, but I think that certain aspects of it have great value.” He has been reading a lot on Buddhism lately and comparing ancient theories of the cosmos and modern astrophysics.“Someone, say 7,000 years ago – what would they have thought when they looked up?",2015-01-16T01:14:47Z
follower,social-media,after,"I’m a big follower of the “do as you would be done by” school, and I thought if we were subject to an invasion here and I had to pack up with my children and undertake a horrific journey, then what would I hope for from my fellow citizens?",2015-09-21T08:00:10Z
follower,social-media,after,"The church is notoriously press shy and in the absence of a real David Miscavige (the leader of Scientology) or a real Tom Cruise (its most famous follower) he and Marty Rathbun, who was once the organisation’s inspector general, recruited actors to re-enact scenes Rathbun witnessed.",2016-10-02T06:30:07Z
follower,social-media,after,A follower of US conspiracy theorist Lyndon LaRouche.,2017-04-04T22:59:19Z
follower,social-media,after,"A trip to a baseball game over ten years ago sealed my fate as a follower of all the cities’ three sports teams; the Cleveland Indians in the MLB, the Cavaliers in the NBA and the Browns in America Football.",2016-02-07T14:00:06Z
follower,social-media,after,"A few weeks ago, a twitter follower asked me if birds snore.",2015-04-11T11:38:04Z
follower,social-media,after,"* our speaker (9,8,10 ac) = Henry Morton Stanley Across 5 quarto (s)QUAR(e)/TO 6 liquor LIQUOR(ice) 9,8,10 Doctor Livingstone, I presume DOCTOR/LIVING/S(mall)/NOTE(part anag)/1P/RESUME 11 Luke a doctor, comes after Matthew(s) and (re)Mark 12 epistolary (w)E  ARY 13 asking for IT/it double def 18 Accrington ACC/RINGTON(e) [Accrington Stanley] 21 port/Port double def [Port Stanley] 22 mandarin DAMN RAIN (anag) 23 Morgan M(ass)/ORGAN [Morgan Stanley] 24 La Niña pLAN IN Atmosphere (hidden) 25 menace M  E Down 1 Matthews MATT/HEWS [Stanley Matthews] 2 starve STAR  E 3 libretto OTT/(g)ERBIL (rev) 4 mussel LESS UM (rev) 5 quorum (status)QUO/RUM 7 remark RE/MARK [Matthew’s follower] 14 ignorant (s)IGNORA/NT [New Testament] 15 imperial double def 16 scrawl S(econd)/CRAWL 17 crease (in)CREASE 19 redone RED/ONE [red snooker ball and its value] 20 number NUMB/ER [eg 9]",2015-02-13T15:00:06Z
follower,social-media,after,"From his PhD thesis, published as Language and the Origins of Psychoanalysis (1980) and immediately translated into French, to his magnum opus, Freud in Cambridge, completed but yet to be published, John was passionately engaged with his subject, though, being at heart a follower of the French Enlightenment, never a zealot.",2015-12-03T16:43:58Z
follower,social-media,after,They drink the Kool-Aid of their follower numbers.,2016-07-03T09:00:11Z
follower,social-media,after,"Free resources If you don’t have the budget for paid-for tools there are free-to-use ones, such as: website.grader.com bufferapp.com (social media scheduling and analytics) moz.com/followerwonk/analyze (Twitter follower analysis) viralwoot.com (Pinterest analytics) iconosquare.com (Instagram analytics) bitly.com (shortens and track links) Google analytics Sign up to become a member of the Guardian Small Business Network here for more advice, insight and best practice direct to your inbox.",2015-12-02T08:20:00Z
follower,social-media,after,"So much so that this column tracked down a Spurs season-ticket holder, an avid follower who has seen all the games so far and has just booked a trip to Azerbaijan later this month, in the interests of checking the facts.",2015-11-14T10:30:02Z
follower,social-media,after,"I can, however, join the chorus of approval for The Knick (Warner, 15), which admittedly jumped ahead in my small-screen queue owing to some big-screen bias on my part: Steven Soderbergh retains must-see status in any medium for this dedicated follower.",2015-08-16T06:00:03Z
follower,social-media,after,"He was a follower of John Maynard Keynes, the early-20th-century economist whose vision of a milder, state-regulated capitalism had shaped the postwar Britain that Thatcherism largely erased.",2017-08-04T05:00:34Z
follower,social-media,after,"“I never met a pantsuit I didn’t love,” she wrote to Brittany Jones, who described herself as an “avid follower”.",2015-07-20T22:34:14Z
follower,social-media,after,"I stood on my tiptoes, Caspar tried to pout, and when we showed them our combined Instagram follower count of 7m, they signed us up on the spot.",2015-11-22T14:00:05Z
follower,social-media,after,"Still, in the eyes of many US Latinos, Pope Francis (or “Panchito” as one devout follower lovingly calls him) is the real deal, and is having a decided effect.",2015-09-24T15:15:13Z
follower,social-media,after,Moore also replied to a follower explaining his position.,2015-03-30T07:46:42Z
follower,social-media,after,"He wrote: “@FrediSmith when a journalist asks if ‘bond should be English’ and you agree, then quotes you saying it about Idris Elba it’s out of context.” He also retweeted another follower’s comment: Moore’s apparent initial comments drew outrage on Twitter, the boxer Lennox Lewis referencing the recent “whitewashing” controversy relating to Ridley Scott’s biblical epic Exodus: Gods and Kings, though he appeared to mix up Christian Bale and co-star Joel Edgerton.",2015-03-30T07:46:42Z
follower,social-media,after,"Weight loss, ‘increase your follower count’, and ‘see who viewed your profile’ scams are common across the board,” says Umawing.",2016-03-21T07:00:02Z
follower,social-media,after,"To figure out how I got to be here.” “The words you put together, it is simply amazing!” writes one follower.",2015-11-23T07:00:30Z
follower,social-media,after,"Speaking Spanish, the pontiff lauded Serra as a dynamic follower of Christ who had spread the joy of the gospel and sought to curb the abuses of early Spanish colonial rule.",2015-09-24T08:23:24Z
follower,social-media,after,"It made No 3, but that couldn’t hide the fact that it was a trite song that might have been by Freddie and the Dreamers, launched into a chart that contained 19th Nervous Breakdown, Day Tripper, Dedicated Follower of Fashion and the Yardbirds’ Shapes of Things.",2015-10-08T14:00:17Z
follower,social-media,after,"This morning, she also comforted a Twitter follower asking if Galbraith got “nervous sending out his work for the first time even though he knew he was fab”, telling her: “Believe me, neither @RGalbraith nor I walk around thinking we’re fab.",2015-03-24T13:38:29Z
follower,social-media,after,"They introduced a Japanese toy enthusiast, citing his YouTube follower count, and he (and another host) showed us three models.",2015-09-03T15:33:20Z
follower,social-media,after,"In a more modest but no less winning performance, Lola Kirke – younger sister of Girls regular Jemima Kirke, and a near-ringer – somewhat steps into the shadows after the first act, as Tracy becomes Brooke’s follower and confidante.",2015-08-16T08:00:06Z
follower,social-media,after,"A church organist during his teenage years, he became a follower of the experimental musician Cornelius Cardew and grew more involved in politics as Cardew became more left-wing.",2015-09-22T09:41:38Z
follower,social-media,after,"So I say what I am about to say, not as a follower of Henry Ford, who claimed all history is bunk, but as someone absolutely rooted in the subject.",2015-10-23T05:00:03Z
follower,social-media,after,"A casual follower of US politics might be forgiven for considering Mike Huckabee a Bible-thumping, bass-playing conservative, but to many on the right he’s something entirely different: a statist pushing for bigger government.",2015-05-05T17:41:16Z
follower,social-media,after,"He returned to Australia in 2000 where he now applies Bioregulatory Medicine to non-obstructive infertility.” The profile said Di Paolo was a follower of Jacques Jouanny, an author of homeopathy books.",2015-03-18T03:54:34Z
follower,social-media,during,"But, does a large follower base – however garnered – attract exponential growth in authentic followers?",2014-09-02T06:12:51Z
follower,social-media,after,"After creating his sublime visions of pagan myth he became a follower of the revolutionary prophet Savonarola, rejected sensual beauty and devoted himself to illustrating Dante.",2015-08-27T12:24:12Z
follower,social-media,after,"In contrast, my terms of reference are as a Bible-believing follower of Jesus Christ who, in his life, death and resurrection provided us with all the instruction and example we need to live a life of radical love within the enveloping perfection of God’s will and purpose.",2015-06-27T23:04:02Z
follower,social-media,after,“Lincoln was not a follower of Ayn Rand.,2016-05-14T11:45:02Z
follower,social-media,after,"I am a Buddhist, a Hindu, a follower of Islam and Christianity.",2015-08-19T04:59:16Z
follower,social-media,after,"The aft body, or Follower, then delivers an NED (nuclear explosive device) into the crater to break up the asteroid into small harmless pieces, eliminating the threat.",2015-05-13T14:31:33Z
follower,social-media,after,"In the early chapters, he is a vivid and slightly exasperating presence, whose every word is recorded in a notebook by his devoted follower.",2016-03-19T12:00:10Z
follower,social-media,after,"One of the biggest things is his pro-life stance and, as a Christ follower, it’s very hard to accept someone who’s not.” Wilburn said she doubted that Trump will be able to bridge the partisan divide in his inaugural address on Friday.",2017-01-20T00:27:59Z
follower,social-media,after,(I hesitate to point out that Jesus called his disciple Peter “the rock” and at no point do I think the Messiah thought his follower was made of granite.) But language lets us down.,2015-06-01T16:16:39Z
follower,social-media,after,"Scrolling through her Twitter feed, you encounter self-deprecation (“Describe Alessia in a video,” requests a follower; “Mess,” she replies), sarcasm and a ringing endorsement of Kesha’s fight to sever ties with producer Dr Luke.",2016-03-10T15:08:00Z
follower,social-media,after,"Daymé Arocena: Madres Daymé Arocena is in her early 20s, a follower of the African Cuban Santeria faith, and one of the finest new singers in Cuba.",2015-07-07T14:39:08Z
follower,social-media,after,"As recently as March, you would have had to be a fairly committed follower of the sport to be able to name her on sight but that is no longer the case, following a stack of winners and almost as many interviews.",2015-08-07T17:23:50Z
follower,social-media,after,“I wonder who’s the remotest follower of the coverage?,2016-11-19T16:48:09Z
follower,social-media,after,"But Lin continued her activist work, by writing a Washington Post op-ed in June and by testifying to the US Congress in July about religious persecution in China.By coming out now as a practitioner of Falun Gong, Lin has become its highest-profile follower in the western hemisphere.",2015-08-27T18:12:22Z
follower,social-media,after,"On the feast day of the Bible’s most radical woman, Mary Magdalene, the Church of England consecrated its most senior female bishop – set to be the first to enter the House of Lords – with the Venerable Rachel Treweek urged to be as subversive as Jesus’s most prominent female follower.",2015-07-22T17:41:35Z
follower,social-media,after,"Meanwhile, Twitonomy helps you measure return on investment – you can track follower growth over time and the number of clicks on links.",2015-08-27T06:15:18Z
follower,social-media,after,"However, with Jackman in the lead as the follower of Jesus who was converted on the road to Damascus, not to mention Matt Damon and Ben Affleck taking producer roles, the project looks likely to have significantly more clout than previous efforts.",2015-04-01T08:26:56Z
follower,social-media,after,"In its latest broadside in the ongoing effort to make more mobile phone users choose its “data stash” (you get to keep monthly data you haven’t used BECAUSE IT’S YOURS!) over AT&amp;T’s alternative plan or Verizon (which hasn’t bothered to compete because it’s “a leader not a follower”), T-Mobile has opted for Kim Kardashian as its Super Bowl ad spokeswoman.",2015-01-27T16:07:55Z
follower,social-media,after,"Its architects, Alison and Peter Smithson, were intellectual leaders of international renown, whereas the library’s designer, Colin St John Wilson, was more a skilled follower of others’ ideas.",2015-08-22T23:11:05Z
follower,social-media,after,"I like to relax with my two dogs, (collie crosses) and am a keen follower of most sports.",2015-06-05T07:30:05Z
follower,social-media,after,"Those audiences have been built follower by follower on social networks, but often remain unknown to traditional media – at least until they emerge, fully-formed with those audiences sending their books (Zoella), songs (Shawn Mendes) and mobile games (PewDiePie) to the top of the charts, causing a confused scramble to explain their popularity.",2015-10-14T06:30:03Z
follower,social-media,after,"Varoufakis then told one follower that, as John Maynard Keynes put it, “in the long run we are all dead”, but “in the medium run, those nostalgic of the troika days are stuck with me”.",2015-05-31T18:42:05Z
follower,social-media,after,barneymatey asks: I’d like to know to what extent Kipling’s work a creator or follower of British society’s view on its Empire.,2016-01-29T14:10:39Z
follower,social-media,after,"A close follower of the negotiations said on Friday: “It is notable that people who are as well-informed about the brewing industry as they are felt the revised terms weren’t full enough to accept.” Those who know the family say they have a knack for holding out for the best possible price, with experience of keeping an interest in a business, as they did with SABMiller.",2015-10-09T19:07:00Z
follower,social-media,after,barneymatey asks: I’d like to know to what extent Kipling’s work a creator or follower of British society’s view on its Empire.,2016-01-29T14:10:39Z
follower,social-media,after,"They maintained that the “false” Dalai Lama, as they called him, was himself a follower of Shugden teachings until 1976 but was now banning the practice and suppressing human rights.",2015-07-04T17:46:26Z
follower,social-media,after,“We are saying Primark is a fast-follower in fashion.” He admitted that Primark management regards the US launch with a mixture of “excitement and anxiety”.,2015-09-05T15:00:04Z
follower,social-media,after,"Ordnance Survey’s digital mapping service Melissa Harrison, writer I spend a lot of time exploring the British countryside on foot, often by myself; but while I am a careful map-reader and route-follower, I don’t possess an innate sense of direction, so discovering the Ordnance Survey’s digital mapping service this year has been wonderful.",2016-12-24T07:00:38Z
follower,social-media,after,"He seems quite genuine to me.” But on a neighbouring table Sandra Weaver, a solid Labour voter and a close follower of politics, is unimpressed.",2016-03-12T22:12:29Z
follower,social-media,after,"Kyle, best known for a confrontational daytime show on ITV, is an enthusiastic follower of jumps racing who owns horses with Nick Gifford, while Humphrey has fronted BT Sport’s football coverage since the channel acquired some rights to Premier League football in 2013.",2015-03-13T09:54:51Z
follower,social-media,after,"Built in 1934 by the Canadian architect Wells Coates, a follower of Le Corbusier, it was launched by the local MP, who smashed a bottle of beer (rather than champagne) on its rose petal pink facade.",2016-03-25T12:00:17Z
follower,social-media,after,"John Allen, a close follower of the Vatican and associate editor of the Crux, agreed that leaks of Vatican documents are quite common in the Italian press.",2015-06-16T15:14:47Z
follower,social-media,after,"A charity would need to send out a tweet using the hashtag that is registered with #Pay: Support our duck appeal and tweet or retweet @duckcharity #duckappeal £3 Then a Twitter follower would need to tweet or retweet using the same hashtag, the charity’s Twitter handle and the amount of money they want to donate.",2015-04-17T13:36:43Z
follower,social-media,after,"Martha’s own identity crisis is touchingly explored in her tender relationship with Finda, who has been raped and who becomes her devoted follower.",2015-01-14T12:11:32Z
follower,social-media,after,"“I hope we’ll make a difference,” says David Martyn, a We Want Plates follower who was featured on the site after asking a Clifton pub to provide him with a normal serving vessel for his portion of fish and chips – rather than the proffered roof tile.",2015-09-16T13:46:48Z
follower,social-media,after,"“Absolutely couldn’t give a fuck about We Want Plates,” tweeted Great British Menu contestant Michael O’Hare in response to a follower’s suggestion that serving langoustine tartare inside a giant plastic egg may have left him off McGinnes’s Christmas-card list.",2015-09-16T13:46:48Z
follower,social-media,after,"“As a Yorkshire cricket follower, he used to camp out in the car with his pipe and the ‘tranny’ so that he could be up to date as much as possible and not annoy my Mum, who just couldn’t understand his obsession.",2017-11-24T07:47:01Z
follower,social-media,after,"On Sunday night, a Twitter follower sent me a screenshot of a Ladbrokes online betting slip.",2015-10-08T17:17:04Z
follower,social-media,after,"Overall, however, Labour still tops the Twitter follower rankings as a party, with 234,000 followers, although this pales in comparison to David Cameron’s personal 1 million strong following, giving him the highest Klout score of all the party leaders over the election period.",2015-05-13T10:30:08Z
follower,social-media,during,The American country star managed to fall for exactly the same trick as Trump on Friday by retweeting a request from a follower.,2014-10-03T13:28:56Z
follower,social-media,after,"Despite the frequent thrashings that seemed to be meted out at his school, he was well-educated and could recite a wealth of poetry, as well as lines from Shakespeare and various religious quotes, although he was not a follower of any faith.",2015-03-02T14:41:58Z
follower,social-media,after,"I think I am naturally a follower and Stew is a leader, but I don’t think that has anything to do with age.",2016-08-20T07:30:07Z
follower,social-media,after,"Here you’ll just end up trying to eat an enemy with the Yoshi in front only to see his follower gobble him up instead, or jump one onto a platform to find the other has leaped into the mouth of a Piranha Plant.",2015-07-16T10:12:15Z
follower,social-media,during,"The painting shows an old, weary man slumped in contemplation in his armchair and has spent more time in the National Gallery's storeroom than on display because it is attributed to a follower of Rembrandt rather than the artist himself.",2014-05-23T13:34:11Z
follower,social-media,during,"The gallery on Friday stood by its ""follower of Rembrandt"" attribution.",2014-05-23T13:34:11Z
follower,social-media,after,What might a SNP follower listen to while treading dog dirt into a St George’s flag?,2015-04-30T17:19:55Z
follower,social-media,after,The message is that a lone figure needs a first follower to join them in order to trigger a social movement.,2015-10-08T09:28:00Z
follower,social-media,after,With a theatrical grimace he confesses to a BBC interviewer: “I’m not really a cricket follower.” We sweep into Devon on the Lib Dem’s yellow Battle Bus.,2015-04-28T06:43:07Z
follower,social-media,during,Has Apple become a follower?,2014-09-10T14:28:12Z
follower,social-media,after,"Everyone is a follower, just following what other countries are doing.",2015-09-01T11:43:09Z
follower,social-media,after,"That’s what the defendant did to Martin Richard.” In her closing statement, Clarke reiterated the defence’s argument that Tsarnaev’s brother Tamerlan had been the powerful leading figure, and his little brother the follower, and also said that Tsarnaev had shown potential for redemption.",2015-05-13T21:16:57Z
follower,social-media,after,A Salafi – a follower of the radical strain of Islam regularly linked to extremism – the 35-year-old had been on a watchlist between 2006 and 2008.,2015-06-27T23:08:02Z
follower,social-media,after,But gradually Australia has moved from being an international leader to an international follower.,2015-04-01T23:48:29Z
follower,social-media,after,Mo Farah is certainly a devoted follower of the Salazar way.,2015-06-04T19:29:28Z
follower,social-media,after,"Considering himself the reviver of the original teachings of Islam, he was regarded by his followers as the messiah and the follower prophet of Muhammad.",2016-04-09T08:00:11Z
follower,social-media,after,"The spiritual follower of Las Vegas, by contrast, knows they are a tourist and embraces the fact.",2015-06-12T19:09:15Z
follower,social-media,after,He allegedly became a spy for the police but told Australian authorities he remained a “secret follower” of the faith.,2015-05-25T07:23:59Z
follower,social-media,after,"Chakravarty was also careful to portray the relationship between Tsarnaev and his elder brother Tamerlan as being one of partnership, to counter the defense’s narrative of a young, weak-minded follower in thrall to his more powerful and radicalised elder sibling.",2015-04-06T20:47:23Z
follower,social-media,after,"I am a Buddhist, a Hindu, a follower of Islam and Christianity.",2015-06-30T11:46:07Z
follower,social-media,after,"Nearly Reach the Sky may not be a book for those who are unaware of, say, what was controversial about the signings of Carlos Tevez and Javier Mascherano, but for any football follower, it will strike a chord.",2015-02-28T11:00:02Z
follower,social-media,during,"Its milk monitors might start their censorship in the National Gallery’s Flemish art section, where a painting done in about 1440 by a follower of Robert Campin shows the Virgin Mary at home with her infant.",2014-12-08T14:48:05Z
follower,social-media,after,"I don’t think any of us picked up that script once Arthur had written the ‘book’.” Today, Sondheim has become a passionate follower of Shakespeare productions around the world, and especially in London.",2016-04-09T11:00:14Z
follower,social-media,after,"Although a family man and a passionate follower of Gaelic sports, McGuigan’s volatile nature meant that even neighbourly disputes could end in violence.",2015-09-12T23:04:08Z
follower,social-media,after,"Here are five key reasons why your social media strategy stinks, and how to improve it: Social PR A key mistake businesses make is spending too much time trying to build up their follower and fan numbers.",2015-04-01T07:18:31Z
follower,social-media,after,Avid follower of the Guardian cricket reporting.,2017-12-04T11:05:41Z
follower,social-media,after,"Their follower bases grew slowly but steadily, with regular, and often grainy, videos about their day-to-day lives.",2016-06-16T08:00:30Z
follower,social-media,during,"The auction house said it was a copy by a “follower” of Caravaggio, but the buyer – an expert on the artist – immediately claimed it was by the master and worth £10m.",2014-10-27T17:11:01Z
follower,social-media,after,"It was supposed to have been Cooper’s reputation as a follower of Gordon Brown (she is, of course, the wife of Brown’s closest ally, Ed Balls) that would prove the biggest hindrance to her leadership ambitions.",2015-08-09T08:17:29Z
follower,social-media,during,"The Queens Park Rangers defender was suspended for three matches and fined £25,000 for directing a jibe at a Twitter follower containing the word “sket”, which the Collins English Dictionary defines as “a promiscuous girl or woman”.",2014-11-05T14:37:59Z
follower,social-media,during,Now here comes the first follower with a really crucial role.,2014-03-13T13:47:00Z
follower,social-media,during,It takes guts to be the first follower.,2014-03-13T13:47:00Z
follower,social-media,during,The first follower is an under-appreciated form of leadership.,2014-03-13T13:47:00Z
follower,social-media,during,The first follower transforms a lone nut into a leader.,2014-03-13T13:47:00Z
follower,social-media,during,If the leader is the flint the first follower is the spark.,2014-03-13T13:47:00Z
follower,social-media,during,Now here's the second follower … this is the turning point.,2014-03-13T13:47:00Z
follower,social-media,during,Leadership is really over-glorified … there is no movement without the first follower.,2014-03-13T13:47:00Z
follower,social-media,after,"(It should not be forgotten that the National Front is the largest French party in the European Parliament, where Ukip have more seats than British Conservatives or Labour.) Booth is a follower of Immanuel Kant.",2015-01-06T13:00:50Z
follower,social-media,during,"In 1973’s Live and Let Die, Roger Moore’s blaxploitation-riffing debut in the role of 007, Samedi is the cackling follower of Yaphet Kotto’s Mr Big/Kananga.",2014-10-07T09:29:11Z
follower,social-media,after,"The defence, by contrast, aim to paint Tsarnaev as weak; a stoned teenager, in thrall to Tamerlan; a follower.",2015-04-20T19:22:19Z
follower,social-media,after,"He falls first for the feisty Iside, bent on avenging the murder of her father, and then Calisto, a follower of the goddess Diana, pledged to virginal purity.",2015-03-29T07:00:06Z
follower,social-media,after,"As I walk to the stadium, I notice Sounders gear popping up in various corners of the city; it’s an odd sensation for an East Coast follower of American soccer where the cultural footprint of MLS teams often fails to register outside a few niche bars.",2016-05-23T10:00:12Z
follower,social-media,during,"Pietersen, who was watching the game on television, tweeted: “I cannot believe what I’ve just seen from one of the groundstaff.” In a subsequent exchange with a follower, who said the Lord’s employee was “dragging his foot down the wicket, how he get away with that.",2014-07-19T18:08:49Z
follower,social-media,after,"Critics and curators were stumped by Kelly, whom they badly misdiagnosed as a Mondrian follower.",2015-07-31T17:10:39Z
follower,social-media,after,Will we be remembered as a leader or a follower on these issues?” he said.,2015-05-02T21:24:21Z
follower,social-media,after,"I am also a follower of Formula Student, in which teams from more than 100 universities worldwide build, test, drive and race their cars at Silverstone.",2015-03-12T19:59:46Z
follower,social-media,after,"“Further to Dan Silk’s point, Ms Lee’s email also suggests she isn’t a regular OBO follower or she would be offering you the more traditional ‘almost clean grundies’ and ‘faded Red Dwarf t-shirt’, surely?” sniffs Robin Hazlehurst.",2017-08-17T20:31:39Z
follower,social-media,after,"Every time you log-in, wherever it may be, you could find yourself invisible to someone you thought was your friend, and found out was only a fair-weather follower.",2015-03-05T15:51:58Z
follower,social-media,after,"(“I’m not a good follower.”) Acting got him out of Chicago, but it wasn’t anything as exalted as a calling.",2015-07-14T16:28:08Z
follower,social-media,after,"The head of the Equality Commission of Northern Ireland, which has found itself at the centre of the storm over a born-again Christian-run bakery refusing to bake a gay-themed cake, is himself a devout follower of Christ.",2015-03-18T07:59:21Z
follower,social-media,after,"It’s advice that will amuse any follower of the kind of Iranian film which has found favour on the foreign film-festival circuit – they do indeed, mostly, avoid sordid realism, and offer coded commentary couched in childlike fables.",2015-02-06T15:00:00Z
follower,social-media,during,"For example, If I post a photo to Instagram, then save that image to my Dropbox or If I get a new Twitter follower then tweet them thanks and a call-to-action.",2014-09-02T08:32:27Z
follower,social-media,during,"One automated response to a Twitter follower favouriting a post can be good social media engagement, whereas five identical auto-responses in a row can feel alienating and turn a positive social interaction into a negative one.",2014-09-02T08:32:27Z
follower,social-media,during,He was a committed Crystal Palace fan in early life and latterly a dedicated follower of the Rugby Club Toulonnais.,2014-10-09T16:44:15Z
follower,social-media,after,"In delivering us News Corp World, Tony Abbott has revealed himself as not a leader but a follower, and the ideas he follows are those of a world in which freedom is a privilege of the powerful, not the right of all; where truth must be convenient or it is to be crushed, and where the strong seek to punish the weak, and when challenged, destroy those, like Gillian Triggs, who will not bend their testimony to power.",2015-02-26T02:26:00Z
follower,social-media,during,"(The Rule of St Benedict, which underpins much modern Christian monasticism, is likewise essentially a schedule, designed to free up time and energy for prayer.) Unhooked from the whims of mood, relieved of the pressure of ceaseless decision-making, the schedule-follower may be freer than the impulse-follower.",2013-06-15T08:01:02Z
follower,social-media,after,"“But I’m not a Psychick Youth, I’m not a sheep or a follower.",2015-04-14T15:25:16Z
follower,social-media,during,"As part of this effort, we will be deleting these accounts forever, so they will no longer be included in follower counts.” With 300 million people using the app, Instagram remains focused on growth, with its parent company seemingly keen to avoid being too over-aggressive in its efforts to make money.",2014-12-10T16:43:50Z
follower,social-media,after,"You would never guess: he became a spy for them too, but told Australia’s immigration department he remained a “secret follower” of the Ahmadis.",2015-06-05T01:59:58Z
follower,social-media,after,"Roxy was a German immigrant, an illiterate follower of spiritualists who set herself up as a fortune-teller.",2016-07-20T05:00:20Z
follower,social-media,after,"It was funny.” Cohen had started this running sketch by asking the world No1, Serena Williams, a keen follower of fashion with her own label, to “do a little twirl” to show off some her colourful outfits.",2015-01-22T20:15:03Z
follower,social-media,after,"Only a few French soldiers are faintly villainous, and Amherst gave himself a wordy comic turn as a very camp camp-follower, trailing as far behind as possible after the Grande Armée.",2015-06-18T09:00:02Z
follower,social-media,after,"To be fair, the average NRL fan, content with what he’s got, isn’t an avid follower of news from the northern front, and compared to the likes of those who have come before him — harbingers of hurt like Sam Burgess, James Graham, Adrian Morley, Mal Reilly and others — Cooper’s arrival was hardly an obvious coup for the NRL.",2015-04-24T00:41:58Z
follower,social-media,after,One effective way to build follower headcount is to use hashtags – words proceeded with a hashtag symbol – which help users to discover specific Instagram posts.,2015-04-22T15:22:17Z
follower,social-media,after,"After 70 years I have still not been able to find out.” On the second day of what will be one of the last ever Nazi trials, state prosecutor Jens Lehmann sought to emphasise the extent to which Gröning, who volunteered for the SS at the age of 19 or 20, was an enthusiastic follower of the regime.",2015-04-22T18:18:42Z
follower,social-media,after,"Perhaps he has to be, but Pareja is a passionate follower and proponent of Colombian soccer and the product it churns out.",2015-07-30T09:00:01Z
follower,social-media,during,"The 35-year-old former England captain directed a jibe at a follower who criticised him last month, containing the word “sket”, which the Collins English Dictionary defines as “a promiscuous girl or woman”.",2014-10-30T12:35:57Z
follower,social-media,after,"Subramaniam ranges wide and far to find his witnesses: in West Harrow, north-west London, he finds Raghavan, one of the founders of the Tigers and follower of the group’s charismatic but ruthlessly violent leader, Velupillai Prabhakaran.",2015-03-09T08:00:07Z
follower,social-media,during,"• With iPhone 6 and Apple Watch, has Apple become a follower?",2014-09-15T14:31:54Z
follower,social-media,during,Ian McLagan was an avid follower of the Los Angeles radio station KCRW’s daily show Morning Becomes Eclectic.,2014-12-09T15:17:37Z
follower,social-media,after,"Bertolucci’s director of photography, Vittorio Storaro, is my favourite DP.” The Angulos’ parents met when hippie Susanne was on the Machu Picchu trail, in Peru, where she met Oscar, a Hare Krishna follower.",2015-08-16T15:30:01Z
follower,social-media,during,"Reitman and Wilson show that Donna’s creepy fansite becomes acceptable to mother and daughter simply because they are so deeply excited by the increasing numbers of subscribers and the accretion of homemade celebrity, very like the weekly uptick in follower numbers that no Twitter user admits to being interested in.",2014-12-04T15:29:04Z
follower,social-media,after,Not being a cricket follower she has had to work out just what they meant.,2015-02-09T00:38:53Z
follower,social-media,during,"But many of those mentions are likely to have been in a negative context and, although Ukip’s number of Twitter followers is high – 69,000, so closing in on the Liberal Democrats’ 73,300 and surpassing the post-referendum Scottish National party, which has 62,6000 – a follower is not an endorsement.",2014-10-22T06:50:10Z
follower,social-media,during,"We also manipulated the number of followers for each leader: the leaders either had one follower (low-power leaders), or three (high-power leaders).",2014-12-17T07:00:03Z
follower,social-media,during,"He had to play a small, slight man, a follower of horses with the lifelong dream of being a jockey.",2014-05-01T11:45:20Z
follower,social-media,during,I’m not a follower of any religion.,2014-10-25T13:00:02Z
follower,social-media,after,"Now, each additional piece of news about the project sends Twitter into a frenzy, thanks in part to the diaspora of Wet Hot American Summer’s now-famous cast members with their own impressive Twitter follower counts.",2015-01-28T21:56:36Z
follower,social-media,after,"“The thing that I remember most about those years is the pressure to feel something, the pressure to …” she takes an unnervingly long pause, “lift my hands in front of everyone and pray publicly.” Torres still identifies as a “Christ follower”, but she says that clarity didn’t come until her twenties, after studying songwriting at university in Nashville and moving to Bushwick, a neighbourhood in Brooklyn, New York, where she’s been settled for two years.",2015-05-12T21:19:24Z
follower,social-media,after,"Even her bun says, “oh don’t ask me, I’m just a follower, not a leader”.",2015-10-21T20:59:21Z
follower,social-media,during,"Jobs defined innovation less tangibly when he said that it ""distinguishes between a leader and a follower"".",2014-07-07T15:32:00Z
follower,social-media,after,"It takes time.” Evans describes himself as “a follower of Jesus”, but when I ask how many of the players and coaches he works with are of a similar faith – or of any faith at all – he says the proportion is small.",2015-08-30T07:30:02Z
follower,social-media,during,“I’m not really a follower of times in jump racing but I’m told the method by which they’re recorded was changed at the start of the year.,2014-11-04T18:09:11Z
follower,social-media,during,"“Frankie was always a leader, never a follower … I can only describe Frankie in one word ...",2014-06-09T12:34:34Z
follower,social-media,during,"""Behind the scenes, your account is used to follow lists and users, and give likes to pages in order to inflate the follower and like counts defined by the scammers,” explained Satnam Narang, a security response manager for Symantec in a blog post.",2014-05-02T12:10:47Z
follower,social-media,during,No doubt the scammers are being paid to artificially inflate the follower or like counts of some users and pages.,2014-05-02T12:10:47Z
follower,social-media,after,“As many a follower of the CountyLive!,2017-07-06T17:30:37Z
follower,social-media,during,"The 35-year-old former England captain directed a jibe at a follower who criticised him last month containing the word “sket”, which means “a promiscuous girl or woman”, leading to the FA charge.",2014-10-30T22:30:06Z
follower,social-media,during,But the viral fake follower zombie attack was completely unsolicited.,2014-02-11T00:08:32Z
follower,social-media,during,"Then I deleted the thousands already added to my follower list, and then went in search of the spam botnet.",2014-02-11T00:08:32Z
follower,social-media,during,"Eventually, I checked my Twitter mentions later in the day and noticed the Australian Twitter office account @TwitterAu had responded to me, acknowledging the zombie spam follower issue.",2014-02-11T00:08:32Z
follower,social-media,during,A number of other Australian Twitter users had also been hit by the fake follower botnet.,2014-02-11T00:08:32Z
follower,social-media,during,"I am not their follower … I will use my mind.” Listening to the interview again, I am more struck than previously by her understanding that the Taliban’s power comes from their ability to terrify those who oppose them.",2014-10-10T17:31:35Z
follower,social-media,during,"While at Sir Walter St John’s school, Battersea, David became an accomplished keyboard player himself, and a follower of Surrey, the leading side in 1950s county cricket.",2014-10-27T17:13:26Z
follower,social-media,during,"Love him or hate him – no cricket follower, it seems, is indifferent to him – Pietersen puts bums on seats.",2014-05-31T22:00:10Z
follower,social-media,during,It is an uncomfortable truth for the England and Wales Cricket Board that there is not yet anyone in its side capable of seducing the ambivalent cricket follower from his/her sofa quite like this odd couple.,2014-05-31T22:00:10Z
follower,social-media,after,"“As a distant theoretical follower of the Magpies since wor Jackie and Bobby Mitchell, the Robledo Bros, Bob Stokoe etc one of the reasons I’ve lost interest is that the Toon is just not the same in their weird and foreign colours.",2015-12-13T18:09:11Z
follower,social-media,after,I’ve been an avid follower of Wimbledon Football Club (now AFC) since I was 13.,2015-03-22T10:00:07Z
follower,social-media,during,"Last week, an Everyday Sexism Project follower tweeted a picture of a poster she’d seen that day in a Nottingham police station.",2014-12-12T09:00:06Z
follower,social-media,after,Find out more about Shalini Boland here or follower on Twitter @ShaliniBoland.,2015-01-14T08:00:08Z
follower,social-media,after,"The accepted narrative about Tamerlan is that he went back to the region where he grew up, “received training”, to steal a phrase from US congressman Michael McCaul, and became a follower of radical Islam as a result.",2015-05-30T06:00:02Z
follower,social-media,during,"This is Nigerian-American Teju (Open City) Cole, who also, relevantly, has Belgian and Swiss connections, and whose 157,000-follower Twitter stream has been almost entirely dedicated to football during the tournament.",2014-07-04T09:15:00Z
follower,social-media,during,"He’s calculated the cost of getting a BA, and the debts it would entail, and decided that it makes more financial sense to work on getting up his follower numbers – which he can do for free, on his phone.",2014-10-11T05:00:10Z
follower,social-media,during,Alison Phipps is director of gender studies at Sussex University – you can follower her on Twitter @alisonphipps This content is brought to you by Guardian Professional.,2014-10-15T09:00:32Z
follower,social-media,during,"To put this in perspective though, the two campaigns combined would only make up 1.7% of the 8m plus follower base of Russell Brand, who has recently weighed into the debate himself.",2014-09-17T10:59:33Z
follower,social-media,during,"Compare that with the gleeful response Waterstones Oxford Street’s account got when they tweeted their (far funnier) take on the whole affair: “PERFECTION,” tweeted one enthusiastic follower.",2014-03-07T15:47:34Z
follower,social-media,after,"Now, whether you’re a follower of Jurgen’s Red Army matters little when so much is at stake for The Coefficient®.",2016-02-25T19:58:41Z
follower,social-media,during,"When one follower pointed out that most of Asia was not exactly as he’d depicted it, the MP offered this riposte: “Try getting any serious form of welfare in Thailand or other SE Asian nations.” When another described Christensen as a “pointless relic”, the MP relied: “Poor rebuttal from another left wing entitlement minded leaner.” The exchange developed into a fight between Christensen and a local cricket club, the Mackay Hurricanes, which observed it might be time to bring back the previous Labor member for Dawson, James Bidgood.",2014-05-22T06:08:43Z
follower,social-media,during,"As any follower of West's recent career will know, his penchant for long, impassioned monologues seemingly knows no bounds.",2014-07-06T11:58:00Z
follower,social-media,after,"One follower, Roseanna Bentley, got in touch on Tumblr to tell us that six months ago she was finally able to put a name to a condition that caused her to compulsively pull out most of her hair: trichotillomania.",2015-01-16T12:23:03Z
follower,social-media,during,The escape from the constraints of the 1950s New Look was forgotten; the dedicated follower of fashion slipped into victimhood.,2014-10-27T20:03:32Z
follower,social-media,after,"Here’s some data crunching via Twitter, weighing who got the most attention and which debate moments went big: Final share of conversation for #GOPDebate -Trump 38% -Cruz 22% -Bush 11% -Rubio 10% -Carson 9% Ranked follower growth GOP candidates: 1.",2016-01-15T05:40:28Z
follower,social-media,after,@ChrisChristie Largest follower growth (all candidates): 1.,2016-01-15T05:40:28Z
follower,social-media,after,And here’s how Twitter sees the debate: Ranked follower growth GOP candidates since #GOPDebate start: 1.,2016-01-15T05:40:28Z
follower,social-media,after,@ChrisChristie Ranked follower growth all candidates since #GOPDebate start: 1.,2016-01-15T05:40:28Z
follower,social-media,during,"Rather than being a follower, this is evidence that he was a wannabe leader driven by a desire for notoriety.",2014-12-16T01:56:25Z
follower,social-media,after,Billionaire Republican frontrunner Donald Trump has now retweeted a follower who believes that Texas senator Ted Cruz is mentally ill.,2016-03-25T22:51:37Z
follower,social-media,during,"But Friel's version subtly suggests that his companion, Arkady, is no less compelling: he is beautifully played by Joshua James as the loyal follower who spouts his leader's message but who knows that deep down he himself is an unreconstructed liberal.",2014-06-11T11:56:24Z
follower,social-media,during,"The US-educated veteran diplomat has described himself as a follower of Khamenei, but is also a confident of Rouhani and remains popular with the general public.",2014-07-13T17:32:17Z
follower,social-media,during,I'm not a great television follower.,2014-07-08T17:33:00Z
follower,social-media,during,Is every Twitter follower or Facebook Like an advantage?,2013-12-16T00:01:01Z
follower,social-media,during,Madness perhaps; but highlights the truth that not every fan or follower is a brand asset.,2013-12-16T00:01:01Z
follower,social-media,during,"Philippe Sands QC, professor of law at University College London, said: ""How painfully ironic that Britain used force in 2003 when it was manifestly illegal, but will likely and rightly not do so now in response to a request from the government of Iraq, when it would rather more arguably be lawful."" Sands, a close follower of Chilcot and earlier inquiries into the invasion of Iraq, added: ""The situation in Iraq today is terrible and tragic, but it's a futile exercise to speculate as to the exact connection with decisions taken in 2003 … It would be more sensible to reflect on what might be learnt from the mistakes of the past."" He continued: ""Who exactly is responsible for the delay [in the Chilcot report] is unclear, but it is hard to avoid the suspicion that political considerations might have come into play."" Sands described the delay as ""rather disgraceful"", and said publication of the report should now be delayed until after the election, to avoid it being used as a political tool.",2014-06-26T18:11:38Z
follower,social-media,after,Khan was a follower of Mahatma Gandhi and has had airports and medical colleges named after him.,2016-01-20T11:42:54Z
follower,social-media,during,"Great content that is high quality, unique and engaging is a key tool in social media and keeping a strong follower base.",2014-07-21T08:58:00Z
follower,social-media,during,Be a trendsetter and a trend-follower Aaron Eccles: keep on top of trends - you never know what might take over the internet.,2014-07-21T08:58:00Z
follower,social-media,during,Something about the way the online world has coagulated around social networks that subconsciously convert everyday conversation into a form of entertainment – with a follower count providing a running score – is turning us into click-bait people.,2014-10-06T19:00:10Z
follower,social-media,after,"“The word it seems derives from the verb “to rub” or “wear” and so much in cricket goes through that process, from the ball, to the pitch, to the patience of a batsman or OBO follower.” Yes yes, but what are you wearing?",2016-11-20T11:07:16Z
follower,social-media,during,"With only nine months to make her mark, she doesn't have the luxury of time, but she will have to decide pretty quickly whether she wants to be a Gove follower or tread a different path.",2014-07-22T06:15:00Z
follower,social-media,during,"Not being a football follower, I didn't know that Jamie Redknapp had form in this area, however, and I'm rather impressed.",2014-04-22T14:32:54Z
follower,social-media,during,The only real criteria is that it adds value so don't worry about sticking to the shoulds when it comes to update frequency and follower figures.,2014-08-08T12:41:36Z
follower,social-media,during,"Sam Farley is a doctoral researcher at the Institute of Work Psychology (IWP), Sheffield University Management School – follower him on Twitter: @sam_farley3 Christine Sprigg is a lecturer in occupational psychology at IWP, Sheffield University Management School Join the Higher Education Network for more comment, analysis and job opportunities, direct to your inbox.",2014-11-03T15:30:08Z
follower,social-media,during,"For the bruised and wary England cricket follower this was all a little unexpected, a rustling back into life from some improbable corner.",2014-10-31T12:36:41Z
follower,social-media,after,"And heaven help the Lad Bible follower who makes a factual error about video games, wrestling or the military.",2015-12-12T10:00:05Z
follower,social-media,during,"What Sardar gives us, instead, is a beautifully rendered account of the Muslim version of events, as told by a rational, likable, intelligent and mildly sceptical follower of the prophet.",2014-10-26T10:00:06Z
follower,social-media,during,"It's not the legend of the band, but the songs – classics such as Lola, Waterloo Sunset and Dedicated Follower of Fashion – that live on.",2014-05-02T12:25:46Z
follower,social-media,during,"As Dekila Chungyalpa, director of the WWF Sacred Earth Program, explains about general religion–ecology relationships, ""When a holy figure – the person who a follower has safeguarded their innermost being to – asks for change...",2014-03-24T12:30:00Z
follower,social-media,during,a follower is obliged to act.,2014-03-24T12:30:00Z
follower,social-media,during,"His follower account has grown from around 100 this time last year to more than 300,000 now.",2014-03-09T22:39:18Z
follower,social-media,during,"If you think about it, league thrives on its freelancing from the backfield, while NFL rushers generally run to a coordinated play, moving in a pre-set direction to follower blockers and find gaps in the line of scrimmage.",2014-10-15T06:44:39Z
follower,social-media,during,"""He is not a follower of Osama bin Laden.",2014-04-17T18:39:18Z
follower,social-media,during,He is not a follower of anyone.,2014-04-17T18:39:18Z
follower,social-media,during,"Even the hideously kitschy ""tweep"" (a Twitter follower) is as old as 2008.",2014-05-20T16:44:13Z
follower,social-media,during,"While some of our followers might not have a date, it seemed like they were in a perfectly happy relationship with food: Flowers are cliche, so this follower went for another romantic symbol: stars.",2014-02-14T22:15:10Z
follower,social-media,during,I’m not an avid follower of a particular football club and I couldn’t name the whole England team from memory.,2014-08-14T13:19:46Z
follower,social-media,during,"He is also head of programmes (nations and regions) at Channel 4, a fanatical St Johnstone follower and someone who perfectly comprehends the blend of football, culture and politics in Scotland.",2014-11-17T10:53:00Z
follower,social-media,during,More followers are a bonus only if they are the correct type of follower.,2014-06-12T14:06:50Z
follower,social-media,during,"A pay-for-follower service most likely drove the presumptive Republican nominee's recent and dramatic spike in online followers, concluded Baccardua Labs, a digital security company.",2012-08-09T12:50:00Z
follower,social-media,during,"The widely reported surge in tens of thousands of new followers for @mittromney from 21 July – which provoked commentary and suspicion – appeared to have been purchased from a dealer, it said: ""We believe most of these recent followers of Romney are not from a general Twitter population but most likely from a paid Twitter follower service."" The analysis, part of a wider investigation into what the report called the underground Twitter economy, found telltale signals that about a quarter of the new followers were less than three weeks old and had not tweeted.",2012-08-09T12:50:00Z
follower,social-media,during,"My #selfie for a cause,” said a typical tweet from a Leto follower.",2014-05-06T19:42:36Z
follower,social-media,during,"Whether you're a long time follower of sustainable fashion, new to the scene or just a little curious, these seven books offer insight into an industry often considered the enemy of sustainability.",2014-06-27T11:00:00Z
follower,social-media,during,"Rather than defining yourself as ""leader"" or ""follower"", you can try out both; some same-sex partners even switch, mid-dance.",2014-07-11T12:34:30Z
follower,social-media,during,"Remember your loyal customers Maybe you have an extremely enthusiastic Twitter follower or someone who has contacted you about your work a couple of times, as well as those die-hards who have been to see everything you've ever done.",2014-07-10T06:30:00Z
follower,social-media,after,"For insurance reasons, Gordon-Levitt was supposed to wear a safety harness whenever he was up on a wire, but Petit is no great follower of rules.",2015-09-18T14:00:12Z
follower,social-media,after,"er, OBO follower in Frankfurt!” India were right.",2017-01-15T16:09:57Z
follower,social-media,during,The guy who tweeted her the link racks up messianic follower numbers.,2014-01-24T13:10:00Z
follower,social-media,during,"Has Ricardo Baca, the first pot-follower-in-chief, ever puffed a weed?",2013-12-01T09:00:12Z
follower,social-media,during,"As a fast follower, Samsung has risen remarkably far and fast but has yet to make the move from a very good, solid brand to a great brand.",2014-05-13T13:16:24Z
follower,social-media,after,A young follower had managed to equip a minivan with satellite television receivers and radio antennae to monitor broadcasts.,2016-02-25T06:00:24Z
follower,social-media,during,"The Silver Bodgie Bob Hawke’s ability to throw down a yard glass in record time earned him enormous political capital and a Guinness Book record, but the man given the moniker of the Silver Haired Bodgie for his voluminous and well-groomed shock of hair was also a keen follower of sport.",2014-12-10T01:17:46Z
follower,social-media,during,"As a follower of the game since the mid-70s, I realise that I still operate an internal (and idiotic) division of the league into “real” teams and “invented” ones, as if the real teams were not at some point invented.",2014-06-10T20:55:02Z
follower,social-media,during,"Maybe he has been taking lessons from the literary work of his devoted follower Toby Young, whose main claim to fame besides founding the West London free school was a book called How to Lose Friends and Alienate People.",2014-06-10T06:10:00Z
follower,social-media,during,"Meanwhile, from afar, one devout Juninho follower made it his mission to become as potent as his idol.",2014-10-31T10:00:09Z
follower,social-media,during,"Making Michael a follower of Jung is witty, but it diverts attention from the show's exploration of what it means to grow up and become a man.",2014-01-05T13:43:00Z
follower,social-media,during,"Kenneth Anger – Invocation of My Demon Brother (1969) Underground film-maker Kenneth Anger is a follower of English magician Aleister Crowley, and some of his films are occult rituals.",2014-06-05T13:38:07Z
follower,social-media,after,"On Tuesday night, Lerner decided to discard Lambert and possibly start hoping that: a) Lambert would forget that he was given a lucrative new four-year contract just a few months ago; and b) a new manager can revive the side or at least improve a strike-rate that currently means a whole generation of football follower is more likely to have seen a Birmingham City Wembley triumph than an Aston Villa goal.",2015-02-12T15:48:33Z
follower,social-media,during,"To ensure that the team's reputation remains unsullied, the cheerleaders are required to accept as a friend or follower a Ben-Gals official so that she can make random checks on their social media accounts, presumably looking for non-approved lipstick and insubordinately slouching breasts.",2014-02-14T16:22:07Z
follower,social-media,after,"Paul Coates was a Vietnam veteran and member of the Black Panther party, a follower of Malcolm X, a self-taught historian of black struggle in America and an obsessive collector of books that told the story of that history.",2015-09-20T09:00:01Z
follower,social-media,after,"“I was a follower of new age diplomats that really made public service attractive at the time,” he tells me.",2015-05-01T13:00:08Z
follower,social-media,after,"Things like Inbox and New follower are more important to me, however, so I left those on.",2015-06-07T07:59:00Z
follower,social-media,during,"Twitter mulls killing follower counts &gt;&gt; The Washington Post Speaking at a BuzzFeed panel in New York yesterday, Twitter co-founder and board member Evan Williams said that reach is a much more important measure: ""The dream metric is how many people saw your tweet."" Engagement is certainly the metric that matters to marketers: if people don't see your message, they cannot act on it.",2012-09-27T05:30:00Z
follower,social-media,during,"But follower count has long been a source of perceived legitimacy for some, and Twitter has previously taken steps to reduce its impact.",2012-09-27T05:30:00Z
follower,social-media,during,"Twitter even completely hit the reset button on follower account temporarily, after the infamous auto-follow bug.",2012-09-27T05:30:00Z
follower,social-media,during,Here's something I never thought I'd admit in public: I am a longtime follower of Adam Richman.,2014-07-03T08:00:01Z
follower,social-media,during,"Given that Twitter is infested with spam ""robot"" accounts (those with the ""sequential"" account names, suspicious-looking tweets and extreme following/follower ratios) and Facebook estimates it has 83m fake accounts, it's highly likely that any social data haul will net spoof accounts.",2014-08-04T12:23:28Z
follower,social-media,after,"Things like Inbox and New follower are more important to me, however, so I left those on.",2015-06-09T12:21:00Z
follower,social-media,after,"Murdo Hepburn, 17 Likes: J Cole, Kendrick Lamar, Kings of Leon, Drake I wasn’t a huge music fan a year ago but I’ve got majorly into it now – I had very much a follower phase, but I stopped listening to music because my friends did and found my own groove.",2015-04-26T08:15:08Z
follower,social-media,during,"""I'm not an active follower of normcore, I'm just really boring,"" he said.""You don't want to wear your favourite clothes if you're going to get them covered in shit.",2014-06-28T16:08:00Z
follower,social-media,during,You can see my follower count drop by at least 10-15 people a time if I mention Muslims.,2014-12-09T13:30:03Z
follower,social-media,during,"Responding to the claim that he owed Dylan an apology, Baldwin wrote: ""What the f&amp;@% is wrong w u that u think we all need to b commenting on this family's personal struggle?"" Another follower replied to Baldwin's tweet saying: ""@ABFalecbaldwin disappointed in your response.",2014-02-03T10:21:43Z
follower,social-media,after,"Asked by reporters whether Theresa May had been persuaded by any of the arguments made by William Hague in favour of an early general election (see 9.52am), he said: “I can’t shake my head more vigorously.” Lord Taverne, the Lib Dem peer, says he is a follower of Edmund Burke and he once fought a byelection on his principles.",2017-03-07T21:00:55Z
follower,social-media,during,"Indeed the critics are often inadvertent participants in the biodynamics movement, as many producers and even supermarkets organise tastings based on a lunar calendar invented by Maria Thun, a follower of Steiner.",2014-05-15T10:58:30Z
follower,social-media,during,"Democrats tried to distance themselves from Rogers – not surprisingly, since, as a follower of fringe politician Lyndon LaRouche, Rogers made the central plank of her platform the impeachment of President Obama.",2014-05-28T17:00:43Z
follower,social-media,after,By the time 2008 rolled around I’d moved to Recife and become a semi-dedicated follower of Santa.,2016-04-12T11:45:08Z
follower,social-media,during,"As an economist and paid follower of Ayn Rand, he will face the added difficulty of not being a very good economist.",2014-06-11T10:45:06Z
follower,social-media,during,In the arts Geoff was a particular follower of Wagner and the writer Anthony Powell.,2014-01-13T18:09:58Z
follower,social-media,during,"Not so, says Felix Salmon – late of Reuters, soon to join Fusion, and pretty much the most outspoken follower of those debates: when it comes to journalism, Salmon claims, ""breaking news is the most masturbatory thing journalists do"".",2014-05-02T17:27:32Z
follower,social-media,during,"Forrester analyst Nate Elliott recently studied how often people like, share, and comment on the social posts of 50 leading brands and found that on average, brands' Instagram posts generated 58 times more engagement per follower than their Facebook posts, and 120 times more than their Twitter posts.",2014-04-29T16:42:45Z
follower,social-media,during,"She was a keen follower of football and Manchester United, even managing visits to Old Trafford.",2014-01-28T17:21:48Z
follower,social-media,during,"""What an irresponsible piece of shit!"" ""Sure, promote eating disorders, why not?"" Richman suggested a follower kill himself, which is appalling.",2014-07-05T23:05:37Z
follower,social-media,during,"And if you're not a follower, tough luck.",2013-11-07T11:12:00Z
follower,social-media,during,"At the following £69 for 25,000 follower rate you could get 3,200bn followers, more than 65 times the amount of the current record holder Katy Perry.",2013-11-07T11:12:00Z
follower,social-media,during,He loved to watch and play football and cricket and was an avid follower of Sunderland Football Club.,2013-12-19T14:54:57Z
follower,social-media,during,Both were strategic in gathering a follower base that fit their target audience and aligned with each project's mission.,2014-06-02T06:00:00Z
follower,social-media,during,"Eavis himself is more of a Dolly Parton fan than Metallica follower, but he was pleased with the band's high-energy set: ""I thought they put so much into it, it was like their lives depended upon it.",2014-06-29T17:10:23Z
follower,social-media,during,"But it was written at a time when he was feeling heartbroken and vulnerable and it does somehow humanise him – and God knows Aleister Crowley, more than most people, needs humanising."" Crowley, who called himself the Great Beast 666 and pursued a lifelong interest in magic and the wilder shores of religion and sex, was nicknamed the Wickedest Man in the World by the British magazine John Bull after a former follower made a series of lurid allegations, including the claim she and her husband had been forced to drink the blood of a sacrificed cat.",2014-05-09T18:12:29Z
follower,social-media,after,My girlfriend isn’t the keenest follower of football.,2015-10-30T10:13:44Z
follower,social-media,during,"We learn who’s a follower, who’s a boss, and, in the season finale, who will use the prison van as a weapon if needed.",2014-06-18T17:31:58Z
follower,social-media,during,"As a keen sports follower, I am interested in your take on current sporting events; a refreshing contrast to rather limited, one-eyed New Zealand sports journalism.",2013-12-17T14:06:13Z
follower,social-media,during,"I read so many articles and lists all about different hilarious woman who should be up for a late-night TV job – myself being on one of them, I'm happy to say, in a story that I posted to Twitter, of course, to which a follower responded, ""Not gonna happen"".",2014-04-11T14:43:22Z
follower,social-media,during,"I read so many articles and lists all about different hilarious woman who should be up for a late-night TV job – myself being on one of them, I'm happy to say, in a story that I posted to Twitter, of course, to which a follower responded, ""Not gonna happen"".",2014-04-11T14:43:22Z
follower,social-media,during,"Judging from the language Rodger used in his videos, he had been a follower of the pick-up artist (PUA) online community, which teaches men that they can and should trick and bully women into sleeping with them (Tom Cruise's character in Magnolia is an excellent representation of the PUA community).",2014-05-27T16:03:00Z
follower,social-media,during,"Michael Rolfe Brighton • I’ve been faithful follower of Margaret Drabble through the years (You’ve lost my vote, Ed, if you kowtow to private education, 5 December).",2014-12-11T19:59:14Z
follower,social-media,during,"What an idiot!"" @grillermo confided: ""Whether you wanted it or not, now you know and if you don't act you are as guilty as that scumbag of agency"" while @ashclark opined: ""As a big fan of your work - and an underpaid freelancer - just wanted to register my huge disappointment at your response here."" UK blog Den of Geek also quoted Lee responding to a follower on Instagram who suggested he ""pay the guy"".",2013-11-29T08:24:21Z
follower,social-media,during,"So I guess my message is: over to you, guys.” His call echoes that of the Centre for Policy Development which noted last year that business needed to improve management practices, actively work to improve their workers’ skills and also become not just a first mover but also a “fast follower” of technology.",2014-07-31T02:28:18Z
follower,social-media,during,“No follower of that religion of peace and tolerance should be made accountable for the crimes of these fanatics – especially in suspicious times when unfounded resentment can run high.,2014-09-01T05:53:19Z
follower,social-media,during,"""Some clients book models based on their follower numbers now,"" says Megan McCluskie, a casting director at a glossy magazine.",2014-08-23T23:05:52Z
follower,social-media,after,"Donald Trump was interviewed by Fox News host and former nemesis Megyn Kelly, who challenged him on having retweeted a follower calling her a bimbo.",2016-05-18T04:19:37Z
follower,social-media,after,"When Kovács arrived, about 10 minutes late, he announced that the proceedings would begin at 7.30pm since “no real follower of the Two-Tailed Dog would show up before then”.",2016-01-06T06:00:10Z
follower,social-media,during,"Sarah Lewthwaite, research associate in student experience, King's College London – follower her on Twitter @slewth Join the Higher Education Network for more comment, analysis and job opportunities, direct to your inbox.",2014-04-24T11:02:21Z
follower,social-media,during,"Spanning some 15 years, the crimes committed by Shermantine (""A stinker, the bully on the school bus you wanted to avoid"") and his enthralled follower in rural California have placed the ""Speed Freak Killers"" among the US's most prolific serial murderers.",2014-02-26T07:00:04Z
follower,social-media,during,"6) Merse code The Bulls sent out a tweet on Monday celebrating their 15,000th follower – and were pleasantly surprised to discover it was Paul Merson, the former Arsenal and England footballer who is now a regular on Sky Sports News.",2014-09-02T16:30:13Z
follower,social-media,during,When I found the picture in the Mail I made an offhand sarcastic comment to a Twitter follower which then appeared in the Telegraph as part of a paragraph about how I was concerned about potential backlash.,2013-12-19T09:33:00Z
follower,social-media,during,"Melecio Medina, a carpenter in the Las Flores neighbourhood of San Cristóbal and a Chávista – a follower of Chávez's ideas – said he cared more about freedom from poverty than the ""economic freedoms"" the students and middle class demand.",2014-03-10T17:04:30Z
follower,social-media,during,"He sought ""to rescue the poor stockinger, the Luddite cropper, the 'obsolete' hand-loom weaver, the 'utopian' artisan, and even the deluded follower of Joanna Southcott, from the enormous condescension of posterity"".",2013-12-31T07:00:01Z
follower,social-media,during,"His act, lasting the best part of an hour, is painfully unfunny and makes one suspect that a latter-day follower of Ivan Pavlov had been engaged to condition the audience.",2013-08-31T23:06:30Z
follower,social-media,during,"• National Maritime Museum, Greenwich SE10 until 21 April Other exhibitions this week The Scottish Colourists Series: JD Fergusson The fierce expressive Fauves-tinged paintings of Fergusson make him a powerful follower of the 20th century avant garde.",2013-11-29T13:10:34Z
follower,social-media,during,"""So it's official,"" said Cricket follower Cricket365.",2013-12-31T19:12:43Z
follower,social-media,during,"Although Moss had been the most devoted follower and friend of the Dutch abstract painter Piet Mondrian, St Ives knew nothing of her work.",2014-08-25T17:33:00Z
follower,social-media,during,"Tumblr founder David Karp has hit out at rivals such as Twitter, describing the publishing of follower numbers as ""really gross"", and claims that Tumblr is the leading social network to house new creative work.",2013-06-20T16:01:39Z
follower,social-media,during,"The young US tech entrepreneur said: ""We don't share stats, so your follower counts, your performance isn't published to the world.",2013-06-20T16:01:39Z
follower,social-media,during,"Tottenham Hotspur supporter Green recalled being on the other side of the radio as a six-year-old football fan while her father – a follower of north London rivals, Arsenal – insisted on silence.",2013-09-25T23:01:01Z
follower,social-media,during,"As a dedicated follower of bar fashions, it may not appeal to those who put emphasis on, say, ale and a comfy chair, but you can search under categories that appeal to you, such as ""killer cocktails"", ""roof terrace"", ""people watching"" etc.",2013-11-13T13:38:00Z
follower,social-media,during,"A former FBI agent who believes that the Muslim Brotherhood has infiltrated the US government and that John Brennan, the director of the CIA, is a secret follower of Islam is poised to begin three days of counter-terrorism training with law enforcers in northern Virginia.",2014-02-24T20:59:32Z
follower,social-media,during,"The graceful, classically draped figures, painted against a glossy black background, celebrate life and depict Dionysus and a maenad (a follower of the god of wine and revelry).",2014-01-15T14:05:52Z
follower,social-media,during,"Scotland drove forward, and the scrum twisted in the sort of horrible, ugly manner that conjures in any rugby follower of recent times a Pavlovian association with the referee's whistle.",2014-02-22T15:39:15Z
follower,social-media,during,"""He is no longer a follower of Marx, he is loving Engels instead!"" This was a reference, I suppose, to Angels, the song which was one of Miliband's selections.",2013-11-27T18:21:34Z
follower,social-media,during,Greenpeace is the next most successful with £4 for every follower and supporter on these platforms.,2013-09-19T06:00:00Z
follower,social-media,during,"While follower levels have increased substantially, this is not always being matched by how well charities are evolving to meet user-led needs.",2013-09-19T06:00:00Z
follower,social-media,during,"Rigid order-follower Colonel “Bat” Guano wants to prevent Group Captain Mandrake from phoning the President, but he ultimately does listen to reason, and Mandrake almost succeeds in saving the day.",2014-03-06T09:08:22Z
follower,social-media,during,"Meanwhile, Channel 4 News editor Ben de Pear marked Islam's appointment with an email to staff mixing praise with wryly noting his qualities as a ""dedicated follower of fashion"" and his ""impressive"" ability ""to match editorial assignments - to Manchester, Milan or Munich - with Man United matches"".",2014-03-23T19:11:00Z
follower,social-media,during,"In a refreshingly low-key performance, he makes Tartuffe a scruffy-bearded, pigtailed penitent who might plausibly pass as a follower of some obscure religious sect.",2013-11-07T16:33:52Z
follower,social-media,after,"A young follower at his side read each verse in turn, then Haïdara translated it, explaining the Arabic in Bamana.",2015-11-25T06:00:11Z
follower,social-media,during,"As an ardent follower of Gaelic football, and West Ham United, McGinley loves team sport.",2014-09-19T11:10:17Z
follower,social-media,during,"Leonard Bacica, 32 Freelance theatrical lighting designer, London It probably sounds silly, but the reason I came to Britain has a lot to do with the Premier League – I'm a huge follower of Manchester United.",2013-12-26T20:07:22Z
follower,social-media,during,"Within picture books, girls were typically quieter and more gentle, learning their role as supporter and follower or practising their female skills.",2013-12-23T14:21:13Z
follower,social-media,during,"“The fundamental weakness in the Tea Party machine is the stark difference between what the leaders of the Tea Party elite, plutocrats like the Koch brothers, want and what the average grassroots Tea Party follower wants,” he said.",2014-01-24T15:06:07Z
follower,social-media,during,"Here, you can see male nudes drawn by the likes of his follower Gros.",2013-10-23T12:39:14Z
follower,social-media,during,There's something about being a follower of John Burnside that feels a little like checking in at regular intervals with an archaeological dig.,2014-02-28T18:00:00Z
follower,social-media,during,Love thy follower 6.,2013-11-12T14:02:00Z
follower,social-media,during,No one in France can be identified as part of an ethnic group or as a follower of a religion.,2014-03-16T10:00:00Z
follower,social-media,during,"A follower of FR Leavis by intellectual affiliation, he had little time for ""theory"".",2014-06-16T14:31:30Z
follower,social-media,during,"Professor Maggie Humm University of East London • I was delighted, as a 63-year-old avid follower of the All ages fashion page in the Weekend Guardian, to have Hadley Freeman further confirm (G2, 27 August) that ""there are no age limits in fashion"".",2013-08-29T20:00:02Z
follower,social-media,during,Bacon does not paint like a worthy avant garde follower of Matisse or Cezanne.,2013-11-13T14:25:25Z
follower,social-media,during,"You could simply unfollow them, but if you change your mind and want to follow them again, they’ll get a new-follower notification from you revealing your betrayal.",2014-05-13T12:44:47Z
follower,social-media,during,"This will give the follower access to elements such as in-game achievements and high scores, but won't reveal when the followed player is online, or other personal information.",2013-10-14T14:53:56Z
follower,social-media,during,"It's often helpful to look beyond statistics such as follower and fan numbers, to more sophisticated metrics like engagement.",2014-02-28T09:26:51Z
follower,social-media,during,"Was one of the girls the leader, and one the follower?” In a statement to the media, Slender Man creator Knudsen said: “I am deeply saddened by the tragedy in Wisconsin and my heart goes out to the families of those affected by this terrible act.” The Waukesha school district has now banned CreepyPasta and other websites involving Slender Man.",2014-06-04T20:41:40Z
follower,social-media,during,"That’s balanced with a system of virtual cards to access new godly powers, follower attributes and buildings: Once a card has been discovered, you unlock it by finding “stickers” – either through uncovering treasure chests hidden in the landscape – nearby scenery sparkles to hint at their whereabouts – or by sending followers off on voyages.",2014-08-18T13:40:28Z
follower,social-media,during,"Less established writers (my friends and I among them) even include their follower counts on resumes, knowing that they effectively say to editors, This is how many people I can virally leverage to drive traffic to any story that I write for you; it is safe to give me your money.",2014-07-15T11:45:05Z
follower,social-media,during,"Kath Morris, who lives in the inner west and grew up a devoted Labor follower, was also finding it difficult to vote for either party after the night's performance.",2013-08-28T11:52:00Z
follower,social-media,during,Then an Everyday Sexism Twitter follower alerted me to a website offering girly games from Bratz Makeover to Hollywood Beauty Secrets.,2014-01-10T14:21:31Z
follower,social-media,during,"Amity's increasingly inquiring and questioning mind throws off some of the shackles of her past, but Sorrow, still her father's most devoted follower, is aflame with prophecies of the Rapture and condemnation of her mother's sinful flight.",2013-08-11T14:00:00Z
follower,social-media,during,"The following morning, my first tweet about celebrating International Women's Day was met immediately with a predictable reply from a male tweeter: ""When's national men's day?"" But before I could reply, another male follower jumped in: ""I know, right???"" he answered, ""When's MY day?",2014-03-14T11:36:00Z
follower,social-media,during,"8) The internet isn't helping Once a habitual voicemail checker, Bridget is now addicted to refreshing her inbox on every available platform and obsessing about her follower count on Twitter.",2013-09-30T13:18:04Z
follower,social-media,during,"We should also perhaps worry about the use of the term ""follower"", when @justinbieber has 47 million of them, and @stephenfry 6 million.",2013-11-24T19:00:02Z
follower,social-media,after,"Full credentials: I have been a keen OBO follower as long as OBO has existed, AND a short story of mine, mostly about cricket, will appear in the next Nightwatchman.",2016-08-11T17:33:39Z
follower,social-media,during,"One particularly enthusiastic follower lets out an admiring “shut up!” each time he pulls off another move, and I, too, get quietly absorbed in the satisfactions of capturing each one from a sufficiently awesome perspective.",2014-10-04T07:00:05Z
follower,social-media,during,"First I phone Matt Z, whom I know only from his appearance in my follower list one day.",2014-11-11T18:15:00Z
follower,social-media,during,"""I'm not an active follower of normcore, I'm just really boring,"" he said.""You don't want to wear your favourite clothes if you're going to get them covered in shit.",2014-06-28T17:28:55Z
follower,social-media,during,"Commander Hadfield's galactic interpretation of David Bowie's Space Oddity spread furiously for the first three days to reach 17m views this week, but the lesson here was very different, being driven by influencers with large follower counts.",2013-08-18T23:01:00Z
follower,social-media,during,"The businessman, upset with his British Airways business class flight, not only posted a negative message about the airline but paid for it to be promoted using the social media site's self-service promotional Tweet platform, which got his post beyond his core follower base.",2013-11-18T10:43:00Z
follower,social-media,during,"The 2011 census shows that Christianity has the oldest average follower age of the main religions in the UK, and that the number of Christians below 60 years old has fallen considerably.",2013-10-23T15:00:00Z
follower,social-media,during,"Balakrishnan's group was seen as fringe even for the era, recalls Paul Flewers, a historian of far-left groups who was himself a follower of the Revolutionary Communist party.",2013-11-29T20:36:23Z
follower,social-media,during,"One morning last week a follower sent Bates a link to a cosmetic surgery app for girls; Bates invited her followers to let iTunes know if they didn't think it should be selling the app to nine-year-old girls, and by that night it had been withdrawn from sale.",2014-01-24T17:00:00Z
follower,social-media,during,This week another follower alerted her to a Sky Sports Q&amp;A with the Olympic gymnast Beth Tweddle.,2014-01-24T17:00:00Z
follower,social-media,during,"""It is quite nice sometimes to be a dedicated follower of fashion as opposed to being a pioneer,"" he said.",2013-07-08T14:50:00Z
follower,social-media,during,"“[Twitter] follower numbers are inflated for different reasons but it is a bit of a penis contest,” he added.",2013-08-12T07:41:58Z
follower,social-media,after,"Read the full piece here: Bernie Sanders is winning the Snapchat election – at least on the follower count, writes the Guardian’s Amber Jamieson: “We do have the largest – and I’ve heard by far – the largest one,” said Hector Sigala, a digital media director on the Sanders campaign.",2016-04-06T03:27:11Z
follower,social-media,during,"Colnaghi, an Old Bond Street dealership, will be uncovering a pair of recently discovered masterpieces – two wing panels from a lost altarpiece dated from about 1521 and by Simon Franck (1513-c.1541), a talented follower of Lucas Cranach the Elder, who became court painter to Cranach's great patron, Cardinal Albrecht of Brandenburg.",2014-07-05T23:05:34Z
follower,social-media,during,"Discussing his troubled presidential campaign, Gingrich scoffed at Michele Bachmann's measly follower count of 59,000 (now 67,606): ""I have six times as many Twitter followers as all the other candidates combined,"" he claimed.",2011-08-04T15:00:13Z
follower,social-media,during,A quick look at his Twitter profile shows that his follower count stands at over 1.3m.,2011-08-04T15:00:13Z
follower,social-media,during,"Gawker received a tip from a former staffer, saying that Gingrich had paid firms to create fake Twitter followers; search company PeekYou analysed his follower list, and found that 92% of them were dummy accounts.",2011-08-04T15:00:13Z
follower,social-media,during,"But Newt, the dork who wrote 156 Amazon reviews, figured out early that follower count mattered.",2011-08-04T15:00:13Z
follower,social-media,during,Alderman's Miryam differs by obliging a follower by telling him what he wants to hear about her pregnancy.,2013-09-15T18:30:00Z
follower,social-media,during,For at least one follower of the Boys in Green it could even provide an entertaining epilogue to a comedy he penned about Keane's infamous clash with Mick McCarthy on the island of Saipan during the 2002 World Cup.,2013-11-02T18:27:16Z
follower,social-media,during,Smith is a well-known celebrity follower of the controversial organisation founded by late science-fiction author L Ron Hubbard.,2013-06-05T10:25:38Z
follower,social-media,during,"Of course he’s a brilliant player, but he’s a follower who has scored most of his eight tries this season running off line-breaks by others.",2014-04-01T21:46:17Z
follower,social-media,after,"From someone who hasn’t been a close follower of politics for a very long time, is it unusual that the Turnbull government has so little clear budget policy announced at this stage?",2016-03-14T06:43:17Z
follower,social-media,during,"In this mini-documentary you meet the pierced, wasted and often incoherent juggalos and juggalettes, who talk us through what life as a follower means and how the group has changed their lives.",2013-07-20T05:00:00Z
follower,social-media,during,"Engage with your community Technology has given community a new meaning, now your community may include a friend who has gone travelling, a long-forgotton schoolmate, a follower who is inspired by what you have to say.",2013-10-25T09:48:35Z
follower,social-media,during,"It is quite nice sometimes to be a dedicated follower of fashion as opposed to being a pioneer."" In January Trinity Mirror – the publisher of 100-plus regional titles and national papers including the Daily Mirror – announced it was cutting a net total of 40 editorial jobs in a restructure to move from a print focus to digital content and e-editions.",2013-06-11T16:04:59Z
follower,social-media,during,"If your content marketing strategy is not focused on getting an email address, or a Twitter follower, or a subscriber to Youtube, there is little point in wasting your money on making content.",2013-10-10T14:43:00Z
follower,social-media,after,"But she is a follower, following the siren calls of hardline Eurosceptics on her benches.",2017-02-01T21:21:40Z
follower,social-media,during,"What I'm saying is I hear you, I take responsibility and will be more mindful in the future."" Lindelof's follower Kristen McHugh summed up the general response to the scene when she wrote: ""I kinda enjoyed that Dr Marcus told Kirk (and the audience) to put their eyes back in their heads.",2013-05-21T10:40:32Z
follower,social-media,during,"So whether it's scuffling with Jim Mills or getting up to mischief at Ryder Cups, there is more than enough here to interest any follower of sport, never mind rugby league.",2014-04-07T15:58:58Z
follower,social-media,during,"Now Denise Morrison, CEO of Campbell Soup, is tasked with pushing a century-old brand to be a tastemaker rather than trend follower.",2013-10-25T17:02:00Z
follower,social-media,during,Cast and creative team Conductor: William Christie Director: Jonathan Kent Designer: Paul Brown Lighting Designer: Mark Henderson Choreographer: Ashley Page Video Designer: Nina Dunn Hippolytus: Ed Lyon Aricia: Christiane Karg Phaedre: Sarah Connolly Theseus: Stéphane Degout Diana: Katherine Watson Pluto/Jupiter/Neptune: François Lis Œnone: Julie Pasturaud Mercury: Samuel Boden Arcas/Second Fate: Aimery Lefèvre Tisiphone: Loic Felix Cupid/A female sailor: Ana Quintans High Priestess/Huntress: Emmanuelle de Negri Follower of Cupid/First Fate: Mathias Vidal Third Fate: Callum Thorpe Priestess: Charlotte Beament Hunter: Timothy Dickinson Orchestra of the Age of Enlightenment The Glyndebourne Chorus,2013-07-25T17:10:18Z
follower,social-media,during,"As any close follower of cycling knows, drug test figures are meaningless in proving a rider's probity, but what they do show is that Froome and his team are being closely monitored, even if they are keeping essential figures to themselves.",2013-07-18T09:11:05Z
follower,social-media,during,"That said, StatusPeople, a Twitter-follower analysis company, claims up to 30% of followers could be bots, so even social media success comes with a data caveat.",2013-12-23T13:45:00Z
follower,social-media,during,"So farewell then, dear follower.",2013-04-07T06:30:01Z
follower,social-media,during,I've lost a Twitter follower.,2013-04-07T06:30:01Z
follower,social-media,during,"(For a while, he was a follower of the high priestess of wrongness, Ayn Rand.) Still, we owe him gratitude for the tongue-in-cheek observation he called Rothbard's Law: ""People tend to specialise in what they're worst at."" He was thinking of his fellow academics: ""[Milton] Friedman is great except on money, so he concentrates on that,"" he once said.",2013-07-27T08:00:26Z
follower,social-media,during,"""Rugby should be the lifeblood of local towns and communities,"" said one #uniteandfight follower.",2013-12-19T12:19:46Z
follower,social-media,during,"Describing it as a product for ""platform partners"", Twitter writes: The Twitter public API allows platform partners to integrate Twitter content and follower relationships into their applications.",2013-10-04T15:24:12Z
follower,social-media,during,"There are plenty of things the Church says a follower must adhere to which are repeatedly dismissed and visible in Catholic schools – premarital sex, contraception, divorce, taking the Lord's name in vain, failure to fast before mass, et al.",2013-10-25T13:30:00Z
follower,social-media,during,"Welch lists at least four assassination attempts, including one by the female follower of a rival holy man, Iliodor, who stabbed Rasputin in the stomach.",2014-03-12T08:30:00Z
follower,social-media,during,"Waldo, not a Twitter user herself, you see, blames the social network for PM missing key events including his daughter's first step – ""too busy taunting Alan Sugar about the size of his 'follower count'"".",2013-01-29T18:08:20Z
follower,social-media,during,"I don't write about cricket any more but I'm still a huge follower, so after watching him over the weekend it prompted me to dig out my old article – headlined ""The next big thing"".",2013-12-12T15:28:55Z
follower,social-media,during,"It is because sex is the primary meaning of red in art that Mary Magdalene, the prostitute who became a follower of Christ, is portrayed in red robes – she's a scarlet woman.",2013-06-12T14:16:24Z
follower,social-media,during,"For a company long seen as a follower, this is now a big sell on it being an innovator.",2013-11-28T07:08:26Z
follower,social-media,during,"The transformational leader ""inspires"" his follower to ""achieve extraordinary outcomes"", they say.",2013-11-30T18:04:00Z
follower,social-media,during,"For example, if you assign a follower to a mining mission, you could receive ore, but you might also unearth stone, a new kind of resource used to construct and upgrade buildings."" An intriguing addition of God Game mechanics to the olde MMORPG.",2013-11-11T07:59:57Z
follower,social-media,during,"CubeSocial co-founder and CEO Linda Cheung says: ""Each new follower you get on Twitter is a potential client, partner or even competitor.",2013-11-27T11:16:27Z
follower,social-media,during,"I’ve been a follower of their model for many, many years.",2014-07-31T09:09:00Z
follower,social-media,during,"""The holocaust was not a theme park or a joke,"" said another follower.",2013-10-04T14:05:00Z
follower,social-media,during,"She was a Tolstoyan anarchist and a follower of Prince Kropotkin, and had no time for the determinism and dirigisme that was central to Marx's philosophy.",2013-10-03T18:35:00Z
follower,social-media,after,"As I say, there are people leading the debate on this subject; I’m frankly a follower on it.",2016-06-08T16:12:34Z
follower,social-media,during,"Michael Fallon, the energy minister who served as a whip and briefly as an education minister in Thatcher's government, is the only other serving minister who can be called a true follower of Thatcher who knew the late prime minister well.",2013-04-08T17:41:16Z
follower,social-media,during,"And his disloyalty to individuals, such as his once close follower Chris Mullin, whom he later attacked in print: ""Chris is so right-wing now and so loyal and so Blairite."" Mullin was appalled by this, not least because Benn had sold his diaries to the Daily Mail.",2013-11-01T21:50:00Z
follower,social-media,after,I have a ton of experience explaining cricket to my now fellow yanks – which is best done in baseball terms – but as a dedicated follower of baseball too I get so tired of the unbelievable arrogance of so many cricket followers poo pooing baseball.,2016-05-28T17:38:54Z
follower,social-media,during,"Results can vary considerably – sometimes that’s a comment on the recipe; sometimes it’s about the skill of the recipe follower; often, it’s the simple fact that cooking in any domestic kitchen with limited time, inferior equipment and the competing attentions of children/pets/reruns of Game of Thrones can be fraught.",2013-06-13T16:37:00Z
follower,social-media,during,"As the retweets rolled in, her follower count swelled.",2013-05-11T16:00:00Z
follower,social-media,during,"Now, Oxford says, ""every single thing I write is going to be bought by somebody, because there are so many different studios and TV networks and they're just like: Oh, I want the Kelly Oxford project."" Her follower count is now at around half a million and a lot of those famous followers have become famous friends.",2013-05-11T16:00:00Z
follower,social-media,during,"(Follower count: 106, 583 at time of going to press.) Like Oxford, she hadn't thought of it as a professional tool.",2013-05-11T16:00:00Z
follower,social-media,during,"At 1.47pm, 28 January, as the row over the Sunday Times' controversial Gerald Scarfe cartoon featuring Binyamin Netanyahu raged, proprietor and News Corporation founder Rupert Murdoch told Twitter follower @Amirmizroch: ""what I have to say about Sunday Times cartoon will not be on Twitter.",2013-02-04T18:09:00Z
follower,social-media,during,"It is worsening, and that’s a result of anti-abortion legislation that is sweeping the country.” Parker, who describes himself as a “follower of Christ”, says the patients he sees find their choice very difficult, particularly when they are religious.",2014-11-21T15:00:00Z
follower,social-media,during,"If you are a follower of @guardian, it's a big way of consuming news.",2013-07-14T18:30:01Z
follower,social-media,during,"However, it was our posts during severe weather events that made the biggest impact on our follower numbers.",2013-07-30T09:46:21Z
follower,social-media,during,He was a passionate supporter of Liverpool football club and a great follower of cricket.,2013-04-04T16:08:39Z
follower,social-media,during,And the penalty that Yuichi Nishimura gave against him when Croatia played Brazil in the opening match of last summer’s World Cup suggests French football may have at least one follower in Japan.,2014-09-12T09:35:58Z
follower,social-media,during,"In effect, Australia has to be not only a ""first mover"" but also a ""fast follower"" of technology, which means ""combining new ideas and business models with technologies developed elsewhere"".",2013-08-12T05:53:39Z
follower,social-media,during,"You might be a follower of Horus, but that doesn't mean you're going to declare all-out war on worshippers of Baphomet.",2013-07-22T08:00:02Z
follower,social-media,during,"He has a miniscule follower-to-following ratio, suggesting that he uses Twitter almost solely as a broadcast medium … and to see what people are saying about him.",2014-02-24T16:05:17Z
follower,social-media,during,"Company executive Rob Waller said it had been decided to create the ""fake follower"" tool after reports that former Tory MP Louise Mensch had 40,000 fake followers.",2012-08-25T23:11:46Z
follower,social-media,during,The fake follower tool aims to expose the true extent of the problem of phantom Twitter followers.,2012-08-25T23:11:46Z
follower,social-media,during,"As suspicions have grown about the authenticity of some Twitter follower counts, increasingly high-profile figures are being interrogated about their numbers.",2012-08-25T23:11:46Z
follower,social-media,during,"The bureau admitted that it had interviewed Tamerlan Tsarnaev in 2011 ""at the request of a foreign government"", presumed to be Russia, which was concerned that he was a ""follower of radical Islam"".",2013-04-21T00:50:00Z
follower,social-media,during,"In a statement, the FBI said that the foreign government had information that Tamerlan Tsarnaev was a ""follower of radical Islam and a strong believer, and that he had changed drastically since 2010 as he prepared to leave the United States for travel to the country's region to join unspecified underground groups"".",2013-04-21T00:50:00Z
follower,social-media,during,"Indeed, read in a certain way, its lyrics could be a manifesto for pop music, dismissing its detractors – ""there's no need to be so damn cool, maybe you've got nothing to prove"" – and hymning it as a place where you should let your imagination run free rather than be constrained by formulas: ""I'm not a follower … don't take things as they come … don't tell me what could be done."" Reading on mobile?",2013-07-25T14:30:01Z
follower,social-media,during,(5) A follower of Aleister Crowley's religion of Thelema.,2013-11-07T17:15:00Z
follower,social-media,during,"All three are American actors but there is good, home-grown support from Tom Berish as a film‑making camp-follower and Caroline Wildi as an Israeli expat.",2013-03-07T17:41:40Z
follower,social-media,during,"When he told them it wasn't a pet, he was asked by one follower whether he would eat cat or dog in China.",2012-11-05T10:42:11Z
follower,social-media,during,"I’ve just been chatting to the space writer Brian Harvey, a close follower of the world’s space programmes.",2014-12-05T18:35:25Z
follower,social-media,during,"It was one of the most interesting things I'd ever seen… Social media and our devices are changing fashion."" And it's changing fashion not just in ways that are instantly quantifiable – in follower numbers or clicks – but in ways that are ambiguous and sly.",2013-10-13T08:00:00Z
follower,social-media,after,"So, as a follower of Jesus, I stand here among you with a profound feeling of regret and deep sorrow.” Allied bombing raids on Dresden between 13 and 15 February 1945 left around 25,000 civilians dead.",2015-02-19T17:31:40Z
follower,social-media,during,"With more than 762,000 followers, the now 13-year-old from Copenhagen is one of the world's most ""Instagram famous"" people, with a follower count dwarfing those of many celebrities (Jessie J, for example, has 367,000).",2013-03-18T07:30:00Z
follower,social-media,during,"Otherwise, he was a typical ""Porteño,"" as inhabitants of the port city of Buenos Aires are known, a follower of the San Lorenzo football club, with a taste for classical music and the work of Argentinian writer Jorge Luis Borges.",2013-03-14T00:20:22Z
follower,social-media,during,"""Obviously,"" said the superb police statement, ""it can be a sad and depressing moment when you're [sic] football team loses but can we all please remember that 999 is to be used for emergencies only."" Welcome, Man U supporters, to feeling as wretched as the rest of us football-deranged losers feel pretty much all the time (I write as that dedicated follower of disappointment, an Aston Villa fan).",2014-01-25T09:01:02Z
follower,social-media,during,"Best of the Guardian's comedy coverage ""His act is painfully unfunny and makes one suspect that a latter-day follower of Ivan Pavlov had been engaged to condition the audience"" Philip French pans the new Kevin Hart documentary ""Ross is not cool"" Disgruntled Manhattan locals protest as David (Friends) Schwimmer demolishes his 160-year-old house ""Before, people would stumble across me, and they'd go, that's not two stars, that's at least three.",2013-09-03T13:16:05Z
follower,social-media,during,"Though a rugby follower through and through, described by his boss Dave Whelan as ""a typical pie-eater"", he will be at Wembley.",2013-05-10T22:00:01Z
follower,social-media,during,"Though a keen football follower and proud Wiganer, Bill Green, an employment law specialist, will not be going to Wembley because he has a season ticket at the Reebok.",2013-05-10T22:00:01Z
follower,social-media,during,"The CIA made the request to add his name to the database, the Terrorist Identities Datamart Environment (Tide), after the Russian government contacted the agency with concerns that he had become a follower of radical Islam.",2013-04-25T07:56:54Z
follower,social-media,during,"Several days later, Hannah's own follower count stands at less than 15,000, which is not a conversion rate likely to excite any potential investors in a Britney-themed zoo, but it's a start.",2012-11-29T19:00:06Z
follower,social-media,during,"A follower of Robert Bresson and admirer of the Catholic novelist Georges Bernanos, the maverick French film-maker Bruno Dumont is famous for religious fables that make no concessions to popular audiences and are performed by deliberately inexpressive non-professional actors.",2013-01-06T00:03:02Z
follower,social-media,during,"Rick was a talented cricketer, a member of Worcestershire County Cricket Club and a well-informed follower of England's cricketing fortunes.",2013-02-19T11:00:27Z
follower,social-media,during,"King would later write that, in watching marchers defy Bull Connor's menacing police troops, he ""felt there, for the first time, the pride and power of nonviolence."" Ultimately, King was a follower, not a leader, in cultivating a new tradition of strategic nonviolent action in the United States.",2014-01-20T13:30:00Z
follower,social-media,after,Speaker Bishop is a keen blues follower.,2015-05-27T07:39:04Z
follower,social-media,during,"In a statement, the FBI said that the foreign government had information that Tamerlan Tsarnaev was a ""follower of radical Islam and a strong believer, and that he had changed drastically since 2010 as he prepared to leave the United States for travel to the country's region to join unspecified underground groups."" In response to the request, the FBI scoured Tamerlan's telephone records, online history, associations with other people, movements and educational history, and agents interviewed him and his relatives.",2013-04-20T20:04:00Z
follower,social-media,during,"Thousands of miles away, killing time in the Hertz queue, Justin Bieber notices his follower count drop by one.",2013-01-27T19:59:00Z
follower,social-media,during,"His follower count drops below zero, which ought to be impossible, but reality makes an exception.",2013-01-27T19:59:00Z
follower,social-media,during,"The church has branches in London and Athens, as well as Accra, and Ghana's late president John Atta Mills, who died last year, was a prominent follower, whilst a host of other public figures and celebrities claim to have been healed by the pastor.",2013-05-23T11:33:00Z
follower,social-media,during,"Twitter Music, which is being teased with a holding page, is thought to offer users a version of Twitter optimised for music, including enhanced player tools supporting Soundcloud and iTunes, rich follower tools for favourite bands, suggestions and trends, and a recommendation service between friends.",2013-04-12T14:53:11Z
follower,social-media,during,"Mobile device brands are adopting the latest displays with large sizes, high resolution, wide color gamut and low color shift wide viewing angle, and low power consumption, supplied by many panel makers not “bounded” by Apple."" In fact, the iPhone 5S and 5C didn't bring anything new in displays: ""Apple was once the initiator of advanced displays, but now has become a follower,"" Hsieh notes.",2013-10-22T07:25:04Z
follower,social-media,after,This is not the issue for a follower of God and he [Omar] that did this has greatly saddened me.,2016-06-14T01:38:52Z
follower,social-media,during,Never-miss-a-game fanatic vs armchair follower.,2014-09-15T20:53:35Z
follower,social-media,after,This is not the issue for a follower of God and he [Omar] that did this has greatly saddened me.,2016-06-14T01:38:52Z
follower,social-media,during,The Associated Press news agency said officials had stated that the CIA had Tamerlan's name added to a classified terrorist database in September 2011 after the Russian government contacted the agency with concerns that he had become a follower of radical Islam.,2013-04-25T04:18:00Z
follower,social-media,during,"“I must admit, I’m not an active follower of politics.",2013-07-18T02:36:00Z
follower,social-media,during,"Nevertheless, I still derive pleasure from the camaraderie of being a football supporter, and though I am an exile from the north, I shall shout, sing and sometimes cry as a follower of that same dear, unpredictable City.",2013-06-29T06:15:00Z
follower,social-media,during,"This year's Palme Dog winner is (drumroll)… Baby Boy, the poodle from Behind The Candelabra Being a follower of the Guardian's film coverage, you might have known he was the favourite.",2013-05-24T17:12:51Z
follower,social-media,during,"My favourites I'm not a big follower of running blogs (perhaps you can change my mind by finding some good ones for me?) but I freely confess to a love of gadgetry and spreadsheets, so barely a day goes by when I'm not uploading my runs to Garmin Connect (note to self: get a life).",2013-02-06T10:42:00Z
follower,social-media,during,"Management guru Peter Drucker once wrote: ""The only definition of a leader is someone who has followers."" How apt, given that I have just vaulted the 200 follower barrier on Twitter (@gwadhurst: follow me.",2012-06-22T22:01:16Z
follower,social-media,during,"When a follower tweeted, ""Tell me your next one is the new Star Wars!"", Bird replied: ""Nope.",2012-11-19T13:13:00Z
follower,social-media,during,"As a content marketing agency that specialises in video, we have been a keen follower of the evolution of smart TV for some time.",2013-04-26T12:17:11Z
follower,social-media,during,"In 27 years as an on-off follower of the party's internal affairs, I have heard the same stuff time and again: whispers about ghost members, signed up in their droves and paid for with a single cheque; talk about parties within parties, and conspiracies to fix selections; cases in which favoured candidates have been parachuted into seats – and, shall we say, assisted by powerful forces in the party's upper echelons.",2013-07-02T16:19:54Z
follower,social-media,during,"A follower of Gurdjieff, the Russian mystic who introduced the west to a ragbag of eastern mysticism in the first part of the 20th century, Travers was more interested in excavating the archetypes that underpinned esoteric Christianity than dreaming up nursery pap.",2013-12-07T08:00:09Z
follower,social-media,during,She was an early follower of Joseph Pilates.,2013-02-20T14:23:00Z
follower,social-media,during,"Which in turn led a bemused follower to ask the following day: ""What's the difference between the web and the net?"" If at this stage you detect the buzzing of a bee in a bonnet, then you're spot on.",2013-03-24T00:05:39Z
follower,social-media,during,"This misapplication on the part of much of the world's media of more than $1.5bn seems to have only really bothered two people in the world: Neil Chenoweth, the world's most comprehensive follower of Murdoch's finances, and me, the most obsessive chronicler of Murdoch's motivations.",2013-06-17T15:22:55Z
follower,social-media,during,"He dismissed Balthazar, the much-hyped London version of a New York brasserie, as ""the worst food in Europe"", and only learned from a Twitter follower that its owner, Keith McNally, had complained to a US foodie blog about the ""inferiority"" of UK reviewers (""no one more so than Giles Coren""), ""a petty, self-regarding, back-stabbing bunch of narcissists"".",2013-04-14T17:00:00Z
follower,social-media,during,"The poet does not know, he also writes, rather poignantly, if his father ever read his poem Follower about how ""My father worked with a horse-plough, / His shoulders globed like a full sail strung / between the shafts and the furrow"".",2013-05-17T21:30:48Z
follower,social-media,during,"""We need investment in important areas, we are all standing in the shadow of Mail Online."" Desmond insists he is ""consistently investing in our websites across the board"", adding: ""It is quite nice sometimes to be a dedicated follower of fashion as opposed to being a pioneer."" The war of attrition that followed Rupert Murdoch's launch of the Sun on Sunday last February has also taken its toll, with Desmond's titles faring worse than rivals.",2013-04-28T17:35:00Z
follower,social-media,during,"Then there was Kutcher's then-wife, Demi Moore (neé @MrsKutcher) who took a very publicized break from her pioneering efforts in the art of the selfie to dissuade a follower from suicide.",2013-03-21T18:37:43Z
follower,social-media,during,"As an avid follower of the sport of kings, Harry Redknapp loves a handicap but he could do without the burden he inherited from Mark Hughes at the Premier League's bottom club, where he needs a Devon Loch from his rivals if he is to triumph against mountainous odds.",2013-02-10T23:00:00Z
follower,social-media,during,"""True art for me is always religious, it will always involve collaborating with God."" In this she is a true follower of Nikolai Berdyaev, the Russian philosopher exiled from his homeland by Bolsheviks in 1922.",2013-10-31T07:00:10Z
follower,social-media,during,"However, ""it is quite nice sometimes to be a dedicated follower of fashion as opposed to being a pioneer.",2013-05-05T17:51:00Z
follower,social-media,during,"So relentless was the onslaught, that last week an incredulous follower asked whether he in fact ran his Twitter account himself – something I, too, had wondered, so dissonant was its tone with his real-life performance.",2013-03-12T09:33:19Z
follower,social-media,during,"The Conservative party co-chairman tells the Guardian she believes Muslims Against Crusades, outlawed by the government last week after threatening to disrupt Friday's Armistice day ceremonies, behaved in a way that means they ""are no longer a follower of that faith"".",2011-11-14T16:37:54Z
follower,social-media,during,"Now if you detach reason from religion, then you are no longer a follower of that faith.",2011-11-14T16:37:54Z
follower,social-media,during,"If you are a follower of a religion that is so clear in its support of humanity [and you behave the way they do] then you are no longer part of that faith."" Asked by Harris whether Anjem Choudury had ""forfeited"" being able to call himself a Muslim, Warsi replied: ""Well, they follow a religion, and the prophet who bought religion to earth, and yet nothing about the way they conduct themselves is in accordance with the teachings.",2011-11-14T16:37:54Z
follower,social-media,during,"Big deal for 'biological architecture' Jill Fehrenbacher, editor of Inhabitat and a follower of architecture trends, says proposals for buildings featuring copious vegetation are increasingly common.",2013-02-27T12:00:00Z
follower,social-media,during,The truth is that the unique political structure that is Europe does not lend itself to a leader–follower dynamic.,2013-07-19T18:00:01Z
follower,social-media,during,The fact that a hardcore Islamist and long-term follower of the UN-proscribed Jamaat-ud-Dawa (JuD) has daily access to children in the west is likely to fuel concerns about religious radicals spreading their message.,2013-06-17T18:14:12Z
follower,social-media,during,"One minute they're tweeting a death threat to a rival Justin Bieber follower, the next they're moved to tears by the Kony 2012 video.",2013-03-15T20:30:00Z
follower,social-media,during,"""But to get a real feel for the culture, look out for who else is part of their follower base and workforce.",2013-06-09T10:00:09Z
follower,social-media,during,"John was a dedicated follower of horse sports, but always preferred to nibble his biscuits from the stands rather than join a sponsor's lunch.",2012-09-16T15:49:49Z
follower,social-media,during,"There is other football going on too, and it’s not unimportant if you’re an England – or Croatia – follower.",2014-10-10T20:52:06Z
follower,social-media,during,"So does that mean that most people were successfully misled, or that most followers of Rooney and Wilshire are well aware of their association with Nike, and so for the average follower it was perfectly obvious that the tweet was part of a wider marketing campaign?",2012-07-04T15:25:23Z
follower,social-media,during,"In terms of specifics, the CAP code does not explicitly define what constitutes an ""average consumer"", which raises significant questions as to whom the marketing communication should be immediately evident: any user of Twitter or the average follower of the specific brand ambassador, in this case Rooney and Wilshere?",2012-07-04T15:25:23Z
follower,social-media,during,"I agree that the tweets were marketing, but the strict approach the ASA has applied in this case lacks nuance and ignores the fact that surely the average follower of Wayne and Jack was not likely to be misled.",2012-07-04T15:25:23Z
follower,social-media,during,"41 Which professional boxer drove to the Sheffield home of a highly abusive Twitter follower, to himself tweet, with a picture of the street: ""right Jimbob im here !!!!!",2013-12-22T08:01:00Z
follower,social-media,during,"Struensee, a follower of the Enlightenment, attempted to graft social reform into law with the help of Caroline Mathilde, Christian's queen and the doctor's lover.",2012-06-14T20:30:01Z
follower,social-media,during,"But when you're talking about these sums of money – the total transfer fees paid by all clubs in the aforementioned 1971-72 season during which Marsh, Buchan and Storey-Moore moved was £5m – what else is left for the honest follower of football to do?",2014-01-31T09:54:16Z
follower,social-media,during,"Ron Paul has never identified as a Reconstructionist, but he has been friendly with the Constitution party, founded (as the US Taxpayer party) on Reconstructionist ideology, by former Reagan administration official Howard Phillips, a follower of Rushdoony.",2013-04-12T12:30:00Z
follower,social-media,during,"First tweet of the night comes from Todd Baker of Melbourne, as astute follower of technology: ""Is the rumour true that the pre- game 'entertainment' cost twice as much as buying High Definition cameras?",2014-05-28T12:26:23Z
follower,social-media,during,"Though I am Gandhi follower, I sometimes feel India should have supported Azad and Bhagat Singh.",2014-01-14T10:02:00Z
follower,social-media,during,"His father, the Unitarian minister Reverend George Coverdale Sharpe, was a fascist, a follower of Oswald Mosley and a great believer in Adolf Hitler.",2013-06-06T09:45:25Z
follower,social-media,during,"My screen saver is one of your pictures and it helps me so much,"" wrote one follower.",2013-02-08T13:04:22Z
follower,social-media,during,"In Hegel it is the absolute and in Hegel's most famous follower, Marx, it becomes the liberation of humanity in some form of communist society achieved by the conscious action of the proletariat in overcoming the final dialectical hurdle by abolishing the ruling class and thereby, logically, itself.",2013-04-01T08:00:00Z
follower,social-media,during,"The gospel of Thomas, written in the first century, has Jesus siding with his follower Mary Magdalene against St Peter when the apostle demands that she should be sent away.",2012-09-19T16:37:06Z
follower,social-media,during,If she existed – and the Biblical gospels all mention her – she was clearly a follower and maybe a sponsor of Jesus and his disciples on their travels around the Holy Land.,2012-09-19T16:37:06Z
follower,social-media,during,"Mick Pope, the author, is a long-time Yorkshire follower from Doncaster, the secretary of the Wombwell Cricket Lovers' Society.",2013-04-30T14:13:00Z
follower,social-media,during,"On her debut album, Youthquaker (she's a follower of the 60s art/fashion Youthquake movement), there will be input from Andrew Dawson and Illangelo, both of whom have worked with the Weeknd, as well as collaborations with Waka Flocka Flame and Azealia Banks.",2013-08-15T18:08:02Z
follower,social-media,during,"By December, the Associated Press was reporting in an interview with Oumar Ould Hamaha – a figure who has held positions in AQIM, Ansar al Din, and the Movement for Oneness and Jihad (MUJAO) – that Belmokhtar was no longer under AQIM's direct command, but was still a follower of al-Qaida.",2013-01-17T13:49:49Z
follower,social-media,during,"Eric uses social media platforms particularly YouTube and Google+ to share his music and videos to his numerous fans worldwide and in return raise awareness, attract support and gain more follower-ship about the plight of the underprivileged children in Ajegunle and other slums of Lagos.",2014-04-15T09:43:49Z
follower,social-media,during,"But towering above it all remains The Making, with its preface so memorably declaring the book's intention ""to rescue the poor stockinger, the Luddite cropper, the 'obsolete' hand-loom weaver, the 'Utopian' artisan, and even the deluded follower of Joanna Southcott, from the enormous condescension of posterity"".",2013-03-06T15:05:11Z
follower,social-media,during,"Photographer, husband, follower of Christ.",2012-08-31T15:39:25Z
follower,social-media,during,Krauss started off as a paid-up follower of Greenberg.,2013-04-20T10:00:01Z
follower,social-media,during,"""Ross,"" he was told by Hesson, ""we believe you to be a follower rather than a leader.",2013-03-03T14:03:50Z
follower,social-media,during,"Echoing similar sentiments all over the web, one White House Twitter follower wrote of Nancy, ""RIP, but she's culpable"".",2012-12-23T14:30:01Z
follower,social-media,during,"His later follower, Bertolt Brecht, in flight from Nazi Germany, described his London experience in The Caledonian Market and Buying Oranges: “In yellow fog along Southampton Street / Suddenly a fruit barrow, and an old hag / Beneath a lamp, fingering a paper bag.",2013-02-08T19:30:01Z
follower,social-media,during,I've had a few hundred followers for about two years; I gain and lose about one new follower a day.,2013-02-12T13:05:00Z
follower,social-media,during,Many studies have shown that the ethical orientation of the leader is strongly related to follower job satisfaction and organisational commitment.,2012-12-03T15:53:52Z
follower,social-media,during,"Launching next month in the US, brands subscribe to content that allows them to browse bloggers' work but also, importantly, to quantify it with follower counts and traffic statistics.",2012-10-29T11:44:17Z
follower,social-media,during,It's up to you if you're a follower or a trend-setter.,2013-02-22T10:44:00Z
follower,social-media,during,"One of Wedgwood's best customers was Catherine the Great, a dedicated follower of western fashion, who ordered a lavish 952-piece service decorated with scenes of British country life and a frog motif.",2013-03-22T20:01:42Z
follower,social-media,during,"More than 180 years after his death, the independence hero Simón Bolívar will be given an ostentatious and controversial new resting place in Venezuela thanks to his most famous modern-day follower, Hugo Chávez.",2012-11-21T19:09:55Z
follower,social-media,during,"(A mere 10%, by contrast, were still convinced he was a follower of lslam or, alternatively, was made out of a lightweight, plain-weave cotton cloth.) In a country as vast and atomised as the United States – and with such wildly varying levels of access to education and information – similarly eccentric polling results aren't unusual: one survey earlier this year purported to show that 1% of Americans think Mitt Romney is Muslim.",2012-10-29T18:40:24Z
follower,social-media,during,A re-elected President Obama has signaled that he wants to make the US a leader not a follower on climate change.,2012-12-05T07:00:02Z
follower,social-media,during,"PhoneDog has launched legal proceedings seeking damages of $2.50 a month per follower for eight months, for a total of $340,000.",2011-12-27T17:36:35Z
follower,social-media,during,The company is arguing that Kravitz's list of followers constitutes a customer database and the valuation is an estimate of how much each follower is worth to the company.,2011-12-27T17:36:35Z
follower,social-media,during,There is something of an assumption that if you find two artists doing similar things then the woman will be the follower.,2013-05-03T18:40:01Z
follower,social-media,during,"Not even the most fervent follower will imagine that the 63-year-old Bo will have any political options left, even if he escapes execution.",2012-09-28T18:06:39Z
follower,social-media,during,"A devoted follower of the Olympic principle that it is more important to take part than to win, he abhorred medal tables.",2012-07-06T17:13:24Z
follower,social-media,during,"When his follower commented that his comments were ""beneath him"", Coyle replied: ""I've no idea how to respond to that… but go fuck yourself seems about right."" Well, it's true what they say – you just can't get the help, these days.",2013-02-03T00:04:16Z
follower,social-media,during,"While there is no mandatory method of sanction for such an offence, a guilty verdict is likely to incur a fine rather than a ban, as was the case when Rio Ferdinand was fined £45,000 for re-tweeting a message in which a follower had called Cole a ""choc ice"" after Terry had been acquitted at Westminster magistrates court in July.",2012-10-07T22:00:00Z
follower,social-media,during,"Apple can portray it as a looter of intellectual property, a copyist, an unimaginative follower.",2012-08-25T00:33:25Z
follower,social-media,during,In one of her last tweets she responded to one follower who said she was going to make her husband a card with her children.,2013-02-14T10:09:00Z
follower,social-media,during,"Show you're a leader, not a follower Leadership qualities are critical to retailers.",2012-10-24T08:30:01Z
follower,social-media,during,"One follower of the Starbucks Ireland account (@Starbucks.IE), Fergus McNally, commented: ""the ie stands for Ireland, awaiting the apology before I visit your stores again!!"" An apology did come, hours after the gaffe, with the Starbucks Ireland account telling followers: ""We erroneously posted to our Irish Twitter page meaning to post to the UK only.",2012-06-05T22:06:59Z
follower,social-media,during,"She won't let me dunk bread in soup because it is bad table manners,and will tell me when what I'm watching is, in her opinion, trash (despite being an avid follower of all things X Factor and Britain's Got Talent).",2013-01-12T08:15:01Z
follower,social-media,during,"If your strategy as a publisher in all this is to play the fast-follower, it's worth remembering that less was at stake in the past.",2012-10-11T13:25:14Z
follower,social-media,during,"And here’s Oliver Lewis, another weary Toon follower: It’s right now a strange mix of fury and apathy.",2014-02-23T15:32:19Z
follower,social-media,during,"Colts owner Jim Irsay sending £8,500 – as promised – to a Twitter follower who correctly predicted the Ravens-Patriots outcome to within a point.",2013-01-25T09:00:00Z
follower,social-media,during,"I am less of a Westminster animal than a follower of policies, chasing up the effects of what they do in the world beyond.",2012-08-25T08:08:56Z
follower,social-media,during,"Though he rarely responds directly to a follower, Murdoch has told his followers that he ""reads all"" (while upbraiding them on their language), and his tweets are frequently responses to questions – however impolite – from his followers.",2013-01-30T16:36:40Z
follower,social-media,during,"When I added up the collective follower counts of the people in the room, my little dinner party was potentially viewed by more people than watch The Late Show on CBS: over three million."" (Two of his guests have large numbers of followers on Twitter.) And, to add insult to (self-inflicted) injury, a few days later he telephoned someone in a work-related call, only to be told by the other person – who has never crossed his threshold – how much he ""just loved"" the lamps hanging above the Bilton kitchen table.",2012-10-20T23:15:20Z
follower,social-media,during,"""As far as the present writer knows, no [previous] article has ever attempted to explain the psychology of a person who, of his own free will, becomes a fervent follower of the cult."" Major Barahal preferred to mince vegetarians, rather then words.",2012-07-02T15:30:02Z
follower,social-media,during,"Now, I'm not saying anyone's gone and done a Wayne Rooney here, but Grant Shapps' hair is, to me, as intriguing as his multiple identities and fluctuating Twitter-follower numbers.",2012-10-08T12:44:42Z
follower,social-media,during,"""Live events are simply naturals for follower growth,"" Todd Herman, former new media director for the GOP, told the Guardian.",2012-08-15T14:45:00Z
follower,social-media,during,Marks &amp; Spencer has rarely been accused of being a slavish follower of fashion.,2012-06-11T14:40:26Z
follower,social-media,during,"“I had been living in exile in NZ for nearly 20 years,” says says, “forced to become a RU follower or be put out to sea in a leaky canoe and the coverage there of Australian news, before the Internet, tended to be miniscule.” Can we drop in an aid package, Wendy?",2014-09-27T07:51:27Z
follower,social-media,during,A hifalutin final email of the evening from Ian Copestake: “Your burst of King Lear made me think of other quotes that might assuage the salty teared football follower as you announce their fate.,2014-03-13T21:58:49Z
follower,social-media,during,"My follower did not then retweet my message, but got directly in touch with the article's author.",2012-08-24T13:01:00Z
follower,social-media,during,I have been a follower of his for many years.,2013-06-14T20:28:27Z
follower,social-media,during,"Here’s an interesting one from Hugh Hanafi Hayes: “I have been a cricket follower for many many years and so I write from some knowledge of the game, when I say that in my opinion Steve Smith spoilt an exceptional display of batsmanship by the way he ended his long innings.",2014-12-27T07:00:33Z
follower,social-media,during,England's World Cup qualifier against Poland on Tuesday evokes far less ghastly and disturbing reminiscence in the so-long-lumbered faithful follower of football and the remembrance of the two qualifying ties of 1973 provides a warning for Roy Hodgson's England.,2012-10-13T21:29:01Z
follower,social-media,during,"Mukesh, about 30, was quiet, nondescript, a follower, according to neighbours.",2012-12-31T18:19:08Z
follower,social-media,during,"While I was researching it, I read the work of psychologist Dorothy Rowe, a quiet, almost secret, follower of Buddhist philosophy.",2012-09-21T07:30:01Z
follower,social-media,during,"However, if you happen to be a woman, a Christian, a follower of a non-Abrahamic faith or an atheist, then Egypt's contradictory constitution – which attempts but fails to strike a balance between secular liberal and conservative religious forces – leaves you vulnerable to the whims and wiles of the powers that be.",2012-10-23T08:00:01Z
follower,social-media,during,"But the first thing they're saying is that it's appropriate to have a woman in the junior role: the follower, the admirer, the helpmeet.",2012-10-13T23:09:00Z
follower,social-media,during,"It's kind of the same with this."" Elaine Cook, an avid gymnastics follower from Windsor sporting a Union Jack neckerchief, agreed.",2012-08-05T20:18:12Z
follower,social-media,during,"Arbor is the more restless and volatile one, an instinctive troublemaker to Swifty's more easygoing, easily swayed follower.",2013-10-12T19:33:26Z
follower,social-media,during,"In the western The Assassination of Jesse James by the Coward Robert Ford Dominik took a cool, measured look at the celebrated post-civil war outlaw and the young follower whose admiration developed into a bizarre hatred.",2012-09-22T23:07:02Z
follower,social-media,during,"On new technology, such as HD and PVRs, she described Freeview as a ""fast free follower"".",2012-10-30T14:56:29Z
follower,social-media,during,"The same is not true of his devoted follower, Ian Fleming, whose first half-dozen James Bond novels are far superior to those that followed – being more realistic, better plotted and altogether less fantastical.",2012-09-25T08:00:00Z
follower,social-media,during,"The title is a quotation from E.P.Thompson's The Making of the English Working Class, in which the historian and long-time extramural lecturer at Leeds University tried ""to rescue the poor stockinger, the Luddite cropper, the ""obsolete"" hand-loom weaver, the ""utopian"" artisan and even the deluded follower of Joanna Southcott, from the enormous condescension of posterity"".",2012-06-21T06:00:00Z
follower,social-media,during,The Football Association has reprimanded Wayne Rooney after the Manchester United striker threatened a follower on Twitter.,2011-05-20T23:05:52Z
follower,social-media,during,He had a heated exchanged on Twitter during which he wrote to a follower: 'I'll put u asleep within 10 seconds' after being provoked.,2011-05-20T23:05:52Z
follower,social-media,during,"When he told them it wasn't a pet, he was asked by one follower whether he would eat cat or dog in China.",2012-11-05T08:48:49Z
follower,social-media,during,"Hadewijch was an obscure 13th-century poet and mystic from the Dutch province of Brabant, whose name is taken by the 20-year-old French novice Céline (the non-professional actress Julie Sokolowski) in this characteristically inert film by the French moviemaker Bruno Dumont, a Robert Bresson follower of a religious bent.",2012-02-19T00:05:43Z
follower,social-media,during,"Many kei can be traced back to the Harajuku district, at the centre of which is Takeshita Dori, a street that is to Tokyo what Carnaby Street was once to London (only with added dayglo cuteness), and this should be the first destination for any determined follower of fashion.",2013-01-25T15:48:07Z
follower,social-media,during,"I've been an Olympics follower since the Tokyo games of 1964 but I perfectly understand that many people do not share my interest, and there is no civic requirement for them to do so.",2012-08-07T09:04:30Z
follower,social-media,during,Borrowing at rates above 6% are crippling and show that the plaudits in Brussels for Monti are much the same as the praise an Opus Dei follower might win from the pope.,2012-05-30T15:53:44Z
follower,social-media,during,"But, unlike mailing lists, Twitter follower lists are publicly displayed, so a PhoneDog victory in this case could bring about an exciting new legal precedent.",2011-12-29T15:00:02Z
follower,social-media,during,"As interest in the tournament’s Official Match Ball reachesfever pitch, followers have grown by approximately 850,000 since the kick-off of the world’s biggestfootball tournament, and the official ball is growing its follower base at an unprecedented rate to be the first ever ball to reach over one million followers.",2014-06-15T16:01:48Z
follower,social-media,during,"The FSB said ""he was a follower of radical Islam and a strong believer, and that he had changed drastically since 2010"".",2013-04-23T18:41:00Z
follower,social-media,during,"Masur is clearly also a follower, always at pains to keep the music within earthly bounds.",2012-02-03T18:30:45Z
follower,social-media,during,"He is a fanatical follower of basketball, having to learn every detail about every player and every team.",2013-03-10T18:28:00Z
follower,social-media,during,"I've not touched this subject since 8 October when I asked ""why didn't the tabloids nail him?"" No point in joining the stone-throwing mob when there's nothing more to say, I told a Twitter follower who taunted me about my apparent silence a few days ago.",2012-10-24T10:26:17Z
follower,social-media,during,Which is not to say that Turner is a follower of the Iron Lady.,2012-09-08T12:00:00Z
follower,social-media,during,As an avid follower of fanny euphemisms I am amazed that not only have Femfresh neglected to call a vagina a vagina but that they have picked a list of words that absolutely no one uses.,2012-06-22T15:36:40Z
follower,social-media,during,"""Well, I guess if you're gonna be safe, what's the point?"" Later, I logon and become his 14th Twitter follower.",2013-04-11T17:34:07Z
follower,social-media,during,My influence is hard to understand if you just look at the follower count.,2013-03-09T19:20:00Z
follower,social-media,during,The skills of listening and questioning in order to address developmental issues become embedded in the organisation's culture and it forms the prevailing philosophy behind key leader-follower interactions.,2012-06-11T07:31:00Z
follower,social-media,during,"In another quick 'breakout' talk, game director Stefan Strandberg continues the theme, talking about how the player goes from being a follower to a leader, and how you're never a passive bystander to the action.",2013-03-27T06:00:00Z
follower,social-media,during,"She had gone into analysis as a follower of Carl Jung's belief that integration of personality, the conscious with the unconscious, was the path to the wholly realised individual.",2012-05-14T14:03:17Z
follower,social-media,during,"I'm a follower of Yahweh, of Ahura Mazda, of Isis – that's who I am.",2012-08-26T08:00:03Z
follower,social-media,during,"""My mum used to say to me, if I keep hanging about with people who I know are doing wrong things and I say nothing, then I must be a follower.",2012-02-14T20:00:04Z
follower,social-media,during,She'd say to me: 'Do you want to be a follower or a leader?' I found myself saying the same things to people around me.,2012-02-14T20:00:04Z
follower,social-media,during,"Asked this week how he had changed since the 2001 Super Bowl, Lewis spoke of a transition from ""follower"" to self-proclaimed spiritual leader of his team.",2013-02-01T18:40:00Z
follower,social-media,during,You always got the impression with Gough Whitlam he was a follower of heroes but also wanted to be a hero himself.,2014-10-21T07:49:25Z
follower,social-media,during,"When Lear savagely rejects his youngest daughter and banishes his most loyal follower in the opening scene, it causes scarcely a ripple of consternation among his courtiers.",2012-02-16T18:29:01Z
follower,social-media,during,"• Natural History Museum, London SW7, from 6 April until 16 September Masterpiece of the Week The Virgin and Child Before a Firescreen, follower of Robert Campin, c1440 In the waning middle ages, an unknown painter who must have been taught by the Netherlandish master Robert Campin imagines the Virgin Mary breastfeeding Christ at home.",2012-03-30T12:30:33Z
follower,social-media,during,"There is a huge spectrum of what constitutes a follower,"" said Arnold.",2012-05-29T16:44:00Z
follower,social-media,during,"It's hard to see how you could persuade a dedicated follower of Ayn Rand, for example, that it is wrong to lie in court even when telling the truth would have unpleasant consequences.",2012-05-20T12:00:00Z
follower,social-media,during,"He presumably needs a young follower, someone to mentor and perhaps to vindicate and validate his own dubious life.",2012-07-14T23:05:59Z
follower,social-media,during,Services are Samsung's Achilles heel Samsung has long been a fast follower.,2012-11-06T14:30:01Z
follower,social-media,during,"And here's Lu Forbes: ""I'm a new(ish) follower of the Tour de France so this may be a stupid question, but what happens if the leading guy in the team finishes after the rest of the group (still in the 10%), but their team still wins.",2013-07-02T15:20:00Z
follower,social-media,during,"Gazing out across the bay, where immense glaciers licked down to the sea, and our ship lay dwarfed by the ice-clad peaks beyond, I heard a shuffle of stones behind me and soon found my feathered follower standing by my shoulder.",2012-10-05T21:45:00Z
follower,social-media,during,"""I'm a follower of Christ, so what I read in my bible and my experience is what counts,"" said Burrell, a mother of two, Abby, 11 and Katy, 8, from Wildwood, Missouri.",2012-09-28T14:05:52Z
follower,social-media,during,"""Would the new generation of MBM follower prefer an sms style of LOLs and whatnot?"" wonders the prolific Ian Copestake.",2013-08-24T13:40:00Z
follower,social-media,during,"It was just supposed to be a bit of spur-of-the-moment fun, something to keep my fans in the loop and my follower numbers up until the next pithy bon mot, although I noticed David Baddiel had re-tweeted it to Jonathan Ross, who in turn had re-tweeted it to United Nations secretary general Ban Ki-moon, who in turn had re-tweeted it to Ricky Gervais, who had then sent it to all his followers, without clear attribution, sadly.",2012-07-21T23:05:00Z
follower,social-media,during,"We are thinking of changing that to a 'believer or follower of political Islam', on the basis of discussions with our experts and readers.",2012-04-29T19:00:11Z
follower,social-media,during,"A follower of the Rev Sylvester Graham, who in 1830s America thought meat-eating a sin and wholemeal flour a blessing, Jackson in 1863 invented a baked, slow-cooked wheat cereal he called Granula.",2012-05-16T16:02:46Z
follower,social-media,during,"For many years he was treated by critics as a Celtic fringe follower of Picasso, but he was a true original, many of whose tinker-period paintings suggest late-period Picasso before the event.",2012-04-26T15:56:38Z
follower,social-media,during,"Will Featherstone is good value as the Prince of Wales (a balloon enthusiast and keen follower of Lunardi's career), whose interest in Laura Riseborough's demure Ella seems to be mostly motivated by a desire to hitch a ride in her basket.",2011-12-07T19:40:00Z
follower,social-media,during,"Will Ellsworth-Jones is a less worshipful follower, but even he attributes a ""redemptive power"" to Banksy: teaching the low-born and oppressed how to assert themselves with cans of spray paint, he gives them a sense of what therapists call self-worth.",2012-05-12T23:03:01Z
follower,social-media,during,"That came across even when his last doctor, Francis Collins, was speaking, addressing the memorial audience as a ""follower of Jesus Christ"".",2012-04-20T21:01:00Z
follower,social-media,during,"Smith plays it for laughs, as three randy teenagers are lured to the rural retreat of the Five Points Church by a blowsy middle-aged follower (Melissa Leo) of a mad preacher (Michael Parks).",2011-10-01T23:05:51Z
follower,social-media,during,"I invested time in building up the follower numbers and developed content from chats with the librarians and the local ""what's on"" booklet, and if there were any questions coming back, I just asked for an answer.",2012-03-15T09:00:00Z
follower,social-media,during,"It also directly contradicted Conservative energy minister Charles Hendry who, speaking moments before at a fringe meeting on renewable energy, said: ""The UK can be a leader or a follower.",2011-10-03T16:45:00Z
follower,social-media,during,"Charles Hendry, energy minister, seemed to row back on his morning statement that the UK must be a leader not a follower: ""We should not go out on a limb.",2011-10-03T16:45:00Z
follower,social-media,during,"(Only now has Republican Congressman Paul Ryan, perhaps realizing that supporting an atheist adulterer might hurt his veep chances, changed his tune from Objectivist fanboy to follower of Thomas Aquinas.) Granted, it's doubtful that any political group so suspicious of the intelligentsia would actually read Rand's 1,200 page magnum opus, Atlas Shrugged, but her ideas are clearly being used to justify inequality, giving credence to institutionalized wealth-based elitism.",2012-06-10T15:00:00Z
follower,social-media,during,One poll in Mississippi even found some 52% of likely Republican voters suspected President Barack Obama was a follower of Islam.,2012-11-10T12:39:56Z
follower,social-media,during,"Here's what a Twitter follower costs &gt;&gt; ClickZ ""An email from Twitter sales to prospective advertisers today revealed what brands have been paying for followers on the platform.",2011-12-09T08:56:51Z
follower,social-media,during,The memo included cost-per-follower (CPF) rates for Promoted Accounts and cost-per-engagement (CPE) for Promoted Tweets.,2011-12-09T08:56:51Z
follower,social-media,during,"In the US, writer Noah Kravitz is being sued by his ex-employer PhoneDog for taking his 17,000 followers with him when he left – and for $2.50 (£1.60) per follower per month no less.",2012-03-21T11:00:01Z
follower,social-media,during,Alok and Dava discuss the little-explored relationship between Copernicus and his follower and friend Rheticus and how Copernicus deftly balanced his brilliant astronomical insights alongside his place within the Catholic church.,2011-09-11T23:05:00Z
follower,social-media,during,"""Guarino was a more colourful and decorative follower of the famous Massimo Stanzione."" A good theory, says the gallery, although it fears the work might not be quite good enough to be a Guarino.",2012-01-03T22:30:01Z
follower,social-media,during,"Anderson's subtly disorienting, deeply engrossing study of the symbiotic relationship between charismatic cult leader Lancaster Dodd, magnificently played by Philip Seymour Hoffman, and his disturbed follower Freddie Quell, indelibly embodied by Joaquin Phoenix, is a panoramic chamber drama.",2012-11-02T22:54:01Z
follower,social-media,during,Which is something that sounds familiar to any serious follower of Woods's career: the more it has changed the more he has stayed the same.,2012-03-31T15:03:43Z
follower,social-media,during,"A new follower, I followed back, received a string of abusive DMs, blocked and reported for spam.",2012-09-26T08:31:49Z
follower,social-media,during,"We also ranked Twitter users by the number of tweets they sent, the number of mentions they received and their follower count.",2011-12-07T15:00:02Z
follower,social-media,during,"""The staff at JRC is committed to serving these students, when no other facility can or will, and finding the best ways to manage their behaviours to a level where they are no longer causing severe injury and pain to themselves, can learn, and spend time with their family and friends."" The JRC was founded 40 years ago The use of electric shocks on autistic kids was devised by Matthew Israel, an ardent follower of ""behaviouralism"" that believes humans can be remoulded through punishments and rewards.",2012-06-02T18:29:32Z
follower,social-media,during,"Who but a lobotomised follower of luxury capitalism might treat GQ or FHM as style bibles, still less buy them?",2012-02-17T13:30:00Z
follower,social-media,during,This highly literary film resembles a version of Animal House rewritten by a follower of Jane Austen.,2012-04-28T23:05:54Z
follower,social-media,during,"2.13pm: Next up, a question from a tentatively confident England follower: ""As an England fan with a disposition that tends to be around the slightly brighter side of absolute pessimism, it is very rare that I look at a starting line up and subs bench and think ""Actually, that is really quite a strong team"".",2013-02-08T13:03:00Z
follower,social-media,during,"God has answered my prayers because his number one follower, Edward Current, is making more videos!",2010-11-07T09:42:18Z
follower,social-media,during,"The Newcastle United forward, whose elder brother Shola also plays for the club, was called a ""nigger"" by a follower after he tweeted a photograph of a pair of black Nike football boots, alongside the message: ""There will always be a place in my heart for the all blacks."" When the abuser replied: ""Your hand is nearly the same colour nigger,"" Ameobi retweeted it, adding: ""Sad to see some people are still racist nowadays."" Newcastle United and the 19-year-old striker reported the matter to Northumbria police, who on Thursday arrested two 17-year-old men on suspicion of malicious communication.",2011-11-03T20:33:22Z
follower,social-media,during,"Not that I'm a crypto-follower or Christian-curious or anything, don't get me wrong.",2011-12-24T09:10:00Z
follower,social-media,during,Any follower of the club might have wondered if Ajax would pose a comparable challenge.,2012-02-17T00:20:00Z
follower,social-media,during,"New York police commissioner Ray Kelly said Pimentel, who is also known as Muhammad Yusuf, was a follower of radical cleric Anwar al-Awlaki, who was killed by a US drone strike in Yemen in September.",2011-11-21T01:44:39Z
follower,social-media,during,"But employing language in unexpected and 'disobedient' ways can jar readers into different modes of consideration, to reflect not only on the themes but on what poetry actually means."" His words echo those of Shelley, written almost two centuries ago in his essay A Defence of Poetry, that ""the most unfailing herald, companion, and follower of the awakening of a great people to work a beneficial change in opinion or institution, is poetry"".",2011-12-14T15:38:34Z
follower,social-media,during,"A follower of Buddhism who had practised meditation for many years, he gathered his mental resources for what he described as ""an experience to which no name can be given"".",2012-04-01T16:53:01Z
follower,social-media,during,"A former Chongqing official told Reuters: ""Wang has been a close follower of Bo, important in implementing his will."" He added: ""It's hard to see what really lies behind all this.",2012-02-08T12:30:00Z
follower,social-media,during,For the more cultural football follower.,2013-03-26T22:07:00Z
follower,social-media,during,"""There's something not right about what's happening."" As a Twitter follower suggested to me, they are pretty much the opening lines of For What it's Worth by Buffalo Springfield.",2012-07-03T11:23:56Z
follower,social-media,during,"According to a draft report for Malawi SHA entitled 'Knowledge Transfer: the Role of Community Extension in Increasing Food Security', soil fertility improved and follower farmers' average annual maize yield increased by almost a quarter.",2011-06-29T14:35:57Z
follower,social-media,during,"Women, who provide 70% of agricultural labour in Malawi, were represented, too, as both lead and follower farmers.",2011-06-29T14:35:57Z
follower,social-media,during,"Christianity has brought along these things."" Zuma is South Africa's first Zulu president and a devout follower of tribal custom including polygamy: last year he married his third wife after paying lobola, or bride price, at a traditional ceremony featuring singing, dancing and the wearing of leopard skins.",2011-12-21T17:02:06Z
follower,social-media,during,"In 2009, his Twitter follower count mushroomed after he offered to run naked through Circle K [a supermarket chain].",2012-04-24T14:49:41Z
follower,social-media,during,"“The Australian team wears cream-coloured clobber, as mandated by tradition and that dedicated follower of fashion, Richie Benaud,” point-of-informations James Steerforth, and I hang my head in ignorant shame.",2014-03-03T16:19:24Z
follower,social-media,during,"It sounds as if Wolseley will be a follower, not a leader, if the expat British companies (WPP, Informa etc) ever return.",2011-10-04T12:15:02Z
follower,social-media,during,"When I finish school I want to go to the USA,"" said Mohamed Abdullai, an 18-year-old student, a member of the Abudu family and follower of the Bolin Lana.",2012-07-05T16:12:44Z
follower,social-media,during,"I believe that's exactly what they want to do, but they still suffering from the 'follower-syndrome': to improve what others created.",2012-05-04T07:15:57Z
follower,social-media,during,"Over on Twitter, Economist Hulk is explaining the nitty-gritty of economics to the masses (once HULK gets his follower count-up, anyway): Another distinguished fund manager with too much time on his hands?",2013-03-27T20:00:00Z
follower,social-media,during,"How can you say you're a follower of Christ but you won't stand up and speak out against this injustice?"" Despite the protests, the church appears to have benefited from Gilyard's notoriety.",2012-02-21T21:34:21Z
follower,social-media,during,"But in terms of musical direction, she's a follower: Make a Scene's apparent aim is to establish the plummy disco singer as the rich man's Kylie Minogue.",2011-06-02T21:40:00Z
follower,social-media,during,"For aspirant jihadis, whether in Jeddah or Manchester or Lahore, being a follower of Zawahiri is a much less attractive proposition than being a follower of Bin Laden.",2011-06-16T12:08:08Z
follower,social-media,during,"If you are a close follower of fashion reviews, however, you're probably cleaning up the dropped marmalade right now, because in the tightly controlled fashion inner circle Tom Ford is basically God.",2011-09-19T11:34:52Z
follower,social-media,during,"""I see @staffspolice are tweeting their inane drivel again #GoCatchSomeCrims,"" retorted one follower.",2012-06-25T15:01:59Z
follower,social-media,during,"""Every true born-again follower of Christ ought to embrace a Christian over a non-Christian,"" said Jeffress.",2011-10-08T20:47:00Z
follower,social-media,during,"The film misses out Malcolm's reminiscence that he was mistaken everywhere in Saudi Arabia for his friend and follower, boxer Muhammad Ali, another significant figure absent from the movie.",2011-11-11T09:15:00Z
follower,social-media,during,"Samsung is famed in business circles as a ""fast follower"" – letting others innovate before flooding the market with excellently-made, rather imitative products.",2012-08-09T18:58:31Z
follower,social-media,during,"In the 1970s, working in the London bureau of the New York Times, and later as a freelance journalist, she developed an interest in food and interior design, becoming an avid follower of the tantalising French and Mediterranean recipes of Elizabeth David.",2011-09-13T17:03:46Z
follower,social-media,during,"An obsessive birdwatcher, backgammon player and follower of his beloved Wigan rugby league team, he took dishabille to the level of an art form, while displaying an anti-materialism that verged on contempt.",2012-01-27T18:50:35Z
follower,social-media,during,Follower model Its following and interacting model is a cross between Facebook and Twitter.,2012-02-22T09:32:00Z
follower,social-media,during,"It has been a loyal camp follower of a narrow American diplomacy that, other than briefly at the beginning of the Obama administration, has been consumed by the nuclear issue at the expense of a broader view of Iran's agenda – or rather, its anxieties.",2011-11-30T21:00:05Z
follower,social-media,during,"In the cold light of day that's a greatperformance for us to look back on because it shows we can win games without being at our best."" No follower of the club will be nostalgic for the sometimes stern pragmatism of last season, yet Platt would appreciate that a little more rigour will be essential in matches of a higher order.",2011-11-06T23:00:01Z
follower,social-media,during,"""I'm not a big follower of the game.",2012-02-03T15:38:00Z
follower,social-media,during,"At the recent Values Voters Summit, he asked the mostly evangelical audience if they wanted a ""candidate who is a good, moral person"" – an obvious and not at all veiled reference to Romney – ""or one who is a born-again follower of Jesus Christ""?",2011-10-14T16:58:01Z
follower,social-media,during,"Seems appropriate."" Hefner also retweeted, without comment, a remark by follower @LinzLuvs.",2011-06-15T03:28:00Z
follower,social-media,during,"To take one example, established journalists, young and old, can network more easily than ever before, and their combined follower count and willingness to share each other's work can quickly drown out less established competition.",2011-12-08T11:04:00Z
follower,social-media,during,"Those sufficiently familiar with me to know my absolute antipathy towards football may be unaware that I was once, many decades ago, an enthusiastic follower of the game.",2011-12-07T17:46:32Z
follower,social-media,during,"Paul Bledsoe, of the US Bipartisan Policy Centre, and a former official in the Clinton White House, said: ""The US does not like to be seen as a follower [of someone else's plan], it wants to be seen as a leader."" Both China and the US are due to hold a press conference later this afternoon in Durban.",2011-12-09T12:28:54Z
follower,social-media,during,"""It's about unleashing your leadership!"" We'll all be leaders, leaving the logistical problem of who'll be left to be a follower.",2011-10-05T19:03:03Z
follower,social-media,during,"""Obviously more appropriate for the Carlisle fan I grew up as than, say, an Arsenal follower.",2013-05-01T20:38:00Z
follower,social-media,during,"O follower of Scotland , when will we see, your like again, at a major tournament?",2012-10-16T20:39:00Z
follower,social-media,during,"""However, Beckett was a keen follower of cycle sport and bicycles feature in many of his works.",2013-07-10T16:03:00Z
follower,social-media,during,"His final message called a follower ""a putz"".",2012-03-01T15:50:00Z
follower,social-media,during,"Shahzad, described by General David Petraeus of US central command as a ""lone wolf"", has reportedly told law enforcement officials that he was a ""fan and a follower"" of Awlaki.",2011-09-30T10:00:00Z
follower,social-media,during,"Rajib Karim, 31, a follower of the Yemen-based Anwar al-Awlaki, used his position as an IT expert with the airline to try to help stage attacks on the west.",2011-03-18T19:59:52Z
follower,social-media,during,"The judge said he accepted that Karim was more of ""a follower than a leader"".",2011-03-18T19:59:52Z
follower,social-media,during,"According to a draft report for Malawi SHA entitled 'Knowledge Transfer: the Role of Community Extension in Increasing Food Security', soil fertility improved and follower farmers' average annual maize yield increased by almost a quarter.",2011-07-19T13:47:46Z
follower,social-media,during,"Women, who provide 70% of agricultural labour in Malawi, were represented, too, as both lead and follower farmers.",2011-07-19T13:47:46Z
follower,social-media,during,"For each new Facebook friend or Twitter follower connecting with the UW-Madison, Wisconsin Alumni Association or both, Will and Jenny and Will's parents, Paul and Sharon Hsu of Wausau, Wisconsin, gave $1 to the Great People Scholarship.",2011-11-04T14:35:16Z
follower,social-media,during,"""His kicking is a bonus for Australia,"" says Shaun Edwards, who has watched and played against all the half-back greats of the past few decades, and remains a keen follower of the Origin series, even from his rugby union vantage point.",2011-11-17T17:45:33Z
follower,social-media,during,"He also said they had had no personal contact, but Mr Zaharie was a follower of his Twitter account.",2014-03-18T21:24:07Z
follower,social-media,during,"Next time you're waiting for a bus, you can think about why this happens (bear in mind what leading digits do when quantities repeatedly double, perhaps) but reality agrees with this theory pretty neatly, and if you go to the website testingbenfordslaw.com you'll see the proportions of each leading digit from lots of real-world datasets, graphed alongside what Benford's law predicts they should be, with data from Twitter users' follower counts to the number of books in different libraries across the US.",2011-09-16T20:15:00Z
follower,social-media,during,"No doubt Moran herself is outraged by this abuse of her work, which is why she is a follower of the aforementioned writer we shall call ""Fuck Yeah"".",2011-03-28T10:46:00Z
follower,social-media,during,Nor was he an easily swayed follower of cultural trends.,2011-09-13T13:02:09Z
follower,social-media,during,"The tone was struck early on with Autumn Almanac, from 1967, when he sang: ""Friday evening, people get together/Hiding from the weather..."" Davies started out accompanied by his guitarist Bill Shanley, but was later joined by a fuller band, playing classics including See My Friends, Dedicated Follower Of Fashion and Dead End Street.",2011-06-13T09:49:00Z
follower,social-media,during,"He's a huge follower of US constitutional history and the Revolutionary war."" Asked about the molotov cocktail accusation, he said: ""I have no idea."" Derrick, who is studying Arabic in the hope it would help a career in law and the military, worked on Barack Obama's election campaign in 2008, and interned this year with Republican congressman Blaine Luetkemeyer in Washington.",2011-11-23T02:06:00Z
follower,social-media,during,"Sizing each tweet according to the influence of its author (determined by follower count), we added a decay function that would allow it to dissipate over time.",2011-12-08T14:22:00Z
follower,social-media,during,"""For the completely uninterested, disengaged and thus neutral follower, could you kindly indicate which team the players mentioned are affiliated to as I have no clue which side has the one called Park or the one called Gardner?"" toots Ian Copestake.",2012-11-27T21:37:00Z
follower,social-media,during,"""For the more cultural football follower.",2013-03-26T22:16:00Z
follower,social-media,during,"He was one of a generation of very able men who served the Kennedys well, and was rewarded for his loyalty, but might perhaps have had an even more successful career had he not been so clearly identified as a follower of the Kennedy political tribe.",2011-10-13T17:11:58Z
follower,social-media,during,"Csokits as a poet was a follower of the traditions of early modernity, of Hungarian poets such as Mihály Babits and Szabó.",2011-09-22T16:43:36Z
follower,social-media,during,"Even Dickens's enthusiastic follower and biographer John Forster found much of it ""too real to be pleasant"".",2012-02-03T15:53:29Z
follower,social-media,during,With this I was gradually gaining a loyal follower base on Twitter and was learning my own ways of promoting each post to maximise traffic on my blog.,2011-11-08T12:37:19Z
follower,social-media,during,"I've been a fan and follower of the Apple way, especially when it was by far the best alternative to the Microsoft empire – and when it was the best in class, period.",2011-10-06T06:28:55Z
follower,social-media,during,"There is not a single English rugby follower who will ever forget Wilkinson's World Cup-clinching drop goal in 2003, nor the utter delirium it prompted.",2011-12-12T21:40:13Z
follower,social-media,during,"When it closed, I had 178 entries plus that same amount of followers to the Twitter tag @thebutterflyist (one of the conditions of entry was to follow me on Twitter, with a strategy of building my follower count).",2012-02-24T23:00:43Z
follower,social-media,during,"An honourable mention must also go to the Kinks' Dedicated Follower Of Fashion, which is invariably wheeled out for any archive footage shot between 1930 and 1995.",2011-09-28T12:08:37Z
follower,social-media,during,"""Manchester City's smashing 5-0 victory at Liverpool was as satisfying to the aesthete as to the hungriest football follower with mouth agape for championship points,"" wrote the Guardian's Old International (aka Donny Davies, like the aforementioned Swift, fated to lose his life at Munich Airport in 1958).",2012-08-24T08:56:54Z
follower,social-media,during,The second case was of a Twitter follower who turned up to meet an interviewer after he tweeted where he was.,2011-07-11T13:00:00Z
follower,social-media,during,"The first victim of the scientist murders, Masoud Ali-Mohammadi – who was killed in January 2010 by a bomb on a parked motorcycle as he walked from his house to his car – was indeed a follower of the opposition Green movement, as well as a senior official in the Institute of Applied Physics (IAP), where western officials suspect a lot of research work is done.",2012-01-12T20:30:00Z
follower,social-media,during,"Have your customers spread the word for you: For example, you tweet a certain word from your venue's account and the follower has to come into the venue to say it to receive a gift or voucher.",2011-12-13T07:30:00Z
follower,social-media,during,"""It was the closest thing to actually being there,"" tweeted one follower.",2011-11-02T13:54:46Z
follower,social-media,during,"He posted it to Twitter, where one follower turned it into a comic strip that a third person then animated, according to reports.",2011-03-24T16:13:00Z
follower,social-media,during,"But the service appears to have grown far faster than Google expected: at one point over the weekend the system ran out of disk space, which meant that registration and follower emails were sent multiple times because there was no way to record that they had been sent.",2011-07-14T17:06:00Z
follower,social-media,during,"Milton also favoured the Geneva Bible, though increasingly I wonder whether the final Milton was not a post-Protestant sect of one, anticipating William Blake and Emily Dickinson."" Bloom, the ""Jewish Gnostic heretic"" and dedicated follower of Emerson, observes that ""sublime literature demands an emotional not an economic investment"", and, for himself, declares he is ready to submit, with reservations, to being described as ""a theorist of the American Sublime"".",2011-12-02T22:54:03Z
follower,social-media,during,Meanwhile Sarah Knapper has my sympathy as the recipient of unexpected Bantz: Another Asia-based follower here (from a largely deserted office in Singapore).,2013-12-27T07:01:56Z
follower,social-media,during,"You don't have to become a follower of Edmund Burke to acknowledge that organisational life is generally denser and ""thicker"" than market theorists or management consultants tend to think.",2011-09-01T23:10:00Z
follower,social-media,during,"Like Shorter, Walton is one of the surviving originals of hard bop and, despite remaining closer to the method's straight-grooving roots than Shorter did, he is a composer of such graceful originality that he has always sounded like a leader and not a follower.",2011-10-07T23:07:38Z
follower,social-media,during,"Despite the popularity of the likes of Emma Bridgewater's ""spotty"" ceramics and ubiquitous pottery cafes, Rodgers makes it clear she is not a follower of fashion.",2012-02-24T23:01:08Z
follower,social-media,during,"""I would call myself a follower, not a supporter, because obviously I'm not home that much,"" he said.",2011-06-30T19:40:10Z
follower,social-media,during,I've never been a follower of fashion.,2011-03-19T00:02:32Z
follower,social-media,during,"One follower reacted with dismay to news of the current casting call, saying on YouTube: ""It's impossible to find somebody to play Tupac or even tell a story about him.",2011-03-21T16:13:13Z
follower,social-media,during,"The reply function exists for a reason: as part of the crowd, the individual follower will appreciate being recognised.",2011-09-12T11:05:48Z
follower,social-media,during,If he is the leader of world football I am not going to be a follower and I can't believe anyone could follow him.,2011-11-17T11:40:26Z
follower,social-media,during,"From late 2007 to early 2010 I ran my own, Read This Magazine (currently in the process of being dismantled in order to make way for something new, by the way); I am a follower/subscriber of many other small independent literary zines (including The Letter Killeth - see work by Edinburgh's own Chris Lindores in their latest!",2011-03-17T12:30:00Z
follower,social-media,during,"Put differently, is it a follower of national legal changes rather than a trendsetter?",2011-06-14T12:13:01Z
follower,social-media,during,"Not being a regular serie a follower (Parma's pink strips are cool though), is this Juventus side getting Arsenal-style respect and admiration from neutrals and pundits?"" No idea!",2012-11-03T21:37:49Z
follower,social-media,during,"My Twitter follower, epocaclypse says: ""That's like saying if you don't like famine don't watch the news."" Quite.",2011-05-19T12:01:00Z
follower,social-media,during,"I emailed him to ask him about it and he said it was taken at a conference on Mahdism, of which Firouzabadi is also a follower.",2011-06-21T15:14:00Z
follower,social-media,during,"He's a huge follower of US constitutional history and the Revolutionary war."" Asked about the molotov cocktail accusation, he said: ""I have no idea."" Derrick, who is studying Arabic in the hope it would help a career in law and the military, worked on Barack Obama's election campaign in 2008, but switched allegiances and interned this year with Republican congressman Blaine Luetkemeyer in Washington.",2011-11-22T19:19:00Z
follower,social-media,during,A follower of Willem Buiter or Friedman?,2011-09-03T23:01:21Z
follower,social-media,during,"She maintained her independence, refusing to become a follower of either and encouraging dialogue, an eternal exile wherever she found herself.",2011-10-24T16:35:42Z
follower,social-media,during,"Jeffress described Romney's Mormon religion as a cult, adding: ""Every true born-again follower of Christ ought to embrace a Christian over a non-Christian."" According to polls, Romney's religion is an issue for many Christivan evangelicals.",2011-10-07T21:13:00Z
follower,social-media,during,Lucretius was a passionate follower of the Greek philosopher Epicurus.,2011-12-23T22:55:00Z
follower,social-media,during,"The engineer, a follower of Voltaire and Diderot, thinks of it as sweeping away ""in fact, not in rhetoric, the poisonous influence of the past"".",2011-07-16T23:05:09Z
follower,social-media,during,"He's no angel, but he's a follower.",2011-09-12T12:01:37Z
follower,social-media,during,"First off (and at the risk of being punched in the face by some follower of the nouveau roman school), let it be loudly asserted that character, strong characters, are at the heart of all great literature and always will be.",2011-10-16T08:00:00Z
follower,social-media,during,"Once you know the value of every like on Facebook or follower on Twitter, you can assess how much it is worth investing in building these connections.",2012-01-30T06:30:00Z
follower,social-media,during,Surely every journalist should be a follower?,2010-12-30T16:18:52Z
follower,social-media,during,"As every football follower knows, changing managers frequently is usually a losing strategy.",2010-06-08T19:22:07Z
follower,social-media,during,"Dan Ashworth may not be a familiar name to the average follower of the Premier League, and given that his relatively undistinguished playing career included spells with St Leonards, Wisbech and Diss Town, that is not entirely surprising.",2011-05-16T06:01:00Z
follower,social-media,during,On Tuesday it focused on an England follower from Leeds who was asked what he thought about the England players' off-the-field antics.,2011-10-05T09:33:40Z
follower,social-media,during,"Neil Bentley, the CBI deputy director general, said: ""A review of the carbon budget is sensible and will ensure the UK doesn't get out of step with European competitors, but what's really important is that the government delivers a clear framework for companies to invest with confidence."" Before Osborne's speech, environment, energy and climate change ministers had talked of the dangers of being a ""follower"" not a ""leader"" in the global low carbon economy.",2011-10-10T23:05:05Z
follower,social-media,during,"Apart from being a great writer who has received a number of literary prizes, Sicilia is a Christian with a commitment to popular causes and a follower of Ivan Illich, the controversial Austrian thinker who lived in Mexico for many years.",2011-05-08T22:00:00Z
follower,social-media,during,"He was a follower and not a leader,"" said Khan.",2011-07-29T19:08:52Z
follower,social-media,during,"It was also Itten, a mystic and follower of the esoteric Mazdaznan faith, who established the Bauhaus reputation for crankiness.",2012-04-27T21:54:00Z
follower,social-media,during,"""That miserable day he had when the ceiling fell in and everything else – I just hope that things are back on track with your flat as I'm an avid follower of yours on Twitter,"" he added.",2010-12-15T14:34:29Z
follower,social-media,during,"After all, there was nothing to stop a follower retweeting.",2011-02-08T12:34:00Z
follower,social-media,during,"To put this in perspective though, the two campaigns combined would only make up 1.7% of the 8m plus follower base of Russell Brand, who has recently weighed into the debate himself.",2014-09-18T20:59:47Z
follower,social-media,during,"QUOTE OF THE DAY ""Start with missionary and see where you go from there"" - Sky Sports News pundit Gary Neville uses an impromptu Twitter Q&amp;A to offer some sound positional advice to a follower who'd said he was off to Malta with his girlfriend for Easter and was looking for recommendations.",2012-01-27T16:16:43Z
follower,social-media,during,Any follower of Eugene Fama would have smelled a rat.,2013-10-14T17:23:43Z
follower,social-media,during,He paints him as some kind of toadying camp-follower.,2012-02-10T22:55:00Z
follower,social-media,during,Peter in Matthew 26:83 is identified as a follower of Jesus by his northern accent.,2011-04-05T15:06:50Z
follower,social-media,during,"That's what an American congressman, Anthony Weiner, says happened to him recently with social media services when a lewd photo supposedly was sent to a Twitter follower.",2011-05-31T19:10:00Z
follower,social-media,during,"It also does not include the value of choosing the right locations (though maybe a follower could simply choose to locate in the near proximity to an Apple store.)"" Microsoft used to be obsessed a few years ago about matching Apple's retail presence.",2011-10-17T07:30:00Z
follower,social-media,during,One follower suggested Softbank offer a free phone service to children orphaned by the disaster.,2012-03-11T07:39:00Z
follower,social-media,during,"My Swedish master was Vilhelm Ekelund, a poet, writer of aphorisms and follower of Nietzsche."" In his 20s he was an iconoclastic aesthete, who learned Chinese with the great Swedish sinologist, Bernard Karlgren, in Stockholm, not out of political commitment to Mao's recent revolution, but out of love for a venerable culture of grace and simplicity which, he thought, represented the blissful antithesis of the consumerist west.",2012-06-22T21:54:01Z
follower,social-media,during,"Rohullah, though a follower of the rigorous conservative Wahhabi school of Islam, had a long history of opposition both to the Taliban, who follow the South Asian Deobandi tradition of Islamic practice, and to international Arab militants such as Osama bin Laden.",2011-04-25T21:13:40Z
follower,social-media,during,"""Personally I have had man love for Peter Capaldi (12.45pm) since his role in the English road movie Soft Top Hard Shoulder in 1992,"" begins Ian Copestake, ""which your other reader may not think is a year that can actually have been experienced in the flesh by an MBM follower, unless that MBMer be geriatric or insane."" For me it was his first great comic moment in Local Hero: Oldsen hectically skittering off down the main road in Ferness to meet up with Marina, each arm and leg flailing around in the most independent of manners.",2012-12-15T11:52:00Z
follower,social-media,during,"He was met with a barrage of tweets for ""his dated brand of vitriol"" in the words of one follower.",2011-10-26T19:30:00Z
follower,social-media,during,"We knew him as loving parent, full of fun; a Lake District buff and an obsessive follower of Alfred Wainwright's celebrated walking guides to the Lake District.",2011-01-10T18:30:14Z
follower,social-media,during,"""I'm afraid I can only half agree with Paul Kimmage, not that he or anyone else has any reason to care about what this particular young academic and cycling follower thinks.",2012-07-11T15:22:00Z
follower,social-media,during,"Javier Mascherano, who was interviewed on Sky after the Champions League final, judged the mood of the British football follower perfectly, dedicating Barcelona's victory to Liverpool's fans, who he thought may enjoy it.",2011-05-29T23:06:01Z
follower,social-media,during,"It also shows that the council's official Twitter account, @edinburgh_cc, got more than 2,500 new followers during the wintry weather, nearly doubling its follower base.",2010-12-16T09:16:34Z
follower,social-media,during,"Every game played by either us or the Aussies will looked at through the prism of the little urn, and if my feckless chums are anything to go by then no serious cricket follower in England gives a flying one about anything before Trent Bridge in July.",2013-06-05T20:46:00Z
follower,social-media,during,"And who would have expected Dacre (an undergraduate left-winger turned Thatcher admirer) to have become so genuinely matey with Gordon Brown, a friend, not a camp follower?",2011-10-15T23:08:00Z
follower,social-media,during,"Originally an Armstrong follower, Young moved stylistically to incorporate something of Roy Eldridge's fire, spiced by a boppish touch or two, and was known for his rubber plunger-muted solos, eliciting all sorts of fearsome growls and shrieks, these somewhat at odds with his sunny nature.",2011-07-01T17:02:07Z
follower,social-media,during,"Wright should consider how it must feel to be a Blackburn or an Everton fan, with no signings at all on the horizon, a Sunderland supporter struggling to get excited about another tranche of Manchester United reserves, or even a Liverpool follower failing to understand where all the midfielders are going to fit in.",2011-07-09T21:50:02Z
follower,social-media,during,"I've been sent to the naughty step ..."" When one follower asked if executives at Potter studio Warner Bros had got involved, he replied: ""Your words, not mine ...""",2010-11-01T10:56:28Z
follower,social-media,during,"According to Greg Lawless at Collins Stewart, Bolland must re-establish M&amp;S as a leader, rather than a follower, because it is John Lewis that is now setting the pace for middle England shoppers: ""John Lewis has eclipsed M&amp;S over the last two decades.",2010-05-03T16:44:49Z
follower,social-media,during,"""While you were making your slides, we would be killing you."" Not everyone is a dedicated follower of fashion.",2011-05-30T17:00:00Z
follower,social-media,during,"I am a Buddhist, a Hindu, a follower of Islam and Christianity.",2011-12-20T14:54:00Z
follower,social-media,during,"""Nowhere is it more vital than for the environment."" On Monday morning, just as Osborne was taking to the stage, the energy minister Charles Hendry told a fringe meeting on renewable energy: ""The UK can be a leader or a follower.",2011-10-06T19:45:37Z
follower,social-media,during,"The privacy is super-easy to set up,"" he said adding that users can choose to automatically accept followers or decide on a follower-by-follower basis – similar sounding controls to those on Twitter.",2010-09-02T16:45:48Z
follower,social-media,during,"The next day I said, 'Forget this, this has got to stop, take it out in your work' and I wrote that song, typed it up straight off."" ""That song"" was ""Dedicated Follower of Fashion"", one of four top five singles that, between March 1966 and June 1967, inaugurated the Kinks' second, most creative phase and enshrined Ray Davies as the most insightful, astringent and empathetic chronicler of a country and a youth culture in the process of rapid change.",2010-11-28T00:06:38Z
follower,social-media,during,"If ""Dedicated Follower of Fashion"" mercilessly skewered ""the Carnabetian army"", then ""Sunny Afternoon"" – No 1 in July 1966 – caught an atmosphere of languorous, almost delicious decay as the mid-60s boom hit the rails.",2010-11-28T00:06:38Z
follower,social-media,before,"Sam Butler, joint master of the Warwickshire hunt, said the dead man was Trevor Morse, a regular hunt follower.",2009-03-10T00:59:00Z
follower,social-media,during,To say the chef is a follower of Fergus Henderson of St John does not do justice to their friendship.,2011-04-23T23:05:08Z
follower,social-media,during,"Quora is also benefiting from the fact that its rivals have largely abandoned people-based question-and-answer systems: Yahoo Answers is nobody's first sensible port of call for getting a question answered, and others, such as Formspring, Mahalo and Ask.com don't have its Twitter-like 'follower' mechanism – which is undoubtedly part of what gives Quora its attraction: the idea that you might be electronically rubbing shoulders with someone who co-founded Facebook is irresistible to some parts of the technology business, including the press.",2011-01-05T19:53:05Z
follower,social-media,during,"Certainly there is some of the feel of the early Twitter about Quora: its simplicity and follower/following model is very reminiscent of Twitter, as is its attraction for technology buffs on the west coast.",2011-01-05T19:53:05Z
follower,social-media,during,"This is thoroughly in keeping with the original intentions of George Jacob Holyoake, who coined the term in 1846 (or 1851, depending on whether you are a follower of the National Secular Society or Wikipedia).",2011-07-02T08:30:00Z
follower,social-media,during,"The latest entries include ""follower"", ""live-stream"" and ""socializing"" which ought really, it says, be ""Anhänger"", ""Direkt-Datenstrom"" and ""Geselligkeit"".",2011-03-14T16:34:02Z
follower,social-media,during,"Among his key roles were Corporate Vice President leading Microsoft's US Enterprise and Partner Group as well as heading the US EPG National Sales Excellence and Industry Organization."" Two turkeys don't make an eagle, but no penguin will ever soar &gt;&gt; Asymco Horace Dedlu, ex-Nokia, who has called pretty much everything right on the mobile front for some months: ""Android is a fast follower.",2011-02-14T06:30:00Z
follower,social-media,during,"He was a lifelong Labour supporter, trade unionist and follower of Kent County Cricket Club.",2010-12-16T17:22:25Z
follower,social-media,during,"It does this on Twitter by counting retweets, follower counts, list memberships and people who mention you to calculate everything from who influences you to your ""true reach"" on Twitter, and now does similar things for Facebook.",2011-07-02T23:08:04Z
follower,social-media,during,Follower counts aren't so important; scores are relative.,2011-01-06T15:04:51Z
follower,social-media,during,"Rich is a follower of radical Islamist Anjem Choudary, who has said he expects the flag of Sharia to fly over Downing Street by 2020.",2011-04-04T21:00:00Z
follower,social-media,during,"Although we set up the main @nhschoices account in late 2007, it was only when the first swine flu cases emerged in spring 2009 and the public were desperate for day to day developments that we saw our messages being retweeted more often and follower numbers growing rapidly.",2011-04-21T08:00:00Z
follower,social-media,during,"After that he mislaid seven years of his life as a follower of the sometimes controversial Bhagwan Shree Rajneesh's in Poona – ""An interesting time,"" Hargate tells me.",2011-07-23T23:05:00Z
follower,social-media,during,"Sorry, but if you're self-identifying as a ""follower"" you may as well go the whole hog and sign up with the Cruises.",2011-04-27T23:05:03Z
follower,social-media,during,"""What truth?"" asks his former follower.",2011-06-16T21:00:05Z
follower,social-media,during,"Just get what you can afford."" His follower s evidently took his advice: 9.24m shares were traded in two days and the value increased tenfold.",2011-01-11T21:00:34Z
follower,social-media,during,"One follower of this blog, @taylorig, made an interesting interpretation of this question on Twitter: ""If Scotland is independent, why should the UK let them use the £?",2012-01-11T11:04:00Z
follower,social-media,during,"England v West Germany, 1966 World Cup England's third goal in the 1966 World Cup between England and West Germany is probably the single most controversial goal decision that any English football follower will name.",2011-03-14T15:00:00Z
follower,social-media,during,"Based on Christopher Hampton's play, The Talking Cure, it stars Keira Knightley as Sabina Spielrein, a patient of Michael Fassbender's Carl Jung, in turn a keen follower of Sigmund Freud (played against type by Viggo Mortensen).",2011-09-03T23:04:00Z
follower,social-media,during,"He was a devoted follower of Pugin, giving him pride of place in the parade of architects on the Albert Memorial, with his own profile carved, diminutive, behind him.",2011-07-07T23:12:23Z
follower,social-media,during,"""Right now, as a follower of Ligue 1 and resident of Montpellier, they have to be my favourites - if they can just hang on, they'll be playing in this competition next year and I can't wait...",2012-03-27T20:36:00Z
follower,social-media,during,"Otherwise, he was a typical ""Porteño,"" as inhabitants of the porty city of Buenos Aires are known, a follower of the San Lorenzo football club, with a taste for classical music and the writings of Argentine writer Jorge Luis Borges.",2013-03-14T13:39:00Z
follower,social-media,during,"As Catholic News Service just tweeted to a follower desperate for a scrap of news: When the new pope is announced, things will get clearer – but slowly.",2013-03-14T13:39:00Z
follower,social-media,during,"Boris has always been a follower rather than a leader in this territory and, at times, a rather silly one.",2010-07-05T10:21:43Z
follower,social-media,during,But at least he's a liberal follower.,2010-07-05T10:21:43Z
follower,social-media,during,"I've been a frequent follower of the Guardian online, but when I got an iPhone earlier this year, the Guardian app was one of the first I downloaded.",2010-10-22T23:01:38Z
follower,social-media,during,"(In similar vein, Android's developers were able to make it enough of a fast follower that they could abandon its BlackBerry-style beginnings and turn it into an iPhone-clone as shown in this forum post.) Microsoft decided a couple of years ago that Windows Mobile was essentially too old to be retooled into something that would behave like an iPhone.",2011-10-21T12:26:01Z
follower,social-media,during,"No, food too greasy for this song bird (8,7) MARLENE DIETRICH Kate Langridge: Blondin meanly strung out on green light (9,6) TIGHTROPE WALKER Paul Langridge: Shortened follower surrounding a right old mix up of religious chairs causes a top circus act (9,6) TIGHTROPE WALKER Ellie Frost: Suspense is killing the point (5-4) KNIFE-EDGE David: A politician with one makes an excuse (5) ALIBI Chris Young: Bumbling geek fined for dangerous situation (5-4) KNIFE-EDGE Val Roberts-Thespian: Loud lesbian confuses Gene and puts him in danger (5-4) KNIFE-EDGE Terry Wall: Eat in king confused by drug in the balance (5-4) KNIFE-EDGE Toad: Short bull's substitute holds third party for cover story (5) ALIBI Bunty: I almost speed backwards followed by American solar flyer (6) ICARUS Basil: High flyer, whose alternative was a cruise, not to the east (6) ICARUS Tom Walmsley: Status symbol short of compassion (4) MERC Barbara Walmsley: Dressing up as a card confuses Mel (5,5) SALAD CREAM Judith: Drive the best backwards without a German (4) MERC Theotherfoot: Why no motor, pleaded Hans (4) MERC Peter Stacey: Leader forces sea back inside jetty (7) PREMIER Bill Morrell: Strange prime of hospital drama is the tops (7) PREMIER Richard Hook: Convoluted chore that's so long!",2011-04-15T13:34:00Z
follower,social-media,during,Marc Howlett points out the Twitter accounts @blackburnrooste (49 followers) and @EwoodParkChick4 (one follower).,2012-05-07T21:10:00Z
follower,social-media,during,"Listening again to Waterloo Sunset, Sunny Afternoon or Dedicated Follower of Fashion – music hall-infused hits that proved pop could make oh-so-English themes universal – who'd argue?",2010-12-20T00:35:01Z
follower,social-media,during,"The grounds are family-friendly, corporate entertainment is lavish, and most fans no different from the average Arsenal or Man Utd follower.",2011-03-20T13:25:00Z
follower,social-media,during,"As a keen follower of the Premier League, Klopp is partial to a bit of managerial smoke-screening and official-pressuring His over-the-top reactions may have been fuelled by a real sense of injustice but it was also a piece of Narrentheater (puppet theatre), carefully staged for the benefit of the German FA's disciplinary panel.",2011-08-29T10:10:36Z
follower,social-media,during,"Lead character Twario, wanders through the scrolling landscape, headbutting follower icons to read and reply to tweets.",2010-11-03T23:09:06Z
follower,social-media,during,"""Lovell became a follower of his friend, Richard, Duke of Gloucester, to whom he was also linked through their respective marriages: his wife, Anne FitzHugh was the first cousin of Richard's wife Anne Neville.",2011-07-07T10:40:00Z
follower,social-media,during,"Given his international impact, it comes as a surprise that Carvin only has 32,000 followers - compared to the million Charlie Sheen attracted in 24 hours, for instance - but he insists that he is not interested in the machismo of follower tallies.",2011-03-14T22:24:00Z
follower,social-media,during,"Daisy was a keen follower of the Guardian women's pages and Country diary, and also of Lancashire cricket.",2010-09-23T16:32:48Z
follower,social-media,during,Each Arsenal follower has a personal deadline for success.,2011-02-19T22:00:01Z
follower,social-media,before,"Dedicated follower of film As Tom Ford's debut film A Single Man emerges as an early Oscar contender, more news of fashion's growing involvement with film.",2009-09-26T23:01:00Z
follower,social-media,during,"Talking of Twitter, who's your most famous follower?",2011-05-19T23:06:00Z
follower,social-media,during,"We should take time to doff our caps, or shake a Fist Of Fun, in their general direction Baddiel And Skinner: Even if you're not a follower of football then you've got to appreciate the chemistry between a pair of funny men who've forged a career out of banter.",2010-11-23T12:33:45Z
follower,social-media,during,"One Ghamidi follower said his father, a British-educated engineer, called him an infidel for attacking the controversial law.",2011-01-20T16:43:59Z
follower,social-media,during,"Know how far you want to go Do you want your business to be bleeding-edge, leading edge, a cautious follower or a lazy-ass foot-dragging recalcitrant in progressing towards sustainability?",2011-02-07T14:54:00Z
follower,social-media,during,"""So we are doomed if we side with militants and doomed if we don't,"" tweeted @ghamidiview, a follower of the moderate Islamic scholar Javed Ghamidi.",2011-05-13T19:43:23Z
follower,social-media,during,"According to several websites, the rapper/dedicated follower of fashion was turned away altogether from several PFW shows including Balmain.",2011-03-10T16:18:00Z
follower,social-media,during,The first was a shooting attempt by a one-time follower of murderous cult leader Charles Manson.,2011-01-08T23:05:14Z
follower,social-media,during,"Responding to a follower on Twitter who said they were ""disappointed"", he said: ""Which is why I apologised.",2010-09-21T22:35:00Z
follower,social-media,during,"I can't afford to risk my safety in the slightest."" Idowu had also been advised to ""toughen"" by his follower and responded: ""So statements like toughen up, I'm toughening up, was a tough choice to make but I made it for my children."" morrowThe withdrawals came on a day when strident criticism of the facilities from team representatives that have arrived in Delhi – including Scotland, New Zealand, England and Wales – added to a growing sense of crisis.",2010-09-21T22:35:00Z
follower,social-media,during,"And the ""what if"" justification is this: what if al-Qaida were to train a follower as a pilot and insert him/her into the system, or groom a pilot over the years to become a disciple?",2010-10-27T14:03:11Z
follower,social-media,during,"But as was pointed out by a Guardian Edinburgh follower on Twitter during the meeting, the Edinburgh World Heritage Trust is working to raise awareness of ways to draught-proof sash and case windows.",2011-03-29T12:37:11Z
follower,social-media,during,"Generations of scholars debated its status as an autograph work by the Florentine Renaissance master Donatello, or by a follower.",2011-02-23T18:42:50Z
follower,social-media,during,"This impostor then wrote to me (publicly, via his page): ""VICTORIA ALL MY TWEETERS RIVETED BY YOUR BOSOMS."" He wrote to someone else: ""NOW I KNOW SHE HAS LARGE BOSOMS."" To another: ""If you're not clear if Victoria's bosom are firm, go there and get a hold on the situation."" He sent a direct private message, just to me, saying: ""You have enlived my tweeters who discovered your breasts when I knew 0 about them."" He put up four more public posts about my breasts and chatted about them with all who passed by – wheezing happily to one follower: ""How naughty of Uto suggest Victoria shows us a piccy-poo of her boobs."" Just feel the dribble of saliva on keys.",2011-02-20T00:05:00Z
follower,social-media,during,"Long-time follower, first-time traveller.",2011-03-23T12:18:04Z
follower,social-media,during,"Like that other soulful follower of the movement, Cheikh Lo, Carlou sports dreadlocks and images of his spiritual guide Cheikh Ibra Fall, but while Lo mixed Senegalese influences with funk and Latin styles, Carlou writes thoughtful, often laid-back songs that switch between ballads to mbalax and blues, with the occasional reminder of his hip-hop past.",2010-07-01T21:31:30Z
follower,social-media,during,"She's a follower, not a leader."") In Brussels, Quatremer agrees: ""She's no doubt a good captain when the weather is calm.",2011-11-22T20:00:00Z
follower,social-media,during,Blair was no follower.,2010-09-04T23:06:44Z
follower,social-media,during,"Offering a whizz through successful and failed assassination attempts, from Leon Czolgosz who killed William McKinley, to Manson family follower Lynette ""Squeaky"" Fromme who took a pot-shot at President Ford and missed, Stephen Sondheim's short, sharp shocker of a musical suggests that it is not politics but personal failure that makes the finger pull the trigger.",2010-07-09T21:16:01Z
follower,social-media,during,"As Christendom divided in the 16th century, practices that had grown up informally over a millennium were scrutinised, analysed, and either rejected or – if you remained a follower of the pope – defended.",2010-09-15T15:26:54Z
follower,social-media,during,"""But I am a follower of the cross.",2011-03-02T21:55:09Z
follower,social-media,during,I'm indebted to a Twitter follower for alerting me to the pass by Rhys Wesser to Greg Inglis that created one of the Bunnies' tries.,2011-03-28T10:58:21Z
follower,social-media,during,"The former follower, speaking anonymously to Stern magazine, said Jones used ""psychological pressure"" to keep members in line.",2010-09-09T12:04:55Z
follower,social-media,during,"It seems a little low given the number of bidders the media have said were in there."" Another industry follower, Joe Leong of BIS Shrapnel, told Bloomberg News that scale was crucial in the packaging industry: ""Plastic packaging is a very technology-driven, capital-driven industry.",2010-08-17T19:36:41Z
follower,social-media,during,"Winner: Rob Brydon The semi-finals Bear Grylls v James Corden It's worth noting that both these stories contain sizable Christian themes: Corden was raised by parents devoted to the Salvation Army (""It's a church, but also a charity that helps many people in need,"" he explains, helpfully), and Grylls remains an enthusiastic follower of Jesus: a matter, apparently, of being ""held, comforted, forgiven, strengthened and loved"".",2011-12-05T20:00:00Z
follower,social-media,during,"5 (d) Just the one 6 13 7 Chelsea' Frank Lampard 8 Manchester United winger Nani 9 £200, allegedly handed to a hotel porter for fags during one of Wayney Rooney's trysts with prostitute Jennifer Thompson Cricket 10 A: (c) 11 A: True, Kevin Pietersen B: True, Azeem Rafiq (U19 player) C: Odd one out - Tim Bresnan, but addressed to an obnoxious follower rather than management.",2010-12-23T08:00:03Z
follower,social-media,during,"As Howard Wheeldon of BGC Partners, and a long-time Rolls-Royce follower, says: ""He stood up to the City in his own way.",2011-02-11T06:59:01Z
follower,social-media,during,"And if you're a seasoned blog follower, we hope you'll find something entertaining or enraging.",2010-08-31T12:00:16Z
follower,social-media,during,"One follower, @cliftonchavis, replied: ""Your despicable blood money hasn't helped anyone.",2011-02-01T18:00:00Z
follower,social-media,during,"David Pipe, like his father Martin, can rightfully consider himself to be a racing trendsetter rather than fashion-follower, but the decision to follow the current popular route of giving horses lengthy breaks to freshen them up before big races can pay a tidy dividend with the 14-1 chance Matuhi in the Wiltshire County Show Greatwood Gold Cup at Newbury.",2011-03-05T08:45:00Z
follower,social-media,during,As a long time follower of the NZ team I know there's still plenty of time for another hopeless collapse.,2013-03-22T04:36:25Z
follower,social-media,during,Who is your most famous follower?,2011-07-14T22:00:00Z
follower,social-media,during,Appleton: ‘New Labour is missing bus’ explodes follower of Blair (anag.,2010-07-06T12:58:31Z
follower,social-media,during,"Whale: Follower of Blair, mistaken on war and swallowing devious lie?",2010-07-06T12:58:31Z
follower,social-media,during,"His victory at Aintree this year on Don't Push It offered racing its excuse to bombard BBC viewers, even though any half‑sentient follower of sport knows McCoy needs no Sunday night light entertainment show to affirm his greatness.",2010-12-19T00:09:01Z
follower,social-media,during,"It's the same with snooker, I'm not much of a follower but I love watching Ronnie [O'Sullivan] playing snooker, because he's got all the skill in the world.",2010-12-19T00:09:01Z
follower,social-media,during,11c because it was addressed to an obnoxious follower rather than management.,2010-12-23T07:59:03Z
follower,social-media,during,"In some of the most extreme comments by a senior regime figure since the 1979 revolution, Khamenei said: ""Although music is halal, promoting and teaching it is not compatible with the highest values of the sacred regime of the Islamic Republic."" Khamenei's comments came in response to a request for a ruling by a 21-year-old follower of his, who was thinking of starting music lessons, but wanted to know if they were acceptable according to Islam, the semi-official Fars news agency reported.",2010-08-02T21:25:37Z
follower,social-media,during,"""As a Stoke City follower, I'd like to say that one week ago, when Stoke were pushing for a top ten finish, Paul Taylor's idea would have been top drawer and a wonderful means of ensuring a robust and competitive Premier League&lt;"" says Alex Cowell.",2012-03-13T21:48:00Z
follower,social-media,during,"He also appears to have had an extramarital affair with a female follower and probably a tryst with an admirer while travelling abroad."" Hugh was at pains to point out that Malcolm was more than the sum of his flaws: ""What saves Marable's Malcolm is the struggle towards humanity and the redemption he experiences on his journey.",2011-04-08T20:00:00Z
follower,social-media,during,"Shahzad, described by General David Petraeus of US central command as a ""lone wolf"", has reportedly told law enforcement officials that he was a ""fan and a follower"" of Awlaki.",2010-10-29T22:48:20Z
follower,social-media,during,A close follower of Pakistan cricket calculated after the Sydney defeat that Akmal had dropped 15 catches off Kaneria in the previous three years.,2010-08-29T23:40:00Z
follower,social-media,during,"It is understood that Breslin, a widely-respected blogger, removed his post before he knew of the complaint or the police enquiry after a follower on Twitter warned him it was potentially illegal.",2010-05-03T17:24:13Z
follower,social-media,during,"On the same day that it announced the teen magazine's closure, Hachette Filipacchi issued figures showing Elleuk.com had gained its 200,000th Twitter follower.",2011-01-24T07:00:06Z
follower,social-media,during,"""The Hammers boss is a devout follower of the religion and would be required to observe a strict 25-hour fast from working, eating and even drinking water."" The 55-year-old has watched his new side lose all three of its league games.",2010-09-08T11:30:00Z
follower,social-media,during,"They had no regard to whether the victim was Christian, Muslim, a follower of any of our other great faiths, an adherent to none."" Those killed had done nothing other than travel on the London transport system.",2010-10-11T13:23:48Z
follower,social-media,during,He is now challenging the gallery to liberate a painting by a follower of Leonardo from the basement reserve collection.,2010-07-14T00:00:15Z
follower,social-media,during,"""As a QPR follower, you never hope,"" he said.",2010-05-06T23:05:01Z
follower,social-media,before,"But there is still no way to tell how many other people a follower is following, or how many people are following them, without clicking through to their page (and back).",2009-07-01T17:48:59Z
follower,social-media,during,"Rather, as he told me at the recent Cape Town Book Fair, he set himself the task of capturing mundane truths – the truths of what happened to Damon in his incarnations as The Follower, The Lover and The Guardian (as the book's three sections are called).",2010-09-08T08:50:41Z
follower,social-media,during,"A pity, of course, but as an Everton follower one learns to live with disappointment.",2010-10-13T15:15:45Z
follower,social-media,during,"In any event, McKinney showed up outside Anderson's church in Surrey with just one follower and chivvied, bullied and sweet-talked Anderson into coming with her in the car.",2010-10-12T07:50:17Z
follower,social-media,during,"""Bellissima foto!"" responds one follower; ""Buena foto,"" states another.",2010-02-21T00:50:00Z
follower,social-media,during,"Sewall Wright was a follower of Herbert Spencer, the man who coined the phrase ""survival of the fittest"".",2010-08-24T14:00:06Z
follower,social-media,during,"If one says, ""Maggie has faith that that rock will get up and dance a gavotte"", Maggie sounds like a follower of a religion you haven't heard of before.",2010-08-06T09:00:07Z
follower,social-media,during,"First mover advantage - the first mover sets the battleground and the consumer sees that retailer as a leader, not a follower.",2011-01-19T14:47:19Z
follower,social-media,during,"Now, it is true that Bresnan himself has fallen foul of the Twittersphere, telling a follower where to go in four-letter words when he poked fun at his girth.",2010-09-08T23:06:39Z
follower,social-media,during,"Thom Dibbin, critic and writer of The Annals of Edinburgh Stage, and a keen follower of the Edinburgh amateur dramatics scene, chose a production of the Tempest by Edinburgh Graduate Theatre Group on a barge at the shore in Leith.",2010-06-10T15:54:42Z
follower,social-media,during,"""They paid no regard to whether the victim was Christian, Muslim, a follower of any of our other great faiths or an adherent to none.",2010-10-11T19:36:04Z
follower,social-media,during,"In Sanderson's world, judges should say things like ""Although you have no previous convictions, you are none the less a follower of Pope Benedict XVI and so unable to tell right from wrong.",2010-02-04T10:27:09Z
follower,social-media,during,"It is reasonable for a judge to say ""You are a follower of Anwar al-Awlaki and therefore especially dangerous""; or even ""You are the Archbishop of Canterbury, and so should set an example.",2010-02-04T10:27:09Z
follower,social-media,during,"They had no regard to whether the victim was Christian, Muslim, a follower of any of our other great faiths, an adherent to none."" Those killed had done nothing other than travel on the London transport system.",2010-10-11T15:10:00Z
follower,social-media,during,"Then adds this: ""I've always thought of myself as a fairly two-eyed cricket-follower (as well as a no-eyed follower of matters sartorial).",2012-05-25T17:18:00Z
follower,social-media,during,"""A more progressive approach would have been to take social media follower counts as first-hand public feedback on the show, helping those contestants without high traffic numbers to better communicate with American Idol fans and ask what they want to see from them on future shows."" • To contact the MediaGuardian news desk email editor@mediatheguardian.com or phone 020 3353 3857.",2010-03-05T11:39:07Z
follower,social-media,during,"Even a relatively minor role such as Octavius's follower, Maecanas, is invested by James Gale with a smooth authority.",2010-05-10T23:18:40Z
follower,social-media,during,"Gray writes: ""In harmony with this philosophy Malevich suggested that every follower of Lenin should keep a cube in a corner of the home.",2011-01-29T00:05:23Z
follower,social-media,during,"Lets Hollywood Disable Home TV Outputs to Prevent Piracy - Bloomberg - Business Week ""The FCC order 'will allow the big firms for the first time to take control of a consumer's TV set or set-top box, blocking viewing of a TV program or motion picture,' Gigi Sohn, president of Washington-based Public Knowledge, said in a statement."" Why Twitter looks like a social network but feels like news media &gt;&gt; Nieman Journalism Lab ""Most follower-followed relationships on Twitter are more akin to traditional-media relationships between subscribers to information and distributors of that information, with subscribers consuming information but having little contact with distributors.",2010-05-08T12:55:01Z
follower,social-media,during,"""Having been a regular follower of MBM since 2005, today is the first opportunity for me to throw in some knowledge about the German Bundesliga,"" warbles Klemens Hoffman.",2011-11-23T21:38:00Z
follower,social-media,during,"His father, a supporter of the Indian independence movement, was a devoted follower of Mahatma Gandhi and both Dr Bang and his brother Ashok grew up in Gandhi's ashram in Sabarmarti.",2011-03-20T00:04:00Z
follower,social-media,during,"Is he a follower of Kropotkin, advocating a return to anarcho-syndicalism or (as a stirring rock version of the Internationale at the end suggests) a neo-communist?",2010-02-28T00:06:16Z
follower,social-media,during,and Dedicated Follower of Fashion.,2011-02-10T21:45:01Z
follower,social-media,during,"This shows, I think, two things: that no follower of Clifford's scepticism can advocate really vigorous action to counter climate change; and that there is certainly not enough evidence to maintain that we should always and everywhere believe no more than the evidence allows.",2010-11-24T12:41:31Z
follower,social-media,during,No sane follower of football would be caught dead saying that they are fans of Steve Kean.,2011-12-11T15:38:00Z
follower,social-media,during,"One of the best, least celebrated of Scandinavian movies of the past few years, We Shall Overcome (2006) was set in 1969 in a conventional Danish town where a spirited 13-year-old schoolboy, a radical follower of Martin Luther King, takes on the uphill task of confronting a reactionary headmaster, a sadistic bully whose role as pillar of the community no one dare challenge.",2010-03-14T00:05:49Z
follower,social-media,during,"Subvert and Profit (even the name makes me queasy) charges a $0.40 ""base price"" per Facebook and Twitter follower and $0.75 per YouTube vote.",2010-06-10T11:01:39Z
follower,social-media,during,Kutcher is a follower of Kabbalah.,2010-08-11T13:30:11Z
follower,social-media,during,"Study: Twitter Is Not a Very Social Network - Read Write Web ""After analyzing over 41 million user profiles and 1.47 billion follower/following relationships, the researchers concluded that only 22% of all connections on Twitter are reciprocal."" Android Rising - Armed &amp; Dangerous Eric Raymond (ESR) speculates on changes in the US smartphone market...",2010-05-12T05:55:00Z
follower,social-media,before,Yesterday afternoon Al Gore achieved another landmark in his career as a politician and environmental campaigner as he clocked up his millionth follower on Twitter.,2009-06-18T08:20:36Z
follower,social-media,before,"Also, if you are Big Al's one millionth follower, please let us know",2009-06-18T08:20:36Z
follower,social-media,during,"The follower count jumped to 3,000.",2011-05-06T23:08:48Z
follower,social-media,during,"It also explains why it is that Aristotle, Plato's pupil, emphatically claimed that Plato was a follower of Pythagoras, to the bafflement of most contemporary scholars.",2010-06-29T13:21:16Z
follower,social-media,during,But back to the critics again: to those who don't think the electronic Mail is a follower of the true faith.,2010-07-17T23:05:44Z
follower,social-media,during,That prices each follower at about 5 cents.,2010-07-13T08:27:31Z
follower,social-media,during,"Ram Dev is a Hindu televangelist who runs an empire built on ashrams and alternative medicine that stretches from Haridwar, a town on the northern stretches of the river Ganges, to a Scottish island where he owns a manor house and meditation centre donated by a billionaire follower.",2011-06-15T19:30:00Z
follower,social-media,during,"My Twitter follower list is full of friends but also technology experts, journalists and digital media professionals, and it's been a good way for me to find relevant content.",2010-04-12T06:00:11Z
follower,social-media,during,Clijsters is a follower of a certain England hero from Croxteth.,2010-06-16T21:30:40Z
follower,social-media,during,"To add further spice, if a follower decides to purchase a track, whoever flowed it is credited with 20% of the price paid, to put towards downloading tracks.",2010-04-01T21:35:01Z
follower,social-media,during,"The lone voice raised in protest was that of the councillor Basilio Rizzo, a follower of the iconoclastic Nobel prizewinning playwright and actor Dario Fo, who himself stood for mayor in 2006.",2010-11-26T20:48:00Z
follower,social-media,during,"One of my favourites was Tom Naylor, a retired railway worker from Mixenden near Halifax, and obsessive follower of Yorkshire home and away.",2011-07-12T10:09:00Z
follower,social-media,during,"He ended up removing his trousers in a bookstore, watching the Sex and the City movie on his laptop while in a cinema showing Sex and the City 2, then meeting a follower after jumping on a randomly selected train to Birmingham.",2010-08-09T11:57:06Z
follower,social-media,during,"She is as much an artist as he is, and equally influential; her claim to being a creator of style rather than a follower of fashion is the same one that could be made for him.",2010-08-07T23:02:15Z
follower,social-media,during,"He was himself an intellectually serious man, not just familiar with Tony's work but an avid follower of it: he proudly owned every one of Tony's seven major history books, and subscribed to the New York Review of Books just to read Tony's essays.",2010-08-07T17:51:14Z
follower,social-media,during,"A keen follower of lower-league football, he has visited several Football League clubs during the last few months to investigate problems in the game.",2010-07-14T21:43:19Z
follower,social-media,during,"""It's no secret that I'm a follower of Jesus Christ,"" he told the Florida Baptist Witness newspaper.",2010-09-22T13:00:26Z
follower,social-media,during,I get excited every time I refresh Twitter and find I have one more follower.,2010-06-24T13:30:00Z
follower,social-media,during,"In the first part, subtitled ""The Follower"", Damon is walking alone in Greece when he encounters Reiner, a long-haired German man.",2010-07-24T23:06:01Z
follower,social-media,during,"Long before I became a dedicated follower of theatre, I read plays.",2010-05-27T14:13:03Z
follower,social-media,during,Soon after its purchase it was quietly removed from the walls of the gallery and attributed to an anonymous follower of the master.,2010-04-15T15:19:43Z
follower,social-media,during,"Jarvis says: ""I am a Star Wars follower.",2010-03-18T13:01:10Z
follower,social-media,during,Who is your most famous follower on Twitter?,2011-01-21T00:05:03Z
follower,social-media,during,1) @PFNicholls It is less than a week since Paul Nicholls started tweeting but it's already clear that his thoughts will be essential reading for any follower of jumps racing.,2010-09-24T09:00:47Z
follower,social-media,during,"Brook's cast of seven also switch roles with consummate ease; but one must single out Makram J Khoury who invests Tierno Bokar with a still and charismatic humanity: at one point he tells Jared McNeill as his questioning follower: ""There is my truth, your truth, and the truth."" And that gets to the heart of this wise show, which suggests that only through frank acknowledgement of difference will mankind survive.",2010-02-11T09:47:28Z
follower,social-media,during,Domenech is a keen follower of omens and he had to hope that this dull showing could presage something more exciting.,2010-06-11T22:48:00Z
follower,social-media,during,"Whatever your role – you can be selling ice creams – you're going to be more confident in it two years down the line."" No follower of England's rugby can ever write these words without a niggling sense that they have written them before, but there does seem to be a growing confidence in the team, too, and a sense that the future is bright.",2010-09-18T23:06:25Z
follower,social-media,during,"Morse, from Alderminster, was a long-standing follower of the hunt who seldom missed a meet.",2010-03-03T20:43:21Z
follower,social-media,during,"It seemed last year, as Twitter was undergoing its most explosive growth, that you couldn't go an hour without acquiring a new follower whose name seemed to include ""Britney"" and whose profile photo showed her demonstrating a new pink handsfree Thermos flask.",2010-03-24T17:08:04Z
follower,social-media,during,With help from @guardianeco Twitter follower @tkromm I found the original Eurostat document referenced in the manifesto.,2010-04-14T17:00:25Z
follower,social-media,during,"Susanna Isaacs Elmhirst, who has died aged 88, was a follower of the children's psychoanalyst Melanie Klein, who believed that the early relationship between the young child and its mother is the strongest determinant in the development of personality.",2010-04-29T17:49:46Z
follower,social-media,during,"""To be honest, I wasn't really a huge follower of Dr Who before I got this part.",2010-03-14T00:05:55Z
follower,social-media,during,"If this instant singalong catches on as it should this summer, no serious England-shirted follower will want to be seen without an accompanying pork-pie hat.",2010-05-30T23:17:00Z
follower,social-media,during,The Virgin and Child Before a Firescreen by a follower of the Flemish painter Robert Campin was painted in about 1440.,2010-07-01T14:45:08Z
follower,social-media,during,He also appears to have had an extramarital affair with a female follower and probably a tryst with an admirer while travelling abroad.,2011-04-07T06:59:00Z
follower,social-media,during,"I said to the men at the gate 'You're not going to stop horse people looking for this horse, even if they are going to get blown up'."" It was not until late on Sunday that Sharp, a follower of Messianic Judaism, said he was eventually escorted on to the site to carry out a search.",2010-01-15T18:44:24Z
follower,social-media,during,"I woke up and had an email from him in my inbox, asking if I wanted to go on tour."" Ellison is aware of how out there he can sound and in conversation his train of thought occasionally dissolves into a short pause, followed by the phrase: ""It's hard to explain."" Life's more spiritual side was an intrinsic part of his upbringing: his aunt was Alice Coltrane, wife of the great saxophonist John and follower of supposedly divine, sometimes controversial guru Sathya Sai Baba.",2010-05-15T23:06:04Z
follower,social-media,during,"Huffington has been, at various times, a self-help writer, a political pundit, an antagonist of feminists, a champion of women's causes, a follower of the Movement of Spiritual Inner Awareness, the champion of new media, a supporter of Newt Gingrich, a fan of President Obama, a Republican and a Democrat.",2011-02-15T20:00:00Z
follower,social-media,during,"Faisal Shahzad, who was charged in New York on Tuesday with driving the bomb to Times Square and described yesterday by General David Petraeus of US central command as a ""lone wolf"" has reportedly told law enforcement officials that he was a ""fan and a follower"" of Awlaki.",2010-05-07T18:23:39Z
follower,social-media,during,"I have it here now, and there is much to enjoy, for the Yorkshire cricket follower in particular.",2011-04-22T08:59:00Z
follower,social-media,during,"A long-standing follower of the hunt, 48-year-old Trevor Morse, followed the gyrocopter to the airfield and drove his Land Rover alongside.",2010-03-17T23:40:46Z
follower,social-media,during,"(Take up an invitation to view locations from his new film, and he will drive you to the car park at his local Lidl.) But he is also a genuine, if ironised, seer: a follower of Walter Benjamin's call (in his 1929 essay ""Surrealism"") for a ""profane illumination"" of mundane existence.",2010-11-20T00:06:46Z
follower,social-media,during,"But ever since I heard him read AL Kennedy's Day, I have become a loyal follower of Dan Stevens, he of the chameleon voice that makes you laugh or cry at a stroke.",2010-02-27T00:07:47Z
follower,social-media,during,"Nicky Sadler, the coordinator of Vote OK and a follower of the Croome and West Warwickshire Hunt, said: ""At the last election, in 2005, we were involved in 60 seats; this time around we are organised in 140 constituencies.",2010-03-30T13:25:00Z
follower,social-media,during,"Much emphasis is placed on the Exodus / Shemos 23:2 ""Do not be a follower of majority for evil"".",2010-02-22T12:30:01Z
follower,social-media,during,"""One must single out Makram J Khoury who invests [the religious leader] Tierno Bokar with a still and charismatic humanity: at one point he tells Jared McNeill as his questioning follower: 'There is my truth, your truth, and the truth.' And that gets to the heart of this wise show."" And indeed, to the heart of its reviews.",2010-02-15T12:02:36Z
follower,social-media,before,"What's lovely, though, is that as I write this, I've been alerted to a new follower on Twitter.",2009-12-23T15:00:01Z
follower,social-media,during,"Who wrote of his masterful working-class history that he was ""seeking to rescue the poor stockinger, the Luddite cropper, the 'obsolete' hand-loom weaver, the 'Utopian' artisan, and even the deluded follower of Joanna Southcott, from the enormous condescension of posterity""?",2010-07-23T12:25:46Z
follower,social-media,during,"Mercifully, death was instantaneous."" Morse, from Alderminster, Warwickshire, was a long-standing follower of the hounds, and an ornithologist.",2010-03-02T18:06:23Z
follower,social-media,during,"It's early days, let the attention/follower wars begin."" Next, Robert Scoble, who never saw a social media service he didn't like, though whether the feeling is mutual is an open question.",2010-02-10T11:33:31Z
follower,social-media,during,"Bumble on Twitter Last week David ""Bumble"" Lloyd gained his 100,000th Twitter follower.",2010-11-29T09:48:04Z
follower,social-media,during,"Since the tragedy Morse, who was a lifelong follower of the Warwickshire and helped to look after birds of prey which allowed it to use a loophole in the Hunting Act, has become something of a martyr on hunting websites.",2010-03-17T16:41:49Z
follower,social-media,during,"The situations here are familiar to any follower of kitchen-sink drama but the settings and language have been updated, and it's in these details that Arnold really shows her talent.",2010-01-16T00:07:10Z
follower,social-media,before,"But what I'm really here to say is that I was recently honoured with my 800th Twitter follower and I'm guiltily aware that several of them have been sending direct replies to, in particular, my on-the-buses tweets and I have been failing to respond.",2009-03-27T18:39:03Z
follower,social-media,during,"Twitter: @DTguardian Gymnastics Elizabeth Booth is a lecturer in tourism management by day, and a devoted follower of Russian artistic gymnastics by night.",2012-07-25T14:44:00Z
follower,social-media,during,"Certainly, better to be the leader in a sector like tablets than a follower in netbooks.",2010-09-02T15:54:35Z
follower,social-media,before,"""I love you and can NOT wait to read what you're penning,"" tweeted one follower.",2009-09-28T15:42:34Z
follower,social-media,before,"After the launch, Asus UK will pick one Twitter follower at random each week for four weeks and give them a free Seashell worth £379.",2009-05-14T12:27:25Z
follower,social-media,during,"She's a maenad, a follower of Dionysus, who, according to Daphne's interpretation, is also sort of God, sort of Satan, but definitely immortal.",2010-04-09T22:10:00Z
follower,social-media,during,"His father, a carpenter and Kingston native, was a staunch follower of Marcus Garvey, the radical champion of black self-determination.",2010-02-01T19:08:14Z
follower,social-media,during,"The American company has long bragged that it outspends its rivals in terms of research and development, but with few obvious new businesses beyond its Windows and Office systems it has been accused of being a follower rather than a leader.",2010-02-05T08:30:00Z
follower,social-media,during,Jacob is a long-term follower of Tottenham Hotspur and has been politically active in his time supporting the White Hart Lane club.,2010-01-12T00:10:02Z
follower,social-media,during,"""As a regular guardian reader and follower of every football match possible, I detect a tendency of Englishmen to dislike your commentators.",2011-04-05T17:45:58Z
follower,social-media,during,"Three SPL titles, three domestic cups, and two excursions into the latter stages of the Champions League in the space of four seasons would, you would think, satisfy the cravings of any follower of the Beautiful Game.",2010-01-31T00:10:04Z
follower,social-media,during,"In the week that I've spent with my copy, these are the five bits that struck me as most interesting but there is plenty more meat to this book that will be enjoyed by any follower of jump racing.",2010-10-28T22:10:13Z
follower,social-media,during,"(SBU) On the diplomatic front, Spain in recent years has more often been a follower than a leader, looking to stay within EU consensus on issues such as Kosovo, Iran, and missile defense.",2010-12-08T23:00:02Z
follower,social-media,before,"James Anderson has been described as the spearhead of England's attack, the leader of the pack, but he is more a diffident follower than a leader, although he still took wickets.",2009-12-19T13:51:38Z
follower,social-media,before,"One of its biggest fans, British actor and polymath Stephen Fry, gave co-founder Biz Stone one idea when the pair shared a Nesta panel in London on Thursday… ""Supposing I was to say to someone: 'you can have my Twitter identity for an hour on Wednesday if you pay me x pounds and you can speak to a million people direct',"" said Fry, whose follower count just passed seven figures.",2009-11-20T10:47:20Z
follower,social-media,during,"""Oh, for god's sake … I have things to do … can't keep pacing up and down here waiting for a baby arrival!!!!"" wrote one follower.",2010-01-06T00:07:16Z
follower,social-media,during,"In an enthusiastically received speech from the floor, which dealt with both jazz representation and the kind of recent BBC ratings-chasing that sparked the Jonathan Ross/Russell Brand affair, saxophonist Tim Whitehead said: ""The BBC has done more for my life as an opinion leader, and not an opinion follower.",2010-01-22T16:05:33Z
follower,social-media,before,"You can also follow other people's lists, rather than creating your own, but although this gives you a certain degree of privacy (your identity as a list-follower isn't visible to those on the list) it also means you don't have the chance to build a direct rapport with the person/company you're following.",2009-12-11T11:13:10Z
follower,social-media,before,"He then remembered that this was actually a song by Marvin Gaye and Tammi Tyrrell, got into a discussion with the follower about it, and now presented the song on stage with a little video.",2009-11-17T14:23:13Z
follower,social-media,before,"Bobbie Johnson is your presenter, and he's most grateful to you for helping push the Guardian Tech Twitter feed over the 1 million follower mark...",2009-08-11T18:35:28Z
follower,social-media,during,"As any follower of Mighty Men world records knows, any calories expended in sporting activity, and during time that should be spent maintaining one's weight levels with kettle crisp sandwiches, is almost certain to result in losing the coveted title of World's Fattest Man.",2010-05-26T15:17:43Z
follower,social-media,during,"A follower of Ruskin, he took his advice about painting from nature and spent five months working in and near the Val d'Aosta.",2010-09-24T23:06:18Z
follower,social-media,during,"With Orwell a keen follower of Dickens's habit of making characters' internal weaknesses manifest in their appearance, they're a pitiful bunch in physical terms, too.",2010-01-21T15:49:36Z
follower,social-media,during,"""I love The Office – I was a faithful follower of that show before the American version.",2010-06-10T21:30:02Z
follower,social-media,during,"75 min: An Australian ""Martin"" emails in re Ian Copestake: ""Please answer this: As a avid follower of the Guardian football live blogs for a few years now, I have noticed that the above person gets more mentions than Charlie Sheen.",2011-03-05T16:47:00Z
follower,social-media,before,"a) Jimmy Carter b) Abraham Lincoln c) Thomas Jefferson 14 If you use yarrow, camomile, cow's horns and a stag's bladder in your vineyards, are you… a) Recovering from a very heavy night out b) A follower of biodynamism c) An organic wine grower 15 What is Brunello di Montalcino made from?",2009-12-20T00:05:02Z
follower,social-media,during,"""I'm a keen follower of cricket and tennis and I think the third umpire has been a great thing and the machines that bleep at Wimbledon are quite handy too,"" he said with absolutely no authority on the subject at all.",2010-06-28T10:40:30Z
follower,social-media,before,"Different things in Scientology have helped me become even more of an individual, not a blind follower.",2009-11-22T00:07:49Z
follower,social-media,during,A follower of the grand old team.,2010-03-28T00:07:21Z
follower,social-media,before,"Fry of course famously joined Twitter on 15 July 2008, and ascended the follower ranks in a blaze of glory; the Guardian's Technology account, despite being rather older (created on 2 August 2007 - well, we are famously early adopters) had a rather slower takeoff.",2009-05-01T13:34:37Z
follower,social-media,before,"""There are lots of books written on that subject, and I am not an expert on it … I have nothing sensible to say on genocide."" I think what he really meant was that he believes the New Testament narratives implicitly, and when Jesus appears to believe in the historicity of something in the Old Testament, then he feels, as a follower of Jesus, that he should too.",2009-12-10T11:28:41Z
follower,social-media,during,"""With Pern, I also suffer from being the follower, the one to write after the original.",2010-09-24T12:02:31Z
follower,social-media,before,"Outside, a car bomb explodes, killing the curator and shattering the belly of an ancient statue, dislodging a collection of scrolls that tell the real story of the Crucifixion, written by an unknown and pretty gloomy follower of Jesus.",2009-05-16T23:01:00Z
follower,social-media,before,NowPublic has already questioned it in Ashton Kutcher Punks Twitter: A Giant Million Follower PR Stunt.,2009-04-18T20:26:29Z
follower,social-media,before,"Kutcher's effort was promoted on 1,133 digital billboards, it says, and ""as the race to the million follower finish line approached last night, Twitter users were suspiciously blocked from unfollowing either Ashton or CNN"".",2009-04-18T20:26:29Z
follower,social-media,before,"It reckons the show needed someone to make the million, though (as suggested in comments) it might simply have been a way to prevent people gaming the system to try to win the prize for the millionth follower.",2009-04-18T20:26:29Z
follower,social-media,during,"That comes with the proviso that they do not sack their coach, a habit that is almost a national pastime, but even the most conspiratorial Welsh rugby follower – and there are in truth more than a few plotters spread across the land – must accept that Wales are on an exciting voyage of discovery.",2010-02-27T20:17:10Z
follower,social-media,during,"Phillips was a follower of Henry George, an anti-monopolist tax reformer, who argued in favour of a ""single tax"" on land ownership.",2010-12-28T08:00:04Z
follower,social-media,before,The prime minister may not be a dedicated follower of fashion.,2009-09-19T12:30:00Z
follower,social-media,before,"Not with the power of his politics, but by drawing on his reserves as a follower of Arsenal over land and sea.",2009-11-04T00:10:02Z
follower,social-media,during,"""I would argue that they may already have reached the tipping point,"" Ben Wood at CCS Insight – a long-time follower of the mobile market – says.",2010-06-05T23:04:53Z
follower,social-media,before,"In fact, if we are to dodge the taste police, our only path is to downplay the romance, and turn this into the inspiring tale of a man and his young follower – theirs is a marriage of spirits, not bodies.",2009-10-30T15:41:39Z
follower,social-media,before,"Between 7pm and today, the feed's follower numbers grew from 13,000 to nearly 17,500.",2009-06-01T12:33:19Z
follower,social-media,before,"Howard, better known as a cricket follower, is a lifelong St George supporter.",2009-10-06T18:15:37Z
follower,social-media,before,"""We would never contemplate thoughtless wholesale disposal, but this exhibition is asking whether we should be embarking on thoughtful disposal, and if so of what?"" Some questionable treasures she found – including crates of surveying equipment once dragged up mountains by university staff, and death masks made by a 19th-century follower of the now discredited science of phrenology and donated to the even more discredited department of eugenics, which no longer exists – have been dusted down and put on display.",2009-10-19T09:42:02Z
follower,social-media,during,"Rosa was probably trained by the Spanish follower of Caravaggio, Jusepe de Ribera, brilliant exponent of a delirious form of dirty religious realism, and by Aniello Falcone, a specialist in a new kind of densely crowded, frieze-like battle picture without an obvious hero.",2010-09-10T23:05:43Z
follower,social-media,during,"""'England follower seeks cricket watcher for draws, maybe more, must have a Good Sense Of Hope.' Reply with a box.",2012-03-29T09:50:00Z
follower,social-media,during,"Vatican sources hinted at the time that the newly elected Pope John Paul II, a fanatical follower of crack Polish outfit Wisla Kraków, raised the issue with Scottish Office mandarins prior to his visit to the country in 1982.",2010-01-03T00:06:02Z
follower,social-media,during,"O God, who hast taught us that it should never be lawful to put asunder those whom thou by matrimony hadst made one, and hast consecrated the state of matrimony to such an excellent mystery, that in it is signified and represented the spiritual marriage and unity betwixt Christ and his Church: look mercifully upon these thy servants, that both this man may love his wife, according to thy word (as Christ did love his spouse the Church, who gave himself for it, loving and cherishing it even as his own flesh), and also that this woman may be loving and amiable, and faithful to her husband, and in all quietness, sobriety, and peace, be a follower of holy and godly matrons.",2011-04-28T10:27:21Z
follower,social-media,during,"""I don't just want to throw in the towel."" Seeley finds an unlikely ally in Henry Hitchings, who – as the author of the rather confusingly named How to Really Talk About Books You Haven't Read (2008) – could initially be mistaken as a follower of Bayard.",2010-07-15T06:00:05Z
follower,social-media,before,The generic 'slightly-interested-on-average' audience become highly passionate about the programming they are watching and draw new audiences from their follower community to the show.,2009-12-11T13:13:40Z
follower,social-media,before,"A follower of the Nath sect of ascetic yogis, he did not share the sensual hankerings of his predecessors, and his studio of artists - whose fathers and grandfathers would have spent their lives painting moonlit romance or the cheerier parts from Hindu epics - had to turn their hands to the metaphysical.",2009-05-28T23:01:00Z
follower,social-media,before,"An inveterate follower (like Robin Cook) of horse-racing, he was sceptical about the Jim Callaghan government's commitment to Scottish devolution, which crashed with Callaghan in a Commons vote of no confidence in 1979.",2009-12-28T00:15:00Z
follower,social-media,during,"Only at the end of the press release did the same Mr Reitemeier say: ""It shows the vast majority of our children are happy."" You do not have to be a follower of Martyn Lewis, the patron saint of good news, to wonder why this cheerful finding was received with conspicuously less enthusiasm than earlier reports that vast numbers of children are depressed.",2010-01-31T00:06:50Z
follower,social-media,before,"Celtic may have maintained their momentum and their unbeaten record with a victory that also kept them at the top of the Premier League, but even their most committed follower would not have been using any fancy adjectives to describe the level of the performance.",2009-09-26T13:47:52Z
follower,social-media,before,Great Expectations charlesdickens: Orphan given £££ by secret follower.,2009-05-12T09:19:25Z
follower,social-media,before,"Khamenei, a religious scholar and son of a cleric from Mashhad, had been a Khomeini follower since the early 1960s and was a hero of the revolution.",2009-06-14T21:15:47Z
follower,social-media,during,"McCarthy is often spoken of as a follower of William Faulkner, but in this case he seems closer to another American writer raised on the King James Bible, Ernest Hemingway.",2010-01-03T00:05:56Z
follower,social-media,before,"When a female follower got up to ask a question, he interrupted her, saying: ""I'm letting off the boys, but the girls are having to give their phone numbers.""",2009-09-10T17:06:13Z
follower,social-media,before,"But the team which could be led out by Arsenal midfield prodigy Jack Wilshere, will contain a host of names that none but the most committed follower of youth team football has yet encountered.",2009-05-29T18:31:12Z
follower,social-media,before,"It was exhibited at the Royal Academy in 1960 but was grimy and seemed over-painted, leading to speculation that it might be the work of a pupil or follower of Titian.",2009-06-22T15:50:12Z
follower,social-media,before,"Today's best bets, by Tony Paley Are you a follower of in-form horses or do you prefer to back runners which can win if returning to their best?",2009-09-25T10:09:30Z
follower,social-media,before,"I'll randomly pick one follower from the first 1,000.",2009-02-27T10:18:57Z
follower,social-media,before,"I am Zahra, the follower of Fatimah Zahra [the daughter of the Prophet Muhammad].",2009-06-15T20:54:29Z
follower,social-media,during,But there is a jarring detail for any close follower of the Kelly saga.,2010-10-22T19:14:00Z
follower,social-media,before,"It will have escaped no time-served follower of this yo-yo club that they were running sixth in April 2004, in Steve Bruce's day, before collapsing and finishing 10th, and a more recent sobering example is provided by Hull, who, like Birmingham, came charging out of the Championship and were seventh this time last year, only to avoid relegation by a single point.",2009-12-26T15:03:27Z
follower,social-media,before,"I am Zahra, the follower of Fatimeh Zahra (the daughter of the Prophet Muhammad).",2009-06-07T19:03:00Z
follower,social-media,before,"Bresnan apologised to England's team management yesterday after taking exception to a Twitter follower who posted a doctored, and highly unflattering, image of him.",2009-10-01T21:46:28Z
follower,social-media,before,"""I've been a follower of Greenpeace since I was a child.",2009-11-18T10:42:21Z
follower,social-media,before,"So, you can say that you are Catholic, that you are Jewish, that you are Muslim, or even a follower of Candomblé or Umbanda (the African religions have a high number of followers in universities).",2009-09-29T15:00:00Z
follower,social-media,during,Last but not least we were tweeted by a kind follower recently (thanks Caro) to alert us to this gem of a company - the perfect place for your hand made satchel.,2010-02-04T12:00:00Z
follower,social-media,before,"3.20pm: England cricketer Tim Bresnan spends most of his time on Twitter joshing with James Anderson (""Got to nip to waterstones to get @JimmyAnderson9 a new joke book or a personality of his own"") and Graeme Swann (""Just about to call @swannyg66 should be asleep in ten zzz"") but last night he gave both barrels to a follower who sent in a Photoshopped picture that made him look a good deal fatter than he is: ""@DarranGoulder don't mind my mates dishing it out but who the fuck are you.Crawl out off your mums basement U KNOB"" There's an interesting discussion to be had here: we complain when sports stars give anodyne interviews and talk about taking every games as it comes - but when they do show their character they often get hammered for it.",2009-09-30T08:14:38Z
follower,social-media,during,This could mean either that Jack Conway's low attacks on Republican Rand Paul's college days (an ad that suggested he was a less a Christian than a follower of Aqua Buddha) are paying off ...,2010-10-22T11:08:54Z
follower,social-media,before,"He's even used Twitter to launch spontaneous acts of philanthropy, giving away two VIP passes to Glastonbury and, the day after the Champions League final, handing £100, found in an old pair of jeans, to a follower.",2009-06-19T23:01:00Z
follower,social-media,before,"Sam Butler, joint master of the Warwickshire hunt, said following Morse's death that he was a regular hunt follower.",2009-03-11T21:47:00Z
follower,social-media,before,"The US media has reported on ""accusations"" that Obama might be a follower of Islam (a claim that 12% of voters believe), as if practising the religion was somehow a crime.",2008-10-19T23:01:00Z
follower,social-media,during,"Jungles is a follower of the great Brazilian Roberto Burle Marx, who made the promenade at Copacabana.",2010-03-28T00:05:06Z
follower,social-media,before,"The Vikings were not going to take this lying down and Williams believes the hoard's owner may have been a follower of the Viking leader Guthfrith, who attempted and failed to defeat Athelstan.",2009-08-27T19:04:15Z
follower,social-media,before,"Edelman was an ardent follower of the latter group, which opposed Zionism and religious orthodoxy, and championed Jewish cultural autonomy in a secular Europe.",2009-10-04T18:17:53Z
follower,social-media,before,"A rare glimmer of good news for the BBC, at least from the Daily Mail's perspective: teatime quizshow Eggheads has one loyal follower in plum-voiced national treasure Donald Sinden.",2008-12-23T09:29:35Z
follower,social-media,before,"Man Singh was a follower of the Nath sect, a tradition dating back to the 12th century, whose ascetics practised hatha yoga (the kind of yoga most westerners normally do in gyms and exercise studios).",2009-06-06T14:00:00Z
follower,social-media,during,"We gauge our progress by page views and follower counts, Google rank and incoming links.",2011-03-13T00:05:06Z
follower,social-media,before,"It's sophomoric versus doctoral."" Fair enough, but I think I'll sign up as a follower anyway.",2009-02-26T16:29:25Z
follower,social-media,during,"2:43pm: ""Since today's stage is primarily celebratory, can you tell this novice follower just when this race was decided?"" pleads Paul Szabo.",2010-07-25T12:33:02Z
follower,social-media,before,"Dream on, says Michael Cross • Public services policy: Budget misses free chances The government has thrown away an opportunity to boost the digital economy through a 'free data' regime ************ Will you be our 400th follower?",2009-04-30T09:31:11Z
follower,social-media,before,It's possible: I lack any sense of direction and am a poor follower of advice.,2009-06-01T16:00:44Z
follower,social-media,before,"Born in York, Chris spent his youth in Middlesbrough, where he attended Middlesbrough high school and became a lifelong follower of Middlesbrough FC.",2009-08-31T17:53:11Z
follower,social-media,during,I'm not a guru follower.,2010-12-05T00:04:01Z
follower,social-media,before,"This week's playlist 1 Shopping for Clothes - The Coasters 2 No Money Down - Chuck Berry 3 $10 - MIA 4 C30, C60, C90 Go - Bow Wow Wow 5 Queen of the Supermarket - Bruce Springsteen 6 Cornerstore - Jonathan Richman 7 99 Cents - Chicks on Speed 8 Heaven 17 - I'm Your Money 9 Dedicated Follower Of Fashion - The Kinks 10 You Are the Generation That Bought More Shoes and You Get What You Deserve - Johnny Boy Next week: songs named after towns • Give us your recommendations and learn how to download this compilation http://music.guardian.co.uk/readersrecommend Next week: songs named after towns",2009-06-04T23:01:00Z
follower,social-media,before,"""Any fast follower that has a confirmed status will have gone through appropriate governance approval within the PCT and this will include the local medical council in many cases,"" said a CfH spokesperson.",2009-01-14T17:18:00Z
follower,social-media,during,"""I can't be the only OBO follower who will always remember the first Ashes Test in 2009 as the 'Moobs' Test?"" says Jonathan Siu.",2012-03-26T11:54:00Z
follower,social-media,before,6:41 AM Apr 17th from TweetDeck My millionth follower was ...,2009-04-20T23:01:00Z
follower,social-media,before,"For some bizarre reason, some people are using addresses @twitter.co.uk, which means Crawford keeps getting email from Twitter when any of those 'users' (either confused new users, or spam accounts) gets a new follower, or any other email update from Twitter.",2009-05-01T15:33:45Z
follower,social-media,before,"By the late 1970s Gray was spending much time in India, as a trekking guide in the Himalayas and a not uncritical follower of Bhagwan Shree Rajneesh (known after 1989 as ""Osho"").",2009-07-07T23:01:00Z
follower,social-media,before,"Although the drama is most notable for a powerful debut by Julia McKenzie in her assumption of the title role, there is also a strong undertow of poignancy for any follower of British showbusiness because the episode includes not only Richard's swan song but a typically maverick cameo by Ken Campbell, another actor who died soon after filming.",2009-07-16T21:00:01Z
follower,social-media,during,"He sees the Netherlands less as a transatlantic ""bridge builder"" than as a follower of EU consensus.",2010-12-15T15:23:55Z
follower,social-media,before,"Celebs whose follower lists have rocketed from zero to 50,000 may one day see them tumbling down, as disillusioned fans leave them - and, perhaps, Twitter - behind.",2009-02-12T00:01:00Z
follower,social-media,before,Almost every one of the departing ministers is a friend and follower of Tony Blair.,2009-06-05T21:52:34Z
follower,social-media,before,"Recently Allen has diversified, bringing glamour to the Barmy Army as a devoted follower of the England cricket team.",2009-10-17T23:26:57Z
follower,social-media,before,"If someone subscribes to you, they're called a ""follower"", while subscribing to someone is called ""following"".",2009-05-06T23:09:42Z
follower,social-media,before,"He also resisted the notion that he was a follower of Socrates, preferring his students to learn what he had to say by rote.",2009-09-07T14:00:00Z
follower,social-media,before,"The boy had been snatched from his home in Africa and presented to a follower of Gilbert Deya, a self-styled archbishop who claimed to be able to cure infertility through prayer.",2008-12-08T00:01:00Z
follower,social-media,before,"Once the child was in the UK, the follower adopted the boy - known as Child C - as a ""miracle baby"".",2008-12-08T00:01:00Z
follower,social-media,before,But for every ideologue follower there are others who have no wish to hobnob with types from the Ku Klux Klan.,2009-06-05T15:30:01Z
follower,social-media,before,Can it be entirely correct to write off the one as a psychopath and the other as his weak-willed follower?,2009-05-01T23:01:00Z
follower,social-media,before,Here was a devout follower of Islam contributing several thousand pounds to the refurbishment of a foreign place of worship.,2009-04-24T23:01:00Z
follower,social-media,before,"The name of the cave may come from the Celtic god Llud, or more likely from Walter de Lud Auk, a 14th-century follower of John Wycliffe, an early church reformer who held illicit services here far from the prying eyes of the authorities.",2009-04-03T23:01:00Z
follower,social-media,during,"""I've been a pretty keen follower of England for over 40 years,"" says Simon Peck, ""and for most of that time commentators have been moaning about our seamers bowling too short.",2011-06-17T09:10:00Z
follower,social-media,during,Not one of us was an actual follower.,2011-02-04T12:05:00Z
follower,social-media,before,"As a devoted follower of the recently deceased Montreal Expos, I immediately became a big fan of Sotomayor because she effectively ended the labour dispute in Major League Baseball that resulted in the cancellation of the 1994 World Series.",2009-05-27T13:00:00Z
follower,social-media,before,"One day Confucius was humming I'd Like to Teach the World to Sing in Perfect Harmony when his follower, Paolo Coelho, asked him for the secret of the universe.",2009-05-04T23:01:00Z
follower,social-media,before,"And it seems no coincidence that each of these writers is a dedicated follower of Le Guin's: Chabon is partial to The Lathe of Heaven, Lethem to the story Those Who Walk Away From Omelas.",2009-05-21T11:09:51Z
follower,social-media,before,"I've been a big follower of Formula One, the Touring Car Championship and GT racing for a long time.",2009-10-01T23:10:02Z
follower,social-media,during,"""As a time (and pain) served follower of English cricket, I'm still struggling to come to terms with this new-fangled concept of rotating bowlers because of the bench strength,"" says Harkarn Sumal.",2012-02-13T17:48:00Z
follower,social-media,before,"On top of the box, they had Obama in ""an Arab-like headdress recalls the false rumor that he is a follower of Islam, though he is actually a Christian."" On the back, they had the Democratic candidate in ""stereotypical Mexican dress, including a sombrero, above a recipe for 'Open Border Fiesta Waffles' that says it can serve '4 or more illegal aliens'"".",2008-09-16T16:50:58Z
follower,social-media,before,"Fabiola is a Catholic saint and follower of St Jerome, who wrote a beautiful eulogy of her virtues when she died in 399.",2009-05-02T23:01:00Z
follower,social-media,before,"It's a mild affair, rather like The Amityville Horror reworked by a follower of JK Rowling, far too dependent on special effects, has a thunderous James Horner score and is quite unsuitable for younger children.",2008-03-23T00:08:18Z
follower,social-media,before,"Dunham, who raised Obama after his mother died, had been a devoted follower of his campaign.",2008-11-05T02:05:23Z
follower,social-media,before,The Astute submarines and the likely follower to the Vanguard class for the new Trident are ludicrously costly – and as the committee says rightly not the kind of thing this country can afford now it is mired in debt.,2009-06-30T14:21:46Z
follower,social-media,before,"I found blogs and travel sources I've never heard of, too, while nosing around other people's ""follower"" lists.",2009-01-28T12:05:21Z
follower,social-media,before,No one should waste their time in attempting to persuade any Everton follower that they had watched a sterile occasion.,2009-04-19T18:13:35Z
follower,social-media,before,"It has been disappointing to see as an England follower and an England fan,"" McGrath added.",2009-01-14T14:47:45Z
follower,social-media,before,"After his release on Christmas Eve 2002, Figari became a loyal follower.",2008-02-26T16:41:57Z
follower,social-media,before,"""I'm not a leader, I'm definitely a follower,"" she says, quite without compunction.",2009-11-07T00:07:35Z
follower,social-media,before,"But there is much for the uninitiated and casual follower of these increasingly popular sporting pursuits, not least a lineup bands that includes Groove Armada, the Zutons, the Futureheads, Glasvegas and the Pigeon Detectives.",2008-08-01T23:01:00Z
follower,social-media,before,"I saw her praying, while I was DJ-ing / She got a pretty face, she ain't going down to the bad place."" Another popular satire spoofs the Mac-versus-PC television ads, twisting the characters into Christ follower-versus-a Christian.",2008-05-13T11:05:32Z
follower,social-media,before,The unshaven Christ follower is dressed in jeans and T-shirt; the Christian in his Sunday best with an envelope in his top pocket to show everyone he is donating.,2008-05-13T11:05:32Z
follower,social-media,before,The sympathy of the film is very much with the Mac-using Christ follower.,2008-05-13T11:05:32Z
follower,social-media,before,"""That's like saying that this trap could ultimately be turned into a mouse, which doesn't make a lot of sense."" Best of GodTube Jesus Back Christian/Christ-follower Baby Got Book",2008-05-13T11:05:32Z
follower,social-media,before,"During the 2005 elections, Ahmadinejad prided himself on being a follower of Rajai's dedication to the revolution, and his seemingly simple and incorruptible lifestyle.",2009-05-06T19:30:00Z
follower,social-media,before,"Disaster!"" Ferguson called a meeting of his players, told them to remember the way Chelsea's supporters had enjoyed beating them – a common Ferguson trick – and that just about every non-United follower in the country wanted them to fail.",2009-03-17T00:05:34Z
follower,social-media,before,"The reason is that pink, being a more decided and stronger colour, is more suitable for the boy, while blue, which is more delicate and dainty, is prettier for the girl."" A few years earlier, the Sunday Sentinel had been of the same opinion: ""use pink for the boy and blue for the girl,"" it said in March 1914, ""if you are a follower of convention."" So accepted, in fact, was this convention that as late as 1927 Time magazine was observing, on the obviously disappointing birth to Princess Astrid of Belgium of a daughter rather than the infinitely preferable son, that the cradle had been ""optimistically decorated in pink, the colour for boys"".",2009-12-12T00:06:21Z
follower,social-media,before,It has been allowed to place a widget on Parliament's website which aggregates the feeds and sends them to the follower in real time.,2009-10-05T15:24:00Z
follower,social-media,during,"Yesterday Douglas Alexander, the shadow foreign secretary, said David Cameron should come to the Commons this afternoon ""not just to explain why the Foreign Office got its evacuation plan so badly wrong at the start but how Britain can be a leader and not a follower in the efforts to increase the pressure on Gaddafi to stand down"".",2011-02-28T08:49:34Z
follower,social-media,before,"Bengalis like Pankaj Roy and adopted sons like Arun Lal had worn the India cap, but not even the most parochial follower would have dared compare them to a Sunil Gavaskar or a Vijay Merchant.",2009-04-22T17:01:00Z
follower,social-media,before,"This is not a leader, this is a follower, and she follows what she imagines is the base, which is in fact a vast and broken-hearted thing whose pain she cannot, actually, imagine.",2008-10-17T19:12:39Z
follower,social-media,before,"I know my college currently has around 100 ""followers"" but I don't know who is reading the posts, or where they come from - because you don't have to be a ""follower"", or even be logged-in, to read a Twitter page.",2009-03-03T00:01:00Z
follower,social-media,before,"To a casual football follower, the Chelsea and England full-back seems to be the PremierLeague player whose off-field behaviour has recently provoked the most publicity, but he'd be an angel by the standards of drunkenness and general depravity set in Australia's National Rugby League.",2009-03-19T13:21:56Z
follower,social-media,before,"It's been that way for a few months, and it's certainly done wonders for our follower count, which has just crept over 600,000.",2009-05-31T18:54:12Z
follower,social-media,before,"Wear them."" Dati, the justice minister who chose to pose on the cover of Paris Match in eye-wateringly expensive haute couture, saw her popularity plummet and never managed to shake-off her self-styled image as an ostentatious, jewel-bedecked follower of fashion.",2009-03-28T00:01:00Z
follower,social-media,before,"There are some older studies which suggest that ""women with small social networks [which I don't think means their Facebook friend or Twitter follower count] show more than twice the death rate."" Basically, there's a lot here about social networks - but used in the old-school sense, of the number of people you physically meet, cuddle, interact with face-to-face.",2009-02-19T15:32:08Z
follower,social-media,before,"Both rulers were highly intelligent and pious individuals – Shah 'Abbas being a follower of Islam, of course.",2009-02-17T11:47:49Z
follower,social-media,before,"Jupiter is why former president Ronald Reagan, a keen follower of astrological advice, took office as governor of California in January 1967 at the bizarre time of quarter past midnight.",2008-11-06T14:08:28Z
follower,social-media,before,"He wasn't a follower, he was a leader, and he always tried to tell everyone the right things to do.",2008-08-25T23:01:00Z
follower,social-media,during,"When the whole debate about setting up the supreme court was taking place I was in favour of its creation, and a great follower of Lord Bingham's enthusiasm for it, because I did not think that we should be in parliament, and the more effective and political the House of Lords became the less appropriate I thought it was that we were there.",2010-09-16T17:15:09Z
follower,social-media,before,"""Frank and I had even played a doubles match between his semi-final against Jean Borotra and his being pulled out of the final, but the Davis Cup committee were a bunch of old guys with badges, and you know what badge-wearers are."" Wood, an elegant, athletic player, gave the trophy to a female camp follower of American tennis to keep until he and Shields met in a grass-court event to settle who was better on that surface.",2009-01-15T00:01:00Z
follower,social-media,before,"I saw her praying, while I was DJ-ing / She got a pretty face, she ain't going down to the bad place."" Another popular satire spoofs the Mac-versus-PC television ads, twisting the characters into Christ follower-versus-a Christian.",2008-05-12T18:28:53Z
follower,social-media,before,"The unshaven Christ follower is dressed in jeans and tee-shirt, the Christian in his Sunday best with an envelope in his top pocket to show everyone he is donating.",2008-05-12T18:28:53Z
follower,social-media,before,The sympathy of the film is very much with the Mac-using Christ follower.,2008-05-12T18:28:53Z
follower,social-media,before,"The undelivered notice from Andrabi's lawyer said: ""My client is a profound follower of Islam and is pardah nasheen (veiled) ...",2009-01-24T00:01:00Z
follower,social-media,before,"If you've been a close follower of golf, then it's been pretty obvious that Tiger and Phil were rivals, not friends.",2008-12-19T20:48:01Z
follower,social-media,before,"The 1976 film, starring Quinn as an Arab follower of Muhammad, was funded by Gadafy.",2008-10-28T00:01:00Z
follower,social-media,before,"""Surely as a keen follower of tractor trends, Denis Hurley (yesterday's Fiver lettrers) will know the old maxim that 'the Massey is classy, but the Zetor is better'?"" - Rob Brophy.",2009-04-24T16:00:00Z
follower,social-media,before,"A follower of Andrei Tarkovsky and Alexander Sokurov, 44-year-old Russian director Andre i Zvyagintsev practises a similar kind of mysterious, spiritual, formalist cinema.",2008-08-16T23:04:34Z
follower,social-media,before,"Directed in 1976 by the late Moustapha Akkad, The Message starred Anthony Quinn as an Arab follower of Muhammad and was funded by the Libyan leader Muammar Gadafy.",2008-10-27T15:23:41Z
follower,social-media,before,"December 2010: Radical Islam in Iraq gains its millionth follower, leading early adopters to declare it ""over"".",2009-04-22T12:42:05Z
follower,social-media,before,"I'm no longer a Christian, but I still consider myself a follower of Jesus, the man.",2008-12-25T18:00:00Z
follower,social-media,before,"""Reconnecting with the dedicated rugby follower is something we believe it is very timely to do,"" he said.",2008-04-24T11:27:02Z
follower,social-media,before,He should have inserted union between the words rugby and follower given what he was saying to delegates at a conference in Hong Kong recently.,2008-04-24T11:27:02Z
follower,social-media,before,His dedicated rugby follower was someone with a television remote in his or her hands rather than a match ticket.,2008-04-24T11:27:02Z
follower,social-media,before,"Hollywood is a great follower of trends, and right now, camp is most definitely not cool.",2009-01-07T16:14:38Z
follower,social-media,before,"Motlanthe, 59, was a follower of the Black Consciousness Movement and was first jailed in 1976 during the student protests against the teaching of Afrikaans in black schools which set off years of unrest that played a primary role in bringing down apartheid.",2008-09-22T23:01:00Z
follower,social-media,before,"He is also an ardent follower of Rudolf Steiner and his biodynamic methods, which, like organic farming, eschew the use of agrochemicals.",2009-12-06T00:00:00Z
follower,social-media,before,"Artists of the early 1960s, including Brecht and his friends, Nam June Paik and Alison Knowles, were dubbed neo-Dada until Brecht's follower and frequent collaborator, George Maciunas, thought of the name Fluxus.",2009-01-09T00:01:00Z
follower,social-media,before,"The Follower, by Jason Starr (Orion, £9.99) The Follower offers more dark comedy, this time in the world of 20-something Manhattanites, first jobbers with maxed-out credit cards whose lives revolve around dating, shopping and exercising.",2007-07-14T22:56:35Z
follower,social-media,before,"His cruelly accurate portrayal of his shallow, superficially worldly cast can make it hard to empathise with the characters, but The Follower is still a compelling and enjoyable read, although perhaps one to be avoided by those looking for love in a big city.",2007-07-14T22:56:35Z
follower,social-media,before,"""I was an occasional racegoer rather than a follower,"" he says, ""as it can be difficult to understand unless you are brought up with it.",2008-09-16T23:01:00Z
follower,social-media,before,"""I am a big follower of the history of the game,"" said the product of Poplar, ""and Tottenham have been a great club over the years.",2008-10-27T18:05:20Z
follower,social-media,before,"Anyone tuning in to discover what Christianity was all about would have been confronted with a warped, unrepresentative cartoon: I'm an atheist, but it actually left me feeling incredibly sorry for yer average Church of England follower.",2008-12-20T00:01:00Z
follower,social-media,before,Influences His Romantic faith in the goodness of nature and the excellence of the child identifies him as a follower of Rousseau.,2008-07-22T14:39:44Z
follower,social-media,before,"Jonny Wilkinson, a keen league follower as a boy and whose elder brother Mark was a regular for the Newcastle Eagles amateur club and made the odd appearance for the Thunder, is expected to attend Thursday's match - which will be televised by Sky - and also a press conference before the kick-off where he will share the stage with Hanley, a boyhood hero.",2008-08-15T23:01:00Z
follower,social-media,before,"I'm a good leader with my dogs and with people, but I'm also a good follower."" One wonders if Millan's amazing journey towards success may have engendered this vaguely Nietzschean language.",2009-04-29T23:01:00Z
follower,social-media,before,"However, despite the former England captain Terry Butcher's insistence that the new Wembley has ""sold its soul to the corporate fans, nudging the true follower sideways"" to dampen what once was a fearsome atmosphere, the reality is that the home side in recent times have rarely managed to quicken the pulses of those present with the swagger of their football.",2008-10-09T23:01:00Z
follower,social-media,before,"As much at ease on the lawns of Glyndebourne as in displaying his alarming familiarity with the works of Lonnie Donegan, Mr Errera has been one of the wittiest and wisest diplomats in modern times, a worthy follower in the footsteps of Talleyrand, living proof that French Anglophiles really do exist, and a true friend to this country as well as his own.",2007-11-28T00:17:52Z
follower,social-media,before,"Associated Press in Kolkata State against release of Sharon Tate murderer California's director of prisons is recommending that former Charles Manson follower Susan Atkins, who has terminal brain cancer, be denied a compassionate release, the Press-Enterprise newspaper reported.",2008-06-20T23:01:00Z
follower,social-media,before,"Medievalist has two definitions in Chambers: a historian; and ""a devotee or follower of medieval practices"", which fits Polly Toynbee's theme perfectly.",2008-05-13T23:14:32Z
follower,social-media,before,"&gt; 4) Shakespeare's subversive, gender-bending use of disguise has reverberated down the years (Some Like It Hot, for one, is a firm follower), but as in Twelfth Night, love cuts straight through any subterfuge.",2008-07-23T23:00:00Z
follower,social-media,before,"If you are not already a follower of Oliver Widder's Geek and Poke cartoons and blog, then I recommend you get on his case.",2008-01-24T14:35:38Z
follower,social-media,before,"To be fair to Brown, he has long been a follower of Hoskins politics (""it's good to talk""), calling quite a few of the families of service personnel killed in Iraq and Afghanistan.",2008-05-30T08:44:00Z
follower,social-media,before,The internal manacle was a diffident nature that caused him to be a follower rather than a shaper of events.,2009-02-15T00:05:50Z
follower,social-media,before,"I come in and have a look every now and then, see if it makes sense.' Would he describe himself as a follower of Kabbalah?",2008-08-23T23:01:00Z
follower,social-media,before,"I have sympathies with many philosophies, and I think it'd be a mistake to be a follower of anything, really.' People assume that because Madonna is a follower, it's a point of tension in their marriage.",2008-08-23T23:01:00Z
follower,social-media,before,"If encountering double doors in a corridor with a stranger of either gender following, what is the separating yardage below which you're expected to wait with the door open to avoid it slamming back in their face and above which, if you do wait, you look like an idiot and force the follower to break into a jog?",2008-11-16T00:01:00Z
follower,social-media,before,"""Genuine concerns were raised at the inquest earlier this month on 13-year-old Emo follower Hannah Bond who had been self-harming and then tragically killed herself.",2008-06-02T16:45:44Z
follower,social-media,before,"We have also been reminded that the essential mindset of the English cricket follower is one of caution: heck, why else would England beat South Africa unless they were knackered and demotivated!",2008-09-02T09:53:29Z
follower,social-media,before,"Susan Atkins, a follower of Sixties cult leader Charles Manson, has less than six months to live and is being considered for compassionate leave so that can she die outside prison.",2008-06-14T23:01:00Z
follower,social-media,before,"More controversially, schooling is provided using the mysterious Spirituality for Kids method, created by the Kaballah sect, of which Madonna is a follower.",2009-04-03T23:01:00Z
follower,social-media,before,"Davies promptly changed his band's name to the Kinks and in 1966 had a hit with Dedicated Follower of Fashion - a song that mocked those sheep-like fashionistas wandering around London with their ""frilly nylon panties"" pulled ""right up tight"".",2008-08-04T11:58:05Z
follower,social-media,before,"""Perhaps this bust was thrown into the river after Caesar was assassinated because that was a difficult time to be considered a follower of his,"" L'Hour said.",2008-05-15T14:51:48Z
follower,social-media,before,"""The imam of the Friday prayer should be a follower of the supreme leader in his speech"" [a reference to Ayatollah Ali Khamenei's hardline speech].",2009-07-17T09:06:50Z
follower,social-media,before,"The most studious follower of River Plate's fortunes, Gallo's assesment is that Simeone never found the right formula for the team: ""Even when they won the Clausura - a huge merit given the club had won nothing for four years - the team depended mostly on three individuals: goalkeeper Juan Pablo Carrizo who has now been sold to Lazio, [Diego] Buonanotte and the ephemeral contribution of Ortega.",2008-11-11T14:17:29Z
follower,social-media,before,"Instead, Brit is, as only the chosen among the chosen people are, a follower of Kabbalah.",2008-03-14T15:54:26Z
follower,social-media,before,"A fans' representative has warned that rising costs may drive supporters away for good after a survey found the average follower of a Premier League team spent £1,331 watching their side in 2007.",2008-03-04T01:07:27Z
follower,social-media,before,"""I'm not a big follower to be honest, but if I'm going to cheer on anyone it would be him,"" said Paul Simons, a 16-year-old from Barnet who had just parked up his kart.",2008-11-03T00:01:00Z
follower,social-media,before,"Van Morrison and Marvin Gaye may have been here first, but Baxter is a creditable follower.",2008-01-04T23:46:18Z
follower,social-media,before,"********************* FIVER LETTERS ""Being such an avid follower of Tim Lovejoy, perhaps Mark McDonnell (yesterday's Fiver letters) could please tell us how he likes his eggs scrambled in the morning?"" - Andy Trainer (who knows several ways to scramble eggs, and 1,056 other readers who didn't get the joke).",2008-11-27T17:00:00Z
follower,social-media,before,The rift between the pastor and his former follower runs deeper than words.,2008-04-30T23:13:40Z
follower,social-media,before,"But this England squad contains some formidable characters as well as genuinely exciting talent, and has been more intelligently prepared than any in living memory - while as any follower of the other rugby code could confirm, November 22, the date of the final, is not a bad one for winning a World Cup in Australia.",2008-10-23T11:15:46Z
follower,social-media,before,"Like his brother, Mikhail, he became a follower of the Bolshevik cause.",2008-10-03T23:01:00Z
follower,social-media,before,"It's always better to be a trendsetter than a slavish follower of fashion … If you didn't get invited to any exclusive parties this week (no, neither did we), then throw your own at Beach Blanket Babylon in London's Shoreditch.",2008-09-18T12:28:49Z
follower,social-media,before,"Built by Lluís Domènech i Montaner - a contemporary and follower of Gaudi - this Unesco World Heritage site is a beautiful, slightly crazy hotch-potch of ceramics, mosaics and stained glass.",2008-05-08T09:20:40Z
follower,social-media,during,"""I'm thinking that a) I must be the first OBO follower to run for parliament and b) not even election night will be as nerve shredding as this.",2011-03-26T07:49:00Z
follower,social-media,before,He was a follower rather than a leader.,2008-10-15T10:53:53Z
follower,social-media,before,"Without a win here since 1972, facing the European Cup holders and with the bruising memories of last season's 6-0 drubbing still in their minds, it is fair to say the average Newcastle follower could have been forgiven for fearing the worst when they were handed a trip to Old Trafford to usher in the new season.",2008-08-17T23:01:00Z
follower,social-media,during,"1.23pm: ""In my pub quiz last night, someone answered the question 'Who sang Dedicated Follower of Fashion and who was the lead singer?' with 'Dexy's Midnight Runners with Jimmy Nail'."" writes Matthew Round.",2010-07-14T11:24:46Z
follower,social-media,before,2.30pm Greg Wood live from Punchestown My late father was a follower of the old superstition that the first horsebox you see at the track will point you towards a winner.,2009-04-28T11:53:47Z
follower,social-media,before,"Not to mention a huge fillip for the driving force behind getting them there, Nicholas Leong, a cycling enthusiast and long-time Tour de France follower.",2008-09-17T11:31:12Z
follower,social-media,before,Another Twitter follower suggests that if I'm really blocked I should just go on a crazy Hunter S Thompson-style binge.,2009-02-04T16:59:56Z
follower,social-media,before,"He carried with him to the grave the reputation of remaining a follower of Bomberg, and for the promoters of fashion and fortune in art there is no future in being behind.",2008-10-14T23:01:00Z
follower,social-media,before,"Thereafter we took a serpentine course - by way of Grandmontine monks, pictographic clues in manuscripts, a spot of dendrochronology, 14th-century dovecotes and a particularly unpleasant and, I thought, wholly unnecessary decapitation scene - towards a fiery denouement in an underground chamber full of crucifixes, in which Laygass and his most devoted follower were burned to a crisp.",2008-07-08T23:01:00Z
follower,social-media,before,He continued to play tennis and table tennis up to the time of his death and was an avid follower of the fortunes of Southend United and Essex County Cricket Club.,2008-01-30T00:16:31Z
follower,social-media,before,"Storrie said: ""Ali is a passionate follower of the Premier League and wants Portsmouth to remain in the best league in world football.",2009-10-06T07:57:35Z
follower,social-media,before,"In a bid to further whet your appetite, my colleague Stephen Brook, a follower of both shows, gives his view: When Simon Cowell dons a suit and tie as he did on Wednesday night, it can only be for something major and it has to be said that Britain's Got Talent is event TV at its finest.",2008-05-29T14:20:44Z
follower,social-media,before,4 Youssou is a member of a Sufi brotherhood and a follower of early 20th-century Senegalese poet and holy man Cheikh Ahmadou Bamba.,2008-06-14T23:09:00Z
follower,social-media,before,"Although I hadn't done any serious travelling since the mid-1980s, I had read Paul Theroux's The Great Railway Bazaar, was a devoted follower of Michael Palin and had taken inspiration from the international train traveller's website, The Man in Seat Sixty-One.",2008-06-23T11:29:51Z
follower,social-media,before,"Nor did he declare that he or any Al Nahyan is, or has ever been, a dedicated follower of English football.",2008-09-02T23:01:00Z
follower,social-media,before,"Even though you have only one follower, having a higher Charisma definitely helps in Speech challenges and successfully using special dialog options you have when talking to folks.",2008-08-11T11:36:10Z
follower,social-media,before,"Stuart was an enthusiastic follower of the course, and although he subsequently fell out of sympathy with some of its aims, he remained a firm believer in modernism.",2008-01-22T23:54:46Z
follower,social-media,before,"After his release in 2002, Figari became a loyal follower.",2008-02-27T08:47:26Z
follower,social-media,before,"I don't want to turn off notifications or limit people's ability to follow my Twitter stream; I just want to deincentivize [sic] those who mass-add Twitter contacts for no other reason than to fill inboxes and follower lists with self-promotion."" On the Twitter stream itself, you can in theory spam users, as Dave Winer notes on his Scripting News blog (tinyurl.com/36vjwz).",2008-03-06T08:19:47Z
follower,social-media,before,"Vanderbilt is a follower of the ""shared space movement"" pioneered by the Dutch engineer, Monderman, whose work is now near standard across mainland Europe.",2008-09-18T23:01:00Z
follower,social-media,before,As Irish people working for the British army - and Sarah at one stage finds herself tolerated as a kind of camp-follower-cum-amateur-surgeon - Sarah and her father feel a secret kinship with the Maoris who have chosen to make peace with the British and even take their shilling and join up.,2008-02-15T00:12:53Z
follower,social-media,before,"It is no longer a Christian country,"" said Susan Tee, a follower from Leicester who is a Christian minister.",2008-04-04T23:03:39Z
follower,social-media,before,"""We warned Wales about their tackling,"" said a New Zealand follower afterwards.",2008-10-07T12:00:00Z
follower,social-media,before,"No one who came to know about his uncle's role in the front line against Islamist terrorism in Algeria could accept that this frightened young man was a follower of Osama bin Laden."" James Welch, the legal director of the human rights group Liberty, is quoted in the Guardian saying: ""Luckily for Mr Raissi he was arrested before the new extradition arrangements under the Extradition Act 2003 came into force.",2008-02-15T10:54:00Z
follower,social-media,before,"We don't know yet what coup d'éclat they are fomenting (drowning the Manneken-Pis or force feeding MEPs cod liver oil?) but if you're an amateur follower of all things fishy or just want to learn how to exert people power better, you know where to go.",2008-05-28T10:00:00Z
follower,social-media,before,Troyano believes La Lupe's public identification as a Santeros (a follower of the African-Caribbean religious tradition Santeria) contributed to the way she was abandoned.,2008-09-30T23:01:00Z
follower,social-media,before,"From the city's Stand grammar school, he studied art, first in Manchester (he remained a devoted Manchester City follower) followed by Wolverhampton and then Rochdale, with a period in Paris at the École des Beaux-Arts.",2008-04-07T23:10:28Z
follower,social-media,before,"In Pakistan, a follower of Nawaz Sharif's faction of the Muslim League.",2008-05-11T09:00:00Z
follower,social-media,before,"At a house party we stumbled across one excited follower - John Deads, the New Hampshire state co-chair of Veterans for Rudy - who said Giuliani was his man because the former mayor of the city of New York would take the war to the Muslims and drive them back into their caves.",2007-12-27T00:49:00Z
follower,social-media,before,"That same year he made Una Vita Difficile (A Difficult Life), his first cynical look at the ""social malaise"" of the times, scripted by Rodolfo Sonego, in which Alberto Sordi plays an idealistic communist party follower who finally gives in to the temptations of the new capitalist era only when in desperate economic plight.",2008-06-08T23:08:13Z
follower,social-media,before,"To say that ""The Lost Leader"" itself, spoken by an abandoned follower of Bonnie Prince Charlie, is a great poem is not to slight the other 60 masterpieces in this unmissable book.",2008-11-29T00:02:26Z
follower,social-media,before,"He was also a committed follower of the Kabbalah, the mystical Jewish cult holding a deep fascination for him to the extent that he attributed his life's successes to its power.",2008-06-27T12:23:38Z
follower,social-media,before,Yet Eliot believed that poetry and drama were integral to each other: poetry dries up if it forgets its roots in sacred drama; drama becomes a slow-footed follower of the newspapers if it discards poetry.,2008-11-19T00:01:00Z
follower,social-media,before,"So I suppose the walrus is the leader, the eggman is the follower, and the goo goo goo joob is just undecided.",2008-07-31T23:01:00Z
follower,social-media,before,"Another woman, Lynnette Fromme, a follower of the deranged cult leader Charles Manson, tried to kill him on September 5 when she disguised herself in a nun's robe and with a pistol strapped to her leg.",2008-01-02T23:46:40Z
follower,social-media,before,"Wright, meanwhile, had taken up with Olgivanna Milanoff, a statuesque Montenegrin beauty and follower of the Russian mystic Gurdjieff, who bore him two more children and became known as ""the Dragon Lady"" among the coterie of apprentices at the rebuilt Taliesen.",2009-02-28T00:01:00Z
follower,social-media,before,"In this participatory democracy, everyone gets to be a leader, everyone a follower.",2008-02-21T00:03:44Z
follower,social-media,before,"Thaksin was described as ""a passionate follower of English football,"" who had ""received accolades for being businessman of the year in Thailand and abroad"".",2008-08-26T23:01:00Z
follower,social-media,before,"A passionate follower of Peter Dobereiner, he could see nothing bigger on his horizon than to be his successor, and in 1982 the chance was presented to him.",2008-05-20T23:02:40Z
follower,social-media,before,"Cynics have noted that King Juan Carlos of Spain, an avid follower of F1, will be on the grid as usual this afternoon and Mosley's absence will avoid what would have been an awkward meeting demanded by protocol.",2008-04-27T00:59:54Z
follower,social-media,before,"There must be a Forest follower out there somewhere who knows this intrepid traveller, so give him a call in Ghana and get him to log on at the local internet café and tell us about his experiences so far on this blog.",2008-01-20T20:19:33Z
follower,social-media,before,"Davies is joined by the massed voices of the Crouch End Festival Chorus for the encore, although the formidable pristine counterpoint sounds oddly comedic trilling through Dedicated Follower of Fashion, the sepia reverie of Days, and an inevitable closing Waterloo Sunset.",2007-10-29T09:53:15Z
follower,social-media,before,"Apart from the handful of winters I followed the sun on England cricket tours, I've been a devotedly full-time follower of more than 40 winters of international rugby.",2008-03-18T02:29:47Z
follower,social-media,before,"She was a keen follower of the arts, a rambler, a member of the Inner Wheel and the inspiration behind Dorking's Talking Newspaper.",2007-09-11T23:08:09Z
follower,social-media,before,"Her mother was a follower of Wilhelm Reich, and in her childhood Debbie would spend time every day in one of Reich's orgone boxes accumulating ""universal life energy"".",2007-12-31T08:32:25Z
follower,social-media,before,"Or as Shelley more elegantly put it, ""the most unfailing herald, companion and follower of the awakening of a great people to work a beneficial change in opinion or institution, is poetry."" Commercial value is another thing but even here the chart's usefulness is questionable.",2007-09-17T08:30:33Z
follower,social-media,before,"'Of all the boys whom I have known,' said Sir Cyril Norwood, Amery's former headmaster, 'John Amery was the most abnormal.' Expelled from several expensive schools, Amery eventually settled in France, where he became a follower of the French fascist Jacques Doriot.",2008-02-17T00:06:13Z
follower,social-media,before,"But, as a keen Everton follower who has long backed greater fan involvement in the football decision-making process, Burnham believes that, ideally, supporters rather than companies or rich individuals would own every club.",2008-01-27T09:58:25Z
follower,social-media,before,"Kevin Lapwood, an analyst at Seymour Pierce and a long-time Rentokil follower, said he was convinced the new team would start to dispose of parts of the sprawling conglomerate.",2008-03-21T03:00:05Z
follower,social-media,before,Winners Michael Gove Loyal Cameron follower and intellectual Times journalist promoted to shadow schools and children secretary.,2007-07-02T18:31:35Z
follower,social-media,before,"In the four-part drama, Lizzie Bennet will living Amanda's life while Mr Darcy, played by Elliot Cowen, will focus his attention upon a reluctant Amanda, a devoted follower of Austen and the world of Pride and Prejudice.",2007-10-03T10:56:55Z
follower,social-media,before,"Black Sabbath may not have too many fans with a penchant for sky-blue suits and pink Polo shirts, but the next president of Russia is a devoted follower.",2007-12-10T15:12:18Z
follower,social-media,before,He is said to be a keen follower of the team.,2009-04-30T08:58:15Z
follower,social-media,before,But Twenty20 cricket was not designed for the traditional cricket follower.,2008-07-25T23:01:00Z
follower,social-media,before,"David Trone, an analyst at Fox-Pitt Kelton, wrote in a research note: ""Even in a down quarter, it is not often that bulge firms miss consensus, and results did not match up with Lehman's yesterday."" But another industry follower, Octavio Marenzi of Boston-based Celent, played down the shortfall: ""Yes, they did see some unpleasant results , but hardly enough to justify talk of a credit crisis."" For Morgan Stanley, it was the first drop in quarterly profits since chief executive John Mack took the top job in 2005.",2007-09-20T11:25:40Z
follower,social-media,before,"• clarks.co.uk Daphne Guinness does a scent London's most dedicated follower of fashion, Daphne Guinness is renowned for collecting haute couture and friendships with Karl Lagerfeld, John Galliano, et al.",2009-01-04T00:01:00Z
follower,social-media,before,"""I was too much of a follower,"" he said.",2007-08-30T23:12:10Z
follower,social-media,before,"I've been a slavish follower of Nigel Slater recipes ever since 30-Minute Suppers, a postcard-sized booklet, arrived free with the Observer one Sunday.",2007-12-08T23:55:33Z
follower,social-media,before,"Warren Jeffs, 51, was convicted of two counts of rape as an accomplice for his role in the marriage of a 14-year-old follower and her 19-year-old cousin in 2001.",2007-11-22T00:51:14Z
follower,social-media,before,"David Trone, an analyst at Fox-Pitt Kelton, wrote in a research note: ""Even in a down quarter, it is not often that bulge firms miss consensus, and results did not match up with Lehman's yesterday."" But another industry follower, Octavio Marenzi of Boston-based Celent, played down the shortfall: ""A firm such as Morgan Stanley is directly in the firing line, and yes, they did see some unpleasant results in their lending and bond trading unit, but hardly enough to justify talk of a credit crisis."" For Morgan Stanley, it was the first drop in quarterly profits since chief executive John Mack took the top job in 2005.",2007-09-19T17:18:25Z
follower,social-media,before,"The church no longer takes action against a follower who willingly undergoes a blood transfusion, but the individual will no longer be considered one of the faithful.",2007-11-05T18:57:41Z
follower,social-media,before,"When combined with the need to fill 24 hours of available space on many different platforms, the result is that no follower of the stories of, say, Madeleine McCann or Tony Blair can have much sense of what really happened.",2008-04-04T23:15:00Z
follower,social-media,during,"As a long time England follower I have an innate pessimism, in spite of recent apparent improvements in their fighting qualities.",2010-11-28T22:30:05Z
follower,social-media,before,"That's most important, because it means then that he's a true follower of the apostles.""",2007-09-21T13:36:05Z
follower,social-media,before,So what to think as a fan and lifetime follower of baseball?,2007-12-14T17:00:00Z
follower,social-media,before,"Although, like my friend, a follower of Tottenham Hotspur, I was a frequent visitor to the Bridge in the era of Ken Bates and his electrified fence, and it wasn't pretty.",2008-02-02T00:00:00Z
follower,social-media,before,"Warren Jeffs, 51, was convicted of two counts of rape as an accomplice for arranging the marriage of a 14-year-old follower and her 19-year-old cousin in 2001.",2007-11-21T12:06:46Z
follower,social-media,before,"As a lifelong follower of the Red Sox, I couldn't be happier.",2007-10-30T21:00:00Z
follower,social-media,before,I was too much of a follower.,2007-08-30T18:24:59Z
follower,social-media,before,"The crowded imaginary universe of The Golden Compass takes some getting used to, and in some ways, as a non-follower of the Pullman books, I have still to be entirely sold on it.",2007-11-27T10:06:43Z
follower,social-media,before,"But the cricket follower, at least, is being judged as big enough and old enough to make up his own mind.",2008-06-09T23:01:00Z
follower,social-media,before,"I'm not a fashion follower, though, I'm more of a pioneer, so I just scan them to get a flavour.",2007-07-01T23:01:09Z
follower,social-media,before,"Today it retains the spirit of days past, with an interior described by one follower as ""reminiscent of being inside a rambling old house, with six floors of small rooms all linked together curling around a central staircase."" · This article was amended on Monday January 14 2007.",2008-01-11T10:11:00Z
follower,social-media,before,"Unlike many in Europe, and in Washington these days, I essentially agree with Bush Jr in his implicit criticism (shall we call it OedipoKantian?) of the shortsightedness of Bush Sr's soi-disant realism in places like Saudi Arabia and Ukraine; in his claim, as a somewhat unlikely follower in the footsteps of the philosopher Immanuel Kant, that ultimately the spread of liberal democracy is the best guarantee of peace; and in his insistence that neither Vladimir Putin nor his successor have any right to dictate to Russia's neighbours which alliances they should join.",2008-04-02T23:02:41Z
follower,social-media,before,"When I told the other members of my experience each of them said 'No, when he said that he looked into my eyes'"" Now I related this to demonstrate amusingly that all three of us had keenly believed that Morrissey was a follower of our chosen team but midway through I remembered NME coating him off and calling him racist.",2008-01-26T00:09:15Z
follower,social-media,before,"She had been taught classical ballet when young, and later became a great follower of Martha Graham.",2007-06-19T22:58:22Z
follower,social-media,before,"A keen follower of greyhound racing in his later years, Milton remained a popular figure in Bristol sporting circles.",2007-04-25T23:55:16Z
follower,social-media,before,"Dunwoody had never been a devoted follower of New Labour or, indeed, of leadership generally.",2008-04-18T14:16:39Z
follower,social-media,before,The judge said he was not a follower of Watford or any other football club.,2007-11-26T16:30:31Z
follower,social-media,before,Wilkinson is a follower of orders.,2008-03-17T10:33:19Z
follower,social-media,before,Wilkinson is a follower of orders.,2008-03-16T01:12:35Z
follower,social-media,before,"A follower of Sankara (circa AD788-820), India's most famous religious teacher, Guru Deva belonged to the Advaita Vedanta tradition of philosophy, which teaches that spiritual ignorance or illusion is caused by the superimposition of a false self on to the true self, considered to be ontologically identical with the absolute (brahman).",2008-02-07T01:07:30Z
follower,social-media,before,"Reg is a follower of 20th-century TV psychic Martin Martin, a man he believes is a messiah on the brink of return.",2008-01-19T23:49:06Z
follower,social-media,before,"A follower of Sankara, India's most famous religious teacher, Guru Deva belonged to the Advaita Vedanta tradition of philosophy which teaches that spiritual ignorance or illusion is caused by the superimposition of a false self onto the true self, considered to be ontologically identical with the absolute (brahman).",2008-02-06T01:55:51Z
follower,social-media,before,"My favourite shows are The Gadget Show, Ugly Betty, Project Runway, Friends, The Simpsons, Skins and Hollyoaks, although I'm not a dedicated follower of soaps.",2008-03-03T14:32:37Z
follower,social-media,before,"They might see Baruch Goldstein, ardent follower of racist Rabbi Meir Kahane, firing an automatic weapon and killing 29 Palestinians at the Cave of the Patriarchs.",2008-03-27T10:00:00Z
follower,social-media,before,"Dunwoody had never been a devoted follower of New Labour or, indeed, of leadership generally.",2008-04-18T23:09:50Z
follower,social-media,during,"""Just want to mention Jamie T, die-hard cricket follower, always reading it, me and his dad rolling around on the floor doesn't stop him.",2010-03-21T00:09:38Z
follower,social-media,before,"This wasn't because of any ingrained pessimism, although the seasoned English cricket follower has come to take nothing for granted over the years.",2007-09-18T12:30:13Z
follower,social-media,before,Not being an avid follower of formula one racing I was astonished to pick up the paper and read that Lewis Hamilton is back in Spain this week road-testing his McLaren car in readiness for the new season.,2008-02-14T01:27:06Z
follower,social-media,before,"During my childhood in Buenos Aires, I was a devoted follower of the Robin Hood Library, a series of what was then called ""juvenile literature."" With happy insouciance, the publishers offered abominations such as Bomba the Jungle Boy by Roy Rockwood (which I then enjoyed for reasons today mysterious) together with classics that I still read with pleasure, such as the imaginary voyages of Jules Verne and the adventure novels of Jack London.",2008-04-11T23:08:22Z
follower,social-media,before,"In this, it seems to me that Rowan Williams is genuinely a follower of Dostoevsky's Christ.",2007-09-19T16:30:00Z
follower,social-media,before,"You are a leader, not a follower!",2009-04-10T23:01:00Z
follower,social-media,before,"Like a reluctant follower of fashion, I, too, began to think of the debate in terms of the 'xenophobic Murdoch press' et al versus some more enlightened minority views elsewhere in the British media.",2007-10-20T23:13:56Z
follower,social-media,before,"I was what was called a ""revisionist"" - a follower of Tony Crosland, one who accepted the ideas in Crosland's book The Future of Socialism as the articles of the true faith.",2007-09-23T23:15:40Z
follower,social-media,before,"If you are the kind of Wales follower who sees his glass as half full, that is a cause for celebration.",2007-09-21T23:01:03Z
follower,social-media,during,I'm avid OBO follower and have been for years.,2010-06-30T10:21:32Z
follower,social-media,before,"No one who came to know about his uncle's role in the front line against Islamist terrorism in Algeria could accept that this frightened young man was a follower of Osama bin Laden."" James Welch, legal director of the human rights group Liberty, is quoted in the Guardian saying: ""Luckily for Raissi he was arrested before the new extradition arrangements under the Extradition Act 2003 came into force.",2008-02-15T03:05:17Z
follower,social-media,before,"The dancers smirk and vamp at the audience, they wear cloaks à la Bela Lugosi, covering half their faces so that any sane character seeing them would immediately think, ""Hello, here comes the villain of the piece!"" Le Corsaire and La Bayadere were on display last week, and that paean to camp, Spartacus, is up next: men in sparkly miniskirts - what more can a camp follower want?",2007-08-08T15:46:58Z
follower,social-media,before,"Mr Eido was a prominent supporter of the tribunal, a staunch follower of Mr Hariri and the seventh anti-Syrian figure killed in Lebanon in the past two years.",2007-06-14T11:27:23Z
follower,social-media,before,As a passionate follower of music Hoy picked up on the last two - in between hooting with laughter that Marti Pellow of Wet Wet Wet infamy shared his birthday - before lingering over a more obvious inspiration.,2008-03-25T14:44:09Z
follower,social-media,before,"For several years now, I have been an avid follower of the Miss Iraq beauty contest.",2007-05-04T10:10:00Z
follower,social-media,before,One of the most popular videos is an excruciating four-part parody of those Mac v PC adverts - Christ-follower v Christian; another features a preacher with a microphone berating a street performer dressed as Gene Simmons from Kiss.,2007-04-30T07:32:49Z
follower,social-media,before,"And now, a shiver of a breeze rustling the trees in the heart of the city, there is Mitt Romney, former governor of Massachusetts, aspirant Republican candidate to succeed Bush, winner of the Iowa caucuses, possessor of a certain momentum his adversaries lack, champion fundraiser and champion non-needer of funds (because he's worth $250m) - and, like his wife and father before him, follower of the Mormon faith.",2007-08-26T23:04:51Z
follower,social-media,before,"As well as the interview with JT, the sport pages are chocka with hot England chat from Owen Hargreaves (""We're better than Israel!""), Jamie Carragher (""Play me anywhere!"") and magician Ali Bongo (""I'm not really a follower of football!"").",2007-03-22T12:42:04Z
follower,social-media,before,"But what with last week's appointment of Gary Megson as the manager of Bolton, the last couple of revolutions of the managerial merry-go-round have been enough to make even the most patient football follower feel a little dizzy.",2007-10-31T12:20:41Z
follower,social-media,before,I just wasn't a follower.,2008-02-17T00:14:44Z
follower,social-media,before,"It is about peace, peace is about love, and love is everything,"" said Ahmed Bhutto, a follower of one of the many pirs, or holy men, who moved through the crowd.",2007-09-09T23:03:05Z
follower,social-media,before,"My problem is that I am now a helpless follower of five sports - cricket and soccer, of course, but also baseball, basketball and American football, sets of rules and procedure that descended on me in 1975 when I first lived in the US, and the Boston Red Sox (my nearest team - only two and a half hour's drive away) made it to one of the great World Series in history.",2007-04-27T23:04:00Z
follower,social-media,before,"The reason is that pink being a more decided and stronger colour is more suitable for the boy, while blue, which is more delicate and dainty, is prettier for the girl."" The Sunday Sentinel in 1914 told American mothers: ""If you like the colour note on the little one's garments, use pink for the boy and blue for the girl, if you are a follower of convention."" Some sources suggest it wasn't until the 1940s that the modern gender associations of girly pink became universally accepted.",2007-08-25T12:18:18Z
follower,social-media,before,"'We could see Mileson didn't have the same twinkle in his eye within a few weeks of the season being up and running; it was as if he recognised that he had gone as far as he could go,' says Gretna follower Dave McEwan.",2008-03-23T02:10:26Z
follower,social-media,before,"Being more of a follower of league than union, I was not overly familiar with Ashton's oeuvre before last week, when I watched as many World Cup previews as I could lay my dish on, in a bid to whip myself up into the kind of rugby union fever I will need to sustain me until the competition ends just before Christmas.",2007-09-09T23:53:55Z
follower,social-media,before,"At some stage, nonsensical five-match and seven-match one-day series that tax the patience of even the devout follower will have to be pruned, and it's safe to guess it will be Twenty20 that fills the vacuum.",2007-09-26T10:58:40Z
follower,social-media,before,He was always an avid cricket and football fan and a staunch follower of Arsenal.,2007-08-02T22:55:47Z
follower,social-media,before,"It would be absolutely ridiculous to have someone playing the role of Jacques Tati."" In The Illusionist, the protagonist struggles to earn a living, but acquires a devoted follower when he visits a remote community, largely untouched by modern culture.",2007-06-21T23:02:01Z
follower,social-media,before,"Getting back to Sonny Rollins, I've had plenty of discussions about him with devoted and knowledgeable jazz lovers irritated by what they hear as Rollins's detached, sardonic, ""ironic"" aspect, somehow an inferior quality to the explicit profundity of his devotional, spiritually-focused follower, John Coltrane.",2007-05-28T14:26:23Z
follower,social-media,before,But maybe that's because she's a dedicated follower of culture.,2007-04-13T10:08:27Z
follower,social-media,before,"If the blacks and the Jews had stayed family then the blacks would have never suffered because the Jews would have showed us how to make money and keep it in the family."" Spoken like a true Farrakhan follower.",2008-04-03T08:28:03Z
follower,social-media,before,"If the blacks and the Jews had stayed family then the blacks would have never suffered because the Jews would have showed us how to make money and keep it in the family."" Spoken like a true Farrakhan follower.",2008-04-02T23:28:39Z
follower,social-media,before,Now we had what the true follower has been awaiting all summer.,2007-07-29T05:01:22Z
follower,social-media,before,It didn't stop him becoming a Lennon-and-Oko-backed celeb (the National Portrait Gallery keeps Horace Ove's portrait of him in its photo collection) or being hanged for murdering a follower in Trinidad in 1975.,2007-11-05T09:57:11Z
follower,social-media,before,It didn't stop him becoming a Lennon-and-Oko-backed celeb (the National Portrait Gallery keeps Horace Ove's portrait of him in its photo collection) or being hanged for murdering a follower in Trinidad in 1975.,2007-11-05T09:57:11Z
follower,social-media,before,"A loyal adviser to Brown since 1999, the Aston Villa season-ticket holder has been increasingly vocal on sporting issues, recently criticising fellow Villa follower David Cameron for taking up a seat at the FA Cup final.",2007-06-12T09:25:43Z
follower,social-media,before,"Yesterday the Home Office launched an urgent inquiry after it emerged that an al-Qaeda follower, Tariq al-Daour, jailed for establishing an online jihad network, was caught making a website in his cell at Belmarsh urging terror attacks.",2007-07-15T16:18:15Z
follower,social-media,before,"Many political experts believing that, should all appeals fail, President George Bush would use his powers to grant a pardon to his loyal follower.",2007-06-05T17:31:27Z
follower,social-media,before,"Bemoaning this before I've turned 40 makes me feel like an Ann Widdecombe follower, but still, what is to be done?",2007-07-25T23:12:17Z
follower,social-media,before,"And for every Harry Potter follower, there was a passer-by saying: ""Why are they all gathered around outside the stage door?",2007-03-12T15:43:08Z
follower,social-media,before,"In a wonderful documentary following Boca to Tokyo for the match against Bayern Munich in 2001, Argentinian novelist and devout Boca follower Juan Sasturain witnessed his team's defeat up close.",2007-06-13T11:13:40Z
follower,social-media,before,Had he been a follower of Khomeini?,2008-11-29T00:01:00Z
follower,social-media,before,"Luckily for me as a non-follower of football, the film actually explores everything but the beautiful game.",2007-10-05T19:00:00Z
follower,social-media,before,"It is a leader not a follower."" It may not be possible to please everybody.",2007-05-13T23:15:05Z
follower,social-media,before,"A donation of $100,000 entitles the follower to the patron of honour medal, $10,000 qualifies the member for the crusader medal and a $10m donation to the church earns the follower the ultimate accolade, the Patron Laureate medal.",2006-10-23T01:43:17Z
follower,social-media,before,"Good old Luis Aragones, everyone's favourite paragon of tolerance, is a follower of Kabbalah, and firmly believes the colour yellow is bad luck.",2007-05-24T15:11:06Z
follower,social-media,before,"He has not previously expressed an interest in assuming control at any club other than Liverpool, although Hayward is satisfied that a wealthy businessman as well as ardent follower of the game ticks the right boxes.",2007-05-21T23:12:15Z
follower,social-media,before,The background: Benjy Ferree is a weird bloke with a weird name whose music is a weird blend of feral Americana and whimsical 60s Britpop: equal parts Debaser and Dedicated Follower of Fashion.,2007-02-09T15:11:17Z
follower,social-media,before,"[Finally regains his composure] In fairness, I wouldn't say I'm a follower of that.",2007-07-13T09:53:32Z
follower,social-media,before,"I have also heard him addressing ministers, and I think that they were reassured to hear he is a follower of Jesus Christ.",2008-01-25T10:20:19Z
follower,social-media,before,"Cricket should have some equivalent to the tennis tie-break, but try selling that to the average Test match follower and you might as well try and sell them a pair of tickets to Manumission while you're at it.",2008-11-28T18:12:43Z
follower,social-media,during,"""Don't know how big the OBO in the Netherlands is, but I'm pretty sure you've got some dedicated followers over here,"" says Hans Deenen, quite possibly the OBO's only dedicated follower in Holland.",2010-03-02T07:33:53Z
follower,social-media,before,"The genocide was a story of highly organized mass hysteria, Rwanda's ""follower culture"" taken to its most evil extreme.",2007-07-16T20:00:36Z
follower,social-media,before,"The faith of Dietrich Bonhoeffer - a passionate follower of Jesus if there ever was one, who met execution for his part in the plot to assassinate Hitler with the words that for him death was a beginning - is described by Hitchens as ""an admirable but nebulous humanism"".",2007-06-23T22:51:44Z
follower,social-media,before,"I was, and remain, an optimist."" Pointing to Africa, climate change and globalisation, he declared Britain had changed under his 10-year leadership, saying: ""Britain is not a follower, Britain is a leader."" He made no reference as to whether he would stay on as backbench MP for Sedgefield.",2007-05-10T17:14:10Z
follower,social-media,before,"Otherwise he's just a follower."" It's hard to avoid the impression that Greenspan would still love to have his hand on the tiller.",2007-09-21T23:13:58Z
follower,social-media,before,"His contribution in Valencia, where he came on for the second half, had mattered as well, but even Chelsea's most loyal follower must have feared they would flag as an admirable Blackburn pounded them for a while.",2007-04-16T20:46:25Z
follower,social-media,before,"Stefan Nedu Bolton I have been a follower of Sontag for 10 years, and would impress on anyone to read her acceptance speech for the Jerusalem Prize in 2001, which showed humility and sheer brilliance.",2006-10-13T23:03:01Z
follower,social-media,before,"I have also been a follower of Leibovitz's work, so her poignant photographs of Sontag made your magazine rich pickings.",2006-10-13T23:03:01Z
follower,social-media,before,"Meanwhile Shawn Wathen writes: ""As a neophyte to the world of international football (I actively only became a follower during the 2006 World Cup, which even I recognized as not the most scintillating football ever played) I have been riveted by Euro 2008.",2008-06-26T12:35:07Z
follower,social-media,before,"But my guess is that for every one of those Torquay United or Grimsby Town banners you see among England supporters, there is at least one follower of each club who cares much more about its results than about those of the national team, at whatever level the club happens to be playing.",2007-03-22T15:00:40Z
follower,social-media,before,"""Well, I'm a great follower of David Embury, who always wrote how the cocktail should be based around the spirit.",2007-07-03T07:13:31Z
follower,social-media,before,"""Increasingly we want to be seen as a company that does want to experiment around the leading edge of technology; we want to be a leader not a follower.""",2007-02-19T06:42:20Z
follower,social-media,before,"‘Patel urges his followers to fall headlong in love with him so they could receive the unobstructed flow of his transcendental love and blessings,’ recalls Bridget Ancel, a former follower.",2006-11-19T16:57:46Z
follower,social-media,before,"Within months, Paul’s parents say he went from being a leader to a submissive follower.",2006-11-19T16:57:46Z
follower,social-media,before,"To leave would be to admit you were weak and not committed, even though you might be nearly at enlightenment.’ A Life Foundation follower, Dr Allan Forsyth, who was with him shortly before he died, maintains Paul was treated as ‘off sick’.",2006-11-19T16:57:46Z
follower,social-media,before,"and it will continue to do so unless something dramatically changes,’ the female follower writes.",2006-11-19T16:57:46Z
follower,social-media,before,"At this point I gave in, believing he was doing it for my spiritual progress - after all, he was my guru.’ ‘I woke up one night to find him climbing into my sleeping bag,’ another former female follower says.",2006-11-19T16:57:46Z
follower,social-media,before,"‘Some people want to quit but they can’t because they don’t know how to survive in the outside world,’ one former follower recalls.",2006-11-19T16:57:46Z
follower,social-media,before,"He's an Islamic devotional musician, and follower of Mevlana Jalaluddin Rumi, the 13th-century Sufi poet whose habit of literally spinning with joy as he walked through the streets inspired his followers, the whirling dervishes.",2006-10-25T10:40:30Z
follower,social-media,before,"His prospects seemed bleak, so when radical Islamist Aminah McCloud - a follower of Louis Farrakhan - helped him land a job at DePaul, a school that Mr Finkelstein describes as ""a third-rate Catholic university"", he accepted ""exile."" His prospects did not improve when he wrote a screed against Holocaust survivors called The Holocaust Industry.",2007-06-14T20:00:00Z
follower,social-media,before,"Ray Davies was the king of the 1960s character song, from the titular Dedicated Follower of Fashion to the dissolute aristo in Sunny Afternoon.",2007-01-12T23:58:42Z
follower,social-media,before,"We, the public, have already paid for the programming and believe that the corporation's power and remit give it the chance to be a leader, not a follower, in this area.",2007-05-08T10:21:46Z
follower,social-media,before,A collection of rare 16th-century architectural drawings of ancient Rome by a follower of Raphael has been acquired by the Royal Institute of British Architects for the British Architectural Library.,2006-05-04T07:55:06Z
follower,social-media,before,"He already has the haggard look of an England cricket follower about him and he's only 15 days old."" 28th over: Sri Lanka 125-5 (Kandamby 43, Mathews 19) Paul Collingwood bowls Batsmen leave the ball alone I stifle my yawn So I picked up a bad haiku habit in Japan.",2009-09-25T05:51:44Z
follower,social-media,before,I am a particularly obsessive follower of the Israeli political scene.,2007-03-09T16:28:00Z
follower,social-media,before,"We are indebted, meanwhile, to the splendid Terra Argentina website for the cheering news that a teenage fan of the Boca Juniors football club who wanted its logo tattooed on his back is suing the artist, a dedicated follower of the rival River Plate side, for giving him instead a painstakingly rendered penis.",2007-01-23T00:06:14Z
follower,social-media,before,"When that is in doubt, England lack a leader of the attack - even Matthew Hoggard is only a faithful follower.",2007-01-06T00:07:25Z
follower,social-media,before,"""He jes' di'n hit it,"" a follower muttered.",2007-04-07T00:09:16Z
follower,social-media,before,"But, in another, it did make me realise the extent to which I am a natural rule-follower.",2007-02-12T02:23:24Z
follower,social-media,before,"Vimla Devi Bansali, a follower of the minority Jain religion who was suffering from cancer, refused food and water from September 14.",2006-09-29T23:18:41Z
follower,social-media,before,"He was a follower and personal admirer of Enoch Powell, but without Powell's apocalyptic impulse or his burning hatreds.",2007-08-14T11:47:22Z
follower,social-media,before,"Any follower of a club perpetually threatened by relegation will recognise a chilling moment that occurs as the season reaches its close, a stark moment of clarity, too visually shrill to acknowledge but unignorable in its primary coloured boldness.",2007-02-03T02:07:05Z
follower,social-media,before,"""What did he do?"" scoffed one England follower.",2007-03-29T23:22:25Z
follower,social-media,before,"He was a follower and personal admirer of Enoch Powell, but without Powell's apocalyptic impulse or his burning hatreds.",2007-08-14T23:01:30Z
follower,social-media,before,"Vimla Devi Bansali, a follower of the minority Jain religion who was suffering from cancer, had refused food and water since September 14.",2006-09-29T11:31:56Z
follower,social-media,before,Is even that a misinterpretation of her behaviour that fails to see that she was the instigator of events and Brady her follower?,2007-03-25T00:14:19Z
follower,social-media,before,"Another industry follower, Richard Shim of IDC, said: ""We really haven't had a clear message from them about what they're going to do to right the ship.""",2006-11-17T02:26:55Z
follower,social-media,before,"""I have been a lifelong follower of racing, both as an owner and breeder, but I had always been disillusioned by the in-fighting, the politics and the factions.",2007-01-10T00:30:40Z
follower,social-media,before,"There was her mother - a fervent believer in Judaism - one brother who is an earnest follower of Kabbalah, the other who is a member of a Fijian island sect, one straightforward Jewish visitor, one Christian atheist visitor, plus Mavis, her children and me, all of whom are Jewish atheists and Richard Dawkins worshippers.",2007-04-09T23:05:57Z
follower,social-media,before,"'He was a leader,' says Kiefer, 'but I was not really a follower.",2008-04-26T23:06:20Z
follower,social-media,before,"This wasn't because of any ingrained pessimism, although the seasoned English cricket follower has come to take nothing for granted over the years.",2007-09-18T12:03:11Z
follower,social-media,before,"If Gordon thinks it just a bit early to appoint his faithful follower and friend through the years of waiting - Ed Balls, turning 40 yesterday - then Darling lies obviously top of the list.",2007-02-26T00:08:40Z
follower,social-media,before,"His defence team can string out the appeal long enough for Mr Bush, before he leaves office in January 2009, to grant a pardon to his loyal follower.",2007-03-06T19:26:04Z
follower,social-media,before,"Jane Martinson, associate city editor of the Guardian and a close follower of ITV's fortunes, joins us to assess the Allen legacy.",2006-07-31T22:58:06Z
follower,social-media,before,"He's concerned that Barack Obama may be too conciliatory: 'My concern is that he talks about, ""why does our politics have to be so harsh?"" There's a reason for that: we actually have severe class conflict in the US, and that ends up being reflected in the political scene.' Krugman admits he's not a close follower of British politics: 'When I would write about something overseas, I would get emails from loyal readers saying, ""please go back to bashing Bush"".' But he says Labour's reforms over the past decade could provide a model for a Democrat President.",2007-06-17T00:10:40Z
follower,social-media,before,"His great-uncle was the writer, patriot, follower of Garibaldi and singer Ippolito Nievo.",2006-09-28T23:12:03Z
follower,social-media,before,"Bonham Carter will play Bellatrix Lestrange, a follower of Harry's nemesis Lord Voldemort, in Harry Potter and the and the Order of the Phoenix, the eagerly-anticipated next instalment in the boy-wizard films.",2006-08-02T09:14:20Z
follower,social-media,before,"Meanwhile, in his home town of Lynchburg, Virginia, where he was known simply as ""Jerry"", the Falwell Ministries empire included several landmark institutions that were among the town's largest employers: a 20,000-member church, where he continued to preach every Sunday; Liberty University, originally Lynchburg Baptist College and started with only 150 students but now with 8,000 (His online biography boasts that ""a pre-school child can now enter the school system at age three, and 20 or more years later, leave the same campus with a PhD, without ever sitting in a classroom where the teacher was not a committed follower of Jesus Christ""); a correspondence school with 16,000 students; and a seminary.",2007-05-17T07:23:18Z
follower,social-media,before,"But here life has a purpose."" The making of a dynasty The Nehru-Gandhi dynasty was founded by Motilal Nehru, a western-educated lawyer who became an Indian nationalist and follower of Mahatma Gandhi.",2007-05-09T13:47:17Z
follower,social-media,before,"He will lead the battle against the Dajjal, the Islamic version of the anti-Christ, and with Jesus as his follower, will establish the global Dar el Salaam, the dominion of peace, under Islam.",2008-05-31T12:26:00Z
follower,social-media,before,"Zoroastrians point out that the roots of the name Zarathustra means ""Follower of the Star"".",2006-12-15T10:02:12Z
follower,social-media,before,"At any one time there must be at least 50 birds soaring round the boat, from the giant wandering albatross to the tiny little storm-petrels.' In a special message to The Observer from the Southern Ocean, Sir Robin wrote, 'I am an avid cricket follower but very poor player.",2006-12-17T01:15:23Z
follower,social-media,before,"Jane Martinson, associate city editor of the Guardian and a close follower of ITV's fortunes, joins us to assess the Allen legacy.",2006-07-28T11:47:22Z
follower,social-media,before,"Martin Luther King was fired by the conviction that the same anti-exclusionary spirit which he encountered as a follower of Jesus was rendered morally and practically intelligible for people in a variety of other ways - as humanists, Buddhists, Muslims and more.",2007-01-15T19:30:00Z
follower,social-media,before,"Sydney, 1990-91: Any follower of English cricket must spend at least one whole winter listening to the Ashes on the radio through the night before he can truly claim to have felt the pain.",2006-12-18T10:49:52Z
follower,social-media,before,"His lawyers can string out the appeal long enough for Mr Bush, before he leaves office in January 2009, to grant a pardon to his loyal follower.",2007-03-07T00:09:23Z
follower,social-media,before,'Unhappy the land that has no heroes!' says a follower bitterly when Galileo recants.,2006-12-24T00:30:41Z
follower,social-media,before,Joseph is a keen follower of the new operas first performed in British opera houses over the last decade.,2007-06-01T09:04:34Z
follower,social-media,before,"Tammimi, spiritual head of Diyala province's Shias and a follower of Grand Ayatollah Ali al-Sistani, Iraq's most important religious leader, was the imam at the local mosque.",2007-03-04T02:23:01Z
follower,social-media,before,"Shorn of Mitchell Johnson, the bowling unit needed a lot to go their way to present a challenge worthy gold and green."" The Australian Pro20 team (I know, I know, but Pro20 is what they are insisting on calling it in this series, I've no idea why) certainly has some novelty value for all but the most ardent follower of Australian domestic cricket, containing as it does a 35-year-old 20-over specialist from Ballarat who says that if he weren't playing cricket he would be making a living driving trucks, a 26-year-old club bowler with one of the worst first-class records I've ever seen and some cocker named Callum Ferguson.",2009-03-29T10:01:00Z
follower,social-media,before,"Julian Barnes, though a devoted follower of Leicester City, sensibly admits only a single, delicate reference to ""my team"" to the climactic section of A History of the World in 10½ Chapters (1989).",2008-08-01T23:01:00Z
follower,social-media,before,"Being neither Egyptian nor a follower of Islam I was, in a sense, disqualified from the female category.",2007-12-16T12:37:58Z
follower,social-media,before,"Being a follower of many faiths, I actively welcome discussing and debating this hot potato.",2006-12-21T13:15:23Z
follower,social-media,before,"She returned to the evangelical religion of her youth, becoming an ardent follower of the Rev Jim Bakker, the televangelist whose career would end in sexual and financial scandal in 1987.",2006-11-08T00:05:17Z
follower,social-media,before,"The health minister, Ali al-Shemari, is a follower of the radical Shia cleric Moqtada al-Sadr, who has 30 MPs in Iraq's parliament, one of the largest single blocks.",2006-11-24T11:06:05Z
follower,social-media,before,But Judge Amiri cited the example of a seventh-century follower of Muhammad to demonstrate that judges should treat all parties to a court action equally.,2006-09-13T15:43:57Z
follower,social-media,before,"As part of their studies, orphans at the centre will be taught a curriculum based on Spirituality for Kids, linked to the Kabbalah school of mysticism, of which Madonna is a follower.",2006-10-05T07:50:29Z
follower,social-media,before,"Modwenna prepares one follower to be a great prioress by blinding her, so giving her the spiritual insight to be gained (Modwenna explains) in physical blindness.",2006-12-01T12:36:23Z
follower,social-media,before,"Jenny is no ordinary fan - a keen football follower since the early Seventies, the 68-year-old retired company pension scheme administrator is one the oldest members of the England supporters' club.",2006-06-03T23:53:45Z
follower,social-media,before,"An increasingly devout follower of Hamza, a year before the July 21 attacks Osman revealed his extremist streak when he and other disciples of Finsbury Park attempted to take over Stockwell mosque.",2007-07-09T17:28:24Z
follower,social-media,before,"'Tony Blair's doing the best job he can.' So believes Hollywood actor Micky Rooney, evidently a keen follower of British politics.",2006-06-03T23:17:05Z
follower,social-media,before,"But a benign, colourblind version of skinhead culture that was about fashion and friendship is also challenged by the film and usurped by a darker, uglier vision, in which being a skinhead means being a dedicated follower of fascism.",2007-04-13T22:59:21Z
follower,social-media,before,"After Verwoerd had been rushed to hospital, a member of the public, a devoted follower of the prime minister, entered the box.",2006-09-22T23:24:02Z
follower,social-media,before,"Lynette ""Squeaky"" Fromme, a 26-year-old follower of Charles Manson, was arrested after she aimed a semi-automatic pistol at Mr Ford on September 5 in Sacramento, California.",2006-12-27T11:07:28Z
follower,social-media,before,"Osman became an increasingly devout follower of Hamza, and a year before the July 21 attacks revealed his extremist streak when he and others from Finsbury Park attempted to take over Stockwell mosque.",2007-07-10T09:54:14Z
follower,social-media,before,"""Given the way Surrey played last season, some would count that a blessing, but what a slap in the face for the South London working cricket follower (or member).",2008-12-19T03:30:45Z
follower,social-media,before,"Rhea Orthmann-Dean, 19, singer-songwriter I've been a follower for a while.",2007-02-25T00:20:26Z
follower,social-media,before,"If the killing of Iraqis triggers a young follower into something, it is because of that trigger, not because of Tablighi."" In Walthamstow, some of the suspects appear to have joined the Tablighi Jamaat group who frequent their local mosque in Queen's Road.",2006-08-17T23:55:54Z
follower,social-media,before,To roam Australia as either a camp follower or obviously-not-local hack while Andrew Flintoff's cricketers flop in each state capital is to invite the worst sort of pity.,2006-12-24T01:11:55Z
follower,social-media,before,Britain is not a follower.,2007-05-10T13:14:17Z
follower,social-media,before,I consider myself to be a Christian - or at least a follower of the basic principles - but I am also a gay man and don't find it a contradiction.,2006-07-20T14:40:26Z
follower,social-media,before,A casual follower of British politics would struggle to match these policies to their respective patrons.,2006-06-05T23:03:28Z
follower,social-media,before,"Far from merely being Monet's assiduous follower, he is the movement's most articulate theorist - and it is this pure dedication to the idea of art as pleasure that makes him so hard to take in our joyless age.",2007-02-12T10:18:22Z
follower,social-media,before,"When it comes to post-match analysis, Short is definitely a follower of the Alan Hansen school.",2006-07-11T13:25:03Z
follower,social-media,before,"He's a great follower of the game and could tell you how Lincoln or Rochdale are doing just as he could tell you about Chelsea or Arsenal."" Redknapp highlights Ferguson's decision-making in evolving the Manchester United team as the key to his long tenure at Old Trafford.",2006-11-04T01:45:51Z
follower,social-media,before,"""Should he be needed from the bench, can a follower of Liverpool reserves enlighten us about Peter Crouch's form,"" wonders Gary Naylor, who bothers to sign his email Gary Naylor as if that kind of probing could come from anyone else.",2007-10-13T16:22:19Z
follower,social-media,before,"In Helsinki I found a people and a government proud of their 100-year-old democracy, and of the fact that they were the first nation to allow women to vote and to stand for election; proud, too, of their woman president, Tarja Halonen (whom I happened to pass in a Helsinki street as she shopped, casually and undisturbed by her fellow citizens, with only one burly follower).",2006-07-17T15:11:43Z
follower,social-media,before,"He was a follower of the British economist John Maynard Keynes, who argued governments could smooth the cycles of boom and bust by spending more in bad times and raising taxes when economies picked up.",2006-05-01T16:23:54Z
follower,social-media,before,Surely the first Premiership follower can't be far behind?,2006-02-25T00:03:49Z
follower,social-media,before,"He is now silencing his critics after being vilified over a long period in France, and ridiculed, as a follower of astrology, for publicly stating that he does not like the Scorpio star sign, under which the excluded Robert Pires was born.",2006-07-08T16:56:59Z
follower,social-media,before,"Mr Barroso, who is reported to be an avid follower of Westminster politics, told the Spectator he found Mr Brown ""a very intelligent person"".",2006-07-06T13:06:41Z
follower,social-media,before,A 78 - the second highest break of the match - reduced the deficit to 12-6 and Tottenham follower Ebdon pulled back another in the next.,2006-05-01T17:54:45Z
follower,social-media,before,"I am a manager of a team, and have not enjoyed the experience as I now think I am more of a follower than a leader.",2006-04-29T00:02:10Z
follower,social-media,before,"So, it's far too soon to write yourself off as a follower rather than a leader.",2006-04-29T00:02:10Z
follower,social-media,before,King Osagyefo Amoatia Ofori Panin is a keen follower of the game and his visit is thought to be part of a fact-finding mission linked to his plans to build a golf complex at home.,2006-07-19T07:29:04Z
follower,social-media,before,"Democratic deficit: If you're an avid follower of Big Brother or the unbelievably tedious Only Fools on Horses (presented by Angus Deayton and Kirsty Gallacher), and you regularly dial in to vote, consider this.",2006-07-14T23:04:09Z
follower,social-media,before,"Cpl Cornish, a Yorkshireman, was a keen follower of Leeds Rhinos rugby league club and Tottenham Hotspur FC.",2006-08-02T00:40:56Z
follower,social-media,before,"Peace, strength, moral goodness - such are its traditional associations as embodied in the lily and the dove in The Annunciation by a follower of Perugino (c1510).",2006-01-26T11:04:58Z
follower,social-media,before,"The simple observation of one Big Brother follower that ""I look forward to it because it is something we can all talk about at work"", is another profound lesson in how television should be constructed.",2006-05-22T08:53:25Z
follower,social-media,before,"As a follower of the Afro-Cuban Santería religion, in which the percussionist mediates between human beings and the gods, the drum was for Díaz a spiritual instrument.",2006-08-13T23:07:56Z
follower,social-media,before,"Just as the wholesale purge of all Ba'athists rather than just the leadership alienated an important sector of society in Iraq, ousting every Taliban follower created serious problems in Afghanistan, although the damage was different.",2006-10-19T23:09:51Z
follower,social-media,before,"Tilson Thomas is Bernstein's most faithful and hopeful follower, and with these programmes he is performing radical acts of demystification.",2008-01-06T17:47:04Z
follower,social-media,before,"He was, and is, a follower of the creed of naturism - the belief that by stripping off you can also strip off centuries of negative social conditioning and show yourself to the world as God intended.",2006-07-28T23:06:08Z
follower,social-media,before,"It's hard to describe [why] because ""down-to-earth"" usually describes someone who acts more humble than they actually are - because they know that it behoves them to not be an asshole!' She sits bolt upright in her seat, business-like, hands jammed in the pockets of the coat she doesn't take off, happy to discourse with nuanced savvy on questions of artistry or business or topicality - she's a keen follower of Middle Eastern politics and an avowed Democrat who's yet to decide between Hillary Clinton and Barack Obama.",2007-11-25T10:45:40Z
follower,social-media,before,"Cozier is already talking about ""ominous signs"", which may be the weary voice of a long-suffering Windies follower.",2009-03-06T12:53:45Z
follower,social-media,before,"But White is a keen follower of fashion, a man alive to the zeitgeist.",2006-09-02T23:03:09Z
follower,social-media,before,DeVos is a zealous follower and supporter of the most extreme organizations of the religious right.,2007-04-06T10:00:00Z
follower,social-media,before,"The heart of the collaborator and follower of the genius of Lenin's work, the wise leader and teacher of the Communist party and of the Soviet people, stopped beating."" The news would bring pain to the hearts of all men.",2006-03-07T09:22:42Z
follower,social-media,before,"The simple observation of one Big Brother follower that ""I look forward to it because it is something we can all talk about at work"", is another profound lesson in how television should be constructed.",2006-05-21T23:01:52Z
follower,social-media,before,"According to legend, however, a devoted follower managed to find and conceal some of her remains, including fragments of charred rib and material from clothing, that today are one of the Roman Catholic church's most precious relics.",2006-02-14T00:38:19Z
follower,social-media,before,"Those who can take a large measure of ad hominen drivel with their debate can also peruse peruse Ferguson's camp follower Lawrence James's contribution, but it adds little to the consideration of the issues.",2006-06-19T14:50:30Z
follower,social-media,before,"The public interest, in every sense of the word, has seldom been more evident or more copiously served - with print taking the lead because the BBC of 1963 was a starchy, cautious follower of events.",2006-03-10T14:15:27Z
follower,social-media,before,"We intend to be a market leader, not a follower,"" said Mr Parsons.",2006-02-01T07:47:56Z
follower,social-media,before,Where is there to go for a follower whose leader has died?,2006-04-28T23:53:56Z
follower,social-media,before,"""Miuccia Prada, because she's a fashion innovator rather than a fashion follower."" Where do you see yourself in five years' time?",2006-05-28T11:16:39Z
follower,social-media,before,"In foreign affairs, Blair faces the daily more daunting task of confounding those who believe, in ever-increasing numbers and with ever-mounting dismay, that he is not a leader of Britain but a follower of America.",2006-07-28T23:06:50Z
follower,social-media,before,It's not as if every football follower elsewhere buys the 'England as authentic home of football' line.,2006-07-09T10:50:33Z
follower,social-media,before,"But the issue is not one for Iraq alone: the golden mosque is a site of pilgrimage for the Shia of Iran and is of special significance for the Iranian president, Mahmoud Ahmadinejad, a follower of the 12th imam.",2006-02-22T18:00:33Z
follower,social-media,before,"Unlike Archer, he is not a follower of Bristol Rovers and does not have to worry about the bounder standing next to him for 90 minutes.",2005-11-30T00:03:26Z
follower,social-media,before,"But as long-time Lessing follower John Leonard lamented in a review of one of her outer-space Canopus novels in 1982: ""Why does Doris Lessing - one of the half-dozen most interesting minds to have chosen to write fiction in English in this century - insist on propagating books that confound and dismay her loyal readers?"" His answer: ""She intends to."" And here she's at it again.",2007-01-20T10:24:00Z
follower,social-media,before,"Shortly afterwards, the prosecution claimed, a hunt follower gave a thumbs-up sign to the monitors and said: ""1-0"", implying a fox had been killed.",2006-07-31T23:02:07Z
follower,social-media,before,"And as follower, I plan to control him."" Blimey.",2007-04-11T19:32:24Z
follower,social-media,before,"Bob Barton says he is ""almost certainly the only OBO follower in Sonceboz, Switzerland (what a pitiful claim to fame)."" Before noting that of the ""loads of cricket in English literature - one of my favourites is the excellent school story 'Mike' by P.",2007-06-17T18:14:57Z
follower,social-media,before,"He's a leader, not a follower.",2007-07-20T14:10:18Z
follower,social-media,before,"In one famous proof that madness was defined by a patrician establishment, an American follower of Laing, David Rosenhan, arranged for eight healthy researchers, himself included, to check themselves in to mental hospitals.",2007-03-03T12:47:51Z
follower,social-media,before,"""He's developing from a follower into a player who leads others.",2006-02-20T01:51:18Z
follower,social-media,before,"Everything happens with the will of God."" Another follower added: ""Sometimes the youngsters say that if they saw President Bush they would chop his head off, and things like that.",2006-08-19T01:48:12Z
follower,social-media,before,"""I'm not a Paul follower at all.",2007-06-05T20:12:26Z
follower,social-media,before,"Meanwhile, Gail knew Sarah Lou was worth more than that slack-jawed, apostolic follower of Charlie Stubbs.",2006-08-11T23:11:27Z
follower,social-media,before,"Far from maintaining the courage and intellectual rigour of the campaigning standards then adopted by CBS's legendary news division, first through Ed Murrow's See It Now, (his principal attack vehicle against Senator McCarthy), and later by such reporting/commentary giants as Walter Cronkite and Morley Safer, the BBC has emerged in the 21st century as a sad follower of the dumb-down trend.",2006-03-06T00:41:12Z
follower,social-media,before,"Alejandro Valderde of Spain won a mountain stage last year, and is currently leading the ProTour standings after a strong early season, but has yet to finish a Tour; Paco Mancebo, his fellow Spaniard, is a fine rider, but essentially a follower.",2006-06-24T23:53:07Z
follower,social-media,before,"One minute it had been dangerous to be a follower of Cromwell and his gloomy, crop-headed gang, the next it was vital to prove that you'd never been that keen on the king and his high-handed ways.",2006-05-26T23:53:12Z
follower,social-media,before,"A riotous publicity hound who was jailed for murder and then released after the intervention of the Medicis and the pope, Cellini was a gifted follower of Michelangelo and penned a self-promoting ""autobiography"".",2006-01-23T12:16:00Z
follower,social-media,before,"I've been an intermittent follower of his career since he attended my belated ring debut in 2000 at Gleason's gym in Brooklyn, which holds monthly white-collar fight evenings for men suffering mid-life crises.",2006-02-28T15:53:55Z
follower,social-media,before,"The place would have been fairly well known to a certain kind of pilgrim-devotee and follower of the local Maharashtrian deity Khandoba (who began his career as a folk-god, a protector of cattle and sheep, and graduated slowly to Brahminical acceptance as an incarnation of Shiva); but it would probably have been obscure to Kolatkar and his friends.",2006-10-20T23:54:32Z
follower,social-media,before,But - as a non-addicted follower of George Bush - I had a nasty turn half way through the state of the union.,2006-02-06T00:26:50Z
follower,social-media,before,"""The case against the hunting ban is going through the European courts at the moment and that could take years,"" one long-time follower of point-to-pointing said yesterday.",2006-02-03T21:49:10Z
follower,social-media,before,"Other People's Lives isn't that extreme, but nor is it likely to draw in younger listeners who have recently noticed that the distance between Dedicated Follower of Fashion and Fake Tales of San Francisco is really no distance at all.",2006-02-17T00:20:49Z
follower,social-media,before,"12th over: West Indies 57-3 (Gayle 32 Chanderpaul 10) ""Have to admit to not knowing until now that you are not only a follower of the Mighty Somerset, but write for Frome's local rag."" That's alright Tom Southerden, I won't hold it against you, ""I live pretty near Frome, in a circle of hell Dante didn't get round to mentioning called Gillingham (no, not the one in Kent) and had the pleasure of watching Somerset spank the dirty Surrey in a sunday league game at Bath the other day.",2007-06-18T17:49:57Z
follower,social-media,before,"It is not clear what will happen to a third follower, Anjem Choudray, who has also made controversial statements about British Muslim suicide bombers.",2005-08-09T23:06:13Z
follower,social-media,before,"Even if I am British, I don't follow the values of the UK - I follow the values of Islam."" Anjem Choudray Bakri follower A 38-year-old solicitor from Ilford, Essex, Choudray joined al-Muhajiroun in the late 90s where he quickly established himself as Bakri's right-hand man, as well as a more media-friendly spokesman for the organisation.",2005-08-09T23:06:13Z
follower,social-media,before,"But where he was once a leader, with Sky TV and the Wapping print revolution, Murdoch now looks like a follower, albeit one with a global media empire generating a turnover of nearly $24bn.",2006-07-17T12:05:46Z
follower,social-media,before,"I've never been a regular follower of the strip - though I've always appreciated its acuteness - and it often seemed to me to be symptomatic of an obsession with all things American in the UK media that sometimes seems to skew our coverage away from the rest of the world."" G2 will run an omnibus for the week on Friday to allow readers to catch up before starting the daily strips again next week.",2005-09-13T13:37:17Z
follower,social-media,before,"His partner in the Jaffa affair, Baruch Marzel, is a rightwing settler and follower of the infamous Rabbi Meir Kahana.",2006-03-28T11:30:53Z
follower,social-media,before,"As a gambler and follower of the turf, Fox was in the Kerry Packer bracket.",2006-04-14T23:02:44Z
follower,social-media,before,"But the site holds out hope for a Napster-style rebirth by giving advance adverts of a ""safe, secure and legal"" peer-to-peer experience in the form of its next-generation follower, Grokster3G.",2005-11-08T12:15:41Z
follower,social-media,before,"Foulkes, a life-long follower of the club, was made chairman in April 2004 and set about and achieved his immediate aim of saving the club's stadium from demolition after the former chief executive, Chris Robinson, had agreed to sell Tynecastle to cover spiralling debts.",2005-11-01T22:30:31Z
follower,social-media,before,This is the modern version of the camp follower [commonly known as a 'good-time girl'].,2005-11-01T02:06:30Z
follower,social-media,before,"'When political power is irresponsible,' he concludes, 'it opens the way for those who contend that they speak for justice, morality, and God.' Decoded, this accuses Bush, Cheney and the Halliburton profiteers of having invented Osama bin Laden and his metal-mitted north London follower.",2006-03-12T00:57:57Z
follower,social-media,before,"But where he was once a leader, with Sky TV and the Wapping print revolution, Murdoch now looks like a follower, albeit one with a global media empire generating a turnover of nearly $24bn.",2006-07-17T12:05:45Z
follower,social-media,before,"They are: St Dorothy with the Christ Child (1508), by a follower of Martin Schongauer; Virgin and Child Adored by St Elizabeth and the Infant St John, by Martin Johann Schmidt; An Allegory on Poetic Inspiration with Mercury and Apollo by the 18th-century English artist Nicholas Blakey; and The Holy Family by the 16th-century Bolognese artist Niccolo dell'Abbate.",2005-05-25T10:46:00Z
follower,social-media,before,"If one of your countrymen was among them, you knew about it, even if you weren't a follower of the sport.",2006-03-08T11:00:46Z
follower,social-media,before,"As a young cleric in Qom in 1978, he was an enthusiastic follower of Khomeini and became a member of the first parliament after the revolution.",2006-10-07T22:47:32Z
follower,social-media,before,"Can one be a follower of Jesus Christ, respect human rights, present liberalism as a civilisation model, announce one's opposition to the proliferation of nuclear weapons and WMD, make ""war on terror"" one's slogan and work towards the establishment of a unified international community - but at the same time have countries attacked, lives, reputations and possessions of people destroyed and, on the slight chance of the presence of a few criminals in a village, for example, set the entire village ablaze?",2006-05-10T23:03:35Z
follower,social-media,before,"Britain needs a foreign policy free of a mortgage to the White House, yet your decision to break links with Europe's centre-right means that you risk being an even more slavish follower of Washington's fashions.",2005-12-22T01:36:35Z
follower,social-media,before,"Cruise, whose new film War of the Worlds hits British cinemas on Friday, is a follower of the church of Scientology, which opposes psychiatric medicine.",2005-06-28T10:21:27Z
follower,social-media,before,"He belonged to a group that subscribed to the theories of Melanie Klein (no relation), a follower of Freud.",2005-12-21T09:06:25Z
follower,social-media,before,Now I see that the whole point of the party was to be a slavish follower of Moscow.,2006-10-21T12:22:18Z
follower,social-media,before,"Based on a suitably scary scenario (dedicated Wolverhampton Wanderers follower unwittingly carrying virus flies back from trip to Hong Kong, nips home, picks up family, takes them to Molineux stadium to watch the lads, infects all fans within swearing distance), the plan could involve training people to take over critical municipal jobs like cremators and binmen, emergency-planning manager Charlie Hickman told the Express and Star.",2005-10-25T23:02:36Z
follower,social-media,before,Michelle Gibson Cambridge The Haynes manual for my motorcycle (a Honda VFR 800 to be precise) gives detailed instructions on how to construct a cam follower bore protector using a 35mm film canister.,2005-05-27T23:02:51Z
follower,social-media,before,"""As an Aussie-English hybrid living in Germany, and a loyal follower of the Guardian OBO, I have to object to the vapid anti-Australianism given voice by so many of your correspondents,"" says Phil Brydon.",2007-04-25T15:25:08Z
follower,social-media,before,I figured if I told them I was an enlightened Zen follower they would lock me up for 50 years or something.,2006-11-19T02:23:03Z
follower,social-media,before,I am a committed follower of the latter strategy.,2005-07-19T13:20:12Z
follower,social-media,before,"I wish it were impossible,"" referred to: a) a woman preaching a sermon b) a celebrated violinist playing a piece c) a Scot dancing the Highland Fling d) the compilation of a dictionary D3 His dictionary defines a dandiprat as: a) A fool b) An urchin c) A follower of fashion d) A plagiarist D4 Dr Johnson often looked rather odd when walking or sitting.",2005-06-09T01:12:51Z
follower,social-media,before,"""It's a bit like Songs of Praise,"" suggested one hunt follower.",2006-01-05T09:17:45Z
follower,social-media,before,"Friday's holiday is the initiative of Argentina's centre-left president, Nestor Kirchner, in 1976 a Peronist - a follower of the charismatic former president Juan Peron and his wife Evita - who lost many friends in the repression.",2006-03-22T00:00:46Z
follower,social-media,before,"It's a long, drawn-out process to become a level-four coach but it's a very valuable one.' Moody is no slavish follower of the textbook and is unlikely to baffle his charges with science, but he says he has learnt a lot chatting over coaching issues with his peers on the various courses he's been required to attend.",2006-05-07T22:54:58Z
follower,social-media,before,"Not that it matters, but the way England have surrendered abjectly is cringe-inducing for any cricket follower,"" says Yajnaseni Chakraborty.",2006-12-28T06:54:00Z
follower,social-media,before,The mouthful of abuse directed by one hunt follower at monitors from the League Against Cruel Sports expressed the rancour and suspicion stirred up by the new Hunting Act.,2005-04-15T23:06:26Z
follower,social-media,before,"""Flushing means not chasing the animal for a long time."" A hunt follower in a white jeep tailed his vehicle around the country lanes.",2005-04-15T23:06:26Z
follower,social-media,before,"It's not sport, it's blood-lust kicks."" Descending into the valley below Molland common, a hunt follower on a quad bike swerved sharply in front of his Land Rover, veered away and smashed into the wing mirror of a second league jeep behind.",2005-04-15T23:06:26Z
follower,social-media,before,I've never been a regular follower of the strip - though I've always appreciated it's acuteness - and it often seemed to me to be symptomatic of an obsession with all things American in the UK media that sometimes seems to skew our coverage away from the rest of the world.,2005-09-13T07:37:56Z
follower,social-media,before,"Shakespeare's patron, Southampton, was a follower of Essex, so it must have been a political gesture on Shakespeare's part to dedicate to him The Rape of Lucrece, a highly Tacitean account of the tyranny of Tarquin and the establishment of the Roman republic.",2007-04-14T15:36:26Z
follower,social-media,before,"The singing here was decent, no more, though Maltman managed to inject some life into the proceedings as both a drunken follower of Bacchus and a randy shepherd.",2005-04-05T01:20:47Z
follower,social-media,before,"I think it is a role for the First Minister of Scotland to speak up, but to do it sparingly.' When decisions are being made at Westminster which impact on Scotland, he says it is his responsibility to try and steer them: 'We shouldn't shirk on that when it is appropriate.' McConnell's critics refer to him as the First Follower rather than First Minister, but he argues that showing leadership in Scotland is not as simple as exploding in fury at Westminster's ways: 'When I do feel the need or desire to say something, I do it in a rational, not a provocative way, because I want to change the UK government policy.",2006-01-29T01:11:50Z
follower,social-media,before,"The Kandahar governor, Gul Agha Sherzai, said the bomber was an Arab follower of Osama bin Laden.",2005-06-01T23:07:24Z
follower,social-media,before,"And yet the overall effect was an odd combination of what Doherty, quoted in the Sun the next day, called ""no big deal"" and what even the most casual follower of Moss's career admitted was quite fascinating.",2005-09-16T23:18:20Z
follower,social-media,before,"It is not that the race is on and we have to win it.' He does, however, take some pleasure from the fact that Trinity set out its net strategy before Rupert Murdoch, whose conversion from internet sceptic to slavish follower could be described as Damascene.",2005-11-13T00:27:00Z
follower,social-media,before,"""There is a possibility that Chávez will get his first governmental follower,"" said Peter Hakim, president of the Washington-based Inter-American Dialogue.",2005-11-14T00:00:49Z
follower,social-media,before,"Two years after that, Tobias and the Angel, as it still was, regarded as being by a follower of Titian, was X-rayed, and the existence of a second painting revealed beneath.",2005-09-17T22:54:03Z
follower,social-media,before,"I'd still like to get him clothes, but he's not a fashion follower, so no uber-trendy recommendations, please.",2006-12-17T16:55:32Z
follower,social-media,before,"'Do you consider yourself a natural leader or a born follower', is a good example.",2005-08-06T01:01:35Z
follower,social-media,before,"A couple of days after my ride with the Cottesmore, I am out again, this time as a car follower at the opening meet of the Heythrop, a rather grand hunt whose ""country"" straddles Gloucestershire and Oxfordshire.",2006-11-07T15:34:36Z
follower,social-media,before,"One follower, who asked not to be identified, told the Guardian that society has nothing to fear from the group.",2005-03-18T11:09:31Z
follower,social-media,before,"""It depends on the definition of guru,"" the follower said.",2005-03-18T11:09:31Z
follower,social-media,before,"A Department for Culture, Media and Sport official said the judge's ruling had clarified the issue, adding: ""We will now look seriously at the case for legislative action."" The drawings are: St Dorothy with the Christ Child (1508), by a follower of Martin Schongauer; Virgin and Child Adored by St Elizabeth and the Infant St John, by Martin Johann Schmidt; An Allegory on Poetic Inspiration with Mercury and Apollo by the 18th century English artist Nicholas Blakey; and the Holy Family by the 16th century Bolognese artist Niccolo dell'Abbate.",2005-05-27T23:02:00Z
follower,social-media,before,"On Friday, he was revisiting his days as a student follower of Ayatollah Khomeini and rallying demonstrators in the street against Israel to mark 'Jerusalem Day', the fourth Friday of Ramadan, reiterating his predictions of Israel's demise.",2005-10-30T01:28:13Z
follower,social-media,before,"Much of the time is devoted to people walking and talking in Manhattan, and the movie resembles Indecent Proposal remade by a naive young follower of Woody Allen.",2005-09-25T00:00:01Z
follower,social-media,before,"If you're a follower of interior fashions, then you'll be lusting after a knitted home accessory or two.",2005-03-05T01:36:40Z
follower,social-media,before,"But as an equally longtime follower of the saga of medical research company Huntingdon Life Sciences, I can only despair at the events in New York this week.",2005-09-10T23:18:52Z
follower,social-media,before,"As the group left the room the press conference was being held in, one member, Abu Irhaab, said he was a follower of Omar Bakri Muhammad, the firebrand radical who once called for the murder of prime minister John Major.",2005-04-20T00:52:05Z
follower,social-media,before,"The sword was one of 18 weapons in which a Shaolin follower must become expert and the knife was a ""willow leaf knife"", the use of which required high skill.",2005-02-11T00:03:23Z
follower,social-media,before,"His hospital was also treating a seriously injured follower of Antauro Humala, a retired army major who, with his brother, seeks to establish a nationalist indigenous movement modelled on the ancient Incan empire.",2005-01-03T00:01:53Z
follower,social-media,before,"As a follower of his work, I find it impossible not to see this as strategic, rather than accidental or sentimental, and part of Hughes's ambition to enter the world of intuition, innocence, and possibility.",2006-02-18T23:50:43Z
follower,social-media,before,"The Autobiography reproduces the BBC memo with Sherrin's brief to himself: 'Aware, pointed, irreverent, fundamentally serious, intelligently witty, outspoken in the proper sense of the word.' TW3 owed very little to any predecessor, but influenced every follower.",2005-09-10T23:19:07Z
follower,social-media,before,"As any keen follower of the tonsorial tendencies of our politicians should have noticed, Busted's Charlie Simpson has long sported a burgeoning Tory flop.",2004-10-30T10:26:54Z
follower,social-media,before,"Prada Bowling Bag Miuccia Prada's most enduring contribution to bag history may be the black nylon 'Pocone' backpacks from the Eighties, but every fashion follower knows that the outsized, ostrich-skin bowling bag that graced every starlet's arm in 1999/2000 was one of the first stirrings of the modern it-bag era.",2006-07-23T12:24:03Z
follower,social-media,before,"Castro, like all good leftists, was an enthusiastic follower of cinema, well versed in Hollywood productions, and well aware of film's usefulness as propaganda.",2005-11-12T01:17:08Z
follower,social-media,before,Steve works on the leading edge while Bill is essentially a follower.,2006-01-29T00:43:33Z
follower,social-media,before,"He is from the basij, committed to the system, loyal to Islam and a follower of the Supreme Leader.",2005-06-25T23:54:48Z
follower,social-media,before,"Georgia wonders whether being in love was ""something like being a twin"", though, when she falls for the Jimi Hendrix follower Toby, Bel cautions against joining herself to ""another so like you"".",2005-05-27T23:31:43Z
follower,social-media,before,"When it came to navigating the digital future, Sony should have been the leader, not a bumbling follower.' Fortune describes how the corporation went down a series of cul-de-sacs, such as the Network Walkman and Sony Connect, as meanwhile the smaller Apple invaded its traditional territory with the iPod.",2005-02-20T01:55:14Z
follower,social-media,before,"From the start it evokes Heaney's ""Follower"": ""My father worked with a horse-plough / His shoulders globed like a full sail..."" Both pieces are about the process of articulating and trying to break free from influence and both pieces end by drawing out the symbolic implications of their descriptions.",2004-09-11T00:48:50Z
follower,social-media,before,"Heaney, perhaps rather melodramatically, transforms the father from the followed to the follower; Polley attempts something more complex and ambitious.",2004-09-11T00:48:50Z
follower,social-media,before,"But, although it reaches beyond the poem that inspired it, ""Smoke"" is, in the end, nowhere near as achieved as Heaney's ""Follower"".",2004-09-11T00:48:50Z
follower,social-media,before,"""I reckon it'll be 4-0 to the All Blacks,"" muttered one pessimistic camp follower yesterday.",2005-06-13T00:37:21Z
follower,social-media,before,Or am I speaking from the perspective of an England follower?,2007-03-23T17:26:45Z
follower,social-media,before,"In the Synoptics, Jesus was buried by Joseph of Arimathea alone, but in John, Joseph was joined by another crypto- follower of Jesus, Nicodemus.",2005-03-26T00:05:16Z
follower,social-media,before,For the modern football follower Chelsea's success of 1955 and the means by which it was achieved must seem as remote as the Boer war was then.,2005-04-30T00:11:55Z
follower,social-media,before,For as long as the professional game has been inventing ways to extend the season beyond the regular into the irregular - the Premiership play-offs spring to mind - the only real interest for the non-partisan follower for seven months of the season has been at the other end of the table.,2005-05-01T00:22:35Z
follower,social-media,before,"Yesterday Beckham elaborated, saying his manager could be ""ruthless"", and though Eriksson said ""I am a good listener"", he has been agitated this week by stories of player power, the implication being that he is a malleable coach, a follower of football's trends rather than an innovator.",2005-09-03T00:19:50Z
follower,social-media,before,"Mr Flynn said Aegis was now ""twice as big as it was by any measure"" because the company had been ""a leader not a follower"".",2005-02-08T08:12:18Z
follower,social-media,before,"I believe he will provide clear leadership to his flock but also will prove a worthy follower of Pope John Paul in bringing the peoples of the world together."" Michael Ancram, the Conservative's foreign affairs spokesman",2005-04-19T09:17:03Z
follower,social-media,before,"Pin Stripe Teddy Boy, a portrait of a slightly battered follower of fashion by Kay Harwood, was one of 30 canvases shortlisted yesterday for the Lexmark international prize for painting.",2004-04-23T11:14:31Z
follower,social-media,before,"Reid, who is imprisoned in Colorado, also told the court: ""I'm a follower of Osama bin Laden.",2005-02-28T14:31:13Z
follower,social-media,before,He is a follower of Jesus.,2006-01-07T18:00:53Z
follower,social-media,before,"Who knows, had there been a proper discussion between the politician and philosopher, Blair might have remained an unconscious follower of TH Green.",2005-02-26T01:39:00Z
follower,social-media,before,"And that famous follower (sorta) of Saussure, Nelly, has kindly proven the thesis.",2004-09-10T10:26:50Z
follower,social-media,before,"They backed up the risque 'Dedicated Follower of Fashion' - 'he pulls his frilly nylon panties right up tight' - with some extraordinary costumes, like the thigh-length leather waders sported with such gusto by Dave Davies.",2006-11-12T02:08:30Z
follower,social-media,before,"There is another touch of the 19th century here, for Chávez is a follower and promoter of the ideas and career of Simón Bolívar, the Venezuelan leader who brought the philosophy of the European Enlightenment and the French Revolution to Latin America, and liberated much of the continent from Spanish rule.",2005-08-24T23:03:40Z
follower,social-media,before,"But is he also utterly committed, a leader as well as a follower?",2004-12-26T02:25:02Z
follower,social-media,before,"""It was the dogmatism that was the problem for me, which is why I was not a follower.",2006-01-31T14:49:34Z
follower,social-media,before,"Cliff told Sue he was not a follower of the sport of kings but had been invited to the National by the owner of Amberleigh House, Sir John Halewood, a neighbour of his in Barbados.",2005-04-11T00:22:16Z
follower,social-media,before,"I think you'd better have another drink,"" says a Surrey Union hunt follower, dodging the enormous backsides of some horses and offering more punch to the riders at a farm near Albury.",2004-11-06T01:57:54Z
follower,social-media,before,One hunt follower spots what he thinks may be three saboteurs near a wood 500 metres away but they prove to be walkers.,2004-11-06T01:57:54Z
follower,social-media,before,"In his youth, he was a follower of the individualistic 'Objectivist' philosophy of Ayn Rand (whose views were summarised as, 'the concept of man as a heroic being, with his own happiness as the moral purpose of his life').",2005-08-21T00:21:00Z
follower,social-media,before,"Balance on the rim of the cam a movable rod - known, philosophically enough, as the 'follower' - and the rod will rise and fall, following the shape of the revolving cam.",2004-09-05T11:24:49Z
follower,social-media,before,"The follower prods spoons, sponges, arms, legs and wings into activity.",2004-09-05T11:24:49Z
follower,social-media,before,"A cam shaped like the figure six, a 'snail cam', will repeatedly raise its follower, then drop it suddenly, ideal for the rise and fall of a butcher's cleaver.",2004-09-05T11:24:49Z
follower,social-media,before,"White supremacists called Mandela a terrorist, but it was inconceivable that he would have responded to Margaret Thatcher's support for apartheid by ordering a follower with a pregnant wife to turn himself into a human bomb and blow to pieces travellers on the Underground.",2005-07-17T01:24:24Z
follower,social-media,before,"Police had tried to arrest a senior Sadr follower at a university in the southern city of Kufa on Friday, but had been shooed away by the university's dean.",2004-08-03T23:02:37Z
follower,social-media,before,"By the time Scotland travel to Italy to play the group favourites Smith will have had plenty of opportunities to watch club games, but whether he will be a regular follower of Brighton, who are fifth from bottom in the Coca Cola Championship, remains to be seen.",2004-12-09T00:27:03Z
follower,social-media,before,"Rananim never had more than three members - the Lawrences themselves, plus their die-hard follower Lady Dorothy Brett; even Mabel Dodge resisted - but its setting was stunning.",2006-03-19T19:36:58Z
follower,social-media,before,"At the time The Observer 's art critic, William Feaver, hailed Geoffrey's surreal work, saying: 'He proves himself a devoted follower of Duchamp by running rings around him.' But it was not until 1993 that Geoffrey, who has produced a total of 1,500 paintings, learnt that the works, abstract paintings based around the theme of an ideal landscape and completed on canvases 10ins by 14ins, had been lost or damaged.",2005-01-16T01:14:00Z
follower,social-media,before,"The best-known follower of the National Fascisti, a splinter group formed a year later, was the transvestite Valerie Arkell-Smith, who, masquerading as ""Colonel Barker"", taught fencing and boxing to teenage recruits, and advised them to avoid getting mixed up with women.",2005-04-22T23:35:17Z
follower,social-media,before,"""I feel like I am in a daydream,"" said Louie Eze, a regular foot follower.",2005-02-18T02:22:07Z
follower,social-media,before,"More of a follower than a leader, he makes poor judgment calls and can't shake off their uncomfortable consequences.",2005-03-08T01:30:52Z
follower,social-media,before,"""Mr Blair has lost not just a committed follower and a cabinet heavyweight, but a man crucial to his election strategy.",2004-12-17T01:44:20Z
follower,social-media,before,"Get the Sun written about excitedly in accustomed terms, as though it were a leader, not a follower.",2005-03-13T01:49:56Z
follower,social-media,before,"As with the cause of human rights and the rule of law, I am not a great follower of fashion: I don't play the media-bashing game and I expect elected politicians rather than journalists to provide moral leadership on sensitive subjects.",2005-04-16T00:06:36Z
follower,social-media,before,"Top tip for the season ""Pencil skirts, high-waisted trousers, chiffon ruffle blouses, belted coats, boxy jackets and swing coats."" 31 Coleen McLoughlin Wag, pundit, model Over the past year, the 20-year-old fiancée of footballer Wayne Rooney, from Croxteth, Liverpool, has risen from fashion follower to fashion opinion former and face of Asda.",2006-09-15T23:26:31Z
follower,social-media,before,Ensure your understanding of the political process and how parliament works is detailed and thorough; become an avid follower of political news.,2004-07-17T00:55:29Z
follower,social-media,before,"Avid follower of the Italian game as he is, the little green fellow would then probably add that Palermo have reached Europe for the first time ever (and celebrated by firing their manager), that Fiorentina's survival now hangs by a thread thanks to the biggest refereeing howler of the season, and that Udinese look set to use the Fourth, in a very real sense.",2005-05-24T15:24:22Z
follower,social-media,before,"According to a recent interview with Guy Ritchie, follower of Kabbalah (it's the new black, trend of the season, etc), one wears white ""to attract positive energy that men particularly need to battle outsized egos"".",2004-06-18T10:26:47Z
follower,social-media,before,"'Having seen this vision of you, must I become a Shiva follower?' I asked.",2004-08-29T01:27:06Z
follower,social-media,before,"For just once, to be a leader not a follower.",2005-03-09T00:03:03Z
follower,social-media,before,"No small talk, no casual conversation, very direct, very businesslike, and rather stern."" Mark Potok, of the intelligence project at the Southern Poverty Law Centre which monitors race hate groups, said: ""It's quite likely that either a follower or an admirer of Matt Hale is involved.",2005-03-05T02:21:05Z
follower,social-media,before,"WaterAid, which also provides sanitation to the developing world, said it never ceased to be amazed at the excitement that anything and every thing to do with Glastonbury created, adding: ""We are delighed to be the charity chosen to benefit."" But, as every follower of today's profit-driven Glastonbury festival knows, where there is a market someone will undercut it.",2004-07-01T01:52:21Z
follower,social-media,before,"Can one be a follower of Jesus Christ (PBUH), the great Messenger of God, feel obliged to respect human rights, present liberalism as a civilization model, announce one's opposition to the proliferation of nuclear weapons and WMDs, make 'War on Terror' his slogan, and finally, work towards the establishment of a unified international community - a community which Christ and the virtuous of the Earth will one day govern, but at the same time, have countries attacked.",2006-05-11T14:15:54Z
follower,social-media,before,"Mr Radia of Bridgewell, a faithful follower, has been shouting buy ever since the price reached 450p in June, just before directors personally offloaded about £44m worth of stock.",2004-12-15T02:48:39Z
follower,social-media,before,In the United Kingdom the Guardian's only close follower is the Observer - where the readers' editor convincingly demonstrates his independence in the role despite necessarily having other responsibilities on the paper.,2004-12-11T00:19:05Z
follower,social-media,before,"Geoffrey Wheatcroft, in an article about Blair for the Atlantic Monthly, an American magazine, has joked that he may be an Antinomiam, a follower of a 16th-century heretical sect that believed that ""to the pure, all things are pure"".",2004-11-13T00:00:27Z
follower,social-media,before,"""Today was my last day of being a loyal follower of your music,"" wrote a disgruntled fan on Springsteen's website.",2004-08-28T01:33:55Z
follower,social-media,before,"just a 'follower'."" A.",2005-09-07T14:29:51Z
follower,social-media,before,Follower Love United:Hate Glazer.,2005-09-07T14:29:51Z
follower,social-media,before,"Briefly the Turkish champions offered themselves a flicker of hope when Marcio Nobre made it 3-1 from a badly defended corner within a minute of the restart, but not even the most pessimistic United follower could have been fooled into thinking it would be the catalyst for the most unlikely of comebacks.",2004-09-29T00:37:39Z
follower,social-media,before,"· Died this week: Fleet Street photographer John Warburton who was also, in the 1930s, an ardent follower of Oswald Mosley, and in his last years, the keeper of the Mosleyite flame.",2004-09-04T00:22:05Z
follower,social-media,before,"In years to come the Somerset follower John Cleese will doubtless say: ""Don't mention 2003."" With 10 players notified their living is on the line, the sight of Shoaib Akhtar limbering up for Durham was too much: at eight for six chasing 375, and then 56 all out, the writing on the Riverside scoreboard was clear.",2003-08-01T23:32:44Z
follower,social-media,before,"Tony Blair and Michael Howard yesterday set out their terms for the coming conflict over the EU's constitution when the Tory leader described the prime minister as a ""follower not a leader"" and was accused in return of peddling ""myths and fantasies"" about a Europe he wanted to leave.",2004-03-30T01:06:34Z
follower,social-media,before,"For years, I had an assistant who was a dedicated follower of acupuncture.",2004-09-28T15:25:09Z
follower,social-media,before,"Mr Thaksin, a billionaire telecoms tycoon-turned-politician and fanatical follower of English football, failed to buy part of Fulham last October.",2004-05-10T00:54:40Z
follower,social-media,before,"A devoted follower of the first prime minister, Jawaharlal Nehru, Rao transferred his loyalty seamlessly to his daughter and political heir, Indira Gandhi.",2004-12-24T00:03:26Z
follower,social-media,before,"So, in 1960, she went to Paris to train with Dr Pierre Vellay, a follower of Dr Fernand Lamaze, who, in 1951, had visited the Soviet Union, where doctors had demonstrated their method of psychoprophylactic childbirth.",2004-09-07T23:05:49Z
follower,social-media,before,"""It's absolutely brilliant what they did,"" said a hunt follower who wanted to be known only as Ron.",2004-09-18T20:17:11Z
follower,social-media,before,"He told All Out Cricket, the magazine of the Professional Cricketers Association, this summer: ""My intentions have been clear from the start and I've followed them up - the reason being that I've been a follower of England for ages and I wanted to come and play in England.",2004-09-29T00:41:20Z
follower,social-media,before,He had been betrayed by a follower called Judas Iscariot.,2005-03-24T00:00:03Z
follower,social-media,before,"'When he wears yellow, all men quake and avoid his presence; for that is the colour he puts on when he designs his bloody executions.' Moulay Ismail was also a fervent follower of Koranic teaching.",2004-06-26T23:33:14Z
follower,social-media,before,"My husband is normally an OS map and compass man, while I remain a dedicated follower of the OS Pathfinder guides to walks and never set off to any part of the British Isles without one.",2005-05-01T18:47:54Z
follower,social-media,before,No European rugby follower with a heart doesn't want them to win this thing.,2004-10-16T23:36:02Z
follower,social-media,before,"This is where the arts of poetry, music and calligraphy were all developed and passed down."" Erguner selected a fine reed of the right length and width and got out his knife: ""When you look at the history of classical music in the Ottoman empire,"" he said, ""there is not a single composer who was not a follower of Rumi.",2005-11-05T00:12:36Z
follower,social-media,before,"Although ""not a follower"", Apter expresses a cautious enthusiasm for Miller's work.",2005-04-20T16:53:22Z
follower,social-media,before,"The idea is widely being touted as Mr Blair's baby and is due to be launched by his faithful follower, Mr Clarke.",2004-07-05T10:04:08Z
follower,social-media,before,"With Ledley King developing apace, Simon Davies to return before long, Paul Robinson bought to resolve the goalkeeping question and Stephen Kelly equipped to take over from the departing Stephen Carr, it is remarkable that no follower of Spurs can spot an uplifting scene at White Hart Lane.",2004-08-10T22:06:36Z
follower,social-media,before,"Give some of it away!"" Even the most intermittent follower of Cherie's first-lady trajectory will know that this is like asking a tiger to go easy on the stripes.",2004-09-07T00:42:12Z
follower,social-media,before,"Moments into the speech, the passionate follower of the turf said: ""My government will continue to reform the national hunt..."" Lest anyone think that she had unilaterally introduced a bill to preserve hunting, she immediately corrected herself with the words, ""national health service"".",2003-11-27T02:17:31Z
follower,social-media,before,"Today's service worker needs to be a problem-solver, not a procedures-follower.",2004-09-11T23:17:37Z
follower,social-media,before,"Just as, if Pop is the ""colonist, pioneer"", Jerry is the ""settler, the follower"", Pop is also ""the racist to my apologist, the sexist and womaniser where I'm the teaser"".",2004-07-02T23:37:38Z
follower,social-media,before,"They're usually a follower rather than a leader,"" said Nick Woolf, Oxford Biomedica's head of corporate strategy.",2004-03-30T07:21:19Z
follower,social-media,before,"I sit there emitting sardonic vibes towards my front bench."" Analysis of ""tells"" - elements of body language that betray one's innermost emotions - also provides support for those who believe Tony Blair is a slavish follower of White House policy.",2004-05-15T01:33:30Z
follower,social-media,before,The violence in The Passion of the Christ looks set to test even its most devoted follower.,2004-02-25T11:04:45Z
follower,social-media,before,"For any England follower, Australia's cricketers still represent the final frontier.",2004-09-21T08:44:09Z
follower,social-media,before,One suggestion was that the surveillance operation and subsequent arrest in Gloucester were sparked by the man boasting to fellow worshippers at a local mosque that he had spent five years in Pakistan and was now a follower of al-Qaida.,2003-11-28T02:21:43Z
follower,social-media,before,"When accused of trying to murder 197 passengers and crew aboard an American Airlines flight from Paris to Miami in December 2001, Reid smirked and said: ""I am a follower of Osama bin Laden.""",2003-11-28T02:21:43Z
follower,social-media,before,"John Haigh Sheffield Moonstruck In his review about Aleister Crowley, Tim Cummings tells us that there is a crater named after Crowley's follower Jack Parsons ""on the dark side of the Moon"" (""Beyond belief"", July 10).",2004-07-23T23:27:19Z
follower,social-media,before,"Could the Canadian, who first shot to international pop renown in 2000 with 'I'm Like A Bird', be a follower of the beautiful game in Europe?",2004-07-03T23:44:47Z
follower,social-media,before,Not even the most optimistic England follower could have been immune to the sense of foreboding that accompanied King's sudden elevation.,2004-06-14T00:57:42Z
follower,social-media,before,"Steve Howe of Yes was a serious yin and yang food follower, but his cooking - in an Aga before they were really trendy - at his house in Hampstead Garden Suburb was much more palatable.",2004-11-07T16:33:55Z
follower,social-media,before,"A covert follower of the ""old religion"", he manages to hide his devotion to bells and beads by living well outside the town, on a mountain farm with his wife Elizabeth, several servants and an occasional night-time visit from Father Edward.",2004-09-04T00:19:33Z
follower,social-media,before,The National Gallery has just bought and put on display a painting by Giotto's follower Bernardo Daddi.,2004-12-04T00:39:43Z
follower,social-media,before,"""Being Irish and a follower of cricket I have reconciled with myself my support of the England and Wales Test side,"" sighs Brian Aherne.",2005-12-19T14:07:59Z
follower,social-media,before,"11th over: Australia 68-8 (Lee 13, Kasprowicz 0) ""I'm no big follower of Twenty20 cricket (it's never been on OBO before, you see); could this be the first time a side gets bowled out?"" asks Peter McLeod.",2005-06-13T19:34:15Z
follower,social-media,before,"This aristocratic preference for poetic fancy oversocial truth reached a reductio ad absurdum with Canaletto's follower, William Marlow, painting in 1795 a capriccio in which St Paul's has been transplanted to a faithfully rendered depiction of the Grand Canal in Venice.",2005-02-28T12:08:15Z
follower,social-media,before,Apart from winning the world under-23 title in 1998 he has a reputation as a follower rather than a leader.,2004-07-20T00:49:11Z
follower,social-media,before,"If a man wore a bracelet, he was saying: I am a follower of Kabbalah, the spiritualism of Madonna and Britney Spears, and this flimsy-looking red string is to ward off the envious glances of passers by.",2004-12-14T16:02:14Z
follower,social-media,before,"""Tell me,"" murmured McLeod, ""is it true, according to the Koran, that any faithful follower of Islam can make sure of his place in paradise by exterminating an infidel?"" The Commandant chuckled, rather sourly.",2004-09-18T00:21:01Z
follower,social-media,before,"QUIET IS THE NEW LOUD The Fiver may be a dedicated follower of fashion - check out those fingerless gloves - but ever since we mistakenly blew a monkey on a Don Vutch cap at Hoxton market, only to be laughed straight outta there, we've avoided expensive mistakes like the clap.",2004-09-16T15:52:57Z
follower,social-media,before,"Prior to yesterday's discussions with Parry, Ruktapongpisal said: ""I also want to assure you that the money comes from the Prime Minister himself - not from public funds."" A fanatical follower of English football, Mr Shinawatra attempted to buy part of Fulham last October.",2004-05-11T10:48:53Z
follower,social-media,before,In court Reid said he was a follower of Osama bin Laden.,2003-11-28T02:20:59Z
follower,social-media,before,"Nolte and Michael (not Dean) Moriarty played out a version of the relationship between Kerouac, the writer-observer-follower, and Cassady, the doer.",2004-03-06T01:00:23Z
follower,social-media,before,The fighting came as a follower of the cleric in Basra offered a £100 reward to any Iraqi who captures a British woman soldier for use as a sex slave.,2004-05-08T01:23:44Z
follower,social-media,before,"The first accusation made him seem like a fool, the second like a follower of a dubious religion.",2004-07-30T23:43:44Z
follower,social-media,before,"In another unusual security move, anyone buying a ticket from those sources will have to declare themselves either a Millwall or United follower and sit in the clubs' respective sections of the stadium.",2004-04-11T21:17:03Z
follower,social-media,before,"A cricket follower will understand the difference between instant cricket and the sort that matures ripest in these pages."" Wise words, of which we inevitably find more in the Notes by the Editor - ""cricket's traditional fire-and-brimstone annual sermon"" according to the publisher's blurb.",2004-04-08T01:04:27Z
follower,social-media,before,"""This country should be proud to be a leader in the field of human rights, not a grudging follower,"" he said.",2004-07-28T12:17:48Z
follower,social-media,before,"Most college speakers and politicians don't do that."" Mr Ward became a follower and has spent his career as a consumer activist.",2004-10-21T23:00:12Z
follower,social-media,before,"an explosion likely to endanger life or cause serious injury to property in the United Kingdom or elsewhere."" Reid, a follower of Osama bin Laden whose al-Qaida group is blamed for the September 11 attacks on New York and Washington, was jailed for life in January in the United States after admitting to trying to blow up a transatlantic airliner using explosives hidden in his shoe.",2003-12-11T16:27:25Z
follower,social-media,before,"According to a Spanish court, Mr Zougam was a ""follower"" of Imad Eddin Barakat Yarkas, alleged leader of an al-Qaida cell in Madrid who is awaiting trial on charges of taking part in the September 11 plot.",2004-03-16T08:30:04Z
follower,social-media,before,"So what we have to ensure is that high-quality people come in if there are any newcomers."" Jordan, a passionate football follower with Coventry, thinks life is simpler for the top teams in that sport than in his own line of business.",2004-05-07T01:15:06Z
follower,social-media,before,"His grandfather, the follower of Ze'ev Jabotinsky, the revisionist founding father of today's right-wing Israeli politics: ""He was a nationalist, patriot, a lover of armies, victories and conquest, a passion-ate, innocent minded-hawk...",2004-09-11T00:48:51Z
follower,social-media,before,"Lalonde was a close follower of the Democratic movement long before Kerry became its candidate, and advised Al Gore on environmental issues in an informal way during his campaign in 2000.",2004-10-28T22:57:56Z
follower,social-media,before,The Fifa women's world cup final provided one of the best advertisements for the sport in my 50 years as a follower.,2003-10-14T02:04:26Z
follower,social-media,before,"Her headpiece by the leading British milliner Philip Treacy, with its combination of graceful loops and imposing spikes, resembled a catwalk version of the headgear favoured by the Queen herself - except that Victoria, a keen follower of fashion, styled hers in this season's black satin.",2003-11-28T11:24:35Z
follower,social-media,before,"In a previous incident, when Hearts played Ross County in a Scottish League Cup tie, another deranged follower threw a bar stool at him while he was having his pre-match meal in a Dingwall hotel.",2004-05-02T00:04:13Z
follower,social-media,before,"And what follower of Southampton FC would ever say, ""Just off down to Friends Provident St Mary's Stadium!",2004-10-06T23:02:03Z
follower,social-media,before,"If I were Jesus, I suspect that I would be rather miffed to have Dubya as a follower, with his 450 gunmen, quest for photo-opportunities and longing for world domination.",2003-11-24T02:47:26Z
follower,social-media,before,"· See the work online · All articles in this series Artist: Lucas Cranach the Elder (1472-1553) was a friend and follower of the founder of the Reformation, Martin Luther, and court artist to the Electors of Saxony.",2004-01-10T12:22:33Z
follower,social-media,before,"Anyway, allow me to introduce you all to Jon Cardy, a reasonable Englishman: ""Can I just add, that as an English rugby follower, I and my fellow English mates think the omission of Henson is a very poor decision.",2005-06-21T14:40:48Z
follower,social-media,before,"Commentators regularly describe Mr Bush's main campaign asset as his appeal to the ""Nascar Dad"" - a follower of the National Association for Stock Car Auto Racing (Nascar) circuit.",2004-03-16T02:59:12Z
follower,social-media,before,"""Typical of that sort of follower,"" said Eric Beechey, the former head, a member of the League Against Cruel Sports.",2003-12-27T02:33:25Z
follower,social-media,before,"Facetious comments aside, any seasoned follower of science policy will know that this week's statements by Brown over the increase of funding for science research are not the first time he has favoured the subject.",2004-03-19T10:47:52Z
follower,social-media,before,"Porto's reputation as one of the continent's most accomplished attacking sides is not exaggerated, yet Ferguson is entitled to believe his players were reckless, having begun the match with more panache than even their most optimistic follower can have dared imagine.",2004-02-26T02:01:05Z
follower,social-media,before,"Life was only going to be a gamble after that, and so it proved - whether as a wartime pilot, an avid follower of horseflesh, a talented Aussie Rules footballer, or as one the most charismatic, unpredictable and extrovert allrounders that cricket has seen.",2004-10-11T23:36:27Z
follower,social-media,before,"'I'd rather not mix pleasure with business.' Hoppen is a devoted follower of Deepak Chopra, and has encouraged her staff to read his latest book, Synchro Destiny, which is about the power of coincidence.",2004-11-21T00:49:06Z
follower,social-media,before,"A strange, dark knot of curtain hangs from the bedstead, portent of death, while a follower dozes in one corner - missing, harrowingly, Her departure.",2004-02-22T14:33:00Z
follower,social-media,before,"He started out as a follower of William Carlos Williams, using short, free-verse lines and colloquial diction, but as time has gone on he has shown himself to be first and foremost a nature poet in the Emerson-Thoreau tradition.",2005-07-16T00:35:37Z
follower,social-media,before,"The stories I found inside the UN military compound in Mogadishu were so stunning that for three years I lived as a camp follower, travelling after the UN troops through godforsaken places like Haiti and Rwanda, sharing the fates of the UN soldiers who were there to fulfil our mandates.",2004-02-14T18:05:00Z
follower,social-media,before,"As a painter it was unfortunately too easy to regard her as a follower, because her work did follow the same evolution as some of her more assertive (male) contemporaries.",2004-01-29T02:56:06Z
follower,social-media,before,"In all these ventures, what industry experts call 'displaced fans' - a Liverpool supporter living in Thailand, a New York Yankees follower on a trip to Seattle, an English cricket enthusiast on work placement in Australia - are the main target.",2004-10-09T23:58:33Z
follower,social-media,before,"Free (yes, free) computer for dedicated ad watchers As a diligent Consumer follower, Chandran Owen is unable to rejoice in the offer of a free PC from a company called Metronomy as he is worried that there must be a sting in it.",2004-03-11T11:28:03Z
follower,social-media,before,"Back in the 1960s, the most assiduous motor-industry follower of Deming's principles was Toyota, which has never stopped deepening his insights and honing its production system.",2004-03-07T00:01:14Z
follower,social-media,before,"Mr Ahmanson, who has Tourette syndrome, is a former follower of the fringe Christian Reconstructionist movement, which would like to see the introduction of Old Testament law, including the death penalty for homosexuals, adulterers, abortionists (and those who have abortions) and even recalcitrant children.",2004-01-15T02:16:09Z
follower,social-media,before,His father is a minister and his great-grandfather was a follower of famous 19th Century English evangelist Charles Spurgeon and came to America as a travelling preacher.,2004-07-11T10:00:04Z
follower,social-media,before,"First, even as a fully paid-up follower of the fashion show calendar, I find it hard to believe that erogenous zones go in seasons (""Ooh, now that the autumn/ winter collections are in store, I find your collarbones very arousing"").",2003-07-12T10:24:30Z
follower,social-media,before,It is estimated that a dedicated follower can spend tens of thousands.,2004-05-16T00:31:57Z
follower,social-media,before,"I was reminded of this earlier this month by the report of a friend who lives in the Iraqi city of al-Kut, who told me of going to listen to a sermon by a follower of the firebrand Islamist leader Moqtada al-Sadr.",2003-12-07T01:29:10Z
follower,social-media,before,"They also read the crazy philosophical writings of Georges Bataille, the French follower of de Sade and Freud.",2004-03-14T00:12:46Z
follower,social-media,before,"Coe is knowledgeable follower of a wide range of sports, including football (he is a season ticket holder at Chelsea) and boxing, and has a massive collection of jazz records.",2004-05-21T13:58:20Z
follower,social-media,before,"To put it in today's terms: Labour has to close its eyes and imagine a Britain of the 2010s in which the Tories are securely back in power, News International has switched sides again, and the BBC is a tame, nervous follower of rightwing government orthodoxy.",2004-02-26T02:44:06Z
follower,social-media,before,Jennifer Aniston (whom we are still allowed to call an Atkins follower) was once a soft womanly creature; she has now shrunk until she's all nose and those bulging eyes you get from gazing too desperately at other people's breadsticks across a room.,2003-11-16T01:00:43Z
follower,social-media,before,"And I'm a great rugby follower, so a couple of times a week I go to rugbyplanet.co.uk.",2003-06-16T01:30:15Z
follower,social-media,before,"However, the way in which our ""dedicated follower"" portrays the status of these courses resembles more a utopian vision of the current situation than a rational line of arguments.",2003-09-08T11:58:34Z
follower,social-media,before,"Gibson is a follower of an obscure ultra-traditionalist Catholic sect that rejects many recent reforms of the Catholic Church, does not recognise the current Pope and still conducts Mass in Latin.",2004-02-08T01:35:55Z
follower,social-media,before,What is a guru follower to do?,2003-06-15T10:03:41Z
follower,social-media,before,"Zambia This is now first choice for the hard-core safari follower with large numbers of animals, good guides and interesting camps.",2003-05-24T18:06:03Z
follower,social-media,before,You don't have to tell that to dedicated follower of fashion Patrick Vieira.,2003-06-20T12:26:11Z
follower,social-media,before,"That's what's happening at moment,"" explained one sector follower.",2003-10-31T02:13:34Z
follower,social-media,before,"Perhaps it is the lingering images of Raul, Zinedine Zidane, Ronaldo et al seemingly finding a new plateau for their football that, to even the most ardent United follower, must raise significant misgivings about whether Ferguson's men are, as he proclaimed yesterday, equipped to do better in this season's competition, starting at home to Panathinaikos tonight.",2003-09-16T00:47:57Z
follower,social-media,before,"The tubby Simply Red frontman, a celebrity United follower, allowed Alex Ferguson to conduct a ""secret meeting"" with the Cameroonian midfielder in his Parisian love nest.",2003-07-03T11:18:29Z
follower,social-media,before,"Any self-respecting follower of continental football can't go home satisfied without seeing a shaky performance from a team that should have done better, a shock drubbing, and a few punches being thrown for good measure.",2003-11-10T16:46:21Z
follower,social-media,before,"He was divorced, a graduate student in philosophy and a follower of Hegel.",2005-06-03T23:31:57Z
follower,social-media,before,"Caravaggism even reached Britain, where his follower Orazio Gentileschi worked for Charles I - so that a self-portrait by Orazio’s today more renowned daughter and fellow Caravaggista, Artemisia, remains in the Royal Collection.",2005-02-17T00:02:42Z
follower,social-media,before,"One follower claimed the cult had been trying to save Tamachan, a seal that has been in the news for making his home in a river near Tokyo.",2003-05-06T01:23:24Z
follower,social-media,before,"This is a follower of a small and obscure church that denies the legitimacy of Vatican II, the decree promulgated by Pope John XXIII in the mid-1960s that to some extent liberalised the Catholic church.",2004-02-20T11:40:03Z
follower,social-media,before,"Unlike the unfortunate Beloki, a follower by instinct, Vinokourov is a cyclist who is used to attacking and winning.",2003-07-15T21:55:17Z
follower,social-media,before,Are you a dedicated follower of technological fashion?,2003-05-15T02:20:32Z
follower,social-media,before,"""Chinese history is very sad and I didn't want my life to repeat my parents' life."" But she failed to find whatever truths she was seeking in the west and returned to China in 1993, where she became a follower of falun gong, the blend of exercise, meditation, morality (""fa"" means law) and religious belief that swept the country in the 90s, attracting up to 100 million adherents.",2002-08-07T16:09:49Z
follower,social-media,before,"Mr Howard, a friend of Mr Hollingworth but a keen follower of public opinion, made no attempt to support his governor general after the rape allegations were dropped.",2003-05-26T01:06:56Z
follower,social-media,before,The significance of the next five days will not be lost on any Republic of Ireland follower.,2003-06-07T21:39:24Z
follower,social-media,before,"To disturb Kenneth Anger - follower of Aleister Crowley, better known for hexing people than praising them, whose own films are occult rituals of sex and death - has to be considered quite an achievement.",2003-09-26T17:48:25Z
follower,social-media,before,"""Gandhi is so great that such pygmies who try to ridicule him will fail,"" the paper quoted Nirmala Deshpande, a follower of Gandhi, as saying.",2003-01-31T08:12:47Z
follower,social-media,before,"To Seale, Shelton was both prototypical black follower and leader.",2003-06-01T01:21:42Z
follower,social-media,before,"I am a huge follower of rap music, and the Westwood rap show is keyed into exactly what a rap/hip-hop fan would want to hear.",2004-04-30T16:33:50Z
follower,social-media,before,"""My mum was never a huge fan of me coming back to rugby - she was a league follower through and through.",2003-10-08T00:04:34Z
follower,social-media,before,"The Iraq war was often said to have marked the transformation of Tony Blair from the slavish follower of focus groups into a man determined to pursue his convictions, however unpopular.",2003-11-30T09:22:28Z
follower,social-media,before,"""It's a very opportunistic bid and it does undervalue the company, but it's going to be difficult for the independent directors to come up with an alternative plan 10 days before a possible Gulf war,"" said one City follower of the company.",2003-03-05T02:03:45Z
follower,social-media,before,Part of that could be put down to the ease of his playing and a resonance of tone that no follower could quite achieve.,2003-09-18T01:41:33Z
follower,social-media,before,"Even in their different versions of The Adoration of the Magi, at the heart of the National Gallery's exhibition, the contrast between Bosch and his follower is telling.",2004-01-17T01:36:31Z
follower,social-media,before,"He supported the leftwing Popular Front government led by the socialist Léon Blum in 1936, because he thought that he would benefit from their social legislation, but his political sympathies lay with the extreme right, and he was a follower of the proto-fascist Jacques Doriot.",2003-08-28T01:45:53Z
follower,social-media,before,Are you a football follower?,2003-12-12T12:35:43Z
follower,social-media,before,"Arsenal simply remain at the head of a queue behind United."" Lawton, like every other tabloid scribe and football follower blessed with fully functioning vision, takes great pleasure in identifying Arsene's Achilles heel.",2003-05-06T11:16:35Z
follower,social-media,before,"""They invite you to their homes, they smile, everything's nice, but they're still judging you, seeing if you're up to scratch,"" a black businessman and follower of Steve Biko's black consciousness told me.",2003-05-03T01:37:02Z
follower,social-media,before,"Mirko Sarovic, a follower of the indicted Bosnian Serb war criminal, Radovan Karadzic, stepped down to avoid the humiliation of being sacked by Paddy Ashdown, the international community's high representative in Bosnia.",2003-04-03T09:35:34Z
follower,social-media,before,"Iain Pickard, CPA spokesman for the southern region, singled out the local political leader Abu Salem, a follower of the cleric Muqtader al-Sadr, as a suspect.",2003-08-12T01:14:38Z
follower,social-media,before,"Funerals are important, almost compulsory, events in the republican calendar so it was a certainty that McKevitt would appear to pay his respects to his fallen follower.",2003-08-09T23:57:45Z
follower,social-media,before,"Lower down the mountain I felt stronger, and my follower disappeared as mysteriously as he had arrived.",2003-05-29T12:20:46Z
follower,social-media,before,"A lifelong follower of country pursuits, he had not always endeared himself to his fellow judges on circuit when they found they were sharing lodgings with him and his dogs.",2003-07-03T01:25:26Z
follower,social-media,before,The Briton accused of attempting to explode a shoe bomb on a flight from Paris to Miami last Christmas pleaded guilty to all charges yesterday and declared he was a follower of Osama bin Laden and an enemy of the United States.,2002-10-05T00:39:14Z
follower,social-media,before,"The request was refused and Reid told the judge yesterday: ""I'm a follower of Osama bin Laden.",2002-10-05T00:39:14Z
follower,social-media,before,"He is less successful with the more ""literary"" poems, having a weakness for historical-pageant diction (""Hark!"", ""selfsame"", ""blest / And beauteous girdle of fair comeliness"") that makes Tsvetaeva sound disconcertingly like some forgotten lady follower of AE Houseman.",2003-09-13T00:39:31Z
follower,social-media,before,"A riotous publicity hound who was jailed for murder Florence and then had his release arranged by patrons who included the Medicis and Pope Paul III, Cellini was a gifted follower of Michelangelo and penned a self-promoting ""autobiography"".",2003-05-16T15:54:00Z
follower,social-media,before,"A riotous publicity hound who was jailed for murder Florence and then had his release arranged by patrons who included the Medicis and Pope Paul III, Cellini was a gifted follower of Michelangelo and penned a self-promoting ""autobiography"".",2003-05-16T15:54:00Z
follower,social-media,before,"""Sky's coverage has also gone pear-shaped so no worries from the competition!"" sincerely, Faithful Guardian follower.",2003-09-08T12:08:33Z
follower,social-media,before,"Competition, Faithful Guardian follower?",2003-09-08T12:08:33Z
follower,social-media,before,"After some umming and aahing, the denazification committee in Herberger's town more or less cleared him by classifying him as a Mitlaüfer (a follower who joined Nazi organisations but did not actively collaborate) and the German football federation had to admit he was still the best-qualified person for the job.",2004-07-24T23:15:57Z
follower,social-media,before,"For the dedicated follower, or anyone who likes lounging in pleasant surroundings while doing nothing in particular, they are very heaven.",2003-07-13T22:54:24Z
follower,social-media,before,"A considerable part of Holmes's reputation can also be attributed to his being ""a fervent follower of trad British sport -football, cricket, rugby, golf and tennis."" The depth of his fandom was reiterated 14 months ago when his life-long support for Leicester saw him briefly set aside his work as an agent to head a consortium, alongside Lineker, to salvage a football club then £30m in debt.",2004-01-05T01:38:24Z
follower,social-media,before,"A successful defence of the FA Cup will feel depressingly hollow for Wenger's players if their league campaign is to end in recriminations and, when the final whistle shrilled and Thierry Henry flounced off the pitch in disgust, every Arsenal follower must have been engulfed by the realisation that the title race had taken a long swing in Manchester United's direction.",2003-04-28T21:35:42Z
follower,social-media,before,As an inquisitive follower of literary circumstances a measurer of literary water levels I tried for a long time to discover the secret of literary mega-tricks.,2003-12-06T02:20:43Z
follower,social-media,before,As a devout follower of Paisley's Free Presbyterian Church he believes all forms of dancing are 'sinful'.,2003-02-23T01:32:53Z
follower,social-media,before,"As a massive dairy fetishist and a devoted follower of TV cookery show Can't Cook, Won't Cook, the Fiver just loves having egg on our faces.",2003-07-04T16:25:34Z
follower,social-media,before,"Just as a salad doesn't cut it for a wintry lunch, not even the most dedicated follower of fashion wants to suffer to be beautiful on a rainy November morning.",2002-11-16T11:24:25Z
follower,social-media,before,"Reid, 29, pleaded guilty to all eight charges against him in a Boston court last month, saying he was a follower of Osama bin Laden and an enemy of the United States.",2002-11-27T02:35:31Z
follower,social-media,before,"He was a follower of the poet-philosopher Tagore; she, a scion of the Whitney dynasty, was blessed with millions.",2003-04-10T11:14:52Z
follower,social-media,before,"I can disappear, my brother can disappear, I can decide to be a Buddhist on a mountain, and they can decide to play golf all day, and the centre will still continue."" But does he see himself as his father's follower?",2004-12-11T00:04:34Z
follower,social-media,before,"His wife, Elizaveta, was a keen follower of the Populists (or Narodniki), who believed in ""going back to the people"", and this movement, highly influential in 19th-century Russia, was the original impulse behind the Mamontovs' plans for Abramtsevo.",2003-08-02T16:50:46Z
follower,social-media,before,"Gloria Swanson, a dedicated follower of fashion and one-time wife of a French marquis, brought in the celebrated architect Paul Nelson to design her first sound film in 1930, the high-life comedy, What a Widow!",2003-03-30T00:53:40Z
follower,social-media,before,"By the time you reach the middle of your working life, you may well already know what kind of person you are - be it leader or follower.",2003-06-28T00:58:27Z
follower,social-media,before,"Neate (a music journalist in a previous life, and a keen traveller) checks out a guy in Harare, Zimbabwe, wearing labels that mark him out as a dedicated follower of hip hop.",2003-06-08T01:37:54Z
follower,social-media,before,I'm a follower of Osama bin Laden.,2003-01-31T01:53:24Z
follower,social-media,before,"His exuberant and generous creative writing classes there were deeply influenced by the ideas of the Jungian psychologist and anthropologist John Layard (this providing an intriguing link with the young WH Auden, himself a temporary follower in the 1930s).",2003-06-18T10:54:55Z
follower,social-media,before,Chases and choreographed fights set to rock music take up most of the running time and the movie is like To Catch a Thief remade by a hack follower of John Woo.,2003-01-19T00:10:38Z
follower,social-media,before,"It is originally found (from the early 16th century) was 'Duns man', a disciple or follower of the philosopher and theologian Duns Scotus.",2003-06-12T13:36:27Z
follower,social-media,before,"Mr Abramovich, reportedly the second richest man in Russia and a close friend of President Vladimir Putin, is ""an avid follower of football"" and already owns an ice hockey team, says the Daily Mail.",2003-07-02T17:23:11Z
follower,social-media,before,This company ought to be on the agenda of any British follower of Russian ballet.,2002-11-06T02:10:32Z
follower,social-media,before,"Bertoldo di Giovanni, a follower of Donatello, lived in the Medici household and looked after the family art collection; hence the myth that he ran Lorenzo's non-existent school for sculptors.",2003-08-19T10:32:06Z
follower,social-media,before,"Practitioners of the Christian faith might take exception to this, but they should bear in mind that they rarely describe themselves as 'Christian', being more likely to choose a precise denominational term - C of E, Catholic, a joyful follower of Methody - lest anyone mistake them for being the kind of Christian that they aren't.",2002-08-24T01:12:26Z
follower,social-media,before,"Mr Kostunica, a moderate if anti-western nationalist, beat two extremists yesterday: Vojislav Seselj, a neo-fascist who ran paramilitary squads in the wars in Croatia and Bosnia in the 1990s and is being investigated by the Hague, and Borislav Pelevic, a follower of the assassinated warlord Zeljko Raznjatovic - ""Arkan"" - who commanded some of the most notorious death squads in the 1990s wars.",2002-12-09T02:27:14Z
follower,social-media,before,"""Couples stop having fun when they have sex,"" says one follower of the programme, now married.",2003-09-08T00:31:20Z
follower,social-media,before,"There is not much point becoming a follower of a game that has limited outcomes and structured boredom, which is why the popularity of soccer continually intrigues me and basketball is worshipped by Americans.",2003-01-06T23:45:41Z
follower,social-media,before,"The US claimed yesterday to have uncovered an al-Qaida plot to detonate a radioactive ""dirty bomb"" on the streets of an American city, after the arrest of a former Chicago street gang member who had become a follower of Osama bin Laden.",2002-06-11T01:17:57Z
follower,social-media,before,"""He was influenced by his aunt, who brought him up."" This aunt, a model it seems for Redford's own sensibility, was a teacher and a follower of the 19th-century anarchist and revolutionary Emma Goldman.",2004-08-14T00:02:04Z
follower,social-media,before,"BM director Robert Anderson said yesterday: ""We have every sympathy for the family and we will be giving this matter our urgent attention."" The disputed works are: The Holy Family, by Niccolò dell Abbate, Italian 16th century; St Dorothy with the Christ Child, by a follower of Martin Schongauer, German 1508; Virgin and Child adored by St Elizabeth and the infant St John, by Martin Johann Schmidt, German 18th century; An Allegory on Poetic Inspiration with Mercury and Apollo by Nicholas Blakey, English 18th century.",2002-05-28T11:33:31Z
follower,social-media,before,"Even I myself, talking of laughter and fun - follower of the irreverent, make-up-your-own-reality-as-you-see-fit, formless Tao - could call upon the authority of those sons of reflected light of yore who were said to be 7ft tall, wear strange clothes, live in the high places, have come from goodness knows where, know everything about life, death, energy, consciousness and the Tao and who kindly passed on that information to the locals who became known as Taoists, and then vanished without trace.",2003-03-09T00:44:53Z
follower,social-media,before,"The point is that, even for the most dedicated follower of contemporary art, the lure of Venice is at least as strong as the Biennale.",2003-05-31T00:43:00Z
follower,social-media,before,"Any football follower with half a brain ought to be able to work this out, and no one was lured to Upton Park under false pretences.",2003-02-16T23:26:13Z
follower,social-media,before,"Furman runs a health food store in New York, and is a follower of the guru Sri Chinmoy.",2003-07-18T23:08:31Z
follower,social-media,before,"""If discussions had ended they would have had to announce it,"" was the terse response offered by one follower of the firm.",2002-07-05T01:09:07Z
follower,social-media,before,"It fell from grace decades ago and spent years in obscurity, but it was always part of the collection, and you can find a colour photograph of it in the gallery's complete catalogue, where it is listed as by a follower of Botticelli.",2003-03-01T00:49:45Z
follower,social-media,before,Now even the staunchest Sunderland follower had to fear the worst.,2002-12-10T22:27:42Z
follower,social-media,before,I'm a follower of Osama bin Laden.,2002-10-04T16:01:38Z
follower,social-media,before,"Dembina might not agree with his take on the Middle East, but he's a dedicated follower of his act.",2003-07-07T08:38:54Z
follower,social-media,before,"Dear Ben, Is Tony Blair a leader or a follower?",2003-03-08T01:14:48Z
follower,social-media,before,I was on The World Tonight the other night and Matthew Parris was denouncing the PM pretty convincingly as a follower of establishment pro-American thinking and a poodle of George W.,2003-03-08T01:14:48Z
follower,social-media,before,"In Poland a Zionist and follower of the revisionist leader Jabotinsky, he later berated himself for his failure to emigrate to Israel as had his peers.",2003-09-18T12:15:00Z
follower,social-media,before,"He wrote with authority on Freud, and on Freudianism in general; and in his own philosophy of mind, in such books as On The Emotions (1999) and The Mind And Its Depths (1993), as well as in some of the deeply original studies collected in On Art And The Mind (1973), it is the mind as charted by Freud - and especially by Freud's follower, Melanie Klein - that underwrites his basic premises.",2003-11-05T10:13:00Z
follower,social-media,before,"""I'm sure every Yorkshire member and follower would send him their best wishes for him to make a full recovery from this illness.",2002-09-05T01:54:15Z
follower,social-media,before,The purpose was simple: to give the mish-mash of Test fixtures a context that could be understood by the average cricket follower.,2003-01-09T01:55:24Z
follower,social-media,before,"“No one,” as Golding wrote, “who has not felt its impact, can have the least idea of the social discomforts, if one strays into exalted circles, of being regarded as a ‘Red’.” Goldring, who was actually a follower of Dickens rather than Lenin, did not last long in that company, but his account of the experience suggests that it has long been advisable to maintain a critical eye when ideas of the national heritage are being promoted.",2003-09-13T13:53:58Z
follower,social-media,before,"Richard Reid, the British al-Qaida follower who confessed to trying to detonate a bomb hidden in his shoe aboard a plane, reportedly attended Mr Hamza's mosque.",2003-01-20T13:02:54Z
follower,social-media,before,I'm also an avid follower of e-bay.,2002-09-29T23:06:06Z
follower,social-media,before,"Given the standing ovation he received on making a guest appearance at the tournament a couple of years ago, it seems likely that even the most one-eyed darts follower acknowledges his pre-eminence in the game.",2003-01-07T02:18:08Z
follower,social-media,before,"Not only will you look like the Pet Shop Boys or Sven's Ulrika-beater Nancy Dell'Olio, you will also be taking the role of trendsetter rather than trend- follower.",2002-05-11T00:59:37Z
follower,social-media,before,"A seriously spiritual man, and a follower of the Maharishi, Irving had the great gift of putting everyone at their ease, and giving them confidence.",2002-10-18T01:36:23Z
follower,social-media,before,"He tends to be on the conservative side,"" says one barrister who has appeared before him a number of times.""He tends to be a follower, rather than a leader."" Another QC says that law lords might be more or less conservative, but that did not necessarily affect their independence.",2003-07-31T00:37:11Z
follower,social-media,before,"Swallow, who played with Puschnig in Carla Bley's band, has initiated a whole new school of bass guitar playing - but one in which he is the sole teacher and follower.",2002-11-01T02:54:46Z
follower,social-media,before,"So Bush, whose national security strategy last year explicitly forbade the emergence of an equal to the US, is no follower of Alexander Hamilton.",2003-04-02T09:44:42Z
follower,social-media,before,"But when one follower asked him whether he should go to Afghanistan to fight, he scoffed, telling him he would be mistaken for a spy and shot.",2003-02-25T08:35:57Z
follower,social-media,before,"The simple fact, for the average cricket follower, is that the World Cup has been extended into the period where the boredom factor is palpable.",2003-03-17T03:16:16Z
follower,social-media,before,"He speaks of himself as a follower of Capek, but Capek, as well as a great humanist, was a magician of language."" Klíma sees less of his erstwhile dissident friends, now their unity under pressure has dissolved.",2004-04-30T23:35:44Z
follower,social-media,before,"Queues outside banks, national strikes, burning cars and protest marches: any follower of Latin American crises will recognise the pattern as Argentina struggles to avert financial collapse.",2001-12-16T13:27:01Z
follower,social-media,before,"When Jeremy passes by a tramp on the street, for example, even the tramp can't let him go without claiming to be a ""Prophet from Pluto and a follower of Kulla, the Sumerian god of bricks"".",2002-07-20T01:08:06Z
follower,social-media,before,"I desperately want to get into that World Cup squad but first of all I've got to get back for the Six Nations and there aren't a lot of club games to impress Clive Woodward between now and the first game."" Serious injuries are a constant reminder of how hard the world of professional rugby is - Luger's club-mate, the French prop Laurent Gomez, will not play again this season after breaking his leg training - but it would be a hard-hearted follower of the game who did not wish to see Luger's familiar try-scoring celebration, with arms spread wide like wings, display itself again for England.",2003-01-04T23:59:13Z
follower,social-media,before,"This cocky young Cretan, who had been introduced around Rome as a follower of Titian, said he could replace The Last Judgment with something just as good, and more Christian.",2004-01-24T02:13:51Z
follower,social-media,before,In fact the only time during the course of a two-hour discussion that Mr Portillo's name was mentioned was when he was criticised by a self-proclaimed follower of Ken Clarke.,2002-06-27T01:24:31Z
follower,social-media,before,Mr Uggla said that Chatty was a follower of Salafi Islam.,2002-09-02T00:27:43Z
follower,social-media,before,"He might occasionally, with a spurt of audacity, increase the quantity of an ingredient he particular likes; but he is in essence a recipe-bound drudge, a careful follower of the words of others.",2003-03-15T16:51:24Z
follower,social-media,before,"Which is why either being simplistically anti-American or, alternatively, an uncritical follower of a foreign policy that is about to be fiercely challenged within the United States equally makes no sense.",2003-01-05T11:12:46Z
follower,social-media,before,"It's nice to see that Michael [Owen] is scoring again, after supposedly a crisis, and obviously Steven is playing well."" There was also a special welcome for Gary Neville, his best man, follower of the fractured metatarsal trend and his partner on the right flank of Manchester United's youth and senior teams for more than a decade.",2002-10-11T22:10:27Z
follower,social-media,before,"In a largely Mormon state, Rice is - in his own words - a follower ""of the order of the vampire"", and last week he argued in court that Utah was denying him his constitutional rights to freedom of religion by failing to meet his ""vampiric dietary needs"".",2002-10-30T02:43:12Z
follower,social-media,before,"I have always been an enthusiastic follower of F1, attending events, while television later became my way of pursuing the sport.",2002-05-18T00:53:15Z
follower,social-media,before,"His mother, reputed by some to have been a witch doctor, became a camp follower in the King's African Rifles.",2003-07-24T09:47:56Z
follower,social-media,before,"Here Wodehouse is a follower of The Importance of Being Earnest , a play full of intimations of ruin and scandal and the collapse of empires, but triumphantly impervious to them.",2002-12-14T11:58:16Z
follower,social-media,before,"Les Blair's film about the H-block hunger-strikers of 1981 is a high-minded, meticulously respectful piece of work (comparable in some ways to Maeve Murphy's The Follower, a film about the women prisoners), which actually proposes a noticeably more complex, even sceptical view of the macho republican leadership.",2002-04-27T00:45:05Z
follower,social-media,before,"A close follower of the news with a sixth sense for the locations likely to attract the television cameras on any given day, Mr Paolini reckons his antics have been seen by around 2 billion people.",2002-09-27T13:08:11Z
follower,social-media,before,"Secrets by Jacqueline Wilson 219pp, Doubleday, £10.99 Jacqueline Wilson is not a follower of the fashion for children's books that are written for adults too.",2002-06-22T17:05:35Z
follower,social-media,before,"The initial talk of revolution fades, and Tancredi, who begins as a follower of Garibaldi, becomes a regular officer in the army of the Piedmontese, expressing contempt for the red-shirted Garibaldi rabble.",2003-05-03T22:43:30Z
follower,social-media,before,Abukhadeejah said he did not think the alleged hijacker could have been a follower of Salafi Islam.,2002-08-31T00:41:03Z
follower,social-media,before,"""As a vegetarian football follower with left-wing / liberal sympathies, it would be good to know if there were players of similar persuasion."" How long have you got, Robin?",2003-01-15T19:02:19Z
follower,social-media,before,He was a follower of the fundamentalism of Monseigneur Lefebvre.,2002-06-15T00:34:00Z
follower,social-media,before,And yet she is wearing vine leaves that signify a follower of Bacchus.,2002-07-13T18:48:29Z
follower,social-media,before,"The other advantage of being a text follower is you can sidestep the banter of Aggers and Blowers and their chums on Radio 4's Test Match Special which, while it can be mildly diverting, can also sometimes be terribly arch and leave you wondering whether it might not be time to switch off the radio and catch up on Vikram Seth.",2003-02-03T01:27:50Z
follower,social-media,before,"It concerns Jo, a new Follower and campaigner for environmentally friendly sanitary products, the town's dirty girl Katherine Turpin, and the ownership of the behindlings website; but such things as plot are rather beside the point.",2002-09-27T23:03:36Z
follower,social-media,before,I'm a follower of Osama bin Laden.,2002-12-02T14:58:32Z
follower,social-media,before,"As a self-conscious follower of European modernism, Gao does not give us this fictional life in a chronological sequence.",2002-11-30T00:05:44Z
follower,social-media,before,Mr Stoiber has never tried to hide the fact that his father was an early follower of Hitler.,2002-09-23T00:43:12Z
follower,social-media,before,"A loyal follower of former Taoiseach Charles Haughey, Burke was one of the most outspokenly ebullient members of the Irish government.",2002-11-24T07:26:30Z
follower,social-media,before,"Knievil is an avid follower of horse-racing - so far this year he is up more than £350,000, quite an achievement considering every UK bookie bar Ladbrokes now refuses to take his money, such has been his success.",2002-11-17T10:36:07Z
follower,social-media,before,"""It is a strong business with a proven growth strategy,"" said one follower of the company.",2002-07-09T01:05:19Z
follower,social-media,before,"We look forward to the next match.' As for Paul Biya, unless you are an assiduous follower of the politics of west Africa, you may be asking who is Paul Biya?",2003-03-02T01:28:00Z
follower,social-media,before,"They fear that her public admission of failure, and suggestion that she was happier as a follower than a leader, will hand ammunition to those who seek to do down the progress of women MPs.",2002-10-25T18:31:48Z
follower,social-media,before,"The group included James Watt, inventor of the steam engine, Joseph Priestley, who discovered oxygen, the conjuror Richard Lovell Edgeworth and Thomas Day, a follower of Rousseau.",2002-09-01T09:40:45Z
follower,social-media,before,Seeing a man in a skirt is still guaranteed to cause a stir: that's why a media-savvy designer like Jean Paul Gaultier sends male models parading down the catwalk in the type of psychedelic evening wear that is unlikely to interest the average fashion follower.,2002-04-27T23:36:24Z
follower,social-media,before,"She also met Melanie Klein, Freud's follower, and invited her for dinner.",2003-08-15T23:37:00Z
follower,social-media,before,"""In the early 80s I paid £20 each for lovely drawings by John Dawson Watson, a Pre-Raphaelite follower, and now they're worth about £700 each,"" he says.",2003-02-01T14:37:49Z
follower,social-media,before,"A private owner brought the painting, which was thought to be by Rubens follower Jan van den Hoecke, to the company's attention and Sotheby's experts determined it was a Rubens.",2002-02-28T16:03:18Z
follower,social-media,before,"He has become, says the paper, ""a dedicated follower of 2002's hottest new look - Sloane chic."" We had no idea Sloane chic was back in fashion - and, frankly, we're horrified - but Euan is enthusiastically flogging burgundy moleskins and checked shirts at London's quintessential Hooray emporium, Hackett's on Sloane Street.",2002-10-04T15:23:26Z
follower,social-media,before,"In Italy, going on holiday means looking good, and no self-respecting follower of la bella figura would set out without the right clothes or the right ride.",2003-01-26T19:08:44Z
follower,social-media,before,"Though potentially always a pugnacious little bugger, I usually tended to swerve towards the way of co-operation and teamwork, whether as leader or follower.",2002-07-21T00:13:30Z
follower,social-media,before,"He was also an authority on Hitchcock thrillers, John Ford westerns and traditional jazz and a passionate follower of county cricket.",2002-05-25T16:13:25Z
follower,social-media,before,"As his enthusiasm for the euro shows, though, he is not a blind follower of what they tell him.",2002-08-08T07:40:43Z
follower,social-media,before,"He had described himself as a ""party animal"" and ""sports fanatic"", a follower of the English Premier League and a devoted supporter of Manchester United.",2004-04-03T01:45:00Z
follower,social-media,before,"These shirts do not always have negative connotations, although those famous fashion gurus, Presidents Banda (Malawi), Mengistu (Ethiopia) and Amin (Uganda) - not a trio from whom most of us would take advice, sartorial or otherwise - all adopted this traditional ceremonial garb for their propaganda purposes and, dedicated fashion follower that he is, Mugabe took note.",2002-03-08T11:26:03Z
follower,social-media,before,"How long before the editor of the newspaper of the year and keen follower of the stock market gets a call to the palace for another reason, Diary asks?",2002-04-27T23:38:08Z
follower,social-media,before,"The lives of ordinary British men and women were completely disrupted in the process of imperial adventures overseas: men like John Rutherford, captured in North America, who for a while became a Chippewa warrior; or Sarah Shade, an East India Company camp follower, who became one of Tipu's captives at Seringapatam.",2002-11-09T00:41:18Z
follower,social-media,before,But it would be just as great a failure if he turned the Conservatives into a proto-Blairite organisation and aimless follower of fashion.,2002-08-18T07:50:55Z
follower,social-media,before,"Until now, the work, La Main chaude, had been categorised by the Dublin gallery as the school of Rembrandt, meaning it could have been the work of a student or follower of the celebrated artist.",2001-10-31T18:03:18Z
follower,social-media,before,"I am a keen follower of your sports pages, which cater well to those of us who (like yourselves, clearly) enjoy a flutter on the internet.",2002-06-23T03:40:54Z
follower,social-media,before,"Mr Duncan Smith's moves show he is no follower of Edmund Burke, who held that ""magnanimity in politics is not seldom the truest wisdom"".",2001-09-19T02:51:12Z
follower,social-media,before,"Despite a lack of media coverage and his nonexistent image, his sets have become major events, attracting the sort of devoted follower who was supposed to have deserted the dance floor long ago.",2003-10-03T16:03:00Z
follower,social-media,before,"At the same time it could be a portrait of the dedicated follower of fashion in any time and place, seeking to assert identity through a slightly desperate display of insignia.",2002-02-02T20:56:34Z
follower,social-media,before,"Back then, it was thought to be the work of Rubens's minor follower Jan van den Hoecke.",2002-09-02T15:35:07Z
follower,social-media,before,"James Haley james@glorious.co.uk Podium pests As a follower of IT matters in Online and other journals for some years, I am used to the ludicrous hyperbole that sometimes appears, but a grey, dull Thursday was given some much-needed hilarity by Mike Anderiesz's assertion (Working the web, February 21) that there has been ""talk of"" Olympic recognition for online gaming!",2002-02-28T02:22:03Z
follower,social-media,before,"His teacher was a modern follower of Schinkel, Paul Ludwig Troost, who, as Hitler's architect, had a hold on the little building that was being done in the early 1930s.",2003-02-01T00:56:14Z
follower,social-media,before,"The only charge they didn't throw was the truth - that he is a follower of the dear leader To Ni Blair, and the mystic philosophy of the Third Way, leading our joyful and united nation to - well, it's beginning to look like disasters.",2002-01-16T12:43:35Z
follower,social-media,before,"I realise that religious fundamentalism in the IT world is such a fun sport (Free software survives downturn, January 10) whether practised by Linux, Microsoft or other types of religious follower.",2002-01-17T02:38:04Z
follower,social-media,before,"When he wrote The Art of Noises, Russolo was 28 and a follower of the futurist leader Filippo Marinetti, who had used the term ""futurist"" for the way it suggested forward motion and speed.",2002-07-26T00:59:04Z
follower,social-media,before,"However, a spokesman yesterday refused to confirm if Habeishi was a follower.",2001-09-11T01:29:12Z
follower,social-media,before,"He also appears to have been a follower of the Islamic Movement, a lawful political group that is gaining strength in the Arab towns of the Galilee.",2001-09-11T01:29:12Z
follower,social-media,before,"The young king took the title, 'Confident in God, Follower of the Firm Religion of Islam'.",2001-09-23T14:27:49Z
follower,social-media,before,"He's a follower of Schumacher, the small is beautiful thinker."" Virgin as a global brand, then, will be built around a number of ""small, hungry, maturing companies"", independent of each other but relatives within the same family.",2002-04-30T06:45:01Z
follower,social-media,before,"'It is difficult to describe such things, and I do not even know if I shall succeed,' wrote Nadehda Grankina, imprisoned in the late 1930s because her husband was a follower of Trotsky.",2001-08-05T10:56:57Z
follower,social-media,before,"""How was Scott's wedding then?"" asks Helen Nesbitt (who's probably no relation to TV's Rab.) ""As an avid Fiver receiver and step-by-step follower I have sensed a certain amount of romance in the air."" Really, Helen?",2003-06-30T18:15:28Z
follower,social-media,before,"According to Vasari, he was a follower of the religious zealot Savonarola, who burned works of art and prophesied the city's destruction.",2001-11-10T20:18:47Z
follower,social-media,before,"In the civic museum was an Annunciation by Girolamo do Giovanni, a follower of Piero della Francesca, with the dreamlike eeriness of a Piero and none of the second-rate qualities of a follower.",2001-09-23T17:36:53Z
follower,social-media,before,Why Ferguson should have the hump with anyone but his players is a mystery when even the most blinkered United follower would be forced to concede his final year in office has hardly been an epic thus far.,2001-11-19T22:43:38Z
follower,social-media,before,On her arrival in LA Betty is greeted by an elderly couple (their age symbolizes age of the myth) which plays the role of the myth's pawns introducing every follower to his/her new dream-reality.,2002-02-27T17:24:42Z
follower,social-media,before,A true follower of the myth is in love with themselves and thus Lynch introduces lesbian love where Betty sees everything in Rita that she wants to be.,2002-02-27T17:24:42Z
follower,social-media,before,"""If you look at Rolls Royce and Smiths they are both off on the basis that the civil impact is seen to be greater,"" said one follower of the defence and aerospace sector.",2001-09-12T15:31:12Z
follower,social-media,before,He has always liked visiting Britain - he is a keen follower of both Manchester United and Liverpool and has always been fascinated by Hyde Park Corner.,2002-01-29T00:58:06Z
follower,social-media,before,"""As a somewhat dilettante follower of your coverage, I do often find it difficult to tell you fellows apart (the constraints of house style, no doubt).",2003-02-25T16:50:52Z
follower,social-media,before,"The girl who was chosen to dance directly behind Bollywood superstar Govinda, and the only westerner shown holding the product, was a dedicated follower of traveller fashion.",2002-04-26T23:20:41Z
follower,social-media,before,"""That was the greatest game seven ever,"" said New York's mayor Rudy Giuliani, overcoming the intense disappointment he felt as a lifelong Yankees follower.",2001-11-06T03:10:44Z
follower,social-media,before,"Minnie Driver, a follower of Atkins, looks sharp and angular these days.",2003-02-09T16:33:16Z
follower,social-media,before,"Which also got us our Draco Malfoy - Ed Balls, loyal follower of the head of Slytherin.",2001-12-22T01:47:30Z
follower,social-media,before,"He was a follower of ""disestablishmentarianism"", she told me as she pinned William's name-badge on his new Shrek T-shirt.",2001-07-07T00:44:34Z
follower,social-media,before,"Not one former follower has named him - as happened when he was charged with the bombing of two US embassies in east Africa in 1998 - but an unnamed suspect arrested on a bogus pilot's licence in New York is reported to have provided ""useful evidence"".",2001-09-21T15:31:12Z
follower,social-media,before,"""I've always been a follower of silent movies.",2002-05-16T17:04:00Z
follower,social-media,before,Dedicated follower of fashion David Beckham has shaved off half his left eyebrow.,2001-08-15T07:46:37Z
follower,social-media,before,"If someone had told Dave Whelan six years ago that he would today not just be sitting in the stand at Edge Hall Road watching Orrell playing rugby union but bankrolling the club to boot, the reply would have been to the effect that there was more chance of the diehard rugby-league follower and Wigan backer announcing that he was off to follow St Helens.",2001-12-15T01:18:12Z
follower,social-media,before,"But there was also fer- ocious hostility; the speech was repudiated by many senior Tories, and even Mrs Thatcher, until then a devoted follower of Joseph, concluded that there was something wrong with her guru's judgment.",2001-09-29T01:17:31Z
follower,social-media,before,"But latching on to a trend just slightly too late is a disaster nonetheless, and one that can befall all but the most vigilant follower of fashion.",2001-05-19T10:24:02Z
follower,social-media,before,"Muslim: In Arabic, ""one who surrenders to God""; a follower of Islam.",2001-10-10T15:52:07Z
follower,social-media,before,Konrad Ejbich is president of the Wine Writers' Circle of Canada and (better still) a former Grateful Dead follower .,2002-07-14T15:33:04Z
follower,social-media,before,"I am a keen follower of foreign affairs, and resent being disenfranchised by Mr Cook's incoherent babble.",2001-05-12T16:18:44Z
follower,social-media,before,Yet if you're not an avid follower of dance music - and perhaps even if you are - you would be unlikely to look twice at him walking down the street.,2002-02-08T15:12:43Z
follower,social-media,before,"Khalid al Fawwaz, alleged to be a follower of Al-Qaida, has been moved to Woodhill prison near Milton Keynes pending an appeal against his extradition to the US.",2001-09-18T15:31:12Z
follower,social-media,before,"The St Lawrence Ground provided the perfect rest home for any cricket follower wanting to escape the traumas of pitch invasions and match-fixing allegations, fireworks, Condon, and ICC initiatives.",2001-06-21T00:24:15Z
follower,social-media,before,"The mood was more apres-ski - after all, even the most dedicated follower of fashion doesn't want to ski in a corset dress, however prettily trimmed with red ribbon.",2001-02-20T11:23:41Z
follower,social-media,before,And then she frightens you by showing the thin line between what used to be called a follower and a pursuer.,2001-11-11T00:54:47Z
follower,social-media,before,Lobsternet tights and antique earrings indicate a fashion-magazine follower.,2001-12-07T16:31:08Z
follower,social-media,before,"It does not matter that neither parent is a follower of any such deity, or that no one in the entire household, or in the history of the family has ever been an initiate of this god.",2002-05-04T17:27:05Z
follower,social-media,before,"He was a follower of the Islamic Jihad group, which has carried out a series of attacks in Israel in recent months.",2001-04-06T15:30:21Z
follower,social-media,before,"Any observant follower of the prophet Mohammed could have been on one of those planes, or in one of those buildings - yes, even in the Pentagon.",2001-09-21T15:31:12Z
follower,social-media,before,"""I am not the great follower of the tennis, I am the cricket man myself."" You see?",2002-09-20T14:41:46Z
follower,social-media,before,"The final 15 minutes, which feature serious reference to Rolf Harris's Two Little Boys song and a spiritual duel between the half-naked Salvation Army follower Rae and the all too easily convinced Davy, is actually rather memorable.",2001-03-12T00:00:00Z
follower,social-media,before,"As a loyal follower of Margaret Thatcher, he should have been told of her opposition to the strategic defence initiative (SDI) launched by Ronald Reagan.",2001-01-13T00:36:08Z
follower,social-media,before,"This week's sharp falls in technology shares has strong echoes of the past; seven years ago the biggest investment fashion was not technology but emerging markets, but being a dedicated follower of fashion can cost your pocket dear.",2000-10-13T23:00:00Z
follower,social-media,before,"It was fickle, the Self, a follower of whim and fashion, and its only constant seemed to be that urgent aggressive fact of wanting.",2002-03-10T11:02:21Z
follower,social-media,before,"""I just hope to remain, to the last, what I have always been - a follower of the Enlightenment, a Jacobin and a communist."" Born in Imperia, Natta's politics were suffused by a hatred of fascism honed during the second world war.",2001-05-25T00:22:50Z
follower,social-media,before,"Marinetti was a dedicated follower of fascism, and it's hard not to see futurism's attitude to photography as a clue to its true nature.",2001-02-02T00:00:00Z
follower,social-media,before,A follower is as responsible as a leader for allowing a leader to lead them foully.,2001-06-24T00:51:37Z
follower,social-media,before,"He too, Italian police add, is a follower of the Salafi sect within Islam.",2001-10-13T12:37:20Z
follower,social-media,before,"By the second day in London, Radio Bemba's backstage entourage had doubled to include four more Spanish friends, an Italian journalist who is writing a book on last year's European tour, an Argentine follower and three Frenchmen, old friends of Majid's from Paris.",2002-04-13T00:26:12Z
follower,social-media,before,"Ofili recently listed for an art magazine some of his favourite paintings featuring monkeys: Green Monkey (1798), by the great Liverpool-born animal painter George Stubbs; a portrait of Maria Ann Of Bourbon With A Baby And A Trained Monkey (c.1500), by Pierre Gobert; Two Monkeys (1582), by Pieter Bruegel the Elder; a picture by a follower of the Dutch genre painter David Teniers the Younger, of Monkeys Gambling (c.",2002-06-15T00:35:09Z
follower,social-media,before,"As I am not writing as some crazed survivalist in a concrete bunker somewhere out in Texas, eagerly awaiting the 'end times', but as a merely semi-crazed 21st-century urban follower of Taoism, I thought I might share their ancient (as well as semi-crazed 21st-century urban) take on dealing successfully with surviving 'interesting' epochs of human history.",2001-06-24T00:51:43Z
follower,social-media,before,But I was flying with many Moroccans who had made their home in Britain and I wondered what the average follower of Islam in the security of their own country would be feeling.,2001-10-14T17:24:53Z
follower,social-media,before,"He said Egg wanted to be a ""fast follower"" and capitalise upon any success achieved by the Halifax in trying to shake-up the current market where only 500,000 customers a year out of 30m move their account.",2001-02-20T00:00:00Z
follower,social-media,before,"Being a keen follower of current affairs, I have noticed that an era-defining event has occurred in the last couple of days, one that may change the way we think forever.",2002-01-02T16:35:45Z
follower,social-media,before,"It was hardly the ideal preparation for playing Rafter, a keen follower - and supporter - of all Australian sport.",2001-07-08T13:20:32Z
follower,social-media,before,"Alison Ryan - fresh from a stint with the cable firm NTL - turned out to be a follower of the approach to the truth favoured by Alan Clark (the randy diarist and politician, not the former Leeds forward otherwise known as Sniffer).",2000-09-29T23:32:10Z
follower,social-media,before,"Ironically, a Catholic priest who assumed he was a republican bomber gave McDowell, a follower of Paisley, the last rites.",2001-04-01T02:08:57Z
follower,social-media,before,"Another put it more simply: ""If you have a leader, you have followers - and no-one in the Green party is a follower."" As this remark might suggest, the Greens are an idiosyncratic, intellectual and good-naturedly cantankerous bunch.",2001-09-18T11:46:21Z
follower,social-media,before,"• Bruce Palling The PIcador Book of Cricket Edited by Ramachandra Guha Picador £20, pp476 At a time when Sir Paul Condon's interim report has uncovered all manner of vile and contemptible practices in contemporary cricket and when a pitch invasion leads to a cricketer being assaulted, what is the diehard follower of the most noble of games to do except turn to The Picador Book of Cricket and put behind him for a while talk of murder, greed and bribery?",2001-06-10T01:17:43Z
follower,social-media,before,"Named only as Rashidi, the teenager had apparently been a follower of Kabila since the uprising in 1997 against President Mobutu Sese Seko.",2001-01-21T01:11:31Z
follower,social-media,before,"He may be saving a life, but he's only 23, has been a follower for just a year, and still hasn't told his mother.",2002-04-05T23:53:27Z
follower,social-media,before,"Coming from Evening Church (1830), by Blake-follower Samuel Palmer, with its Tolkeinian idyll of folk emerging from a church into a moonlit woodland, can be compared directly with Constable's dreamlike naturalism nearby.",2001-09-12T14:25:16Z
follower,social-media,before,"Beghal, who is suspected of plotting to bomb the American embassy in Paris, told police he had been a follower of Qatada and that he was a key figure in his radical conversion.",2002-02-14T02:24:11Z
follower,social-media,before,"Marie was, after all, a wealthy and influential follower.",2002-06-22T13:57:00Z
follower,social-media,before,Brian Walden - a verbose and strangely speeched follower in the blazing wake of Freeman's trail - did the same on his way to Weekend World and scholastically prolonged questioning.,2001-07-02T01:16:21Z
follower,social-media,before,"What's more, as a keen follower of the England men's team's fortunes, she passes the Norman Tebbit test and cannot wait for the Ashes series against Australia this summer.",2001-05-27T00:15:13Z
follower,social-media,before,Stock joint Are you a dedicated follower of business?,2001-01-18T02:52:52Z
follower,social-media,before,"He tells the story of Berlusconi's business successes, and then he says, ""I am his oldest friend, but I am not a blind follower.",2002-06-13T13:41:45Z
follower,social-media,before,"Before liftoff, Mr Shepherd was diplomatic, commenting: ""A good leader sometimes has to be a good follower.",2000-11-01T02:28:50Z
follower,social-media,before,"""A sizeable amount of Celtic fans would say that leaving the SPL is a logical thing to do,"" said Celtic supporter Peter 'the Prod' Carr, while die-hard Rangers follower John 'the Jesuit' Macmillan agreed: ""From a purely footballing point of view it would be a step in the right direction."" So with everyone behind the plan, give or take 38 other clubs, it looks like full speed ahead for this crazy devout duo!",2001-07-12T16:19:20Z
follower,social-media,before,"Inevitably, he is at his best with those of the sixteenth and early seventeenth centuries, but as well as providing new conclusions about some of those covered in The Renaissance Garden, he devotes a whole section to the work of two eighteenth-century provincial painters of the archetypal English conversation piece, Arthur Devis and his follower Edward Haytley, convincingly suggesting that a high proportion of the settings for their portraits were based on actual gardens.",2000-12-31T00:11:37Z
follower,social-media,before,"Channi also had a passion for Indian writing, and was a great follower of RK Narayan.",2000-09-20T02:51:55Z
follower,social-media,before,"Add to him Naseem Hamed, the most charismatic figure in the featherweight division, Joe Calzaghe and Johnny Nelson, not to mention the Olympic superheavyweight champion Audley Harrison, whose fights are also to be shown by the BBC, and even the casual follower should begin to recognise this is a sport at which Britain is actually pretty good.",2001-01-31T08:08:57Z
follower,social-media,before,"For this reason I do not believe that Osama bin Laden and others like him are the real followers of Islam."" The response that this can provoke, I fear is: Who is the British prime minister, a practising Christian, to decide who is or who is not a real follower of Islam?",2001-10-30T12:13:06Z
follower,social-media,before,"He says he was a follower of the Third Way, mixing public with private disciplines, before it was trumpeted as a political doctrine by Tony Blair and former US president Bill Clinton.",2001-09-01T00:55:58Z
follower,social-media,before,"By now, the keen follower of Prince Charles's enthusiasm for ceramics might have been less than surprised to learn the source of these intimate pictures: a photographer working for Porcelanosa.",2001-08-23T00:48:38Z
follower,social-media,before,"He tells the story of Berlusconi's business successes, and then he says, ""I am his oldest friend, but I am not a blind follower.",2002-06-06T11:25:26Z
follower,social-media,before,First and foremost I'm a follower of Christ.,2001-07-30T01:11:51Z
follower,social-media,before,"Dr Cathy MacGregor, feminist and Andrea Dworkin-follower, did a few more sensual moves while saying in a deadpan, sarcastic and totally depressed voice: ""When I do this, it really turns me on.",2001-03-16T18:00:07Z
follower,social-media,before,"As a child, she met Gandhi, and became his ardent follower for the rest of her life, often in the vanguard of demonstrations.",2000-08-25T00:30:34Z
follower,social-media,before,"· View the work online Artist: Fernand Léger (1881-1955), a follower of Picasso and Braque, one of the best of the so-called Salon Cubists until his time in the trenches in the first world war filled him with a new awe at modern technology and the dignity of the working class.",2000-10-28T11:51:21Z
follower,social-media,before,"I have just had a letter from a Redditch reader who works at a big West Midlands factory: ""A few years ago, whenever a test match was being played, people would tune in to radios right across the factory and, if they knew you were a regular cricket follower, engage you in some conversation about the game.",2000-06-21T22:47:40Z
follower,social-media,before,How can anyone be a regular cricket follower?,2000-06-21T22:47:40Z
follower,social-media,before,"Nor, even for the gloomiest follower of British transport policy, is it plausible that the rail companies are liquidising their assets before shutting up shop.",2001-01-13T00:36:12Z
follower,social-media,before,"'Great goal Andy,' an England follower shouted as the Manchester United striker boarded the team coach.",2001-04-01T18:45:57Z
follower,social-media,before,Tennant's is a more scholarly interest: he discovered Sondheim in the 1980s and has been an ardent follower ever since.,2001-05-16T01:41:05Z
follower,social-media,before,"The chief executive of Phytopharm, the plant-based medicines specialist, is a devoted follower of Tibetan Buddhism.",2000-05-04T00:11:13Z
follower,social-media,before,"Since Laurent was a follower of the far-right Charles Maurras, his connection with Vichy was natural.",2001-01-01T01:45:09Z
follower,social-media,before,A follower need only email him to ask his advice on a religious or political issue.,2000-08-05T00:35:19Z
follower,social-media,before,"On the evidence of the surviving handful of paintings by Fabritius, few would deny that he was Rembrandt's most talented pupil - a follower with more panache, individuality and understanding of his master's work than the rest of his fellow students put together.",2001-05-12T01:24:48Z
follower,social-media,before,Amy Morton gets round the hellish problem of playing Nurse Ratched by suggesting she is less a medical Mephistopheles than an inflexible rule-follower cursed by a lack of imagination.,2000-07-30T23:00:00Z
follower,social-media,before,"In the eyes of the white security men I was probably a ""terrorist"", a ""white Swapo"" - a follower of the liberation movement that challenged Afrikaner rule.",2001-01-08T08:34:10Z
follower,social-media,before,"OK, I'd be the first to admit that I'm not the most assiduous follower of lawn tennis, but surely every Englishman owes it to himself and to his country to take himself off to Wimbledon at least once in his life to support one of Britain's more civilised institutions and in the process perhaps cheer Tim Henman to victory over Boris or Bjorn and drink champagne and not mind that it's chucking it down with rain because isn't that part of the national sense of humour and legendary plucky spirit under the bombardment of enemy weather?",2000-07-08T23:39:34Z
follower,social-media,before,"This is in keeping with a traditional big company ""fast follower"" strategy of letting others innovate, knowing that, after the innovators have made their costly mistakes, you can either buy your way in to a market or just do it bigger.",2000-04-24T15:31:56Z
follower,social-media,before,"As Philip Evans and Thomas Wurster warn in their excellent (but clumsily titled) book Blown to Bits: How the New Economics of Information Transform Strategy: ""The only sure loser is the 'fast follower', it is better to be early five times than late once."" News Network could do much worse than get a poster of that quote made up and put it up on the walls in all their meeting rooms.",2000-04-24T15:31:56Z
follower,social-media,before,"Of course I didn't know what was going to happen, but for someone who had been a close follower of the hype that surrounded Freeserve's flotation in September 1999 and watched all the bandwagon activity, it was obvious that something quite earth-shattering was on the cards for 2000.",2000-12-18T14:25:28Z
follower,social-media,before,"""A good leader sometimes has to be a good follower,"" Shepherd said.",2000-10-31T02:39:09Z
follower,social-media,before,"Botticelli's growing religious passion led him to desert painting, says Vasari, and become a follower of the apocalyptic preacher Savonarola, who predicted the destruction of Florence; the artist's late paintings - particularly his Mystic Nativity in the National Gallery - anticipate the coming apocalypse.",2001-02-10T01:20:06Z
follower,social-media,before,Other articles documented allegations of official corruption and the death of a Falun Gong follower in jail after being beaten by police.,2000-06-08T00:46:04Z
follower,social-media,before,"The JDL was founded by the late Rabbi Meir Kahane, a racist demagogue whose follower Baruch Goldstein murdered 29 Palestinians in Hebron in 1994.",2001-12-18T02:30:40Z
follower,social-media,before,"Kodak's loss of market share to Fuji, and its failure to develop new businesses, turned it from leader to follower; sales fell by a quarter over the Nineties.",2000-10-07T23:00:00Z
follower,social-media,before,"To readers who remember Russell's last years it will come as no surprise to have it confirmed that his apparent nonagenarian metamorphosis into a revolutionary follower of Che Guevera was the result of his name being misused by his egregious ""secretary"" Ralph Schoenman, an intemperate supporter of fiery causes.",2000-10-28T13:56:02Z
follower,social-media,before,"But there are strong performances from Jason Merrells as the heartless crooner, Adrian Howells as a female impersonator and Tam Dean Burn as both the Scottish theatre manager and a befrocked camp follower.",2000-02-07T00:00:00Z
follower,social-media,before,This separation is how a follower of Jesus should arrange her farm.,2000-02-26T01:08:22Z
follower,social-media,before,"Telling lifestyle detail: You are a peer group leader, rather than a follower, and you are not hung up on macho, laddish images or the Cannon and Ball-styled humour more usually associated with alcohol ads.",2000-02-25T01:18:40Z
follower,social-media,before,"One Burnley follower expressed the view several years ago, when the two clubs were still moving in opposite directions, that while he was looking forward to the eventual resurrection of the derby he feared such a game might have to be played in Beirut.",2000-12-17T20:22:39Z
follower,social-media,before,"Victoria Beckham, a keen follower of fashion, is a longtime admirer of Grachvogel's evening wear.",2000-02-17T11:23:45Z
follower,social-media,before,"Neither manager quite believed it and one ecstatic Barnsley follower promised on a radio phone-in to dress up his missus as ""Harry"" Bassett in celebration.",2000-05-15T22:59:50Z
follower,social-media,before,"His headship came at a time when, in certain institutions, every linguist had become a follower of the ideas of Noam Chomsky of the Massachusetts Institute of Technology.",2000-07-17T09:46:19Z
follower,social-media,before,"Venables, who in his childhood switched his support of football clubs between Liverpool and Blackburn, has become a fanatical follower of Manchester United.",2001-06-24T00:52:01Z
follower,social-media,before,"""The fact that game was won in Rome on penalties is perhaps an even greater achievement,"" says Kevin Sampson, the novelist and Liverpool follower.",2001-03-31T22:29:21Z
follower,social-media,before,"She is four years younger than me, so it's not a habit that can be attributed to the old ""leader, follower"" dynamic.",2000-10-02T01:14:50Z
follower,social-media,before,The Rangers manager has never been a dedicated follower of fashion.,2000-04-22T18:57:44Z
follower,social-media,before,"He's a follower not a leader."" Whenever he talks about Major and Hague, you sense a golden shadow lurking.",2001-03-12T01:19:34Z
follower,social-media,before,"First published in 1961 and never out of print in America, it remains little-known here; now it tries again with a new introduction by Richard Ford, admirer and follower.",2001-12-08T01:16:38Z
follower,social-media,before,"When in the 1490s Botticelli became a follower of the religious extremist Savonarola, who predicted the destruction of Florence and the salvation of only the few, he painted the Apocalypse with passionate urgency.",2000-11-07T03:05:19Z
follower,social-media,before,"But access may be had to enough follies and monuments (including one to carrier pigeons who lost their lives in the second world war), pubs, graves, gates, stones, statues, pyramids and museums (try the Electric Shock Machine Museum at Salcombe, Devon) to satisfy the most dedicated follower of foible.",2000-04-01T17:57:03Z
follower,social-media,before,"Klee's follower, the brilliant graphic artist Saul Steinberg, published The Labyrinth in 1960.",2000-08-06T22:25:27Z
follower,social-media,before,"Martha As every follower of contemporary dance knows, one should never take Martha Graham's name in vain.",1999-11-01T00:00:00Z
follower,social-media,before,"One of his paintings, for Matthew Holding's late Victorian Guildhall, showed the muses contemplating Northampton, and though they must on frequent occasions have had to cover their eyes at some of the changes in the town, they would have been pleased, one suspects, with the contribution of such a talented and indefatigable, if often catankerous, follower.",2000-05-11T00:17:51Z
follower,social-media,before,"By most accounts, someone who wanted to be a part of something, a follower, he was a blank high-school year-book face with glasses, a soft-voiced mystery.",2000-04-19T00:35:50Z
follower,social-media,before,"It is used as a noun, to describe an admirer and conscious follower of his work.",2001-05-05T17:01:15Z
follower,social-media,before,"A follower of Lacan, Zizek has started mixing doctrinal Christianity with Marxist historicism to search for values in a world turned inauthentic.",2000-11-04T03:21:48Z
follower,social-media,before,"As the Jewish- by-descent, church of England-christened, Scottish Episcopal Sunday-school- going son of an Anglican mother and a nominally kirk father, who late in life converted to Catholicism, with one sister a Buddhist nun and the other a follower of Sri Chimnoy, I suppose I'm typical of the religiously uprooted mass who have forgotten what it is like to belong to a faith community.",2000-02-12T02:58:51Z
follower,social-media,before,"Likewise, Rachel Joyce touchingly turns Emilia into the discarded regimental wife attached to a strutting, impotent husband and destined forever to be a camp follower.",2000-01-08T00:00:00Z
follower,social-media,before,"Reuters, Rome Chinese police kill sect disciple Chinese police officers have beaten to death a woman follower of the banned Falun Gong sect, the Hong Kong-based Information Centre of Human Rights and Democratic Movement in China said yesterday.",1999-10-12T00:30:36Z
follower,social-media,before,"Traditionally the preserve of teenage boys, WWF - as real fans know it - now has a new and rather unlikely follower: Wall Street.",2000-06-13T01:33:45Z
follower,social-media,before,"Crip was told to assassinate Kevin McAlorum, a follower of the late INLA chief-of-staff Hugh Torney.",2000-12-03T23:14:41Z
follower,social-media,before,The practice has killed at least one follower in the past.,1999-07-15T01:33:07Z
follower,social-media,before,"So far their response to the current expansion has been to raid cult premises in connection with shady property deals and arrest one follower - a clumsy strategy, and probably counterproductive.",1999-07-15T01:33:07Z
follower,social-media,before,"A slight, bookish-looking woman, her dogged reporting so enraged Asahara that a follower was dispatched in 1994 to kill her.",1999-07-15T01:33:07Z
follower,social-media,before,"Egawa was woken up in the night with a searing pain in her throat as the follower pumped phosgene, a first world war choking agent, into her apartment.",1999-07-15T01:33:07Z
follower,social-media,before,"Last October an Aum follower received the death sentence for his role in the savage 1989 murder of an anti-Aum attorney, his wife and their infant son.",1999-07-15T01:33:07Z
follower,social-media,before,"Another cultist told prosecutors how he murdered a 21-year-old follower who wanted to leave the sect: ""I felt a sense of mission that I had to kill him.",1999-07-15T01:33:07Z
follower,social-media,before,"In its continuing crackdown, as well as arresting one follower police have confiscated more than half a million leaflets.",1999-07-15T01:33:07Z
follower,social-media,before,"For any Charlton follower under the age of 45, say, the name of Johnny Summers has only a distant ring.",2000-04-15T21:33:24Z
follower,social-media,before,Two cult members were detained yesterday accused of tying up a follower who had tried to escape.,1999-09-30T00:55:58Z
follower,social-media,before,"Leslie Weatherhead, a lawyer acting for Sally-Ann Croft, a former follower of the guru Bhagwan Shree Rajneesh, is demanding the release of a home office letter to the US justice department about the case.",1999-10-05T01:17:35Z
follower,social-media,before,"Among those who identified the Church of England as their religion, this figure drops to 23 per cent, which compares unfavourably with those who identified themselves as a follower of a non-Christian religion, 63 per cent of whom actively practise.",2001-03-18T03:40:40Z
follower,social-media,before,"John was (and is) a free-thinking follower of old Labour, if such categorisations have any meaning: but on air he was the shrewdest, most human and yet most dispassionate of commentators.",2000-05-22T15:31:51Z
follower,social-media,before,"He learned much about Europe during the years from 1969-74, which he spent in the federal republic of Germany, and he was a committed and sincere follower of his newspaper's reasoned and commonsensical attitude of support for the European ideal.",1999-12-21T01:58:35Z
follower,social-media,before,But being a football follower gives a clue to what it is like in there.,1999-07-28T22:45:00Z
follower,social-media,before,"In recent seasons the committed follower has divided his time between Des Lynam and Andy Gray, the BBC and Sky Sports.",1999-07-28T22:45:00Z
follower,social-media,before,"In Davos he said Japan's proven ability as a ""good follower"" of industrial trends gave it an advantage in the next stage of the development of the internet.",2000-02-03T02:02:01Z
follower,social-media,before,"""It makes the series 2-2 against South Africa this winter,"" chirped one England follower through his rose-tints.",2000-01-24T19:19:41Z
follower,social-media,before,But it was much less the notion of maleficium than a concept of the witch as a follower of the Devil that had the foremost place in the minds of theologians and many witch judges.,2001-06-08T14:34:32Z
follower,social-media,before,"Rather than being a follower of fashion, the National should act as a beacon and standard-bearer to the rest of the British theatre.",2000-04-19T00:35:41Z
follower,social-media,before,"An enthusiastic follower of hero pulps in the 1930s - Doc Savage, the Shadow, and the Spider - and a fan of the newly arrived comic books, he attended the School of Industrial Art, New York, but dropped out before his final term after getting a summer job with comic publishers MLJ erasing pencil lines and drawing in border panels.",2000-02-04T01:17:33Z
follower,social-media,before,"Crudely drawn, as if by an untalented follower of Maurice Sendak, this is sententious stuff ('It's what you do with the gift of life that determines what you are').",2000-04-16T22:23:30Z
follower,social-media,before,One said he had seen a sweaty looking follower emerge from the monk's quarters with her clothes in disarray.,1999-08-26T02:47:08Z
follower,social-media,before,"A Zwinglian, you may be astonished to hear, means a follower of Zwingli.",2000-02-12T02:59:00Z
follower,social-media,before,"But what has really torpedoed the appeal of Levi's for any self-respecting follower of fashion has been the sight of motoring pundit Jeremy Clarkson and, worse, Tony Blair sporting their very own denims.",2000-03-06T15:47:06Z
follower,social-media,before,"""Whatever state he was in, however bad his mood, he was always respectful towards the press,"" reminisced Boris Grishchenko, veteran Yeltsin-follower, for Interfax news agency.",2000-01-07T01:31:10Z
follower,social-media,before,This separation is how a follower of Jesus should arrange her farm.,2000-02-26T01:08:38Z
follower,social-media,before,"The Croatian leader, Franjo Tudjman, was to speak to his followers - which meant just about everybody, because if you weren't a follower you were an enemy.",2001-06-26T02:22:50Z
follower,social-media,before,"Voltaire, on the other hand, goes into continental, despite the fact that he was a follower of Locke and in matters intellectual an admirer of all things English.",2000-01-04T12:25:11Z
follower,social-media,before,"'His words have never gone away because he was someone who understood the core of evil,' said one follower, who goes by the name of Pain Through Fire and believes Crowley's most important revelations came as a direct result of his part in a mountaineering accident in which several of his fellow climbers were killed.",1999-10-17T02:22:53Z
follower,social-media,before,"Here is a case where, if one looks at the Haider problem in the round, this country has the opportunity, indeed duty, not to be a reluctant follower but a certain kind of leader.",2000-02-15T02:06:45Z
follower,social-media,before,"Ron Hubbard, the father of scientology, wrote the original novel 20 years ago and Travolta, a loyal follower of L.",2000-06-03T23:47:02Z
follower,social-media,before,"Valdano was a follower of the bony, chainsmoking closet communist Cesar Luis Menotti, the coach who took Argentina to the World Cup in 1978.",1999-12-19T19:38:05Z
follower,social-media,before,"They gave no reason for his detention, but the local press immediately claimed he was a Bin Laden follower.",1999-12-16T02:31:29Z
follower,social-media,before,Will Britain react like an American camp-follower and veto it?,1999-11-24T00:57:23Z
follower,social-media,before,"Make sure to raise your eyes from street level: We saw an unexpected facade by Gaudí's follower Lluís Domènech i Montaner, whose famous works include the Palau de la Música Catalana, among other less heralded exteriors and interiors.",2000-09-03T17:31:29Z
follower,social-media,before,"He became a keen devotee of country life and a follower of steeple-chasing, losing money in gambling.",2000-02-04T10:29:00Z
follower,social-media,before,"""The damn thing puts me in some type of trance,"" noted one follower, on a web page chronicling reactions to the phenomenon.",1999-12-09T16:28:58Z
follower,social-media,before,Will Britain react like an American camp-follower and veto it?,1999-11-11T01:21:23Z
follower,social-media,before,But Fowler's choice of a designer name does give away his role in life as a follower rather than a leader.,1999-09-03T22:00:26Z
follower,social-media,before,It became an excuse to arrest any Muslim under the pretext that he is a follower of Bin Laden.' Middle Eastern states including Saudi Arabia and Egypt have accused Britain of harbouring Islamic terrorists and put pressure on the British government to act against extremists.,1999-12-19T00:29:02Z
follower,social-media,before,"Plenty is going on in Scandinavia and Switzerland, though differences in their energy situations and the global exposure of Switzerland's many giant companies mean that it is now more of a follower of Wall Street than in the past.",1999-08-13T23:53:34Z
follower,social-media,before,"I tried to buy my sister a present yesterday and there wasn't anything left."" It's enough to make you worry that we're heading for a genuine fashion disaster: even the most single-minded follower can see that a winter spent larking about in itsy-bitsy frocks and jewelled bags is a recipe for mass pneumonia.",1999-10-22T16:59:06Z
follower,social-media,before,I should like to make it clear that it is not the weather that is forcing the switch from camper to camp- follower.,1999-11-27T18:12:06Z
follower,social-media,before,"The Government's fascination with businessmen is well known, but it is a follower of the new fashion as much as its cause.",1999-11-28T01:08:33Z
follower,social-media,before,"However, unusually for Lloyds, which is more often a trend-setter rather than a follower, the bank's new brand will be a late arrival on the web.",1999-10-22T14:18:37Z
follower,social-media,before,Virginia Bottomley scornfully said that the Government was 'an effective follower of fashion...,1999-02-16T02:24:57Z
follower,social-media,before,"Mr Straw replied limply that he was not, himself, a follower of fashion.",1999-02-16T02:24:57Z
follower,social-media,before,Virginia Bottomley scornfully said that the Government was 'an effective follower of fashion...,1999-02-16T01:33:41Z
follower,social-media,before,"Mr Straw replied limply that he was not, himself, a follower of fashion.",1999-02-16T01:33:41Z
follower,social-media,before,"'Polish football is at a pretty low ebb at the moment,' a follower of the game in Poland explained.",1999-09-05T17:52:26Z
follower,social-media,before,"But it was aimed at Kate Hoey, the new Sports Minister and a keen follower of Arsenal, United's closest rivals.",1999-08-01T22:28:30Z
follower,social-media,before,"But it was aimed at Kate Hoey, the new Sports Minister and a keen follower of Arsenal, United's closest rivals.",1999-07-31T22:28:30Z
follower,social-media,before,"Even in non-heterosexual relationships, the paradigms of leader and follower often prevail, with one person assuming the role deemed feminine and another the designated masculine role.",2000-02-14T11:09:59Z
follower,social-media,before,"Reuters, Singapore Cult says police killed corpse A Japanese cult is accusing police of murder for conducting an autopsy on the mummified corpse of a follower that its guru claimed to be treating.",1999-11-17T00:49:43Z
follower,social-media,before,"Last weekend Church follower Benjamin Nathaniel Smith went on a shooting rampage in Illinois and Indiana in which he targetted blacks, Jews and Asians.",1999-07-12T00:39:13Z
follower,social-media,before,"1973 Carlos marries Urmila, follower of guru Sri Chinmoy, and makes album with like-minded John McLaughlin.",2000-02-10T03:01:24Z
follower,social-media,before,"By now Newman was an ardent follower of John Todd Ferrier, a minister who married Christianity with vegetarianism and a spiritualism usually allied to eastern religions.",2000-12-30T02:38:23Z
follower,social-media,before,"Entitled Landscape With Arcadian Shepherds, the picture was labelled as 'attributed to a follower of Nicholas Poussin' (1594-1665) and was dismissed as inferior by Sir Anthony Blunt, former Surveyor of the Queen's Pictures and occasional spy.",1999-04-02T02:05:57Z
follower,social-media,before,"I would have had every inch of my diary pencilled in, had I become a Mormon, an Episcopalean, or a follower of the Swami Sachidinanda.",2000-02-09T02:00:15Z
follower,social-media,before,"It couldn't have been Andy, a devoted follower of transcendental meditation who was a strict vegetarian, never swore, and would leave a room if anyone so much as pulled out a cigarette.",1999-12-17T00:52:06Z
follower,social-media,before,One follower told me he regarded the World Cup as the game's biggest hiatus since the Black Death.,1999-05-19T20:57:31Z
follower,social-media,before,"Finally, I am not a follower of Suzi Quatro but Rockin' with Suzi Q, her Saturday night slot on Radio 2 as presenter of vintage rock 'n' roll, makes me wish I were.",1999-01-10T03:20:02Z
follower,social-media,before,"However, you do wonder whether anyone other than a totally devout follower of the Roman Church will really want to sit down and listen to the disc from beginning to end, though it could have a future as rather tasteful and certainly undemanding muzak in a particularly precious kind of restaurant.",1999-03-03T03:21:22Z
follower,social-media,before,"Jermaine said: ""Gary Dobson is a follower and he will follow the crowd."" Dobson also said the five had not sued the Daily Mail for branding them killers in a front page headline on the advice of their lawyers.",1999-04-15T15:19:52Z
follower,social-media,before,"One of the few who can look back with anything like satisfaction at his predicting skills is Hunter Davies, another prominent Spurs follower, who announced himself thrilled when Graham was appointed.",1999-03-23T22:20:31Z
follower,social-media,before,"But, as any follower of the series knows, there is a sombre strand to the story-line, and the Family must be desperately hoping that Prince Edward can break with tradition by not only getting married, but staying that way.",1999-01-06T18:16:38Z
follower,social-media,before,"Close, who has described himself as a slob in those days, a one-time ""Junior Abstract Expressionist"" and a flag-painting follower of Jasper Johns, was reinventing himself through the scrutiny of his own photographic image.",1999-07-27T00:13:31Z
follower,social-media,before,These are clothes that are absolute one-offs and would take even the most adventurous follower of fashion several stiff drinks before she would venture out in them.,2000-05-21T00:20:21Z
follower,social-media,before,"Why, unless you were a Sunderland follower unable to attend the match because of the Oxford ground's miserly capacity, would you pay an extra tenner for that?",1999-01-30T04:24:52Z
follower,social-media,before,"But Saint Laurent's critics often complained that he hung on to Rive Gauche even through illness, preferred to dress middle-aged stars like Catherine Deneuve and was too possessive to name a follower.",1999-02-28T02:02:36Z
follower,social-media,before,"His most famous follower was the artist and visionary William Blake, who joined the Swedenborgian Church in 1789.",1999-06-03T14:19:49Z
follower,social-media,before,"Lucky to find mentors outside it, he became a Black Panther, follower of Fanon and sociology graduate, preferring 'sowshallism' to Rastafarianism ('I couldn't see Haile Selassie as God').",1999-04-26T16:08:13Z
follower,social-media,before,"Lucky to find mentors outside it, he became a Black Panther, follower of Fanon and sociology graduate, preferring 'sowshallism' to Rastafarianism ('I couldn't see Haile Selassie as God').",1999-04-26T15:32:04Z
follower,social-media,before,"Lucky to find mentors outside it, he became a Black Panther, follower of Fanon and sociology graduate, preferring 'sowshallism' to Rastafarianism ('I couldn't see Haile Selassie as God').",1999-04-26T02:07:20Z
follower,social-media,before,"The injustice comes in relegating Schnitzler to the role of follower: in some respects, his fiction appears to have anticipated Freud's findings, particularly those of The Interpretation of Dreams.",1999-08-20T20:12:30Z
follower,social-media,before,In August a follower was lowered 10ft under ground in a coffin and intends to stay there until after the fifth round - 150 days in all.,1998-12-05T22:40:22Z
follower,social-media,before,Mr Kony was a Lakwena follower.,1999-04-02T02:05:33Z
follower,social-media,before,"Executed with insane integrity on old paper torn from 17th-century books, they make a mockery of art history.' Hebborn was particularly proud of a fake Piranesi, and chortled when the experts were forced to revise their opinion of the drawing and reluctantly attribute it to 'a late follower of Piranesi'.",1999-02-20T04:14:22Z
follower,social-media,before,"Frances Dunseith, who runs Hutchinson's office in North Belfast, was once a follower of Mr Paisley.",1999-06-29T01:28:04Z
follower,social-media,before,Sports fanatic; follower of Raith Rovers and highly competitive tennis player.,1999-03-06T03:06:09Z
follower,social-media,before,Sports fanatic; follower of Raith Rovers and highly competitive tennis player.,1999-03-06T03:04:43Z
follower,social-media,before,"Given the choice between the rich gravy of an FA Cup replay and the lukewarm consomme of a routine Champions League fixture, the English football follower would surely opt for the former every time.",1998-12-05T22:24:25Z
follower,social-media,before,"Ruskin, meanwhile, insisted to his friends that he was far from impotent, that he was in these matters a ""follower of Rousseau"": he masturbated.",2000-02-05T01:57:26Z
follower,social-media,before,"It is one that his successor would be wise to retain, in architecture if not in the detail and manner of implementation.Sir John believed that the BBC should be a leader in the digital revolution, not a follower.",1999-06-28T14:46:16Z
follower,social-media,before,"It is one that his successor would be wise to retain, in architecture if not in the detail and manner of implementation.Sir John believed that the BBC should be a leader in the digital revolution, not a follower.",1999-06-28T01:29:04Z
follower,social-media,before,"Young Dylan was, says a friend Nick Baumgard, 'a follower type, always looking for someone to lead.",1999-04-25T03:32:20Z
follower,social-media,before,"Young Dylan was, says a friend Nick Baumgard, 'a follower type, always looking for someone to lead.",1999-04-25T03:28:38Z
follower,social-media,before,"Singer is a utilitarian, a follower of the 19th-century philosophers Jeremy Bentham and J S Mill, who formulated the treatise that the best moral good was the happiness of the greatest number.",1999-11-06T00:59:23Z
follower,social-media,before,"Warsaw, 28 April 1943 I, Yosl, son of David Rakover of Tarnopol, a follower of the Rabbi of Ger and descendant of the righteous, learned, and holy ones of the families Rakover and Maysels, am writing these lines as the houses of the Warsaw Ghetto are in flames, and the house I am in is one of the last that has not yet caught fire.",1999-10-30T00:00:49Z
follower,social-media,before,"""He was like an older brother - and he was nine months younger than me."" In the book, Eisner quotes Angelo saying to him: ""You have a way of taking charge that makes people want to follow."" ""I've been following him for 50 fucking years, and I'm not a follower by nature."" Angelo says Eisner is always three steps ahead of others.",1999-04-10T02:27:46Z
follower,social-media,before,"Since her days in the intifada strike-force, she has been a committed follower of Fateh, and inside her house is a photograph of Arafat alongside pictures of her children, her brothers, her father and Colonel Jibril Rajoub, the head of the PSS in the West Bank.",1999-02-27T03:13:17Z
follower,social-media,before,"I'd never heard of Antony Gormley, although I don't class myself as a follower of art.",1998-01-10T17:14:53Z
follower,social-media,before,"We stand and say: we are part of a community of people, we do owe a duty to more than ourselves.' Under withering fire for presiding over 15 failed years, ministers, led by the newly appointed Conservative chairman, Jeremy Hanley, were quick to dismiss Mr Blair as a follower, not a leader .",1994-07-22T10:14:33Z
follower,social-media,before,"We stand and say: we are part of a community of people, we do owe a duty to more than ourselves.' Under withering fire for presiding over 15 failed years, ministers, led by the newly appointed Conservative chairman, Jeremy Hanley, were quick to dismiss Mr Blair as a follower, not a leader.",1994-07-22T08:43:51Z
follower,social-media,before,"'To me it is clear that I owe my career, my livelihood, my position and my capacity for happiness in marriage - in short everything - to you and the work you have done.' So wrote Ernest Jones, Freud's first British follower, to his revered Professor Freud in May 1920.",1993-06-22T15:55:29Z
follower,social-media,before,"He is a follower of public choice theory, which translates in government as the treatment of bureaucracy as business.",1993-04-19T16:22:29Z
follower,social-media,before,Some of them clearly felt a strange kinship with the accused as Chapman had been a dedicated follower of Lennon himself - a fan who had gone wrong.,1981-06-23T12:04:53Z
follower,social-media,before,"'There's a lot of power round here, man,' one follower volunteers, indicating leylines and ancient barrows.",1977-06-21T00:54:42Z
follower,social-media,before,"The heart of the collaborator and follower of the genius of Lenin's work, the wise leader and teacher of the Communist party and of the Soviet people, stopped beating."" The news would bring pain to the hearts of all men.",1953-03-07T09:28:55Z
follower,social-media,before,"Assassin a follower of the ex-Mufti King Abdullah of Jordan was assassinated by an Arab yesterday at the entrance to the El Aqsa Mosque, in the Old City of Jerusalem.",1951-07-21T15:19:07Z
follower,social-media,before,All that appeared in the morning papers was a thirty-one word message from the New York correspondent of the official Soviet Tass Agency saying that according to the American papers an attempt to assassinate Trotsky was made on August 20 by an intimate friend and follower.,1940-08-22T15:21:26Z
