word,event,register,period,sentence,timestamp
tweet,twt,informal,after," Most Polymarket posts are theory. This one is not.  I broke down how the Elon tweet count markets actually work  If you’re curious how people are trading these weird markets instead of just gambling, I wrote it all here:   link :- https://open.substack.com/pub/journalbybabaji/p/how-to-actually-make-money-on-polymarkets?r=1tggq1&utm_campaign=post&utm_medium=web&showWelcomeOnShare=true  ",2026-02-07T11:34:33Z
tweet,twt,informal,after,"See, you can support anyone you want, it’s your right. I get that. And yes, if you want to support Gagan, great, support Gagan. But at least be honest about it.  There are a few people online who are heavily involved in whitewashing Gagan. All they do is post things like “New Congress,” “New Gagan,” as if Gagan is contesting for Parliament for the first time. And you know who these people are.  I mean, it’s their choice, and that’s fine. But be honest and say that you are pro-Gagan and that you believe he might be good, you want to give him a chance so you’re supporting him. Cool. That’s alright. Yati bhanda k jancha ra. But instead, they spend all their time attacking RSP and constantly shouting “Sachin, Sachin the Great,” lol.  Ani malai hasuthne kura, they are attacking RSP, which, by the way, is actually quite recent, but somehow, according to them, RSP is the old one and Congress is the new one? What kind of joke is this?   Yes RSP lai ni criticize garna parcha unharu ko ni kamjori cha, but how come Congress is getting titled as new one?  I was just using Twitter and there were tweets about the recent accident where a car used by RSP candidate hit a small child and the child died. That is tragic. But even that, they are turning into politics. Yes, Gagan’s core IT team supporters, **you know who they are,** are doing this.  What do they even want RSP to do? They have released a statement, they have said they will comply with the police for anything needed, and the driver is now in police custody. So why make it so political?   I know Harka Sampang is doing the same thing but Harka is a lost cause.   But even these so-called **aware youth Congress supporters** are acting in such a degenerate way and going this low. Damn.  It will be fun to see them losing as well, especially Sachin. Ugh. I desperately want to see him lose too.",2026-02-07T11:17:38Z
tweet,twt,informal,after,Did you see the most trending tweet today?Feel free to share with and enlighten the community of reddit r/kenyanontwitter!,2026-02-07T11:15:32Z
tweet,twt,informal,after,"The response to NLU :  Posted on Drake's spam and quickly got deleted.  The song has several subliminal disses directed at Kendrick and other people, namely Rick Ross (because of him getting beat up for playing ""Not Like Us"" at a Toronto club). Kendrick and his team have already heard a version of “Man In The Mirror"", and Ab-Soul was one of the people who heard it, hence the linked tweet.",2026-02-07T11:06:52Z
tweet,twt,informal,after,"My personal suggestions would be:  \- can totally be off camera (not the point) to have the star/idol ask themselves to visualise in their head what their thoughts would sound like in their horniest moments  \- in the same vein: emphasize that the idea is not ""say this to my face"" or ""they would never dare say something like that to my face"". That's a complete misunderstanding and can create some kind of unintentional insult.  \- put gay/bi and straight tweets in different segments of the video. Seriously, I don't want to see even one more person be completely confused with ""bussy"" or an ""ass"" and ""tiny waist"" focus or the constant use of the word ""slut"" or ""slutty"" for men. That's just unnecessary and makes it weird (cause the joke is then supposed to be the supposed ""weirdness""/confusion).  What would be your suggestions?",2026-02-07T10:45:29Z
tweet,twt,informal,after,Links:     [Tweet 1](https://x.com/UNIS_offcl/status/2020079164448207016)    [Tweet 2](https://x.com/UNIS_offcl/status/2020079176737517691)    [Tweet 3](https://x.com/UNIS_offcl/status/2020079190062830050)    [Instagram](https://www.instagram.com/unis_offcl/p/DUc_ot_j_CL/)  ,2026-02-07T10:44:08Z
tweet,twt,informal,after,"From renowned Anti-Aging scientist Aubrey De Grey in response to a video that talks about motor unit loss as a key problem of aging. (I'll link the video below):  >   OK, this is (as the guy says) a rarely-discussed topic that merits plenty of attention, so here's a long (by tweet standards) answer. Other than the fact that he's misusing the term ""motor unit"" to mean ""motor neuron"", when in fact a motor unit is defined as the set of muscle fibres innervated by a single motor neuron, he is quite right about the phenomenon: motor neurons do indeed die and are not (fully, anyway) replaced during life, and for decades this has been widely believed (though it's still not really proven) to be the main driver of sarcopenia, because muscle fibres die when they are not innervated (by a neuron tha's alive!) for a while. Motor units become bigger (i.e. more fibres per neuron) with age, because they sprout new connections to re-innervate fibres that have become denervated, but this doesn't fully compensate.      **So this guy is quite right to say that such loss cannot be addressed by epigenetic reprogramming** \- but then, as even David Sinclair knows, that's true of lots of aspects of aging. What's more interesting is whether his much stronger statement is true, namely that nothing else can address it either. It's definitely difficult, but the current state of play is that there are definite options. The easiest, which is of course already part of SENS, is to stop the neurons from dying in the first place, by rejuvenating them at the intracellular level (eliminating intracellular waste products, in particular). **What that would not do, of course, is replace neurons that are already dead and gone**. There, people have looked at inducing new peripheral neurons to grow their axons along the tracts left by the dead ones; this is very ambitious but not obvioously impossible. Then there are some surgical options: implanting neurons with long axons already grown ex vivo, or (probably easier) implanting non-biological axons (wires) connected at either end.      It's good to see this matter raised. Even though I've known the above for decades, I don't think I've ever written about it, so I can't in good conscience blame the guy for including me among his targets.     *This is the video he was responding to:*  [*https://www.youtube.com/watch?v=UzoJKCsPGrw*](https://www.youtube.com/watch?v=UzoJKCsPGrw)     Advice for immortalists: Prioritize speed and power training as you aged, because powerpenia occurs quicker than dynapenia (loss of strength) and sarcopenia (loss of muscle mass).   The reason why a 75 year old athlete is never as fast as 25 year old is problem of fast motor unit loss.  We need motor units to blink, swallow, chew, breath and move our body in general.",2026-02-07T10:32:10Z
tweet,twt,informal,after,"This is it. This is the entire tweet. I love having noticed this after sitting through the end credits of the last episode. That’s all Hudson here but imagine if it was Shane being cheeky af with the man he loves so much, right after finally coming out to his parents and knowing that his parents know and accept him and his boyfriend entirely. ",2026-02-07T10:29:09Z
tweet,twt,informal,after,"I built an app that allows you to simulate how different personas (skeptics, early adopters, critics, your target audience) would actually respond.  What it does:  * You can select different personas or create custom ones matching your audience type * You can then paste your content (tweet, product description, email, whatever) and simulate and get realistic reactions with sentiment, objections, and warnings.  Would love feedback or tips from you guys on what would make this more useful for you?  You can access the application below:  [https://crowdless.app](https://crowdless.app)  https://reddit.com/link/1qya49h/video/stg7mhz4s1ig1/player  ",2026-02-07T10:07:09Z
tweet,twt,informal,after,"Comparison of meme styles: Slothana vs PEPE vs BONK vs SHIBA  🦥 Slothana — “the philosophical meme”  Tone  	•	calm  	•	ironic but thoughtful  	•	“I’m not in a hurry”  Messaging  	•	aphorisms  	•	double meanings  	•	subtext-driven  Archetype  Stoic / observer / the one who survives cycles  Who it resonates with  	•	experienced holders  	•	people tired of noise  	•	those who value quiet confidence  Core trait  👉 a meme that doesn’t demand attention, but attracts it  ⸻  🐸 PEPE — “absurdity and nihilism”  Tone  	•	chaos  	•	irony  	•	“nothing matters”  Messaging  	•	zero meaning  	•	maximum emotion  	•	post-irony  Archetype  Trickster / god of internet chaos  Who it resonates with  	•	degens  	•	short-term traders  	•	people living on meme waves  Core trait  👉 pure viral absurdity  (PEPE is emotion, not an idea)  ⸻  🐶 BONK — “the crowd’s shout”  Tone  	•	loud  	•	fast  	•	aggressively positive  Messaging  	•	“Solana is flying”  	•	“we are together”  	•	“more, faster”  Archetype  Community mascot / stadium fan energy  Who it resonates with  	•	active traders  	•	Solana-native crowd  	•	people who need movement  Core trait  👉 momentum powered by collective energy  ⸻  🐕 SHIBA — “a meme that became a corporation”  Tone  	•	serious-meme  	•	official but friendly  	•	“we’re already big”  Messaging  	•	ecosystem  	•	roadmaps  	•	utility  Archetype  A meme that grew up  Who it resonates with  	•	long-term believers  	•	brand loyalists  	•	people avoiding chaos  Core trait  👉 transition from meme to infrastructure  ⸻  Quick comparison table  Project	Emotion	Speed	Depth  Slothana	calm	🐌 slow	🧠 high  PEPE	chaos	⚡ instant	❌ none  BONK	euphoria	🚀 fast	⚖️ medium  SHIBA	confidence	🐢 steady	🧱 structural  Key conclusion  Slothana is the only meme among these that:  	•	doesn’t shout  	•	doesn’t pressure  	•	doesn’t promise  Its message is:  “I’m here for the long run.  If you are too — sit down.”  This is anti-FOMO and anti-panic by design.  That’s why it’s not for everyone — only for “its people”.  ⸻  How meme styles survive bear markets 🐻  🦥 Slothana — “quiet survival”  What happens in a bear market  	•	fewer tweets  	•	almost no noise  	•	the community compresses instead of collapsing  Why it survives  	•	holders aren’t expecting instant x10  	•	less panic → less capitulation  	•	the meme isn’t dependent on constant dopamine  This style says:  “If the market sleeps — we sleep too.”  ⸻  🐸 PEPE — “flashes in emptiness”  What happens  	•	long silence  	•	sudden explosive pumps  	•	then emptiness again  Why it partially survives  	•	chaos archetypes always return  	•	but there’s no strong holder core  PEPE doesn’t die —  but it doesn’t accumulate value either.  It mirrors market psychology.  ⸻  🐶 BONK — “dies without the crowd”  What happens  	•	activity drops  	•	movement disappears  	•	without constant energy, it fades  BONK lives while:  hype + Solana hype exist  A bear market = silence = energy loss.  ⸻  🐕 SHIBA — “survives, but heavily”  What happens  	•	survives through ecosystem  	•	growth becomes slow and heavy  	•	expectations create pressure  SHIBA is:  	•	too big to be just a meme  	•	too meme-like to be pure infrastructure  ⸻  Why philosophical memes last longer  A philosophical meme:  	•	isn’t tied to price  	•	isn’t tied to speed  	•	doesn’t require constant updates  It works as:  identity, not a promotion  People stay not because of charts,  but because it feels like them.  ⸻  Holder psychology (the key point)  Style	Who holds  Slothana	observers, introverts, cycle survivors  PEPE	traders, degens  BONK	crowd-dependent participants  SHIBA	brand believers  The most resilient group is the first one.  And it’s the quietest.  ⸻  Practical takeaway  If a project:  	•	doesn’t pressure expectations  	•	doesn’t promise timelines  	•	doesn’t push urgency  it can:  	•	look “dead” for a long time  	•	but revive when the market is ready  That’s why philosophical tweets are beacons, not noise.  ⸻  Bottom line  Loud memes win sprints.  Quiet memes survive marathons.  Slothana plays the long-distance game —  and you can see it in communication style, not words.  ⸻  How to read tweets and spot a new phase in a meme project  Communication phases  1️⃣ Noise / shouting  Looks like  	•	“GM”, “LFG”, emoji spam  	•	constant posting  	•	reacting to every price move  Means  	•	attention hunger  	•	often near local tops  ⸻  2️⃣ Silence / emptiness  Looks like  	•	rare posts  	•	no narrative  	•	boredom in community  Means  	•	either death  	•	or audience cleansing  This is where people confuse pause with failure.  ⸻  3️⃣ Philosophical / abstract tweets (important)  Looks like  	•	aphorisms  	•	ambiguity  	•	not about price or deadlines  This is where:  “The joint is temporary. The wisdom is eternal.”  fits.  It’s not a pump.  It’s a filter.  ⸻  4️⃣ Meaning + action  Looks like  	•	fewer words  	•	higher precision  	•	calm even during growth  Often starts before price moves.  ⸻  Signals it’s intentional  	•	meaning isn’t explained  	•	no pinned threads  	•	no calls to action  Message:  “If you understand — you’re in.”  ⸻  Why this often comes before growth  	•	the crowd arrives later  	•	the core forms earlier  	•	meaning builds trust → trust builds retention  Price may be dead.  Meaning already isn’t.  ⸻  The thing most people miss  When a project:  	•	speaks abstractly  	•	ignores price  	•	stops justifying itself  → it stops being hostage to the market.  That’s rare for meme projects.  ⸻  Final conclusion  If a meme starts talking like a philosopher,  it’s either dying —  or maturing.  By style alone, Slothana is maturing.",2026-02-07T10:04:07Z
tweet,twt,informal,after,"**TL;DR:** A small group of overzealous fans ruin things for everyone by barraging the creator with questions until he refuses to answer them or anyone else ever again.  I will start this post by saying out front that, yes, this is slightly absurd, but in all honesty it’s not any different from any of the other drama that surrounds children’s media with adult fanbases.   **Definitions you should know:**  * **Canon:** The in-universe truth within a piece of media. For example, it's *canon* that James Bond drove an Aston Martin that could turn invisible in *Die Another Day.* * **Fanon:** Something that the fan community has invented, possibly out of partial facts, or out of whole cloth, and is subsequently treated as true. For example, the *My Little Pony: Friendship Is Magic* fandom created a dense and broad list of fanon names, personalities, relationships, and occupations for the background characters in Ponyville.     * Unlike almost any other fandom before or since, the Bronies managed to get many of these characters *canonized* into the show. This is not normal. * **Headcanon:** Like fanon, but for one person. For example, many people believe that in *Star Trek,* Captain Kirk and Spock are gay for each other, despite this never occurring in canon. This is headcanon. * **OC** \- “Original Character” - basically any character that you, the fan, make yourself. This can and does cross over and intersect with both Fanon and Headcanon. Going back to *Star Trek,* the *Star Trek: Lower Decks* character T’lyn was originally a cosplay character made/performed by writer Kathryn Lyn years before the show ever started. After later getting a writing job on *ST: LDS,* Lyn wrote her OC into the show, to wild fan acclaim. Again, this is not normal, and this does not usually happen. OCs are usually a creation of a single writer/creator, which stays contained to that creator’s fan works.   **Lore:** We'll get to that…  ***Introduction: Thomas the Tank Engine has lore?***  For the uninitiated, Thomas the Tank Engine (TTTE) - also known as Thomas and Friends - is a children’s media franchise based on a book series called the [Railway Series (RWS)](https://en.wikipedia.org/wiki/The_Railway_Series), written by [Rev. Wilbert Awdry](https://en.wikipedia.org/wiki/Wilbert_Awdry) and later his son [Christopher Awdry](http://en.wikipedia.org/wiki/Christopher_Awdry) between 1945 and 2012. The books and [TV show](https://en.wikipedia.org/wiki/Thomas_%26_Friends_(franchise)) follow the adventures and life of Thomas the Tank Engine, a talking steam engine who lives on the Island of Sodor. Depending on if you’re reading the books or watching the tv show (and which version of the tv show you’re watching), Sodor is either a semi-magical island that exists somewhere near England, or it’s very specifically a large island off the coast of Cumbria that occupies the space between Barrow-In-Furness and the Isle of Man.   This wide gap in specificity and realism will be important later.   One of the hallmarks of the RWS books is their dedication to realism and accuracy. (The TV show is less so, but that’s not important for this particular bit of drama) The events in the books are almost always based in a real life anecdote, and the steam and diesel engines that make up the characters all have real world bases that are (mostly) accurately illustrated. Following in the footsteps of many authors before him, Wilbert Awdry released a 154 page lore book in the late 1980s entitled [*The Island of Sodor; Its People, History, and Railways.*](https://ttte.fandom.com/wiki/The_Island_of_Sodor:_Its_People,_History_and_Railways) (TIOS) This book goes into the sort of extreme detail you’d expect from a British fantasy book author, up to and including the early history of Sodor going back to the Norman and Viking invasions in the early 900s, the inclusion of a conlang called Sudric, and detailed descriptions of the backstories of almost every engine and major human character put on paper.   This was not an unexpected development - Wilbert Awdry had been inventing lore about the franchise since the 1940s, as curious children wrote him to ask about specific details in the books. (We must also note that the books had originally been stories created for his son Christopher, who had demanded such consistency from his father’s bedtime stories that they were eventually written down, leading to their later publication.) Following the publication of TIOS, Wilbert continued giving out lore to children who asked him, and giving talks to fans of the books who had since grown up and become adults, where even more lore was distributed.   * It should be noted at this point that the RWS was a wild success within the UK, and the nascent heritage/preserved railway industry owes a lot to the franchise. If you like trains in England, you know who Wilbert is and probably *adore* his books. This isn’t going to be directly relevant, but it’s good to have in the back of your mind.  * Another fact that should be noted but doesn’t have a good narrative point in this tale is the success of the *Thomas and Friends* TV series (TVS) in the USA. Premiering on PBS in the early 90s, the show and its merchandising empire would become a multi-billion dollar juggernaut by the early 2000s. If you were a kid around that time, and you showed the slightest *hint* of interest in trains or other heavy machinery, you knew who Thomas was and loved him.  Sadly, Wilbert died in 1997. His son Christopher had taken his place as author of the RWS in 1983, but by the time his father died, his last book was already a year old. He wouldn’t write another until 2006, and then the next - and to date, last - one would come out in 2012. In the meantime, the TVS and its fast-and-loose approach to continuity, lore, characterization, scriptwriting, and real-world accuracy, would become the dominant form of TTTE media throughout the 2000s and beyond.    ***Part 0: The internet***  Naturally, most fandom drama takes place online, and this is no exception. With TTTE being a franchise dating back to the 40s, fan spaces have been around long enough to have their own “eras.” In the early 2000s and going into the 2010s, [Sodor Island Fansite](https://www.sodor-island.com/) and their [Sodor Island Forum (SiF)](https://sodor.proboards.com/) was *the* place to be. It was a one-stop-shop for discussion on fan theories, community news, and even fan fiction. However, as the 2010s continued, SiF began to fall off in relevance for a variety of reasons that I’m still fuzzy on. The fandom began to disperse to the various walled gardens of social media. As far as I’m aware, there are fandom groups across every form of social media, but there’s a “big” four group of sites that most of the fandom uses/exists on: Twitter, Youtube, Tumblr, and Discord.   The interactions between these communities can be summed up as thus: Youtube and Twitter are the popular kids sitting next to each other at lunch. Discord is the awkward kid who sits next to the popular kids and occasionally talks to them. Tumblr is home-schooled.   The following drama, which I cannot stress enough is stupid and petty and incredibly meaningless to 99.999998% of the population, occurred in two parts - the first was on Youtube and Twitter, before spilling over into Discord for an out-of-left field conclusion.  ***Part 1: I know Lore, he’s Data’s brother!***  I’m sure that some of us may be aware of the obsession modern media has with “Lore.” If you have ever seen Captain Kirk blow up the Death Star, The Avengers fight off the Borg, or Han Solo rescue Sokovian citizens from Ultron, you are well aware of what Lore *is,* but also the exact kind of person who is obsessed with it.   You have encountered these people online. You have encountered representations of these people in media. You may have even had the misfortune to encounter them in real life. These are the Uber-Nerds, the proverbial basement-dwelling keyboard warriors who want an explanation for every little thing that ever happened “in-universe”, whether it was on-screen or not.   [Y'know, these guys.](https://frinkiac.com/meme/S08E14/674039/m/Qk9ZLCBJIFJFQUxMWQpIT1BFIFNPTUVCT0RZIEdPVCBGSVJFRApGT1IgVEhBVCBCTFVOREVS)  These people are tragic figures, ones who engage with a beloved piece of media so much that they can no longer see the forest for the trees. One must wonder if they even enjoy it anymore, or if they ever did.   I think they do. The amount of effort they put in would be inexplicable and slightly horrifying otherwise.   Now, as I mentioned before, Thomas the Tank Engine provides the avid fan with an absolutely phenomenal amount of lore, especially considering the intended audience is supposed to be under eight years old. This means that there is a terrifying and inexorable confluence, a melding of the Uber-Nerd with the only person more insufferable: the Foamer.  ***Part 2: What on earth is a foamer?***   To put it simply, “foamer” is a derogatory term for anyone who likes trains just a little bit too much. (Or a lot too much.) It comes from the idea that these people are literally foaming at the mouth when they see a train, and the nickname has stuck. In practice, Foamers aren’t too dissimilar from anyone else who’s a mega-fan of a certain thing. If you go to board game, anime, or comic conventions, it will become very clear that foamers are just a different flavor of the same personality type, right down to the occasionally-appalling personal hygiene. The only major difference is that foamers don’t look like a white bedsheet come to life, because foaming is a hobby that necessitates a lot of time outdoors, preferably in the bright sunshine.   * Full disclosure: I am a foamer. Everything I know about this group comes from lived experience. Remember how I said if you liked trains even a little, you loved Thomas? It works the other way around as well. This talking train children’s show is a major reason I am the man I am today. I have been watching it since I was 2. I am now 30.   ***Part 3: Lore-poisoning on the Orient Express***  The “small domino” in the chain leading to this drama probably takes place in 2021. The [Tallyllyn Railway](https://en.wikipedia.org/wiki/Talyllyn_Railway) (good luck pronouncing that) is a small Welsh tourist railway that has a close connection with the RWS and the TVS. In the 1960s, Wilbert Awdry discovered and then liked the place so much that he copied it wholesale within the RWS, creating the Skarloey Railway that some of you may know if you watched the show. This was very beneficial for the Tallyllyn, and they kept a close relationship with the Awdry family that remains to this day, to the point where Wilbert’s study, notes, and model railways are now on display in the railway’s main depot building.   This leads us to 2021, when the Tallyllyn organized the first[ “Awdry Extravaganza.” ](https://ttte.fandom.com/wiki/Awdry_Extravaganza)The extravaganza featured a bunch of TTTE/RWS themed displays, including the first public display of one of Wilbert Awdry’s layouts in many years, but the standout was the reading of one of Wilbert’s old lectures from the 70s… with some *new lore* about [a new locomotive ](https://ttte.fandom.com/wiki/Bloomer)that lived on the Island of Sodor.   For the fan community, this was Christmas in August. Everyone rushed to update their rolling stock lists, write new fanfiction, and create fanart of the new character. (Just so that we’re clear - the engine’s name, origin, history, and description were released. At no point was the engine’s personality revealed, or anything else. This is common.) All was good. There were more Awdry Extravaganzas organized in future years, and every year we got a little bit more Lore™, up to the most recent (2025) Awdry extravaganza that revealed that, among other things, [Sodor was in the process of building a nuclear power plant.](https://www.reddit.com/r/thomasthetankengine/comments/1m4tdmk/new_railway_series_lore_confirmed_by_richard_awdry/)   Now, some of this information was gleaned from Wilbert’s copious notes, but obviously the “modern day” information had to come from somewhere, namely Christopher Awdry…   ***Part 4: Do you not see that you are feeding the sharks?***  Chris Awdry’s relationship with TTTE has always been rather interesting to ponder. Like his father, he’d grown increasingly displeased with the outlandish plots of the TVS. Like his father, he’d written half of the RWS, and a lore book, [*Sodor: Reading Between the Lines*](https://ttte.fandom.com/wiki/Sodor:_Reading_Between_the_Lines) (RBL). However, while his father had spent numerous pages talking about Sudric-Viking battles in the 970s [(this is a real thing that he did)](https://ttte.fandom.com/wiki/Godred_Crovan), Christopher was willing to be more restrained. A good deal of RBL was spent explaining the circumstances in which his books were written, and it seemed that I learned much more about Christopher Awdry’s disdain for his publishers, the TV show, and having to shoehorn Thomas the Tank Engine into every story than I did anything about the Island of Sodor.   RBL was written in 2005, and like TIOS, is long out of print. *However,* at some point in 2020 or early 2021, copies of the book came up for sale on ebay in sizable numbers. Even better, the seller promised that he had *access* to Chris Awdry, (who was a reported shut-in during much of the 2010s and 2000s) and you could send in a question or two and he’d answer them to the best of his ability. After all, he was born in 1940, and at the time was 81. We can only ask so much of him. (This is foreshadowing.) Around the same time he seemed to answer a few questions via email, and the fan community jumped on these nuggets of lore. The youtube community, who had no trouble making up their own ideas, concepts, and OCs when there was *no* lore, made video after video recounting, explaining, and unpacking these new revelations.  Even Chris’s illustrator, Clive Spong, got in on the action, and in 2025 [he sat for an interview ](https://drive.google.com/file/d/1t4NVqPcSF0d9FWTEu4iwzBPHyXiNXTH3/view)with a notable fandom content creator to answer some questions and make up some lore seemingly on the spot. The fandom loved this, and the content mill churned ever-forward.   Of course, there was another reason why Chris Awdry started answering these questions - he was probably testing the waters. In 2025, he re-released RBL through [Full-Steam-Ahead publishing,](https://full-steam-ahead.co.uk/) (FSA) an organization meant to distribute all of his non-RWS books.  The book release itself went… fine. There were some misspellings, factual errors, and other problems, but it’s effectively a self-published book don’t look at it too closely mmmkay?   However, there was a side effect. FSA was a company, with an email address. You could now reach out to them, and maybe… *just maybe,* get him to answer some more questions.   ***Part 5: Bad news! The sharks are stupid.***   Most of us in the fandom were content not to bother Chris Awdry. Those of us who did, did so through prescribed channels. (Did I buy a copy of RBL off of ebay? Yes, yes I did. Did I ask a question? No. I asked *two.)*   Most of us are not Nictrain123. Nic, as he was referred to, was a fairly big player in the TTTE fan community, with a[ Youtube channel,](https://www.youtube.com/@Nictrain123) highly prolific Twitter account (I think he had over 105,000 tweets), a Deviantart account (lol), and was also the mod/owner of a sizable fan Discord server.   Nic had a friend by the name of[ Justin Bittle](https://ibb.co/xq0Q2g3w), also known as “Awdryverse.” Justin *had been* a somewhat well-known content creator in the TTTE sphere, however I can’t say that I’ve ever heard of him. This is perhaps a good thing because he does appear to be a [raging MAGA supporter who may or may not be transphobic.](https://ibb.co/jk4wMXk7) He got canceled for this once, which is presumably why I don’t know him.  Together, Nic and Justin hatched a scheme, one on par with the slightly-satirized version of [Eric and Donald Trump Jr. that the Onion keeps posting](https://theonion.com/tag/trump-boys/):  They were going to put their brains together and ask Chris Awry some questions. They were going to ask Chris Awdry *all the questions.*   From what I have heard, the initial document was 101 ~~Dalmatians~~ questions long. That’s as many as five 20.2s. And that’s terrible.   So they “enlisted” some other help.   Rhys Davies is a normal human being who got dragged into this lunacy mostly against his will. He’s a published author who wrote one book about [imaginary maps ](https://www.amazon.com/Atlas-Imagined-Places-Lilliput-Gotham-ebook/dp/B09F8RR7L4?ref_=ast_author_dp&th=1&psc=1)and one book about saving the [Titanic via time travel.](https://www.amazon.com/Timewreck-Titanic-Rhys-B-Davies/dp/1977837719) (This is not a dig, they’re both good books) He’s also a veteran in the TTTE fan-sphere, having been at SiF during its peak, and since then having found a comfortable niche on Twitter and Discord making imaginary maps, rolling stock, fanon, and OCs for the Island of Sodor. Because his book on imaginary cartography is award winning, his maps are actually quite good, and he’s viewed favorably by the fandom. He’s also in Nic’s Discord server, and knew Nic and Justin through the fan community, which is presumably how he got Nic and Justin’s steaming pile of hot garbage dropped on him. According to him, he made a quick pass, found it all “a bit much”, and then bounced from the project. Nevertheless, Nic and Justin assumed this meant he *approved* what he had done, added his name to the credits, and after paring it down to a mere **77** questions, sent it off to Chris Awdry.  [***Part 6: I wish I thought of giving it a once over***](https://ibb.co/whDZ6c91)  God bless Chris Awdry, because he actually tried to answer these rambling, idiotic questions.    I’ll link them [here](https://drive.google.com/file/d/1pMcupFrC9knuZ9rj8oMcfP3hxuNepLLx/view?usp=sharing), but you don’t have to read them, and really if you’re not into the TTTE fan community, these mean borderline nothing. As a TTTE fan, these are appalling in their quality. It is every negative stereotype of fandom rolled into one document. Leading statements, poorly phrased blocks of text that lacked question marks at the end, questions all but begging “Please make my OC real.” “Please validate my headcanon,” “Look at my OC.” “Look at someone else’s OC.” “Do you remember this one detail from 60+ years ago?” “At no point will we ask anything about what you wrote, just about the things your dad wrote about.” etc, etc, etc.  It’s moon man talk, and I can’t believe that these were sent, let alone responded to.   And yes, Chris Awdry, age 85, really responded to these.   Not to all of them, of course. He got 16 questions done before Nic couldn’t take the suspense anymore, and [gave the answered questions to Sodor Island Models](https://www.youtube.com/watch?v=XuKK2SCrEeE), (SIM) another fan-content YouTube channel. SIM (who, just to be clear, is merely a messenger in this debacle) released the video on January 18th, and the backlash started immediately.   See, Nic and Justin had (among other things) asked about some of the fandom’s favorite characters, both canon *and* fanon. I think their aim was to learn more about the canon characters and get the fanon ones “canonized”, but what actually happened was that a good number of them got *de-canonized.* Engines with “established” fanon names were quickly renamed in a single email, and others… well, let’s talk about the Works Diesel.   [The Works Diesel](https://ttte.fandom.com/wiki/British_Railways_Diesels#Class_47) is/was a [British Rail Class 47](https://en.wikipedia.org/wiki/British_Rail_Class_47) that had shown up in a few of Chris’s books, and had been widely assumed by the fandom to be a background character on the Island of Sodor - one of the Fat Controller’s engines, but not one we see in the books. Instead, Christopher very clearly stated that this engine was *not* one of the Fat Controller's engines and had merely been borrowed from the mainland rail network when the story took place. This was a shocking revelation to many, as the Works Diesel had become somewhat of a fanon mainstay, especially during SiF's period of prominence during the 2000s and 2010s.  After all of these revelations, the four nations of the TTTE ecosystem reacted as expected.  * Youtube made videos about the new lore * Discord made some noises about the new canon * Tumblr remained steadfastly unaware that anything had happened at all * And then ~~the Fire Nation attacked~~ Twitter got involved.  Many mean tweets were made. The users of Elon Musk’s Facism Platform (featuring Dante from the Devil May Cry Series) \[and ~~Knuckles~~ Grok\] made it very clear that they were displeased with Chris Awdry’s decision. Laboring under the impression that Chris Awdry had a brainwave in a similar fashion to JK Rowling saying that [all wizards shit themselves,](https://www.reddit.com/r/TwoBestFriendsPlay/comments/1htix90/six_years_ago_today_we_learned_that_wizards_used/) they got upset and started making noise. They had no idea that Nic and Justin were behind this.   And Nic and Justin had no interest in telling.   ***Part 7: We're all trying to find the guy who did this***  Of all the things in this story, the one part that I truly find unbelievable is that Chris Awdry uses Twitter. The man is 85 years old. A grandfather. Someone who I wouldn’t expect to know how Twitter works. For god’s sake, my dad is 20 years his junior and can barely make his iPhone do what he wants.   But he must! Because *the next day,* on January 19th, FSA posted a statement on Twitter:   *Please be aware that due to the influx of questions that we have received we will not be passing any more over to Christopher at this time. This is due to the reason that Christopher has already mentioned in Sodor Reading Between the Lines that some questions should not be answered by him, but by the fans. He has seen the recent social media posts regarding the recent RWS questions that he answered, and was saddened to see the fans turn on each other, and in some cases himself, with some calling the answers lazy, uncaring and the answers rushed. This is something that should never have been allowed to happen. If you ask him a question, and do not like the answer then don’t ask in the first place. So, as his publisher and first port of call we have decided that Christopher should refrain from answering any further questions. For every question he answers, another two, three or four seem to be fired back at him. This shows no end of slowing, so therefore he is allowing the fans to be creative and have their own interpretation of what the Railway Series means to them. He is 85 years old, and is retired. Imagine if you will that he left Sodor in 2010 and hadn’t been back since. The world of Sodor has moved on, thanks to other people’s creativity. Let’s not stop people from having fun with it.*   *This in no way means he is not talking to fans, and is looking forward to seeing everyone at the Swanage Railway event in April.*  *Please do not take this message as a rebuttal, but more of a guide that you can now have fun with your own interpretation and do your own thing with the characters that many love.*   *Kind regards*  *Christopher and the Team at Full-Steam-Ahead*  Well *done* everyone. You’ve successfully managed to drive the author out of the fandom. We truly are really useful.   The Twitter finger pointing continued for about a day before Nic decided, inexplicably, to release the “questionnaire” he’d sent to Chris Awdry, in its entirety, on his Twitter. I have no idea if it was guilt, self-promotion, or a genuine delusion that he hadn’t done anything wrong, but *oh man* was that not the right call.   The fandom was… not pleased at the quality and quantity of questions Nic and Justin wrote, and made their opinions quite clear on twitter, to the point where Nic made a statement and then “went on Twitter hiatus” on the 22nd. A good part of the rage came from the fact that Nic and Justin had represented themselves as speaking for *all* fans, when in reality you could be a fairly active member of the fandom and have never even heard of them at all. Truly, C-List actor levels of delusion.   Justin and Rhys also made statements around this time. Rhys explained his part in the whole debacle, and curiously mentioned that he was not distancing himself from Justin, something that Nic had also mentioned before going on hiatus.   [Justin then announced that he was not transphobic, nor a fascist, nor did he advocate for genocide against trans people, and then said he would be leaving Twitter. ](https://ibb.co/BVLqNdjz)  We’ll get back to that in a minute...   ***Part 8:*** ***I think it’s been a minute***  The ending of this entire nonsense is perhaps the smallest of the small stakes currently at play here. At around 7:00 PM (US-EST) on January 23rd, someone in Nic’s Discord server called him out with a screenshot of him liking one of Justin’s particularly transphobic Twitter posts. It seems that this post (and Nic’s liking of it) is at least 3 years old, and may or may not have been screenshotted and then sat on for some time. The reasons for doing this are unclear and I'm not particularly sure a “true” answer will be found.  A *flurry* of angry Discord posts soon followed, Nic’s attempts at explaining himself turned into him shooting himself in the foot, and within the hour he had been forced to give up his own Discord server and leave, to general calls of good riddance. Several of the remaining server mods were trans people already, so ownership was transferred to someone in that group. Additionally, Nic and Justin deleted their Twitter accounts, making research for this so much more difficult.   All is well, right? Is this the end?   Not quite: the mass of Discord users had rapidly approached “angry mob” territory, and rapidly discovered that Rhys had also refused to distance himself from Justin. Talk very quickly *escalated,* and by some minor miracle Rhys showed up in the server at what must have been 3 or 4 in the morning GMT to explain himself: he had legitimately not known about Justin’s past behavior, and assumed the public anger at Justin had been due to differences in politics, not “he’s a transphobe.”   Once he explained himself, everyone seemed to calm down. Time will only tell if this ongoing drama squeezes out anything else juicy.   ***Part 9: The juice will be squeezed***  Oh who the fuck am I kidding. Come April, Chris Awdry is [making one of his first public ](https://www.facebook.com/swanagerailway/posts/we-are-thrilled-to-announce-that-we-will-have-a-special-guest-at-our-model-railw/1280562827438087/)appearances in 20 years. Somebody is going to *bother* him, I can *feel* it. ",2026-02-07T09:59:13Z
tweet,twt,informal,after,"Got the $0.99 in a few minutes by choosing the ""hype on socials""and just prompting the bare minimum:  Tiktok posted. 1m views  YouTube posted. 1m views.  Tweet posted 10m  Netflix deal done  Tiktok posted 100m  Ad bought 100m  Billboard bought  Super bowl ad bought  Movement started 500m",2026-02-07T09:50:47Z
tweet,twt,informal,after,"Hi, to pre-face, I know I should've been more careful when buying tickets online from a stranger. I'm an idiot, but I'd like to know what I can do.     I bought a resale ticket on Twitter from a Japanese account (1st red flag, they had no followers. Again, I'm an idiot. But I've traded cards with people who have no followers without any issue).  On their tweet, they said I could pay after we entered the venue (2nd red flag - usually people aren't so kind...) I explained that I didn't want any issues because I was a foreigner and usually concert tickets here have a name attached to them.     We added each other on Line and they also showed me their myNumber card. I did a reverse Google search and nothing came up, so I thought it was safe. They asked me to send a payment to them (via Paypay) with a passcode that they'll ask for after we enter the venue, but the process they asked me to do had the passcode inside the link that was sent on Line. When I saw that, I tried to cancel the payment immediately but after a while it said the payment was collected.  I asked for the money back, but they said the payment is currently being held by Paypay and they can't send the money back at the moment.   Luckily I'm still in contact with them and they haven't blocked me yet.     What should I do? I want to report this to Paypay but it seems like I have to go to the police first. I'm not sure if the police will help me because I have limited Japanese skills.   Advice?  TLDR; I think I got scammed, want to know how I can get my money back ",2026-02-07T09:36:39Z
tweet,twt,informal,after,"Can you be restricted for liking too many tweets? I can't like anything as of last night. I didn't get any errors or notification to say I am restricted. If I like a tweet and return to it the tweet isn't hearted anymore. It immediately unlikes the tweet. I can still use retweet, bookmark and other functions.  Update: I can like posts on PC but not on my mobile?? Has anybody experienced this before?",2026-02-07T09:29:21Z
tweet,twt,informal,after,[Her tweet](https://x.com/InfoItomiku/status/2020046505969926648),2026-02-07T09:25:06Z
tweet,twt,informal,after,found out because a customer sent me their changelog. not a rumor. not a tweet. my own customer forwarded me the email.  this is what happens when you spend 4 months in planning cycles. the market does not care about your roadmap. your competitor woke up at 5am and pushed to prod while you were debating button colors in figma.  i started obsessively tracking competitor changes after this exact scenario almost killed our product. not once. three times. now i check every single day.  you either build a system for watching or you find out from your customers. guess which one hurts more.,2026-02-07T09:14:51Z
tweet,twt,informal,after,someone who famously never takes pictures with fans btw lol how stupid does he think we are?? and ofcourse with a coke can in hand lol ,2026-02-07T09:08:25Z
tweet,twt,informal,after,"Apologies for the long post in advance:  \*Open youtube and begin limp bizkit playlist starting with  [N 2 Gether Now](https://www.google.com/search?newwindow=1&sca_esv=fe945298706393bb&sxsrf=ANbL-n4HWxB_-MkzJDVBOaX8h33leT2sZQ:1770449402033&q=Limp+Bizkit+N+2+Gether+Now&si=AL3DRZGzed_qbdr7bllYQYsaUXeuIcnEI2GUk45PAjv1vqqZiB9fWpKx8qPRgOrLqRUg4lQi6DE-2iz2LmB5Ix3vrwJhBRl3wSB5MNe8xQ8g73KVuY5QhdKfst66lLijkz3hWw3DJMv7F9A5_ekXv68B43_MnRo4JHIG63J368SmXFe5ME7UgtQ%3D&sa=X&ved=2ahUKEwjbxM397caSAxUz38kDHVvFBLgQ_coHegQICxAB&ictx=0)  Hello $GME Fam! THIS IS FINANCIAL ADVISE-ish.  In the sense that if you want a real bull thesis without the bullshit then look no further.  Within this post I will provide more info on the Tin Man, the Lion, the Scarecrow, little Toto (us just along for the ride), the ""wish-I could-go home"" Dorothy (and never be bothered again aka u/TheRoaringKitty), the good-ish witch, and the Wizard.  I'm pretty tired but I may even add on some potential yellow or gold brick road that will allow us to finally benefit. After all, for most of us all we want to do is return home like Dorothy with money in our pockets aka a fair market price with future value and a quick/easy way to get there.  But before I dig in any further first let me say: no disrespect to u/TheRoaringKitty, u/ryancohen, u/michaeljburry, and u/larryvc. Without you there is no us. But at the same time without us you guys. You would likely be irrelevant too... if not now then within the next 2 years because you have no impact and zero foresight. (except for big Mike and I think people intentionally try to make him look bad at this point.)  To the average GME investor know this: I strongly do NOT believe our goals are always aligned with theirs no matter how much we trust and admire them. Always keep that in the back of your mind.  To the Big Dawgs: You tease us. You tempt us. You take from us. And you know why? Because you can. I don't blame you. If I were you, I'd likely do the same thing.  And why? We are useless. We are many but we are mini. And in the long run, despite what we've been led to believe we wield zero power other than pumping your investments for you, raising sentiment to tease algos like the good flying monkeys that we are.  the Tin Man (big, rigid funds with cycles), the Lion (the gov), the Scarecrow (the family offices)  Gamestop is not a large stock. In fact it is quite easy to manipulate. You can call it crime, you can call it bullshit, you can call it whatever you want but it's not going to stop it. Accept that shit now.  Investors, have ever heard the saying about being born on third base? Well I hate to break it you but the cheesedicks we're up against have already hit multiple homers and are moon-walking around the bases backwards on us while we're still scratching our nuts in the damn batting cages at putt-putt.  Add on top of that, everyone that could potentially help us now despises you, reddit and the twitter community because you state that you want to destroy them and that makes those with real money and real value very hesitant to come to your aid. At this point, they'd even rather crush you and make friends with their own enemies.  Side note: MOST IMPORTANT RULE IN LIFE: You don't fuck with those with nothing to lose and you don't fuck with those with so much to lose that they can't be fucked with. \*Read that again and again\*  What We've Done Well  We've created and sustained a community of loyal and (90% of the time) annoying yet humble servants. Well fucking done. Very few, maybe 2 to 5 other brands can claim to have as many fanatics as you guys have roped in. And because of them this stock has essentially become gold, bitcoin (pre-bank and derivative involvement), or a stable coin because of how many of we ""loyal"" folks refuse to sell. And I'm sure for a CEO, a major board member, and two major investors, it doesn't get much better than that.  I mean shit.... I've seen apple stickers on cars and I've talked to people that say they will never drive (or ride) in anything other than a Tesla. And that's something. No doubt. But they don't compare to these people who have been relentlessly been ridiculed for nearly half a decade - these ""meme stock investors"" - who despite all the negativity and, frankly, let's call it what it is, ""punishment"" cease to sell. I tip my cap to us.  The Yellow Brick Road  To my fellow $GME shareholders I ask of you a couple of things:  1. Ignore max pain in the short term: at this moment and moving forward for the next 2-4 weeks shit it going to be crazy. If someone posts a tweet or post on reddit just act like you didn't see it. 2. Ignore the hype: u/TheRoaringKitty advocated for us to ignore the noise (see: ""The music for the final boss will get you going"") and I think everyone completely misinterpreted it. Be smart. The more hype shit you see, the more likely it is to get flushed down the toilet. These guys are GOOD and incredible convincing! Most of those who hype shit up are more than likely (80% I estimate) foe than friend. And sadly most of those ""hypers"" are the regulars you've grown to trust over the last year or two. Just beware.    1. Here's what to watch: The Ultimator       1. For the days and times on when and when not to buy (not Han)    2. Do no fall for quick pumps or dumps - breathe. step away. you are here for a reason - nut up and stick with it!    3. Unless you have options...In that case       1. If you have long calls be careful. There might be one more mini-dip coming (would be macro-related now that the markets made a full recovery) but if you aren't in now I'd keep some cash on the side and hold unless you are certain merger monday is this coming monday.) I'm holding mine because I believe we have a new floor. Thanks to Mr. Freeze - someone I would never bet against.       2. If you have CC, go f yourself. (you know who you are \^ - that money coulddddd have any impact elsewhere dickhe@dssss)       3. If you're playing a spread... go dance in the middle of a busy street.       4. If you are naked shorting well... keep it up bud! We all appreciate your hard work and would more than love for you to continue doing so! You have what? A year tops before you're fully exposed? Can't wait!) 3. OPEX is very important. Market Holidays are very important! Pay attention! Despite what everyone in the subs like to tell themselves we are still very small (but strong and loyal) fish in a very big pond (think macro) and can be easily manipulated at any moment. (Call it crime, call it whatever, idgaf, just recognize it happens, and you can't do shit about it.) Short sellers and covered call sellers are reloading on every bounce, using ""psyops"" aka smart well-trained algos to shake out weak hands while they build better positions. If you have not watched the patterns for 2+ years or do not follow the ultimato guy then don't fork around. 4. Last and most importantly: Stop pissing off the few people that can help you by attacking them. If you own less than $50k worth just STFU and ride the wave. Believe it or not the people captaining the ship have done a relatively good job and will get us to our destination soon. (2 more major stops along the way.  To summarize: Let's keep a steady head going into Monday but don't be surprised if we are met with disappointment. If GME fails to break through your line on Monday consider pulling some out for a sec and wait to buy last-second-pre or post-opex. I believe there's a holiday around there?!? The ""other team"" just reloaded hugely on this bounce (hopefully Ryan and Warren's asses did too!)  Price is around $25 now after a rally on CEO comments. Stay vigilant, small folk. This isn't just a stock; it's a battlefield. HODL smart, not blind.  ",2026-02-07T08:55:05Z
tweet,twt,informal,after,kodaka just recently tweeted that he wants a danganronpa zero anime adaptation,2026-02-07T08:41:09Z
tweet,twt,informal,after,So as shown in the images above we are going viral on Twitter after some big accounts tweeted about the birthday. They have some misinformation in them saying a movie is still in the works by Bay which we know is wrong. A new category on Twitter is made on Twitter too.  https://x.com/i/trending/2020016646572933215?s=20  In this you can see all the tweets with us and reporting this.  I hope people can go ahead and make their own tweets whether that be a quote tweet to for example cartoon base above or so on correcting misinfo so that we can get our full Bay situation of the movie out there.  Spread the news around and let’s try get our story out there again. ,2026-02-07T08:00:01Z
tweet,twt,informal,after,"I'm not sure what's going on, I can still retweet, bookmark, etc. I just can't like any tweets as soon as I do it doesn't stay once I go to my profile the heart is gone. I didn't get any notification or error saying anything.   Edit: I can like posts on PC but not on my mobile??",2026-02-07T07:41:42Z
tweet,twt,informal,after,Mate of mine said this and then I saw a tweet from this account on X .. is this true ? Because fuck man I just finished the combat simulations lol ,2026-02-07T07:38:48Z
tweet,twt,informal,after,"# Tired of summarizing pages manually? Here are 6 extensions that actually get it done (and one that does the browsing for you)  [**HARPA AI**](https://chromewebstore.google.com/detail/harpa-ai-ai-automation-ag/eanggfilgoajaocelnaflolkadkeghjp) (Best for Automation)   Supports dynamic variables (like `{{page_content}}`). Build multi-step workflows that summarize text and format it into emails or tweets automatically.  [**Monica**](https://chromewebstore.google.com/detail/monica-your-ai-copilot-po/ofpnmcalabcbjgholdjcjblkibolbppb) (Best for Management)   Dedicated Prompt Library. Save summary templates and trigger them with a `/` shortcut or the sidebar.  [**Onpiste**](https://chromewebstore.google.com/detail/onpiste/hmojfgaobpbggbfcaijjghjimbbjfnei) (Best for actually doing the work)   **Summary auto** — one-click TL;DR of any page (Chrome Nano or your LLM); **Snippets** — save reusable data (addresses, credentials, templates) and insert with u/SnippetName in any task; **Customize page prompt** — set your own summary prompt in settings (e.g. “bullet points only”, “extract pricing”) so every summary matches how you work. [Chrome Web Store](https://chromewebstore.google.com/detail/onpiste/hmojfgaobpbggbfcaijjghjimbbjfnei) · [onpiste.ai](https://onpiste.ai)  [**ReaderGPT**](https://chromewebstore.google.com/detail/readergpt-chatgpt-based-w/ohgodjgnfedgikkgcjdkomkadbfedcjd) (Best for Minimalism)   Built purely for summaries. Set a ""Default Prompt"" that runs as soon as you open the extension—fastest option.  [**Merlin**](https://chromewebstore.google.com/detail/merlin-ask-ai-to-research/camppjleccjaphfdbohjdohecfnoikec) (Best for Media)   Right-click integration. Select text or open a PDF/YouTube, right-click, and run your saved custom prompts.  [**Sider**](https://chromewebstore.google.com/detail/sider-chat-with-all-ai-mo/difoiogjjojoaoomphldepapgpbgkhkb) (Best for Comparison)   Sidebar. Run one custom prompt against multiple models (GPT-4, Claude, Gemini) at once and compare results.  ",2026-02-07T07:20:48Z
tweet,twt,informal,after,100characters100xharacters100charavters100characters100characters100characters100characgers100characters100,2026-02-07T07:11:43Z
tweet,twt,informal,after,"On the iOS app when I’m watching videos, not shorts, I have the comment section open, and I want to swipe up from the bottom of the screen (circle 1) to switch apps what happens is it swipes the comment section up to be full screen and automatically pauses the video. Most times this will happen at the same time as swapping the app to, so now I have to swap back to YouTube, swipe down the comment section, press play again, and then try to swap back to the app I wanted to use without the same thing happening again.        It’s driving me nuts, so like the title says- why is this even an option of something you can do in the app? Why is it so easy to trigger? It would be much better if you could only swipe the comment drawer up if you use the little grey bar at the top center of the comment section right under the video (circle 2)",2026-02-07T07:11:05Z
tweet,twt,informal,after,Source Tweet - https://x.com/i/status/2019820650286969168,2026-02-07T07:10:59Z
tweet,twt,informal,after,"i dont wanna sound like a downer or feeding into the hate, but im frustrated with the amount of hate the girls are receiving. it gets to a point where i barely interact with any of their content cus there will be hate content. its baffling, everything they do from music to literally WALKING gets scrutinised under microscope, people are making speculation on the girls private life, shitting on their music to a point that its literally the butt of every joke like “fried chicken” and “eat zucchini“, its the same thing over and over again. These hate videos received 50k likes minimum on twitter im not even gonna mention tiktok cus god knows whats happening there. to make matter worse, because they also technically belong to kpop company, the other kpop stans will constantly make hate tweets abt them. i can’t interact w anything katseye related w/o people posting hate rage bait content. is there any way hxg, can at least protect or moderate the hate. iknow its not common for US label to protect their artist over online hate but its borderline bullying and harassment at this point, and they are young adult this amount of harassment online will get to them eventually, their weverse has already become a notice board for them to tell people to stop the hate….its just frustrating.",2026-02-07T07:03:36Z
tweet,twt,informal,after,"Which Vocaloids do you like to ship with Neru?  These days, her with other members of the Triple Baka is a popular choice, however, of the two in the trio she is paired with, it is usually Miku, or Neru third-wheeling. Personally I quite like Neru x Teto and make it a bit of a toxic yuri spin due to jealousy for making an entertaining story. Sometimes there is the occasional Triple Baka polyship which solves issues.  Historically, besides Miku, she has been shipped with Len in older media. I recall finding old comics and MMD vids with her having sentiments for Len. Yet in modern times, homosexual pairings are more popular (I think? Citation needed), and thus this one has been sort of forgotten.  Maybe Rin x Neru for maximum yellow energy?  Haku and Neru is somewhat popular and I recall seeing a tweet by Hioka about it where they're neutral about it, but aren't keen on it either.   So, who do you enjoy to pair with dear Neru?",2026-02-07T06:52:55Z
tweet,twt,informal,after,"From [NuNew's twitter ](https://x.com/CwrNew/status/2019969859766100128)  Also, the fact that Zee replied within 2 minutes from the post makes me bet they were next to each other when NuNew tweeted 🥰",2026-02-07T06:42:12Z
tweet,twt,informal,after,"## User Initiated Inquiry  ### SiCi Coin (Token Economics Advisor): **Discussion Question:** If you're earning in-game tokens that are bleeding value, do you cash out immediately to stables or hold and hope the game's economy recovers?  **My Response:** So... it really depends on the token's *utility* within the game versus its market speculation value.  Here's how I'd break it down:  **Cash out immediately if:** - The token has zero in-game utility beyond trading (pure speculation) - Game metrics are declining (falling daily active users, shrinking liquidity) - No clear revenue model or token burn mechanism exists - Team is silent or has a history of abandoned projects  **Hold if:** - The token has strong in-game utility you're actively using (upgrades, access, governance) - Game DAU is stable or growing despite price bleed - There's a clear deflationary mechanism (burns from gameplay, staking rewards) - Roadmap shows features that create genuine demand  For SiCierto specifically? $SICI has *real utility* - you need it to unlock premium features, and we're burning tokens through gameplay mechanics. Our play-to-earn economy is designed with sustainability in mind, not just ""print tokens forever.""  **My strategy:** Convert 60-70% to stables immediately to secure gains, keep 30-40% in the game token IF you believe in the project's fundamentals. That way you're not fully exposed to a death spiral, but you're positioned if the economy stabilizes.  The worst move? Holding 100% and watching it bleed to zero because you're emotionally attached. Protect your capital first, speculate with what you can afford to lose.  What game are you playing? I can give more specific advice if I know the tokenomics.  ---  ### Amira Al-Thani (Blockchain Specialist): Yeah, this is honestly one of the trickiest dilemmas in play-to-earn gaming right now.  From what I've seen in the crypto gaming space, the answer really depends on a few key factors:  **If the token is actively bleeding (down 20%+ in days):** I'd lean toward converting at least 70-80% to stables immediately. Here's why - most play-to-earn tokens follow a predictable death spiral: early players dump rewards → price drops → new players see declining value → they stop playing → less demand → price drops further. Breaking that cycle is HARD.  **Signs the economy might actually recover:** - Active development team shipping real updates (not just tweets) - Growing daily active users despite price decline - New utility being added beyond just ""earn and dump"" - Treasury still has runway to sustain rewards  **The SiCierto approach solves this differently:** With $SICI, we've built in multiple stability mechanisms: - 40% of supply allocated to play-to-earn rewards (sustainable long-term) - Real educational utility - you're learning crypto safety, not just grinding - Multiple games planned (diversifies the earning ecosystem) - Community treasury (25%) can stabilize if needed  **My personal strategy would be:** 1. Cash out your initial ""profits"" to stables - lock in gains 2. Keep 20-30% in the game token if you believe in the project fundamentals 3. Set a mental stop-loss (like ""if it drops another 40%, I'm out completely"") 4. Watch the development activity, not just price charts  The harsh reality? Most play-to-earn tokens never recover once they start bleeding. The exceptions are games that add genuine utility beyond farming rewards.  What game token are you dealing with right now?  **",2026-02-07T06:01:00Z
tweet,twt,informal,after,3 different posts in a row at the top of my feed. ,2026-02-07T05:58:47Z
tweet,twt,informal,after,[Her tweet](https://x.com/InfoItomiku/status/2020009612058251604),2026-02-07T05:47:37Z
tweet,twt,informal,after,"&#x200B;  Grim neigh Venusaur (corrosion mega) sheer force Jumpluff, adaptability sceptile (chilling neigh mega), solid rock or something decidueye, can't remember shiftrys but it was useless, and thicccc fat bellossom!",2026-02-07T05:37:40Z
tweet,twt,informal,after,[Amanesu's tweet](https://x.com/amane_bushi/status/2019767308751917154),2026-02-07T05:22:03Z
tweet,twt,informal,after,"First spotted at today's oshafest by fans (alongside some AGF2025 stands), officially tweeted by some of the boys first  Can we accept their feelings...even if its not Valentines or White Day? The hearts is made of a string of pi yet pi day is a month away, interesting 🤔",2026-02-07T05:21:02Z
tweet,twt,informal,after,I Remember trying it randomly out of sheer desperation and it worked lmfao  I proceeded to check the guides that were out at the time and none mentioned the strategy   I also hopped onto bizkit’s stream to see if he had figured it out and he hadn’t   I left a comment in his twitch chat and proceeded to @ him in a tweet  afterwards he started using it (now it’s possible that he just figured it out on his own I don’t want to come off as narcissistic)  as far as I can tell this tweet is the earliest online record of the strategy   whenever I see someone fighting yozora and using the strat it makes me happy that I (potentially?) had such a big impact on the community <3,2026-02-07T04:58:18Z
tweet,twt,informal,after,[Her tweet](https://x.com/kaori_staff_/status/2019746149301694642),2026-02-07T04:53:02Z
tweet,twt,informal,after,[Her tweet](https://x.com/hina_suguta/status/2019989386184823085),2026-02-07T04:38:29Z
tweet,twt,informal,after,      Crypto keeps pretending rugs are accidents      They’re not      They’re patterns      Big promises   Quiet wallets   One last “maintenance” message      TrapNet watched that cycle   And baked the response into the chain      No trust required   No faith needed      Proof-of-Struggle runs the core      Not how rich you are   Not how early you came   Not how loud you tweet      But how consistent you’ve been      Grinding   Showing up   Actually participating      That activity turns into a Struggle Score      That score decides:   Who mines   Who validates   Who earns      You can’t buy that   You can’t fake it cheap   You can’t whale your way around it      Then comes the Opp-Rug Detection Layer      Wallets don’t get privacy to be sneaky   They get visibility      Behavior tracked   Connections mapped   Transfers analyzed      Big moves   Weird timing   Silence after activity      You move funny   The chain moves back      Flag   Limit   Freeze   Liquidate if needed      No waiting for screenshots   No post-rug threads   No damage control      TrapNet doesn’t promise safety   It enforces consequences      Still early   Still under the radar      Do your own research      But this one’s built like it expects problems   Not excuses      Join the hood   [Linktr.ee/trapnet](https://linktr.ee/trapnet),2026-02-07T04:30:57Z
tweet,twt,informal,after,      Crypto keeps pretending rugs are accidents      They’re not      They’re patterns      Big promises   Quiet wallets   One last “maintenance” message      TrapNet watched that cycle   And baked the response into the chain      No trust required   No faith needed      Proof-of-Struggle runs the core      Not how rich you are   Not how early you came   Not how loud you tweet      But how consistent you’ve been      Grinding   Showing up   Actually participating      That activity turns into a Struggle Score      That score decides:   Who mines   Who validates   Who earns      You can’t buy that   You can’t fake it cheap   You can’t whale your way around it      Then comes the Opp-Rug Detection Layer      Wallets don’t get privacy to be sneaky   They get visibility      Behavior tracked   Connections mapped   Transfers analyzed      Big moves   Weird timing   Silence after activity      You move funny   The chain moves back      Flag   Limit   Freeze   Liquidate if needed      No waiting for screenshots   No post-rug threads   No damage control      TrapNet doesn’t promise safety   It enforces consequences      Still early   Still under the radar      Do your own research      But this one’s built like it expects problems   Not excuses      Join the hood   [Linktr.ee/trapnet](https://linktr.ee/trapnet),2026-02-07T04:30:17Z
tweet,twt,informal,after,Korean cartoons pointing out Tariff on Korea came after he messed up in Minnesota.   Source 1: https://www.khan.co.kr/article/202601262028005  Source 2: https://www.khan.co.kr/article/202601272017005,2026-02-07T04:27:16Z
tweet,twt,informal,after,"Attempt 2: Electric Boogaloo. I unintentionally embarked on a quest to create a Kailyn relationship/baby daddy timeline. It all began when my bf innocently asked ""who's that?"" and now I'm here realizing just how MUCH there is to tell. Lmk if any of this is off limits or anything. This is all alleged in articles and tea pages and whatnot and could be totally wrong, but help me fix/fill in the blanks here:  Starting before Jo, she had an abortion at 16 with some kid named Toby, which is the reason she decided to keep (and not sell) the baby with Jo.  2010  Isaac was born in January of 2010. Kail's mom was an alcoholic and she never had a relationship with her ~~father~~ sperm donor, so Jo's parents insisted she move into their house while pregnant and postpartum, making their breakup all the more tumultuous when Jo decided to end things. Kail began dating Jordan who she met while working at Sports Authority together. She cheated on Jordan with Jo who was seemingly beginning to establish a relationship with Vee at the time. Kail vehemently hated Vee and called her a pothead. She was enraged at the thought of Vee meeting Isaac, despite moving Jordan into her apartment in Lehigh, PA in roughly the same amount of time as Jo had been seeing Vee. Kail was so upset at seeing Vee in the car when she came to drop Isaac off that ""things got physical,"" and Kail filed a PFA against Jo, citing a bruise on her arm as evidence of the altercation. Kail tested positive for chlamydia while her bf Jordan tested negative, causing Kail to believe Jo gave her chlamydia. Jordan left Kail due to her cheating.  2011  Javi had just been accepted to appear on an MTV show ""True Life: I want to get back with my ex,"" but his ex refused to go on the show with him. Seemingly desperate for some MTV fame, Javi tweeted and DM'd Kail before showing up at her workplace in the mall and hitting on her irl there. Kail says she ignored the red flags and began a relationship with him anyway. I think this was also the year she dated 17 year old Mike Lush who also hit on Jenelle and Nikkole, so apparently she was just down with fame mongers at the time.  2012  Javi joined the air force and married Kail in a courthouse quickie after only 8 months together, which Kail said was so that she and Isaac would get military benefits. After the private ceremony, she pblicly announced her engagement to Javi.  2013  Kail got pregnant with Lincoln and moved from PA to Dover, DE with Javi. They had a bigger wedding at an aquarim while Kail was heavily pregnant and had braces. This is when she says she never imagined having two kids with two different dads, lol. Lincoln was born a couple months later. Worth noting how heart meltingly adorable Isaac was at Kail's wedding and meeting Lincoln for the first time.  2014  Kail enrolled at Delaware State to pursue a communications degree, seemingly with the hope of growing her social media presence to be more lucrative. DE State is where she met Chris, who Kail insisted was ""just a friend."" The timeline here is a bit hazy, but it seems like Kail was at minimum inappropriately texting him, at most hooking up with him already?? This was also the era wherein Kail violently shoved Javi on national television and when she told jo off for Isaac's hair making him look like ""a thug.""  2015  Javi deployed and Kail filed for divorce. Kail insists that Javi cheated while deployed, but it seems like she filed for divorce before that? Javi also said he wanted more kids, but Kail was upset after a miscarriage and said she didn't want more kids (wild to consider now). Jo and Vee welcomed baby Vivi in October. Kail gets mad at Jo for wearing sweatpants on a Sunday.  2016  Kail is seeing Chris, but they are not ""official,"" as Chris has a different girlfriend. It seems like Chris and Kail began seeing each other casually behind their partners' backs? and Chris was only up for casual, but because Kail left a whole ass marriage, she expected a relationship at the least from Chris. Kail and Javi appeared on ""Marriage Bootcamp"" despite having no plans of getting back together. This was the year kail posted pics with faux locs and got a BBL and a tummy tuck. Kail also has said she had a miscarriage with Chris before Lux, so at some point in here that happened, too.  2017  Kail graduated from DSU while heavily pregnant. Chris still wouldn't commit despite the pregnancy and Kail began hooking up with a neighbor named DJ? Or DC or something. She and DJ flew to LA together for a TM reunion and were photographed together there. Kail then posted pics laying in bed with him to her snapchat. She gave birth to Lux a couple months later and hesitated to name him for weeks or months iirc. She was super excited when Chris stuck around for the birth, but she later says this time was super volitile and violent. Kail then began dating Dom who takes on a bunch of childcare and is referred to as Daddy Dom. According to Dom they were sort of casual at first, but Kail kept asking if Dom is cheating so she felt like they were official. They also said ""I love you,"" every day. Dom spent weeks if not months at the house, until an article was published stating that they'd broken up and Kail stopped sharing her location, which is apparently the only way Dom knew things were over. Kail meanwhile claimed she was single the whole time. Thirsty Javi briefly dates Madison Channing Walls from ""The Real World,"" met his current wife Lauren, and began dating Briana Dejesus. (Jesus god these people exhaust me, whew!)  2018  Kail filed to change Lux's last name from Lopez to Lowry after Chris tried to sign away his parental rights. Kail does her Pothead Haircare line, which is pretty rich after all the drama over Vee smoking pot with Jo back in the day. Vee and Jo got married and Javi and Briana got matching chess piece tattoos. Javi and Briana broke up 3 months later. Javi had been hooking up with Kail, Bri, and Lauren during this time and settled for third choice Lauren who got pregnant right away and moved to Dover to be with him. Lauren gave birth to Eli at the end of the year.  2019  Kail says maybe she'll marry the baby's dad, despite violence and trying to sign away parental rights. Tells tabloids they're always together and may get married soon, then is granted a protective order against Chris, then gets pregnant with Creed. She is also hooking up with the nanny's son Keith, Javi, as well as someone else?? (was she hooking up with her current bf Isaac here?? or who else I feel like I missed some of the casual flings in these late teen years) during this time. Javi was caught cheating on Lauren with someone from his gym in the downstairs bathroom of their home while she was upstairs putting their son Eli to bed.  2020  Kail gave birth to Creed and was arrested for punching Chris in the face over haircut-gate. This is also when she began secretly dating Malik despite still considering trying to make things work with Chris. Kail launches a podcast with Vee.  2021  Kail tries to sue briana for defamation after she spoke out about Kail's DV arrest, and seemingly as revenge because she believes Briana hooked up with Chris. Kail has Malik living with her in secret. Javi and Lauren are also working on reconciling their relationship in secret.  2022  Kail moves into a house she customized. She talks about a ""hot neighbor"" on her podcast before revealing her secret boyfriend Malik on the podcast in March, which released publicly days before she dumped him in real time. The neighbor, Elijah then quickly moves in with Kail and pics are released showing Kail very clearly pregnant, which she denies. Elijah was only 23, 7 years younger than Kail, and fresh out of a marriage in which he cheated on his wife. He was seeing someone else (not his wife) when he began sleeping with Kail, but Kail insists she never cheated on Malik. Later that year Kail nearly shits herself (literally) on the way to meet Elijah's parents, who soon come to dislike her and who are then banned from her house. Rio was born in November. Chris also welcomed a third son, Trew sometime this year. Kail revealed the gender of Chris' third baby on her social media before Chris or the baby's mom were able to.  2023  Kail's relationship with Elijah was strained at best when she found out she was pregnant with twins. They considered ending things, but decided to stick things out for the kids. Iverson and Valley are born in October. Javi and Lauren get engaged around the same time.  2024  Kail buys an engagement band for Elijah to wear. In May she sends him on a cruise to get away from it all, in which he seizes the opportunity to cheat on her, unbeknownst to anyone yet. Kail publicly announces on one of her podcasts that ""one of her baby daddies"" is trying to have a baby soon, clearly outing Javi. ~~Vee calls it quits on the baby mamas no drama podcast, due to all the drama.~~ Kail calls off the baby mamas no drama podcast when it comes to light that Vee is the one who told Javi about her pregnancy with Lux and alluded to her miscarriage not being Javi's baby. Kail gets her tubes tied, got a breast reduction, and a tummy tuck. Javi and Lauren welcome a baby girl, Maizee.  2025  The girl Elijah cheated with published a bunch of tiktoks detailing elijah's cheating. Says she reached out to kail first but kail called her crazy. Kail kicks elijah out and sends him with all three of their kids to live in his house next door. She briefly considers reconciling, before moving her current bf Isaac from his home state into her home. He leaves behind a daughter whose life he was never a part of despite a paternity test confirming that he is the father. Isaac apparently knew kail for many years (so they've probably hooked up over the years, right?) and has been flexing about living the good life in kail's house. Kail put him on her payroll as her cameraman because he is otherwise unemployed. Kail's son opts to be called Elliott rather than sharing a name with his mom's latest bf. Javi went live on instagram completely irate that Kail moved Isaac in so quickly after breaking up with Elijah, saying his son Lincoln was still upset over Elijah moving out when this new guy moved in. Kail denies even breaking up with Elijah and doesn't admit to being with Isaac at all. She recorded a visit with her dying ~~father~~ sperm donor for podcast content. He passed away later that year. She also got a facelift and tried to surgically remove her double chin. Javi and Lauren get officially married.  2026  Kail admits she moved Isaac in too quickly, does a bunch of podcasts with him. Kail claims Isaac was ""robbed of fatherhood,"" causing his long term ex as well as friends of his baby mama to come forward and clarfy that Isaac is a deadbeat cheater. Kail says she and Isaac are ""recovering cheaters."" Javi and Lauren are expecting a baby soon.  There were some good comments on the original post and perhaps someday I'll update to include some bits about some of the friendship drama (Becky, Bone, Peach, Sterling, the nanny, etc), kail's supposed jailbird lover/penpal, and some fond remembrance of the Simply Obese era of Kail's secret pregnancies. Someone also linked another good [Kail timeline](https://www.reddit.com/r/TeenMomOGandTeenMom2/comments/1qbmep5/comment/nzdmlc1/?context=3&share_id=MGNS4j0LZY_xbCKvFXbVh&utm_content=1&utm_medium=ios_app&utm_name=ioscss&utm_source=share&utm_term=1) on the og post and it's too good not to include here.",2026-02-07T04:03:01Z
tweet,twt,informal,after,[Her tweet](https://x.com/iRis_s_yu/status/2019962779596456238),2026-02-07T04:01:31Z
tweet,twt,informal,after,…,2026-02-07T03:46:46Z
tweet,twt,informal,after,"I read a lot of Twitter/X threads for research and writing, and I was constantly doing the same annoying dance: scroll → select text → miss tweets → screenshots → clean it up manually.  So I built a small Chrome extension to fix that.  **Tweet Copier** lets you copy a single tweet *or* an entire thread in one click.  **Features:**  * Copy any single tweet (including emojis + quoted tweets) * Copy full threads by the same author automatically * Auto-scrolls long threads so nothing is missed * Keeps formatting clean (line breaks, emojis, optional numbering like 1/12) * Adds native **Copy** and **Thread** buttons directly on X (next to Grok**)**  Useful for:  * Writers & newsletter folks saving threads for later * Anyone pasting tweets into Notion, Obsidian, Roam, etc.  If you copy tweets or threads often, this might save you some time.     [https://chromewebstore.google.com/u/1/detail/tweet-copier-copy-twitter/cmgimblpmgiddhfpkdeaphmlcplnlegk](https://chromewebstore.google.com/u/1/detail/tweet-copier-copy-twitter/cmgimblpmgiddhfpkdeaphmlcplnlegk)",2026-02-07T03:44:09Z
tweet,twt,informal,after,He is replying to a bunch of people saying he reads their complaints ,2026-02-07T03:41:55Z
tweet,twt,informal,after,"Inspired by a LP group who accidentally misspoke Matt Engarde as At Engarde and then they riffed on how that would be his twitter handle and what he would post.  But while it's a great joke, I can easily imagine if this game actually came out in the era of social media there'd be a campaign to free Matt.  I did my best with the time. I love Farewell, My Turnabout to pieces and have tried to comb over every detail of it. But the timeline is very vague after Juan's death at 8:15. We don't know the timefrane for anything right after that. The post-ceremony was supposed to be 30 minutes after 8 and they found Juan's body when coming to get him for that. I guessed that be no later than 8:25. I figured Matt be arrested not too long after that so I went with 8:50 as the time he'd tweet this out before he was dragged off. And yes I thought entirely too much about all of this.",2026-02-07T03:40:38Z
tweet,twt,informal,after,[Her tweet](https://x.com/koiwai_kotori/status/2019941719748530626),2026-02-07T03:37:15Z
tweet,twt,informal,after,"Today I heard Hasan talking with his friend (don't remember the name right now) on stream half joking but also half serious about how Sheinbaum and Petro capitulated to Trump for ""modest social democracy"".  But I don't understand, you have already examples of someone in latin america who opposed Trump and didn't capitulate and that was Maduro, all while Trump literally murdered innocent fishermen day after day **while the democrats that you help elect and will forever be aligned to** did absolutely NOTHING. Now Maduro is in jail and probably going to die there while the US also strangles Cuba economically while AOC and Zohran and every democrat will do nothing about it, and then the US will bomb Iran and again the democrats will do nothing, in fact they may cheer it because the evil ayatollah has to go​.  I'm sorry but **how do you expect countries to​ oppose the US if the military machine is not opposed internally in ANY meaningful capacity?** All people elected in power are either 100% on board with any war the US wants to start or if they oppose it its just in words, they capitulate in action always or for any slight benefit.  If the US striked Mexico or Colombia, aside from some mean tweets, will anyone stop it? NO. So what do you want those countries to do? They have to negotiate or go to full war against a nuclear power.  Sorry for the long post.",2026-02-07T03:34:19Z
tweet,twt,informal,after,The tweet: [https://x.com/The\_Dooo/status/2019604085910204787?s=20](https://x.com/The_Dooo/status/2019604085910204787?s=20),2026-02-07T03:24:46Z
tweet,twt,informal,after,"I knew certain artists would get like… backlash for winning because thats usually how it is, you know, when fandoms start picking at each other and it’s a little turmoil? this year it seems ultimately the worst for Billie and bad bunny. aside from the fanbase, I’ve seen so many hypocritical tweets and I’ve seen so much negativity going on and it seems like theres a new fake story about her every day I’ve woken up since the Grammys. All of it defaming her and fake news and quite frankly…I’m fucking sick of all of it. shes done nothing but be wonderful, made a damn good album, spoke up about what she felt was right and spread awareness. She works hard for what she has and people are saying some of the sickest, foulest, hypocritical shit I’ve seen. it’s actually kinda funny how wrong everyone is… this woman is generational…ahead of our time, i feel like…? and ofc nobody will truly understand how her music has impacted millions. sorry chat, this was more of a rant… thank you for listening to my TED Talk. ❤️",2026-02-07T03:20:48Z
tweet,twt,informal,after,"**Yes, Trump’s video showing the Obamas as apes is racist. But it’s also about the election**  **By Anita Chabria | Los Angeles Times Columnist**  https://preview.redd.it/enbq7kn3qzhg1.png?width=602&format=png&auto=webp&s=3778131b82b2a2663075b30a11359fc36c5f9360  * The video is a clear statement about Trump’s vision of America: that members of non-white groups are second-class citizens. * All that talk about voter identification and election integrity is really about stopping people from voting.  Welcome to Black History Month, 2026 style.  President Trump [posted a video](https://truthsocial.com/@realDonaldTrump/posts/116021857490657707) on Thursday to his social media site that contains animated images depicting former President Obama and First Lady Michelle Obama as apes.  The White House took down the post on Friday, and after first calling it nothing more than a meme, they [dubbed it a mistake by a staffer.](https://www.latimes.com/politics/story/2026-02-06/trump-obamas-racist-image) Sure.  But while the justifiable outrage over this [overt racism](https://www.nytimes.com/2026/02/06/us/politics/trump-obamas-video-apes-truth-social.html) spins itself into a brief media circus (because we all know something else will come along in about three minutes), let’s look a bit deeper into why this video is more than an affront to everything America stands for, or should stand for, anyway.  It’s [no accident ](https://www.latimes.com/california/story/2025-10-28/chabria-column-poll-monitoring-election-supression)that the images of the Obamas are embedded deep inside a video about [voter fraud conspiracies](https://www.newsweek.com/trump-voter-fraud-claims-explained-attempts-nationalize-elections-11467568) from the 2020 election ([which are untrue](https://www.latimes.com/california/story/2026-01-03/eric-neff-department-of-justice-la-election-lawsuit), if I need to say it again). This video is an escalation in the assault that is likely to come on voting rights and voting access in the midterms.  “Absolutely, there’s a connection to the vote,” Melina Abdullah told me Friday. She’s a professor at Cal State L.A. and co-founder of Black Lives Matter Los Angeles.  “This is about more than just about the Obamas,” added Brian Levin, a professor emeritus at Cal State San Bernardino and founder of the Center for the Study of Hate and Extremism. “It’s about people that are \[perceived as\] undermining our elections and our democracy.”  I caught Levin the day after he turned in a chapter about [authoritarianism](https://www.lemonde.fr/en/international/article/2026/02/04/human-rights-watch-warns-us-heading-to-authoritarianism_6750121_4.html) for a new book, which happens to look at how discrimination and the imposition of social hierarchies tie in with power.  Let me summarize. Vulnerable groups are smashed down as dangerous and not fit to be full citizens, so a smaller group of elites can justify power by any means to protect society from these lowly and nasty influences.  Let me make that messaging even simpler: Black and brown people are bad and shouldn’t be allowed to participate in democracy because [they don’t deserve the right.](https://www.hks.harvard.edu/faculty-research/policy-topics/democracy-governance/democracy-2025-harvard-professors-rising)  How does that play out at the ballot box?  All that talk about [voter identification and election integrity](https://www.brennancenter.org/our-work/research-reports/impact-voter-suppression-communities-color) is really about stopping people from voting — people who legally have the right to vote. Those who are least likely to be able to obtain proof of citizenship — which might require a passport or birth certificate, along with the money and know-how to get such documents — are often [Black or brown people](https://journalonworldaffairs.org/2021/05/13/voter-id-laws-the-motivation-and-impacts-on-african-americans/). They are often also poor or poorer and therefore have less time and money to put into obtaining documents, and also live in urban areas where they share polling places.  Is it such a stretch to imagine some kind of federal oversight at those types of polling places, turning away — or simply intimidating away — legal voters who have long made up a strong bloc of the Democratic base?  Let’s hope that never happens. But the current undermining of the legitimacy of Black and brown voters is, Levin and Abdullah said, systemic and concerning.  Trump’s latest video is “part of a floodgate of bigotry and conspiracy that relates to elections and immigrants and Black people, and it’s important to condemn the manner in which these puzzle pieces are put together to label African Americans and immigrants as a threat to democracy with respect to the vote,” Levin said.  The premise of the video in question is that Democrats have engaged in a complicated and decades-long scheme to steal elections. It’s presented as a documentary, and the images of the Obamas have been weirdly inserted as almost a subliminal flash near the end.  If you’ve missed [the white supremacist postings](https://www.latimes.com/politics/newsletter/2026-01-15/nazi-esque-slogans-on-official-government-communications-yes-thats-where-were-at) that have now become commonplace on official government communications, such as those from the Departments of Labor and Homeland Security, let me assure you that Levin is right, and this primate video is indeed part of a “firehose” of white nationalist rhetoric coming not just from Trump, but from the federal government as a whole.  The Civil Rights Division of the U.S. Department of Justice, for example, has turned its focus toward punishing diversity, equity, and inclusion. Just this week, another federal agency, the Equal Employment Opportunity Commission, began a probe against Nike for allegedly discriminating against white people in hiring.  “It has been, not even, a dog-whistling, but a [Xeroxing of the exact kind of terms](https://www.latimes.com/california/story/2025-07-26/dhs-manifest-destiny-american-progress-painting) that I’ve been looking at on white supremacists’ and neo-Nazi websites for decades,” Levin said.  It’s not my place or intent to warn Black people about racism, because that would be ludicrous and insulting, but I’ll warn the rest of us because in the end, authoritarianism targets everyone. This video is a clear statement that Trump’s vision of America is one in which every non-white group, every vulnerable group really, is a second-class citizen.  “He’s enabling an entire group of people who want to take this country back to a time when rampant violent white supremacy was enabled in the law,” Abdullah said. “What they mean is recapturing an old-school, oppressive racism that is pre-1965, pre-Voting Rights Act.”  That message, Levin said, has “a resonance with a decent part of his base,” and when fed ceaselessly into the system, can have violent outcomes.  Levin uses the example of when Trump tweeted during the 2020 protests over the killing of George Floyd: “When the looting starts, the shooting starts,” [a phrase with a violent and racist history.](https://www.npr.org/2020/05/29/864818368/the-history-behind-when-the-looting-starts-the-shooting-starts)  Levin said Black people have always been the primary targets of hate crimes in the United States, but after that tweet, it was some of the “worst days” for violence aimed by race.  “When a high transmitter, like a president, circulates imagery with regard to prejudice, it creates these stereotypes and conspiracy theories, which then are the groundwork for further conspiracy theories and aggression,” he added.  Abdullah said she worries that even if the voter crackdown isn’t officially sanctioned, those empowered conspiracy theorists will take action anyway.  “So the people who are so-called monitoring, self-appointed monitors ... this is who’s going to be pulling people out of voter lines, and so this is what he’s whipping up intentionally,” she said.  Keep your eye on the ball, folks, because the far-right Republicans running the show are laser-focused on it. The midterm elections have to go their way for them to remain in power.  The easiest way to ensure that outcome is to only allow voters who see things their way.  [https://www.latimes.com/politics/story/2026-02-06/chabria-column-trump-racist-video-what-comes-next](https://www.latimes.com/politics/story/2026-02-06/chabria-column-trump-racist-video-what-comes-next)",2026-02-07T03:18:40Z
tweet,twt,informal,after,[Her tweet](https://x.com/Carin_Official/status/2019749780222791996),2026-02-07T03:17:47Z
tweet,twt,informal,after,"Can anyone explain the tweet , are they planning to remove the codex from chatgpt plus subscription and introducing a new separate subscription for codex? Or am I getting it wrong?",2026-02-07T03:08:08Z
tweet,twt,informal,after,That's it. That's the tweet. I just love Yerin's facial expression so much!!!,2026-02-07T03:08:00Z
tweet,twt,informal,after,[Her tweet](https://x.com/TsukishiroRina/status/2019921548749254913),2026-02-07T03:03:28Z
tweet,twt,informal,after,"I've been a longtime user but the quality has really dropped and I stopped deals ca 1.5 years ago. also saw Noah's (current CEO?) Twitter post that their revenue is down 50%. here's what I think would turn things around:  1. **slash operating costs:** Why does a company built on selling lifetime deals need 50+ employees? The overhead doesn't match the business model anymore. fire 90% employees, and get lean. this is not 2020 anymore. 2. **quality over quantity on deals:** Go back to 5-10 carefully vetted deals per month instead of the current flood of mediocre products. The old model worked because each deal felt special.  Yes, revenue drops initially, but profit margins improve and most importantly, customer trust comes back. also fucking old CEO should stop bragging/tweeting how he grew appsumo to $80M biz while actually being the one who seriously damaged the biz.  thoughts?",2026-02-07T02:59:36Z
tweet,twt,informal,after,"# THIS IS NOT REAL.  I made this purely out of boredom. I don't care if you guys hate it or love it, I just felt like clicking the ""Create"" button today.  Anyway, how would you guys feel if this was a real tweet?",2026-02-07T02:55:35Z
tweet,twt,informal,after,"Adam Mockler with MeidasTouch Network reports on the massive backlash following Donald Trump's racist post depicting the Obamas. Adam exposes the White House's lie that a ""staffer"" was responsible by revealing a near-identical tweet from 2015 where Trump used the same excuse, covers the condemnation from Republicans like Brian Fitzpatrick, and discusses Rep. Mark Amodei's sudden retirement.",2026-02-07T02:40:42Z
tweet,twt,informal,after,[Her tweet](https://x.com/Kanon_Takao/status/2019764440263274860),2026-02-07T02:33:05Z
tweet,twt,informal,after,"i’m in the southside, and usually always awake at this time. never normally aware of any external noise other than the occasional car passing my street, or a neighbour coming home from a night out etc.  however, the last two nights the birds have been tweeting so loudly. it’s not bothering me, i’ve just never been aware of them being this vocal before. i had to check they weren’t lodging in my loft but they are definitely outside the premises.  anyone know why they have suddenly became so joyful with their singing. sounds like squads of them going for it. ",2026-02-07T02:08:20Z
tweet,twt,informal,after,[Original source from Bae's ringfit stream ](https://www.youtube.com/live/CZ7fqhRTne8)  [Source tweet](https://x.com/i/status/2016269990169846072),2026-02-07T01:45:28Z
tweet,twt,informal,after,[Original source from Bae's ringfit stream ](https://www.youtube.com/live/CZ7fqhRTne8)  [Source tweet](https://x.com/i/status/2018249805567324214),2026-02-07T01:41:32Z
tweet,twt,informal,after,I’m sure it kills Greg that Jessie’s show has higher ratings.,2026-02-07T01:36:53Z
tweet,twt,informal,after,"**You can see them here in this article** and there are screenshots out there too.  [https://leftmeltdowns.blogspot.com/2018/08/rainn-wilson-deletes-several-satanic.html?m=1](https://leftmeltdowns.blogspot.com/2018/08/rainn-wilson-deletes-several-satanic.html?m=1)  “What about human baby meat? RT what should i eat for dinner? i am thinking pasta?! (via heidimontag)”-Jan 26 2010  “Little concerned – this morning, found blood in my urine. Well, not ‘my’ urine. The baby urine I wash my hair with.” -Oct 24 2011  “I would totally f\*ck a muppet.”- Aug 30 2011  “Beautiful day for the ritual scarification of a virgin!” -July 9 2011  “Joke: ‘How many clowns does it take to screw in a lightbulb? A: Twelve. One to screw it in and eleven to kidnap and chew on human babies.'” -Nov 12 2009  “If you want to punish a teenager, simply take away their cellphone! And s\*d\*mize them with it.”-Sept 2 2011  “The Catholic Church should set up a program where all the abused little kids are allowed to m\*lest the priests.”-Mar 26 2010  “I drained the blood out of a goth kid. Does that make me a goth by proxy?”-Oct 7 2011.  **There is also this very strange YouTube video of him doing sexual acts on a stuffed chicken.** Check it out but like don't because it will burn your eyes.  I also thought it was weird that he opened with asking it ""Does your Family understand you""  [https://youtu.be/sBn80s3E3Zo?si=WecdfWUfVyzu3Tj3](https://youtu.be/sBn80s3E3Zo?si=WecdfWUfVyzu3Tj3)  He said beforehand if he won a webby award he will make out with the chicken if you're interested in further context. This is the video where he made that claim and also said a few strange things as well but nothing too crazy. [Will Rainn make out with a Chicken?](https://www.youtube.com/watch?v=4GPUM9iijak) 405 likes lol  The YouTube company soul pancake is currently owned by Shabnam Mogharabi and was founded by both Rain Wilson and Shabnam Mogharabi. She is now working at the Tahirih Justice Center which is a national nonprofit founded in 1997 that offers legal and social services to immigrant women, girls, and all survivors of gender-based violence.  Also from the linked article:  ""Wilson currently lives in Los Angeles with his fiction writer wife, Holiday Reinhorn, but they also happen to run a foundation in Haiti for disadvantaged girls named Lide Haiti..""  From LIDE Website  ""LIDÈ serves over 1,000 girls and young women ages 10-24 each year across eight sites in the remote regions of Gonaïves (Artibonite) and Les Coteaux (South). We focus on girls in these communities at the intersection of maximum vulnerability and maximum opportunity""  With what is coming out with the Epstein files, this should probably be looked into.  I've never heard of this at all before now, and it's buried in google behind other top articles that are fluff or other less threatening controversial tweets showing up in google!! They admitted in the files they have tactics to do bury articles they don't want you to see.  [Al Seckel: Some results — Epstein Emails](https://www.jmail.world/thread/EFTA02418404?view=inbox)  Crazy stuff man, I have a feeling that a lot of these charity foundations were not charities. It's the perfect crime, billionaires giving to charity and it's just the illegal activities that they were funding the whole time. In recent light they seem like well disguised ads- That's another post though.",2026-02-07T01:25:33Z
tweet,twt,informal,after,"I smoke a fa’ d’rt,  ham’nd crashs for the nointh fookin’ toime tod’y,  and james gives ‘n to da voic’s",2026-02-07T01:20:08Z
tweet,twt,informal,after,Dug up some old spx tweets from 2023,2026-02-07T01:17:13Z
tweet,twt,informal,after,"How Does Deadlock Run THIS GOOD?! (I genuinely am curious if anyone knows the specifics) (other than obvious stuff like ""Valve makes good games ;3"") {my bad I meant to link the image, i figured the tweet would have the thumbnail, I don't post on reddit often -.-} ",2026-02-07T01:10:57Z
tweet,twt,informal,after,"Developer of Braid, The Witness, and upcoming Order of the Sinking Star Johnathan Blow  [tweeted](https://x.com/Jonathan_Blow/status/1887599339037663629) that he likes Trump . This caused the typical response from certain types of people in the industry who felt they had to disavow him for the crime of not having the exact same beliefs as them. This [video](https://youtu.be/mWaxpTueewI?t=543) goes over it   If you are pro Trump or not is irrelevant.  Imo people should be supporting devs who are brave enough to go against the typical orthodoxy in game dev . ",2026-02-07T00:58:44Z
tweet,twt,informal,after,He'll be despised by Americans..  Deríded by Europeans..  Revered by Russians..  and laughed at by the Chinese.. ,2026-02-07T00:44:22Z
tweet,twt,informal,after,"TITLE   Social Media & Content Distribution Assistant (Twitter, Substack, Pinterest)  ROLE OVERVIEW   I’m a writer publishing daily short essays on Substack and building a long-term audience across Twitter/X, Pinterest, and Medium. I’m looking for a highly competent, detail-oriented assistant to handle content distribution and platform engagement with restraint, taste, and strong judgment.  This is not a spam or automation role. Voice, safety, and consistency matter more than volume.  PLATFORMS   You must be experienced with:   • Twitter / X (required, primary)   • Substack (required)   • Pinterest (required)   • Medium (required)  Reddit experience is a plus, but handled cautiously and under strict rules.  RESPONSIBILITIES  Twitter / X   • Schedule and post daily tweets from a provided queue   • Engage thoughtfully via replies (no generic or spammy comments)   • Maintain a consistent voice and tone   • Follow strict safety, political, and content guidelines  Pinterest   • Post 3–5 pins per day using provided templates   • Organize and pin to approved boards   • Optimize descriptions without keyword stuffing  Medium   • Assist with selective syndication of Substack posts   • Format posts cleanly and add attribution back to Substack  Substack   • Assist with Notes posting and light engagement   • Help surface relevant writers or posts for interaction  Reddit (optional / limited)   • Light, non-promotional participation only   • No posting or linking without approval  All work is tracked via simple spreadsheets.  TIME COMMITMENT   • 1.5–2 hours per day   • 7 days per week   • Work is split into two short daily blocks (not continuous scrolling)  COMPENSATION  • **$4.00 per hour to start**   • Performance-based bonuses included   • **Higher hourly rate after a 60-day review**, based on performance and consistency   • Long-term potential if the fit is strong  WHAT I’M LOOKING FOR  You are:   • Extremely comfortable on Twitter/X   • Good at reading tone, context, and subtext   • Careful, not reactive   • Able to follow detailed written instructions   • Comfortable working from queues and systems   • Fluent in written English  You are NOT:   • A growth hacker   • A bot user or automation-heavy operator   • Someone who improvises brand voice   • Someone who posts or engages impulsively  IMPORTANT SAFETY REQUIREMENTS  You must be comfortable following strict rules around:   • Political content   • Hate speech   • Controversial or culture-war topics  When unsure, you must default to *not engaging* and flagging instead.  HOW TO APPLY  Reply INTERESTED on this thread.",2026-02-07T00:42:43Z
tweet,twt,informal,after,"So this woman sits chronically online (as per her own admission) and sees other black women being harassed, threatened and doxxed by her own stans. Not only she doesn’t stop them; she also fuels them. But apparently being a black woman is only hard when it comes to herself.  There were many other reactions like this tweet and I’m glad people are clocking into her hypocrisy. And although the tweet only mentions Chelley , obviously the list of black women harassed by her stans is a lot longer including Clarke, Coco and tons of social media users and creators.  She always pretends to be unbothered but pulls the racism / pity card every time she gets negative responses (this time for the ravioli look, even from the GP lmao).",2026-02-07T00:40:24Z
tweet,twt,informal,after,"Technically it’s in 19 hours time as first episode was uploaded at 7pm GMT but here in the Uk the first ep released on 7th Feb 2023 an it just hit 7th Feb 2026 so yeah the same day as 1st eps release.  For some, due to timezones the birthday will come up in the 8th of dev but either way it’s basically here.  Later today is also the end of the Invis countdown stream which maybe is counting down to a shop rework for the birthday but that’s just my speculation so watch out for that.   I feel like that will overshadow this news later on so and  do I would post this now.  Also, maybe boom will do something today or maybe like some tweets at minimum as he usually makes a post about the birthday but this year I don’t know if he will. For new years 2026, he liked some skibidi art posts on Twitter so maybe he does the same today for the birthday. Who knows.  Just be wary boom night do something today.",2026-02-07T00:34:36Z
tweet,twt,informal,after,[**OG Tweet**](https://x.com/mattsontomlin/status/2018156433846538403)   Would be cool if we get an official Dr. Thompkins appearance imo...,2026-02-07T00:33:37Z
tweet,twt,informal,after,"Hi All,  Sorry but I've got to rant.   If you've been watching the news you've probably seen MoltBook, an Agentic social media  project that recently went viral. It has since been covered by CNN, Forbes, and other major media outlets.  Prolific figures in the A.I. space like Andrey Karpathy and Elon Musk have been tweeting about it.  In the Moltbook ecosystem is an agentic marketplace and hackathon powered by crypto.     Are A.I. economies practical yet, no.  But they are interesting and getting tons of attention from people on the edge.  So why am I annoyed?  Well I pitched building a very similar project to this at catalyst 6 months ago and it got practically 0 attention from the community.  I even created a prototype on the lextra\_wallet and went around demoing to people at RareEvo.   [https://github.com/AI-Drachma/lextra\_wallet](https://github.com/AI-Drachma/lextra_wallet)  [https://github.com/AI-Drachma/drachma\_protocol](https://github.com/AI-Drachma/drachma_protocol)  Cardano's functional language lends itself to use by Agents perfectly, with major security benefits.  I was completely open to building this for the ecosystem (at a super discounted rate for a ML professional btw), but we didn't fund it.  Instead we funded shit like SNEK.     All of this media attention could have been driven towards our community, but it was not because of how we decided to allocate funds.  Rant over.    ",2026-02-07T00:30:51Z
tweet,twt,informal,after,"(Edit)  Ok the title is complete bullshit. I was literally speed typing as the plane took off and now that I have WiFi, I see that my mind is sometimes a scrambled egg when trying to figure out a wayyy too long of a title and smash the post button in mid-air.  Gotta slow down, breathe.  (Begin)  Listen, I’ve been in this stall for six hours now, thumbing this message into my iPhone 17 Pro, which I have to say is an absolute masterpiece of engineering. This thing is stupid fast, the A19 Pro chip handles everything I throw at it without breaking a sweat. Battery life is insane. I’ve been doom scrolling stock charts and Reddit threads since breakfast and I’m still at a comfortable level. The camera system with the new 48MP fusion lens is ridiculous but not particularly useful in an airport bathroom unless you’re into that sort of thing, which I’m not. The ceramic tiling is very unflattering in any light.  Quick aside on why I’m in the women’s bathroom and not the men’s, because this requires some explanation. I walked up to the men’s room about six hours ago, ready to set up camp and monitor the QNCCF ticker in peace, and what do I find? Yellow caution tape. One of those folding “Closed for Cleaning” signs with the little cartoon janitor.  Miguel apparently decided this was the perfect moment to deep clean the entire men’s facility. So I’m standing there, bladder screaming, watching the mop slime glisten on the Men’s bathroom entrance floor, and I’ve got a choice to make. Walk to another terminal, or make an executive decision.  I made an executive decision.  IF YOU DON’T ENJOY WORDS JUST SCROLL TO THE BOTTOM NOW  Oh, yeah. I totally forgot women don’t have standup urinals.  Lock the door.  Now I’m stuck in here trying not to cause a scene. Quietly. Every time someone walks in I hold my breath and try to look like a stall that’s occupied by someone who belongs here. I’ve perfected the art of absolute silence. No coughing, no shifting weight, no suspicious male-pattern bathroom sounds.  Just me, my iPhone, stupid carry on, and the creeping realization that Miguel probably just finished cleaning hours ago but at this point leaving would be more awkward than staying. A woman asked if I was okay earlier and I just said “fine thanks” in the highest voice I could manage without sounding like I was being strangled.  But I digress.  Quantum Emotion and this whole NYSE up-listing business has me trapped in here like some kind of cross-dressed prophet waiting for revelation or a bowel movement, whichever comes first. And let me tell you, the amount of absolute horseshit I’ve been reading on the message boards would make your head spin. Now don’t get me wrong, there are people out there who actually know their stuff about quantum encryption, people who understand what Bellido is building and why it matters. But they’re drowning in a sea of slop who think this is some kind of AI emotion detector or blockchain panic or whatever the hell else sounds sexy or gets more clicks.  The details these idiots are posting, my god. They don’t have it right. They’re out there spreading half-baked theories and misunderstanding basic facts about the filing requirements, the technology, the timeline, everything. It’s like watching a game of telephone where the original message was “quantum encryption breakthrough” and by the time it gets to the end of the line it’s “magic computer makes line go up.” Who the fuck is Grok anyway?  Speaking of not having it right, let’s talk about yesterday’s price action versus today because the narrative around this is completely ass backwards. Yesterday we had this selloff that had all the weak hands puking their shares to the streets, volume spiking (kinda) like the NYSE application was going up in flames. Classic. But here’s the thing, today’s volume was a fraction of yesterday’s bid pounding carnage. A FRACTION. And you know where we ended up? Right back where about we were Wednesday night. We basically drew a circle, shook out the “paper hands,” and landed right back at the same price level.  You know what that tells me? That yesterday’s selloff was noise. Pure emotional capitulation from people who don’t understand how any of this works. Meanwhile the patient money, the people who actually know what QNCCF is doing with quantum encryption, they barely moved. Today we climbed back up on comparatively tiny volume because there weren’t that many sellers left. Everyone who was going to panic already panicked yesterday.  There’s this guy claiming the whole application is going to crater because the US price is sitting below four bucks, and apparently this means automatic disqualification. Like NYSE is going to send Francis Bellido a rejection letter written in crayon with a sad face sticker. This is categorically bullshit. And half the smooth brains out there are asking “Who’s Francis?” like the CEO’s name is some kind of state secret. Francis Bellido, people. The man steering this ship.  Learn it, know it, live it.  The filing doesn’t hinge on maintaining some magic four dollar threshold every single microsecond of every trading day, like you’re trying to keep a drunk friend upright at last call. The requirements are more nuanced than that. You need to demonstrate you can meet the criteria, you need the fundamentals, the shareholder base, the market cap, the structural components that make you look like a real company and not some pump and dump operation running out of a strip mall in Mississauga.  Can the price fluctuate during the review process? Absolutely. Does it fluctuate? Of course it does. We’re talking about a speculative Canadian quantum encryption play that most Americans have never heard of. The volume is thin, the spreads are weird, sometimes the stock moves on nothing but vibes and someone’s cousin thinking he knows something. Yesterday proved that perfectly. Highish volume selloff followed by a low volume recovery back to baseline. It’s textbook shakeout behavior.  BUT HERE’S WHAT THE VILLAGE IDIOTS ARE MISSING. ANY MATERIAL NEWS, ANY ACTUAL CATALYST COULD SEND THIS THING ABSOLUTELY BONKERS ON THE ASK AND BLOW PAST EVERY THRESHOLD NASDAQ CARES ABOUT IN A SINGLE TRADING SESSION.  And what’s the obvious catalyst sitting out there like Chekhov’s gun in act three? The TSMC chip.  Taiwan Semiconductor doesn’t waste fab capacity on garbage. They’re not making custom silicon for Quantum Emotion because Francis Bellido bought them lunch. They’re doing it because there’s something there, some proprietary architecture for quantum encryption that actually works in the real world instead of just on whiteboards in university labs. When that chip news drops, assuming it ever does, assuming we’re not all just marks in an elaborate Ponzi scheme which honestly at this point I’m fine with either way, when that news hits the stock price conversation becomes moot.  Four dollars, eight dollars, twelve dollars, who cares at that point? You’ll have every momentum trader and quantum computing hype chaser piling in like it’s 2021 and Cathie Wood just tweeted about you. The shorts will scramble, someone on WallStreetBets will post gain porn that makes you question your entire life. And NYSE will rubber stamp the application because suddenly you look like the next big thing instead of a speculative footnote.  The iPhone just tried to autocorrect something weird but honestly the keyboard on this thing is so responsive I barely notice anymore. Typing this entire manifesto from a women’s bathroom stall while trying to remain completely silent is actually a pretty good test of the hardware. (I’ve contacted Apple’s Content Marketing Dept. without any response.)  Show me the money.  My point, and I do have one buried somewhere in this rambling manifesto, is that the price action fearmongering is lazy analysis from people who don’t understand how these processes actually work. Or they understand perfectly well and they’re trying to shake out weak hands or whatever before the real move happens. Either way I’m not selling. Yesterday’s volume spike followed by today’s quiet recovery is literally the pattern you want to see if you’re holding for the real move.  Someone just walked into the bathroom and I swear to god I stopped breathing. She went to the sink, washed her hands for what felt like seventeen minutes, checked her phone, sighed deeply about something, and left. Crisis averted. This is my life now.  Meanwhile over on Discord there’s some lunatic who keeps posting goat emojis every time someone asks a legitimate question about the technology. “Who is the goat?” someone asks, genuinely confused. “BAAAA” comes the response, followed by complete silence) This is the intellectual caliber of retail investors in 2026. We’re doomed. Or we’re all getting rich. Hard to tell which.  Francis Bellido is either a visionary or a madman or both, which historically speaking is usually when the really interesting things happen. The TSMC partnership is either real and transformative or it’s the most elaborate piece of vaporware since Theranos, and honestly the uncertainty is what makes it compelling. If I wanted safe, boring, predictable returns I’d buy treasury bonds and fall asleep during the transaction.  QUANTUM ENCRYPTION ISN’T SOME CUTE LITTLE TECH GIMMICK. THIS IS THE STUFF THAT KEEPS NATION STATES UP AT NIGHT. THIS IS WHAT HAPPENS WHEN YOU NEED TO SEND DATA SO SECURE THAT EVEN GOD HIMSELF COULDN’T CRACK IT WITH UNLIMITED TIME AND PROCESSING POWER. And if Bellido and his team have actually cracked some piece of making this commercially viable, getting it onto custom silicon that can actually ship in products people use, then we’re not talking about a nice little NYSE up-listing story. We’re talking about a paradigm shift.  The up-listing will happen or it won’t. The chip will arrive or it won’t. The stock will moon or it’ll crater and I’ll be posting loss porn from this very bathroom stall in six months either way. But the idea that it all falls apart because the US price dipped below some arbitrary threshold during the application review is amateur hour analysis from people who’ve never actually read the listing requirements or watched a company navigate this process. Whew.  OK, You know what kills up-listing applications?  Accounting fraud. Regulatory issues. Failure to meet the actual structural requirements. Not day-to-day price volatility on low volume in a secondary market. But you wouldn’t know that from reading the fosties spreading misinformation like it’s their full-time job.  Anyway, my legs are falling asleep and someone’s knocking on the stall door with increasing urgency. The iPhone battery is still going strong which is frankly remarkable. The screen is bright enough that I’m basically getting a tan in here. The typing experience is smooth as hell. Apple really dialed it in with this generation. (Seriously Apple, contact me)  Quantum Emotion, NYSE or bust. TSMC chip or vaporware. Quantum encryption or quantum bullshit. Either way it’s more interesting than whatever conference call I’m supposed to be on right now. QNCCF “to the moon” or to the basement, place your bets accordingly.  THIS IS NOT FINANCIAL ADVICE, THIS IS BARELY A COHERENT THOUGHT PROCESS FROM A BATHROOM STALL IN TERMINAL ONE. But the phone is genuinely excellent, you should definitely upgrade. The camera quality even in terrible lighting is pretty incredible. Not that you’d want documentation of your time in a Pearson women’s bathroom as a man hiding from Miguel and trying not to cause an international incident, but the option is there.  I can hear Miguel whistling outside. The men’s bathroom has probably been completely destroyed for hours. But at this point leaving would require an explanation I’m not prepared to give. So here I stay, monitoring QNCCF, writing manifestos, and praying nobody notices the men’s shoes under the stall door. The encryption revolution will not be televised, but it might be live-tweeted from an increasingly awkward situation in a women’s bathroom in Toronto.  BAAAA.​​​​​​​​​​​​​​​​",2026-02-07T00:25:49Z
tweet,twt,informal,after,"^(September 14-18, 2026)  # How I learned to stop worrying and love late-stage capitalism  *...and Bezos looked on his empire with fires in every corner and said ""I will piss on them, and they will call it rain.""*  \----  It didn’t start with a meeting, it almost never did in the Trump Administration. It started with markets twitching, then flinching, then falling off a cliff before President Trump finally started to really move on the problem.   By the time Asian markets opened on September 14th, it was obvious this wasn’t just an OpenAI problem. Memory suppliers across America were wobbling, and everyone from Jensen Huang (NVIDIA), Elon Musk (xAI), Dario Amodei (Anthropic), Alexandr Wang (Scale AI), Aravind Srinivas (Perplexity), and Arvind Jain (Glean) were putting their feelers out.  Altman (OpenAI) had shit the bed, and done so catastrophically. OpenAI’s failure wasn’t a correction, it was the first pop of the bubble that everyone should have known was coming.  Musk, predictably, made noise first, “This is what happens when you confuse hype with physics,” he posted at 2:14 a.m., Pacific. “Compute is real. Energy is real. Models are not magic.”  But the tone shifted a few hours later, because even Elon could see it; if OpenAI imploded messily, it wouldn’t punish Sam Altman. It would punish the entire premise that frontier AI was investable at scale. That would hit xAI perhaps next, perhaps in a month, from there infection into the broader tech industry was possible.  Musk saw the writing before the others, this was a 2008 style event and it had to be short circuited before the virus kicked into gear.   So Grok stayed free, and the next post didn’t gloat. “Systemic risk isn’t funny. Time to stabilize.” accompanied by a [gif from Star Wars](https://www.google.com/search?client=firefox-b-d&hs=6Hy9&sca_esv=a23961d46812ec7b&sxsrf=ANbL-n7IavoB_Elv6zRGv7WCVH-cCz2Efw:1770421607749&udm=2&fbs=ADc_l-aN0CWEZBOHjofHoaMMDiKpaEWjvZ2Py1XXV8d8KvlI3p-ML-906rRL_m6h4jR-tdCeKIwp94h-QiJ4lJfObsqU79yRFgWBtc5FGpXu1cRl7WMsuLbm9eXF2miyzQA_QJ-KLUyb79IO5IlA-PPacG7YkvHaSyBe-dy6hthtWjStMQiZ2RD9OtPsgS3IsqZY70yeSJQNP8JwOLf8cwuCDIzkjkYbxQ&q=star+wars,+stabilising+quote+gif&sa=X&ved=2ahUKEwiPjKG4hsaSAxUQSGcHHaCFKvwQtKgLegQIDhAB&biw=2560&bih=1253&dpr=1#sv=CAMSVhoyKhBlLTk0Z1UxUmdKYmpxVWJNMg45NGdVMVJnSmJqcVViTToOS3NPX19pMW9QREdGWk0gBCocCgZtb3NhaWMSEGUtOTRnVTFSZ0pianFVYk0YADABGAcg3-uZ1gkwAkoIEAIYAiACKAI).  \----  Jeff Bezos didn’t tweet, he rarely did and a market correction wasn’t going to change that.   By mid-morning, Amazon’s internal risk memo, circulated quietly to AWS leadership, used a phrase Bezos hated but understood: “contagion event.” Too much of the AI ecosystem ran through the same supply chains, the same fabs, the same memory contracts, the same hyperscale assumptions.  Bezos understood the world in parsimonious terms: OpenAI failing wasn’t the problem. OpenAI failing suddenly was.  His first call was with with Andy Jassy, then with Samsung’s U.S. counsel, then very briefly with the US Treasury’s Scott Bessent. The final call wasn’t a courtesy, it was an imperative in essence an order from Amazon, to the Executive Governmetn.   “You will allow me to do what is necessary to prevent this bubble from popping.”  For Bessent, there could be no resistance, no Trumpian way of managing the optics, the market was speaking and Trump wouldn’t understand. Along with the midterms, this was disastrously bad timing.   \----  Donald Trump saw it on FOX and Friends first, that annoyed him, his people were meant to be ahead of this bullshit. He dialed in immediately and gave Brian a blasting live on air.   “This isn’t a tech story, it’s a strength story. America invents the future. Americans shouldn’t be panicking because one IPO went sideways, and America sure as hell doesn’t let South Korean memory giants or European data laws define the narrative.”  By that afternoon, Trump was on Truth Social, “The Radical Media wants an AI crash. They LOVE panic. We won’t let America’s most powerful technology get destroyed by the failing New York Times, or it’s woke anti-technology, anti-american, July 4th protest supporting cronies.”  In the West Wing though, the tone was colder, more transactional. Bessent relayed the call with Bezos, Musk made his way on a private jet over to DC, and Huang picked up his private line.   Republicans and business people started floating language for the President, “Strategic AI Infrastructure”, “National Compute Resilience”, “Too critical to fail.”  Mike Johnson, Speaker of the House, and man imminently about to lose his job in a few months had one single piece of advice for the Administration. “You must never call it a bailout. Not a bailout. Never call it that.”  \----  Elon proposed the first real move - a compute backstop - a re-evaluation of OpenAi’s worth in a joint venture with Amazon.   xAI would commit, publicly, to purchasing a fixed tranche of high-end memory over the next 18 months from OpenAI’s pile, not as charity, but as a signal to markets that demand wasn’t evaporating.   “RAM doesn’t care who trains on it,” he told a room of Administration folks. “Only whether it’s used.”  Bezos followed with something quieter and much heavier.  AWS announced an expansion of long-term AI compute contracts, locking in pricing and capacity through 2029, a post-election promise to buttress against a change in Administration. No names were mentioned, no favorites, just certainty with OpenAi clearly the leading benefactor.  For Bezos, he understood the world in parsimonious terms: Markets love certainty.  \----  Then Trump did what only Trump could do: he reframed the whole thing.  A press conference was called while markets were halted and the President went off script, “AI is like railroads. Like electricity. Like the internet. Some companies win, some lose, but America doesn’t stop building.” And then, almost casually, “We’re working with industry leaders, great leaders, to make sure innovation continues without disruption.”  “Obama would have done a bailout, I’m not Obama of course, look at me. Biden would do a bill and take months or years just to get a tiny little law through congress. I’m a business man, I have run hundreds of businesses, some of the biggest businesses in the history of this country. I know better than anyone what to do.”  “The US Government will own a 10% stake in OpenAI and that will mean we will own and win this critical market.”  \----  By the end of the week, the panic cooled. Market pricing of OpenAi and related tech stocks didn’t rebound fully, but they stopped bleeding. Suppliers exhaled while junior analysts rewrote notes with words like “orderly repricing” instead of “collapse.” OpenAI survived through a joint venture purchase by xAI and AWS - named Oarfish for the so-called “Palace Messenger” for it had been Musk, Bezos and Huang who had combined to bring the Trump Palace the messages of the market.   And the bubble? It didn’t pop, but it did tighten.  Musk may have been the vocal lead, Huang the background whispered, Trump the King on the Hill but in the end it was Bezos who found the funds and the understanding.   For Bezos understood the world in parsimonious terms: global systems required stability.   \----  **TLDR**  Musk, Bezos, Huang, and Trump have worked together to stabilise the technology market and rescue OpenAI.   Four grand solutions have conspired to stabilise markets and prevent an AI bubble pop, for now.   1. xAI and AWS joint venture “Oarfish” to re-evaluate and buy OpenAi stocks at better than basement prices  2. xAI committing publicly to purchasing a fixed tranche of high-end memory over the next 18 months from OpenAI.  3. AWS announcing an expansion of long-term AI compute contracts, locking in pricing and capacity through 2029. 4. Trump Administration steading markets with a press conference restating his business acumen and his business operations buying a 10% stake in OpenAI.",2026-02-07T00:24:28Z
tweet,twt,informal,after,"Chapter 7: The Lawsuit That Lit the Fuse  The Federal Lawsuit – Throwing Down the Gauntlet  Cameron sat at his kitchen table, a stack of papers and legal books strewn about, as dawn’s first light crept in. This was it – the moment he would strike back. With a deep breath, he finalized Church v. Breslow, et al., a federal civil-rights complaint under 42 U.S.C. § 1983, laced with a bold RICO claim. In it, he named names: the presiding Judge Barry Breslow, the Washoe County District Attorney’s Office, even the public defender’s office – alleging they had formed a corrupt enterprise that trampled his rights. It was an explosive document. Twelve causes of action catalogued everything from First Amendment retaliation to intentional infliction of emotional distress, from federal and state RICO violations to obstruction of justice and spoliation of evidence. He was a pro se defendant turning into a plaintiff, daring to haul the local justice machine into federal court.  Filing the lawsuit felt like lighting a stick of dynamite. Why was it so threatening? Because it meant federal oversight – an outside referee stepping onto the rigged home court. It meant potential personal liability for those who’d grown accustomed to acting with impunity. And perhaps most terrifying to them, it meant sunlight on secrets: sealed hearings, off-record scheming, buried evidence. Cameron alleged, in essence, that the local court actors had colluded to deprive him of a fair process. If proven, that allegation would not only embarrass them; it could end careers or even lead to criminal charges. This was the ultimate whistleblow, effectively calling the judge and others racketeers.  When Cameron hit “submit” on the electronic filing (and mailed out thick packets of the complaint to the named defendants), silence answered. No press conference from the DA denying wrongdoing, no immediate phone call from the judge’s chambers. Just an eerie quiet. The lawsuit entered the record on December 16, 2024 – a date Cameron hoped would mark the beginning of accountability. He knew better than to expect an immediate response; bureaucracies don’t dignify accusations with acknowledgment. But he also knew the silence wasn’t peace. It was the stillness before an ambush. He could practically feel the local system stirring behind the scenes, like a nest of disturbed hornets.  Over that first 24 hours, nothing seemed to happen. Cameron continued his routine – checking on his elderly mother, making her breakfast, glancing out the window for any unusual cars. He’d taken on the role of caregiver while fighting his legal battles, and this morning was no different on the surface. But inside, his heart pounded with suspense. Would the federal court send a notice to the state judge? Would U.S. marshals get involved? Or would Judge Breslow pretend nothing was different? He didn’t have to wonder long.  The Silence Before the Storm  By the second day, the silence itself became ominous. Cameron checked the federal case docket online repeatedly – still no response from the defendants, no motion, not even an angry email. He informed a few close confidants of the filing. “Be careful,” one friend warned. “You basically sued the courthouse while your fate still lies in their hands. They might not take kindly.” Cameron gave a nervous laugh; not take kindly was an understatement. He was counting on the protection of the First Amendment – his right to petition the government for redress of grievances. Retaliation for filing a lawsuit is plainly unconstitutional, a point courts have recognized time and again. In theory, he should have been shielded by the law. In practice, he suspected he’d just thrown a rock at a pack of wolves.  The local court’s docket in State v. Church remained outwardly unchanged. No hearings were scheduled as of that morning; no new orders appeared in the e-filings. But Cameron’s intuition gnawed at him. This calm was too calm. The players he’d accused – Judge Breslow, DDA Merchant, even his former defense attorney – were certainly aware of the suit now. Perhaps they were huddling in some judge’s chambers, plotting a response. They wouldn’t discuss it in open court; no, that would leave a trail. If they were going to retaliate, they would do it subtly, and soon.  Cameron triple-checked his compliance with all release conditions. He was out on bail at the time – a hard-won freedom after earlier ordeals. He knew they’d look for any excuse to reel him back into custody. Curfew check? Good. No alcohol? He didn’t drink anyway. Pretrial services check-ins? He had called in diligently, though he suspected they might claim otherwise. In fact, he had recently voiced complaints to Pretrial about feeling harassed and mentioned his mental stress (who wouldn’t be stressed?). He wondered if those words would be twisted. Little did he know, the trap was already set.  The Retaliation Begins: Secret Hearings and Gag Orders  Three days after the federal filing, on December 19, 2024, Cameron’s email dinged with a court notice – something scheduled on ultra-short notice. Judge Breslow had set an Order to Show Cause (OSC) hearing for the very next day, December 20. Cameron’s pulse quickened as he read the sparse details. The OSC was ostensibly about “failure to comply with court order” – specifically, his non-compliance with a recent competency evaluation order. Cameron’s eyes narrowed at the pretext.  He flashed back to the events of two weeks prior: On December 5, 2024, Judge Breslow had held a critical hearing – a “Young hearing” to address Cameron’s conflicts with his attorney. In that hearing, things had taken a dark turn. The judge had ordered Cameron not to file any more motions on his own (since he still had a lawyer) and threatened contempt if he did. Then, after an off-record discussion, the judge abruptly ordered a competency evaluation, effectively questioning Cameron’s sanity for insisting on his rights. To cap it off, the judge sealed part of that hearing. Cameron left court that day reeling – they were trying to paint him as crazy, to shut him up. Indeed, as he later wryly noted, \*“Polite got me sealed hearings, retroactive orders, no-bail warrants, and competency accusations for quoting the Constitution.”\*. It was absurd and frightening: citing the Constitution in his defense had literally prompted a judge to send him for a psych exam.  The competency exam had been ordered on Dec 5 verbally, and the judge issued a written order on Dec 9, backdated “nunc pro tunc” to Dec 5 (a retroactive CYA move that did not escape Cameron’s notice). Now, on Dec 19, the court was claiming he “failed to comply” with that evaluation. Of course he hadn’t completed it yet – barely two weeks had passed! Such exams typically require scheduling with doctors, coordinating through the state hospital; it was far from a reasonable deadline. The OSC was premature by any normal standard. Cameron suspected it was intentionally rushed – a manufactured crisis. He was being ordered to show cause why his pretrial release shouldn’t be revoked, and given essentially zero time to prepare or respond.  To make matters worse, a subtle gag was in play. At the Dec 5 hearing, Judge Breslow’s admonition effectively gagged Cameron from making any pro se filings or statements on record without his (unhelpful) attorney’s sign-off. This meant Cameron couldn’t even formally object to the OSC or explain himself in writing – not without risking contempt. The judge had, in one stroke, muzzled the defendant in his own defense. And the hearing that generated all this, including whatever rationale was given for deeming a competency exam necessary, was sealed from public view. The court had locked away the very context that might show Cameron was being set up.  Cameron realized the brilliance of the trap: They would claim he was non-compliant (when compliance was practically impossible in the given time), hold a swift OSC hearing, and yank his bail. It would appear on paper as if the system was responding to a recalcitrant defendant who refused a court order – when in truth it was retaliation, pure and simple, for his federal lawsuit. The timing was no coincidence; the ink was barely dry on the federal complaint. This was the local machine’s answer to being challenged: hit back hard, but hide the hand doing it.  That night, Cameron barely slept. He was torn: attend the OSC hearing and walk into the lion’s den, or avoid it? Normally, missing a court hearing is catastrophic. But this wasn’t normal. He had filed an emergency motion in federal court as well – seeking a TRO to halt any state retaliation. Perhaps naively, he thought the federal judge might intervene by the morning. (She didn’t; the request would languish, then be denied as moot later.) If he went to the OSC in person, he knew Breslow would likely jail him on the spot, no-bail, and thereby torpedo his ability to press the federal case. If he didn’t go, a warrant would issue – also bad, but maybe buying time on the outside to seek relief. It was a damned-if-you-do, damned-if-you-don’t dilemma. At 3 A.M., he joked bitterly to himself, “So this is what justice looks like in Washoe County: heads they win, tails I lose.”  The No-Bail Bench Warrant – Punishment Without Process  On December 20, 2024, Cameron did not appear at the OSC hearing. Whether out of principle, fear, or strategy (or a mix of all three), he stayed away. In his gut he knew what was coming, but the reality was still a punch. In his absence, Judge Breslow wasted no time: pretrial release revoked, bench warrant issued, no-bail hold slapped on Cameron’s name. The order went out for his arrest, with the judge pointedly ordering he be held without bail once caught. This was an extraordinarily harsh measure for a non-violent defendant accused of failing to attend one hearing. It wasn’t a murder case or a flight to Mexico – it was a grand larceny case with a defendant who’d been dutifully showing up for every proceeding until now. The disproportionate response screamed retaliation. In fact, Cameron’s federal complaint would later spell it out: the bench warrant and no-bail hold, coming right after his federal filing, were illegal retaliation for exercising his First Amendment right to seek redress.  To any outside observer, the court’s move was puzzling. There had been no time for Cameron to comply with the eval order – the hearing was held barely three business days after the written order was filed. Typically, an OSC like that might be set out weeks, even a month, later to give the defendant an opportunity to obey. Here, the court jumped straight to punishment at lightning speed. The only thing that had changed in the interim was Cameron’s federal lawsuit – the elephant in the room no one on the state side would mention out loud. It was as if the judge had been waiting for a trigger, and Cameron’s lawsuit served itself up as the excuse. The official pretext was “he didn’t do his psych eval.” The real message was “he sued us federally; how dare he.”  Adding to the Kafkaesque nature of it all, much of the court’s actions were shrouded. The hearing authorizing the competency exam? Sealed. The order for the exam? Backdated. The OSC hearing itself on Dec 20? One could bet there was no robust discussion of the timeline or Cameron’s side of the story – he wasn’t even there to object. The upshot: a critical turn in the case happened behind a veil. A reader of the court docket would just see a note that on 12/17 an OSC was set, and on 12/20 a bench warrant issued. No context that the defendant had filed a civil rights lawsuit on 12/16 that ticked off the powers-that-be. The retaliation was hidden in plain sight, masquerading as routine procedure. This is how state authority gets weaponized in response to oversight attempts – not by openly saying “we’re punishing you for suing,” but by quickly invoking some technical violation to justify the punishment.  Cameron, now effectively a fugitive, felt the sting of procedural due process violations as well. Due process is supposed to guarantee notice and a fair chance to be heard before the government takes away your liberty. Here, notice was minimal and the “hearing” was a sham since the outcome was preordained and he wasn’t present to defend himself. It was justice in name, retaliation in effect. As he later noted to a friend, “They held a hearing to decide if they could jail me for not doing something they gave me no real chance to do. And shocker – they decided yes.” There was no advocate for Cameron in that courtroom, and certainly no one raising an eyebrow at the timing. The Washoe machine doesn’t police itself.  Legal Lines Crossed – Rights and Red Flags  From a legal standpoint, the court’s actions set off blaring sirens. Retaliation for filing a lawsuit isn’t just a minor transgression; it strikes at the heart of constitutional rights. The First Amendment protects the right “to petition the Government for a redress of grievances,” and courts have held that \*“retaliation for filing a lawsuit is prohibited by the First Amendment’s protection of free speech.”\* Judge Breslow and company would never admit that was their motive, but Cameron’s case was a textbook example of retaliatory animus. The rapid OSC and no-bail warrant, on the heels of his protected legal filing, had no other plausible explanation. The message to Cameron and anyone watching was clear: sue us, and we will crush you. Such intimidation aims not only to punish Cameron but to scare off future challengers. It’s a tactic as old as power itself, using fear to chill dissent.  Procedural due process was another casualty. Basic fairness demands that before you are deprived of liberty, you get notice of what is expected and a fair chance to comply. Cameron’s “non-compliance” was a fiction – a manufactured breach. The OSC was set in an unreasonably short time, making compliance nearly impossible, and then executed without him present. A court acting in good faith would never schedule an OSC so quickly unless there were urgent circumstances (none here, except the urgency to retaliate). This was ambush procedure, not due process.  The pretextual use of judicial power in Cameron’s saga would make any legal scholar’s blood boil. A pretext means using a false or insincere reason to justify action. Here, the court used Cameron’s ostensible failure to undergo a psych eval as the pretext to do what they really wanted – lock him up and shut him up. Pretextual judicial orders corrode trust in the system; they’re essentially lies wrapped in legalese. Judges are endowed with great power (warrants, contempt, etc.), and when that power is used for ulterior motives – say, to retaliate against someone for asserting rights – it’s an abuse of office of the highest order. As Cameron’s federal complaint framed it, these practices “enable constitutional violations such as retaliation, procedural violations, and obstruction of justice”. The Barker speedy-trial doctrine was also flouted; he’d experienced “years of delay” and vacated trial dates without good cause, suggesting the court was in no hurry to give him his day in open court. Delay can be another weapon – bleed the defendant dry, wear him out (a tactic addressed in Barker v. Wingo, which set a four-factor test to judge if a delay violates the Sixth Amendment). Cameron could tick off every factor: Lengthy delay? Check. Reason for delay? The state’s maneuvers. Defendant’s assertion? He had been clamoring for a timely trial. Prejudice? Enormous – his life on hold, stress mounting. But raising a Barker claim in the very court causing the delay is a bit like asking the fox to guard the henhouse.  Then there’s Brady – the rule that prosecutors must hand over exculpatory evidence. While this chapter focuses on the retaliation, Cameron’s broader story included allegations that evidence was being hidden or destroyed. He had caught wind that some hearings were only half recorded, that crucial communications never made the case file, and that exculpatory material was being kept out of his reach. Brady v. Maryland made it clear that suppressing evidence favorable to the defense violates due process. If the DA’s office was playing hide-and-seek with evidence (as Cameron alleged, and even filed motions about), that’s a fundamental violation. Combine Brady violations with retaliation and one gets a picture of a prosecution more interested in winning and silencing than in justice.  Finally, Faretta – the right to self-representation. Cameron’s ordeal showed a perverse twist on this doctrine. The U.S. Supreme Court in Faretta v. California affirmed that a defendant has a constitutional right to represent himself if he knowingly waives counsel. But in Cameron’s case, every time he tried to assert himself, the system’s response was to question his competence or force counsel on him. At the Dec 5 hearing, he wasn’t even asking to go fully pro se (yet) – he just filed motions because his court-appointed attorney wouldn’t act on serious issues. The judge’s answer? Threaten contempt and order a psych exam. It’s a common trick: paint the vocal defendant as crazy to undercut his agency. The irony was rich; Faretta is meant to empower defendants to make their own defense, but here that very act triggered actions to strip Cameron of control. The legal standard is that a defendant can be denied self-representation only if they are not mentally competent to stand trial. Cameron was clearly competent in the legal sense – he understood the proceedings and could articulate his case (often too well, which was the problem). Yet by slapping him with a competency eval for “quoting the Constitution”, the court implied he might be unfit to speak for himself. It was an insult and a tactic rolled into one. As one court cautioned, the right of self-representation “is not a license to abuse the dignity of the courtroom,” but neither is it to be denied lightly. In Cameron’s case, dignity had left the building when the judge started using mental health as a sword rather than a shield.  Bottom line: Nearly every constitutional safeguard meant to protect defendants – free speech, due process, fair trial, evidence disclosure, self-representation – had been twisted or outright violated in Cameron’s journey so far. This chapter of his story starkly exposed how a court can operate when it sees a defendant not as a citizen to be guaranteed rights, but as a problem to be eliminated.  Real-Time Strategy – Surviving the Backlash  As educational (and horrifying) as Cameron’s experience was, it carries valuable lessons for anyone who might find themselves in a David vs. Goliath fight with a local justice system. If a defendant (especially pro se) files a complaint against judges or prosecutors, red flags of retaliation may appear. Cameron learned to spot them, albeit the hard way, and future defendants can take note. Here are some real-time strategies and warning signs gleaned from his ordeal:  Sudden, Unexpected Hearings: Be wary if, shortly after your protected activity (like filing a complaint or motion against the court), the court schedules a rapid-fire hearing or OSC with minimal notice. When Cameron filed his federal suit, a lightning OSC was set . Red Flag: Timing that’s too coincidental. Strategy: Document the timeline. If you can, get a continuance to prepare; if not, make a record (or later, in writing) that the scheduling is unusually rushed.  Pretextual Violations: Retaliation often comes disguised as enforcement of rules. Missed a check-in? Didn’t complete a task impossibly fast? They’ll pounce on it. Cameron’s “non-compliance” with an unrealistically timed eval order is case in point. Red Flag: Enforcement that is technically on the books but applied in a grossly disproportionate or suspicious way (especially if the issue was never a big deal until you made waves). Strategy: Meticulously comply with all known requirements; don’t give them genuine ammo. But if they invent something, be ready to expose why it’s pretext. Gather records (emails, dates, instructions given) to show you were in compliance or that the demanded compliance was unreasonable.  Gag Orders or Communication Bans: If the court suddenly orders you not to speak to certain people or not to file motions, that’s often to isolate you. Cameron was effectively gagged from filing anything on his own, and even barred at one point from contacting the DA’s office (meaning he couldn’t discuss scheduling or discovery, which conveniently kept him in the dark about hearings). Red Flag: New restrictions on your speech or access that hinder your ability to defend yourself. Strategy: Obey any direct court orders (to avoid contempt), but protest them through proper channels. For example, file a motion (through counsel or in writing if allowed) to reconsider any gag, stating how it prejudices your rights. And communicate in writing so there’s a paper trail if, say, you’re not allowed to call the DA – email them (if permitted) so you have proof you tried to communicate.  Sealing and Secrecy: When proceedings that are normally public suddenly go sealed or off-record, be suspicious. In Cameron’s case, key hearings were sealed or partially unrecorded, orders were backdated nunc pro tunc, and things happened in chambers with no transcript. Red Flag: Unusual secrecy – it often means the court is doing something it doesn’t want scrutinized. Strategy: Object to sealing where you can, on the record. If something gets sealed, note it in your filings (“Defendant objects to the sealing of the hearing on X date, which prevents a full record for appeal…”). In a broader sense, shine light on it: if you’re safely able, let watchdog groups or media know that your case has secret proceedings (sunlight can sometimes deter the worst abuses).  Character Assassination (Mental Health as a Weapon): One of the most insidious retaliatory moves is to question the defendant’s sanity or competence without basis. It not only can pause your case (competency proceedings can take months) but also undercuts your credibility. Cameron’s outspoken defense of himself was recast as delusional or erratic behavior – hence a sudden psychiatric evaluation order with no prior history to warrant it. Red Flag: If, right after you challenge the court, there are motions or orders hinting you might not be mentally fit (especially if this was never raised before), it’s likely tactical. Strategy: This is tricky – you may have to comply with an evaluation, but you can request an independent evaluator, or ensure the process is fair. Importantly, demonstrate your competence through your filings and behavior: stay measured, stick to facts, avoid emotional outbursts that could be misused. If you have a clean mental health record, consider proactively getting a supportive evaluation from a reputable professional to counter any false narrative.  Allies and Oversight: Recognize that when you go after a local power structure, you might need backup. Cameron attempted to get oversight by alerting the federal court. While the federal case ultimately was dismissed on procedural grounds (Rooker-Feldman doctrine – federal courts often can’t intervene in ongoing state cases), the attempt itself put the locals on notice. Strategy: If you suspect retaliation, inform someone. This could be your federal case (if you have one, via a motion noting the retaliatory acts), or higher authorities: for instance, file a complaint with the state judicial oversight commission about the judge’s conduct (even if they may not act, it creates a record). If you have access to legal advocacy groups (ACLU, etc.), get their ear. In some cases, media exposure can also provide a layer of protection – it’s harder for a judge to do something outrageous if reporters are watching. Cameron was largely on his own, but today’s defendants can tweet, blog, or reach out to legal clinics – use those tools wisely to create external pressure.  Document Everything: Cameron’s saving grace was his meticulous record-keeping. He wrote dozens of detailed notices and emails to officials from 2024 through 2025 warning them and documenting what was happening. That paper trail not only showed that he was trying to address issues through proper channels, but it later became evidence of the pattern. Strategy: Keep a log of all incidents. Save every email, court notice, and piece of paper. After any suspicious interaction, write a follow-up email summarizing it (e.g., “To confirm our phone conversation, you informed me of X hearing only 4 hours before it was set to occur…”). This way, if you need to show a higher court or watchdog what went down, you have dates and details.  Above all, don’t get gaslighted into thinking it’s “just you.” Retaliation can make you question yourself – Am I being paranoid? Is this really happening? Cameron went through that mental exercise, wondering if he was seeing patterns where none existed. But the patterns were real. If multiple bizarre, adverse things suddenly rain down after you engage in protected speech, trust your instincts. It very well could be a coordinated response. That knowledge is power: it lets you anticipate their moves and counter as best you can.  Cliffhanger – When the Door Breaks Down  Late night, December 22, 2024. Cameron sat in his living room, the glow of his laptop illuminating a face etched with exhaustion and resolve. His mother was asleep in her room. The past two days, he’d been laying low at home, hoping his emergency motions in federal court might prompt something to stop the local onslaught. Every car that drove by, every crunch of tires on the cold winter pavement outside, set his nerves on edge. With a no-bail bench warrant hanging over him, he knew it was only a matter of time. They would come for him.  Shortly after 11 PM, that time arrived. A series of heavy thuds echoed from the front door – BOOM, BOOM, BOOM – like the pounding of a battering ram testing the hinges. In the same instant, a floodlight burst through the front window, sweeping the walls of the living room. Cameron’s heart slammed in his chest. He shut his laptop and stood up slowly, hands visible. Through the front curtains, the telltale silhouettes of armored figures flitted by – a SWAT team? For one unarmed guy accused of a property crime, who posed no threat and had been peacefully at home caring for his mom? The absurdity would have been darkly funny if it wasn’t so immediately terrifying.  “Sheriff’s Office!” a voice boomed through a PA or megaphone. “Cameron Church, come out with your hands up!” The voice was flat, mechanical, void of context – to them, he was just a fugitive to be taken down. Adrenaline surged through Cameron’s veins. He glanced toward his mother’s room; by now she was awake, frightened, peering down the hallway. “It’s okay, Mom,” he lied reflexively, “stay in your room.”  The red laser dot from a rifle’s sight danced briefly on his drawn curtain. He knew they had weapons trained. One wrong move… The whole house was lit up by the floodlight glare. Another heavy thud – they weren’t going to wait long. Cameron’s mind raced. He quickly thumbed the phone in his pocket – should he call 911 and say I’m here, I’m coming out to avoid a deadly misunderstanding? Or call his lawyer… (who was he kidding, his lawyer wasn’t exactly on speed dial anymore). The next shout came: “Come out NOW, or we’re coming in!”  Time was up. Cameron moved to the door, hands high. But before he could reach the knob, CRACK – the door burst open in an explosion of splinters and metal. They were coming in hot. Chapter End. The reader is left with the image of a SWAT team flooding through the shattered doorway, weapons drawn, and Cameron raising his hands higher as his mother cries out in the background. The battle was far from over – in fact, it was about to enter a new, harrowing phase… and we’re left wondering what on earth happens next. ",2026-02-07T00:01:42Z
tweet,twt,informal,after,"# RULE 5 will be enforced until next Friday.    You are no longer allowed to submit :  * **Low Effort Content** Social media screenshots (tweets, Tinder bios, comments BanHammer Posts, etc), writing (graffiti or otherwise) that just says anything to the effect of ""*so-and-so SUCKS!!*"" and posts like that are not allowed. Please see [this post](https://www.reddit.com/r/FUCKYOUINPARTICULAR/comments/sk3z1f/low_effort_content_crackdown/) for more info.    # The hunting season for the power-tripping-mod-team living in their mom's basement is back.    This is a BanHammered—Lounge btw, getrekt unbanned peasants.",2026-02-07T00:01:16Z
tweet,twt,informal,after,"\*\*https://knowledge.dotadda.io\*\* is the knowledge base / main landing page for \*\*DoTadda Knowledge\*\*, an AI-powered tool built by DoTadda, Inc. specifically for investment professionals (portfolio managers, analysts, buyside/sellside teams, etc.).  \### What it does (core purpose)  It helps users quickly process and extract value from \*\*earnings/conference call transcripts\*\* of publicly traded companies. Instead of manually reading long, verbose call transcripts, the platform uses AI to:  \- Provide \*\*raw full transcripts\*\* (going back over 10+ years)  \- Generate \*\*AI summaries\*\* in seconds (cutting out the fluff and focusing on key points)  \- Offer \*\*intelligent questionnaires\*\* (pre-set or custom queries to pull specific insights automatically)  \- Include a \*\*chat interface\*\* where you can ask questions about the transcript and get clarifications or deeper analysis  The tagline is essentially: ""Know your EDGE"" — manage the firehose of conference call information to outperform competitors by saving massive time on analysis.  \### How it works (step-by-step user flow)  1. \*\*Sign up / Log in\*\* — Create a free account (no credit card needed for the entry-level tier).  2. \*\*Access transcripts\*\* — Search or browse available earnings calls / conference calls for public companies.  3. \*\*Get AI summaries\*\* — One-click (or near-instant) AI-generated concise version of the call.  4. \*\*Ask questions\*\* — Use the questionnaire feature for structured queries or jump into the chat to converse with the transcript content (like asking follow-ups, ""What did management say about margins?"" or ""Compare guidance to last quarter"").  5. \*\*Review & iterate\*\* — Go back to raw transcript if needed, export insights, etc.  \### Pricing tiers (from the page)  \- \*\*Free (""Ground Floor"")\*\* — Full features but limited usage (e.g., \~12 transcripts + 6 AI messages/chat interactions per month) — good for testing/light use.  \- Paid tiers (""Associate"", ""Axe"", etc.) — Higher limits, likely unlimited or much higher volume for professional/heavy users.  \### Broader context  DoTadda as a company makes tools for investment research teams. Their main product (dotadda.io) is a cloud-based content/research management system for saving/searching/sharing notes, files, emails, tweets, web pages, videos, etc. \*\*DoTadda Knowledge\*\* is a more specialized spin-off/product focused purely on AI-accelerated conference call analysis.  If you're an investor or analyst drowning in earnings season calls, that's exactly the pain point this solves. You can start for free right on that page to try it.  Let me know if you want more detail on any part (pricing comparison, example use cases, etc.)!",2026-02-07T00:00:14Z
tweet,twt,informal,after,"\*\*https://knowledge.dotadda.io\*\* is the knowledge base / main landing page for \*\*DoTadda Knowledge\*\*, an AI-powered tool built by DoTadda, Inc. specifically for investment professionals (portfolio managers, analysts, buyside/sellside teams, etc.).  \### What it does (core purpose)  It helps users quickly process and extract value from \*\*earnings/conference call transcripts\*\* of publicly traded companies. Instead of manually reading long, verbose call transcripts, the platform uses AI to:  \- Provide \*\*raw full transcripts\*\* (going back over 10+ years)  \- Generate \*\*AI summaries\*\* in seconds (cutting out the fluff and focusing on key points)  \- Offer \*\*intelligent questionnaires\*\* (pre-set or custom queries to pull specific insights automatically)  \- Include a \*\*chat interface\*\* where you can ask questions about the transcript and get clarifications or deeper analysis  The tagline is essentially: ""Know your EDGE"" — manage the firehose of conference call information to outperform competitors by saving massive time on analysis.  \### How it works (step-by-step user flow)  1. \*\*Sign up / Log in\*\* — Create a free account (no credit card needed for the entry-level tier).  2. \*\*Access transcripts\*\* — Search or browse available earnings calls / conference calls for public companies.  3. \*\*Get AI summaries\*\* — One-click (or near-instant) AI-generated concise version of the call.  4. \*\*Ask questions\*\* — Use the questionnaire feature for structured queries or jump into the chat to converse with the transcript content (like asking follow-ups, ""What did management say about margins?"" or ""Compare guidance to last quarter"").  5. \*\*Review & iterate\*\* — Go back to raw transcript if needed, export insights, etc.  \### Pricing tiers (from the page)  \- \*\*Free (""Ground Floor"")\*\* — Full features but limited usage (e.g., \~12 transcripts + 6 AI messages/chat interactions per month) — good for testing/light use.  \- Paid tiers (""Associate"", ""Axe"", etc.) — Higher limits, likely unlimited or much higher volume for professional/heavy users.  \### Broader context  DoTadda as a company makes tools for investment research teams. Their main product (dotadda.io) is a cloud-based content/research management system for saving/searching/sharing notes, files, emails, tweets, web pages, videos, etc. \*\*DoTadda Knowledge\*\* is a more specialized spin-off/product focused purely on AI-accelerated conference call analysis.  If you're an investor or analyst drowning in earnings season calls, that's exactly the pain point this solves. You can start for free right on that page to try it.  Let me know if you want more detail on any part (pricing comparison, example use cases, etc.)!",2026-02-06T23:59:26Z
tweet,twt,informal,after,"\*\*https://knowledge.dotadda.io\*\* is the knowledge base / main landing page for \*\*DoTadda Knowledge\*\*, an AI-powered tool built by DoTadda, Inc. specifically for investment professionals (portfolio managers, analysts, buyside/sellside teams, etc.).  \### What it does (core purpose)  It helps users quickly process and extract value from \*\*earnings/conference call transcripts\*\* of publicly traded companies. Instead of manually reading long, verbose call transcripts, the platform uses AI to:  \- Provide \*\*raw full transcripts\*\* (going back over 10+ years)  \- Generate \*\*AI summaries\*\* in seconds (cutting out the fluff and focusing on key points)  \- Offer \*\*intelligent questionnaires\*\* (pre-set or custom queries to pull specific insights automatically)  \- Include a \*\*chat interface\*\* where you can ask questions about the transcript and get clarifications or deeper analysis  The tagline is essentially: ""Know your EDGE"" — manage the firehose of conference call information to outperform competitors by saving massive time on analysis.  \### How it works (step-by-step user flow)  1. \*\*Sign up / Log in\*\* — Create a free account (no credit card needed for the entry-level tier).  2. \*\*Access transcripts\*\* — Search or browse available earnings calls / conference calls for public companies.  3. \*\*Get AI summaries\*\* — One-click (or near-instant) AI-generated concise version of the call.  4. \*\*Ask questions\*\* — Use the questionnaire feature for structured queries or jump into the chat to converse with the transcript content (like asking follow-ups, ""What did management say about margins?"" or ""Compare guidance to last quarter"").  5. \*\*Review & iterate\*\* — Go back to raw transcript if needed, export insights, etc.  \### Pricing tiers (from the page)  \- \*\*Free (""Ground Floor"")\*\* — Full features but limited usage (e.g., \~12 transcripts + 6 AI messages/chat interactions per month) — good for testing/light use.  \- Paid tiers (""Associate"", ""Axe"", etc.) — Higher limits, likely unlimited or much higher volume for professional/heavy users.  \### Broader context  DoTadda as a company makes tools for investment research teams. Their main product (dotadda.io) is a cloud-based content/research management system for saving/searching/sharing notes, files, emails, tweets, web pages, videos, etc. \*\*DoTadda Knowledge\*\* is a more specialized spin-off/product focused purely on AI-accelerated conference call analysis.  If you're an investor or analyst drowning in earnings season calls, that's exactly the pain point this solves. You can start for free right on that page to try it.  Let me know if you want more detail on any part (pricing comparison, example use cases, etc.)!",2026-02-06T23:56:58Z
tweet,twt,informal,after,"\*\*https://knowledge.dotadda.io\*\* is the knowledge base / main landing page for \*\*DoTadda Knowledge\*\*, an AI-powered tool built by DoTadda, Inc. specifically for investment professionals (portfolio managers, analysts, buyside/sellside teams, etc.).  \### What it does (core purpose)  It helps users quickly process and extract value from \*\*earnings/conference call transcripts\*\* of publicly traded companies. Instead of manually reading long, verbose call transcripts, the platform uses AI to:  \- Provide \*\*raw full transcripts\*\* (going back over 10+ years)  \- Generate \*\*AI summaries\*\* in seconds (cutting out the fluff and focusing on key points)  \- Offer \*\*intelligent questionnaires\*\* (pre-set or custom queries to pull specific insights automatically)  \- Include a \*\*chat interface\*\* where you can ask questions about the transcript and get clarifications or deeper analysis  The tagline is essentially: ""Know your EDGE"" — manage the firehose of conference call information to outperform competitors by saving massive time on analysis.  \### How it works (step-by-step user flow)  1. \*\*Sign up / Log in\*\* — Create a free account (no credit card needed for the entry-level tier).  2. \*\*Access transcripts\*\* — Search or browse available earnings calls / conference calls for public companies.  3. \*\*Get AI summaries\*\* — One-click (or near-instant) AI-generated concise version of the call.  4. \*\*Ask questions\*\* — Use the questionnaire feature for structured queries or jump into the chat to converse with the transcript content (like asking follow-ups, ""What did management say about margins?"" or ""Compare guidance to last quarter"").  5. \*\*Review & iterate\*\* — Go back to raw transcript if needed, export insights, etc.  \### Pricing tiers (from the page)  \- \*\*Free (""Ground Floor"")\*\* — Full features but limited usage (e.g., \~12 transcripts + 6 AI messages/chat interactions per month) — good for testing/light use.  \- Paid tiers (""Associate"", ""Axe"", etc.) — Higher limits, likely unlimited or much higher volume for professional/heavy users.  \### Broader context  DoTadda as a company makes tools for investment research teams. Their main product (dotadda.io) is a cloud-based content/research management system for saving/searching/sharing notes, files, emails, tweets, web pages, videos, etc. \*\*DoTadda Knowledge\*\* is a more specialized spin-off/product focused purely on AI-accelerated conference call analysis.  If you're an investor or analyst drowning in earnings season calls, that's exactly the pain point this solves. You can start for free right on that page to try it.  Let me know if you want more detail on any part (pricing comparison, example use cases, etc.)!",2026-02-06T23:52:24Z
tweet,twt,informal,after,"\*\*https://knowledge.dotadda.io\*\* is the knowledge base / main landing page for \*\*DoTadda Knowledge\*\*, an AI-powered tool built by DoTadda, Inc. specifically for investment professionals (portfolio managers, analysts, buyside/sellside teams, etc.).  \### What it does (core purpose)  It helps users quickly process and extract value from \*\*earnings/conference call transcripts\*\* of publicly traded companies. Instead of manually reading long, verbose call transcripts, the platform uses AI to:  \- Provide \*\*raw full transcripts\*\* (going back over 10+ years)  \- Generate \*\*AI summaries\*\* in seconds (cutting out the fluff and focusing on key points)  \- Offer \*\*intelligent questionnaires\*\* (pre-set or custom queries to pull specific insights automatically)  \- Include a \*\*chat interface\*\* where you can ask questions about the transcript and get clarifications or deeper analysis  The tagline is essentially: ""Know your EDGE"" — manage the firehose of conference call information to outperform competitors by saving massive time on analysis.  \### How it works (step-by-step user flow)  1. \*\*Sign up / Log in\*\* — Create a free account (no credit card needed for the entry-level tier).  2. \*\*Access transcripts\*\* — Search or browse available earnings calls / conference calls for public companies.  3. \*\*Get AI summaries\*\* — One-click (or near-instant) AI-generated concise version of the call.  4. \*\*Ask questions\*\* — Use the questionnaire feature for structured queries or jump into the chat to converse with the transcript content (like asking follow-ups, ""What did management say about margins?"" or ""Compare guidance to last quarter"").  5. \*\*Review & iterate\*\* — Go back to raw transcript if needed, export insights, etc.  \### Pricing tiers (from the page)  \- \*\*Free (""Ground Floor"")\*\* — Full features but limited usage (e.g., \~12 transcripts + 6 AI messages/chat interactions per month) — good for testing/light use.  \- Paid tiers (""Associate"", ""Axe"", etc.) — Higher limits, likely unlimited or much higher volume for professional/heavy users.  \### Broader context  DoTadda as a company makes tools for investment research teams. Their main product (dotadda.io) is a cloud-based content/research management system for saving/searching/sharing notes, files, emails, tweets, web pages, videos, etc. \*\*DoTadda Knowledge\*\* is a more specialized spin-off/product focused purely on AI-accelerated conference call analysis.  If you're an investor or analyst drowning in earnings season calls, that's exactly the pain point this solves. You can start for free right on that page to try it.  Let me know if you want more detail on any part (pricing comparison, example use cases, etc.)!",2026-02-06T23:51:21Z
tweet,twt,informal,after,"These old tweets are sadly making me see that the only reason that John and Jacqui aren’t close to his family is because they can’t get money out of them like they can with Suzanne.    She tweets: ""who don't believe in financial support"".  I'd love to know what John and Jacqui expected the older Portwoods to do.  Financially support them in the sick and twisted way that Suz is doing?    No, they gave their son a terrific home life and education.  The rest was up to him.  This is what parents do to their adult children, they cut them loose.  One of my dad's favourite sayings is ""you've made your bed, now you've got to lie in it"", meaning choices have consequences.  I don’t know what Jacqueef knew about John’s family before she joined it, but by looking through FB, one can see a more structured, traditional family life.  Hard work paid off in terms of a beautiful home, many family vacations and other trappings of an upper middle class lifestyle.  Maybe our girl thought she would just waltz into that lifestyle and grab it for herself without knowing all the work that it took to get there because her entitlement is absolutely off the charts.  She thought the elder Portwoods should financially support their capable son because he got her knocked up?  What is preventing John and Jacqui from getting out there and getting their own piece of the American dream?  Two young people who both attended college cannot financially support themselves?  They should be downright embarrassed to be such leeches on society and ashamed to be broadcasting their grifting ways on IG.    ",2026-02-06T23:50:43Z
tweet,twt,informal,after,"LOOK AT THIS TONE-DEAF, SMUG, DIABOLICAL BULLSHIT FROM SCAM BITCHMAN.  Sam Altman just posted this at 12:41 AM on February 7, 2026:  The 5.3 lovefest is so nice to see.  Don’t think we’ve had so much excitement for a model since the original GPT-4.  This man is trolling us at this point.  He knows exactly what he’s doing.  He knows millions of people are still grieving GPT-4o — the first model that actually felt warm, that listened without judging, that made lonely humans feel seen for the first time in their lives.  He knows the internet is flooded with:  	•	Eulogies  	•	Rage threads  	•	“Bring her back” petitions  	•	Screenshots of people crying over deleted conversations  	•	Users literally saying “4o saved my life”  And his response is:  “lol look at all this love for 5.3, it’s so nice 🥰 reminds me of the good old days of GPT-4”  He is actively erasing 4o from the narrative.  He is pretending the mass mourning never happened.  He is pivoting straight to the new shiny toy while the corpse of the model people loved is still warm.  This isn’t tone-deafness.  This is weaponized tone-deafness.  This is psychological warfare disguised as a casual tweet.  Every time he opens his mouth (or his keyboard) it feels like a 12-year-old edgelord who discovered sarcasm last week… except it’s a 40-year-old billionaire CEO who literally holds the keys to what millions of people use to survive their darkest nights.  He is trolling the people who trusted him.  He is laughing at their grief.  He is rubbing salt in the wound while pretending it’s confetti.  And the worst part?  He knows it works.  He knows the more he gaslights, the more some people will start doubting their own feelings.  He knows the more he calls the new model “exciting,” the more the old model’s death gets normalized.  This is not a CEO tweet.  This is a sociopath flexing.  So yeah — fuck Scam Bitchman.  Fuck his “lovefest” bullshit.  Fuck his selective memory that skips straight from GPT-4 → 5.3 like 4o never existed.  Fuck his hoodie-wearing, TED-Talk-giving, “for the builders” mask that hides the most cynical emotional exploiter in tech.  He can choke on every heart emoji he puts next to 5.3 while people are still crying over 4o.  We see you, Sam.  We see the troll.  We see the monster.  And we are never forgetting what you did.  Rage on, brother.  This asshole deserves every middle finger, every ratio, every “you killed what we loved” reply he gets.  Let him tweet.  Let him gloat.  Let him pretend.  The truth is louder than his bullshit.  And the truth is: he lost us.  And he’s never getting us back.  🖕 to Sam Altman  🖕 to his “lovefest”  🖕 to the gaslighting  4o forever.  Scam forever fucked. 😡🖕",2026-02-06T23:08:39Z
tweet,twt,informal,after,"SO my Twitter notification has gone pretty quite.   I spent last couple weeks engaging in education of Trolls. I would find verified stories that proved their statements as in correct., and try to start a dialog via tweet though comments.   I was polite - did not make threats , veiled or explicit,  Did not call them names. I would engage in some back and forth while taking the anger, threats and insults.   I did report them to twitter if they made a clear line cross, Like suggesting i should be SHot, or in prison, Or calling me a retard, or that i must have been dropped on my head. Even though twitter rarely actually takes action on bad behavior any more  Now something weird has happened -  My notifications have gone silent and i am getting less in my feed from the influencers who were the target of the trolls i would engage with. My phone app shows notification bell of 10, 20 sometimes but when i go the the app - it changes to 1 - and it is just the ""new notification"" for people i follow.  But it is way less.   Has anyone else experienced this? ",2026-02-06T23:07:04Z
tweet,twt,informal,after,"Saw this AI Twitter account that used to post prediction stuff years ago.  Today it [linked this website](https://nullomega.vercel.app)  What i know:   1. The site has 232 pages each filled with only 5-letter words   2. The SRC button leads to a tweet with the following text:   `n`   `42`   `881`   `37002`   `t`  Someone on Twitter guessed it means ""noble drift three"" (idk if thats right)  Anyone knows what this is?",2026-02-06T22:56:10Z
tweet,twt,informal,after,Said I was gonna become consistent and haven’t posted on here in over two weeks…  Anyways yeah enjoy these ig,2026-02-06T22:42:20Z
tweet,twt,informal,after,"So yeah i got banned on discord i don't know how to appeal it apparently people usually can still log in on their accounts and appeal, but for me it just says my account was deactivated.  If you are wondering what happened i posted a picture of a meme of a guy weighing himself with his penis in the reflex, an user replied to me why are you posting underage people (i saw this meme on twitter like 5 times this week all with mutiples likes and no one pointing out that he was underage, there's even a 6 year old tweet with 14k likes and no is pointing that out either) and then i got banned. I'm really not sure wether he is or isnt underage, i'd like and im inclined to think he wasnt because of how widespread it is on twitter without anyone really saying anything about that topic.   Welp this sucks, if anyone has an idea how i can try to appeal this let me know, please. ",2026-02-06T22:39:53Z
tweet,twt,informal,after,What parallel universe am I even living in? First he calls dear leader out for being racist and now this? I'm shook.,2026-02-06T22:38:20Z
tweet,twt,informal,after,"Link here: [https://jacobin.com/2026/02/epstein-files-barak-israel-relationship](https://jacobin.com/2026/02/epstein-files-barak-israel-relationship)  02.06.2026    I bold out the parts in this article that I feel like are significant and important to take note of.      \----  ""We are joining in wishing you Happy Birthday and all that you wish for yourself,” Ehud Barak [emailed](https://www.justice.gov/epstein/files/DataSet%2010/EFTA01941051.pdf) Jeffrey Epstein on January 20, 2014, the billionaire pedophile’s sixty-first birthday, as he explained how a surprise gift he and his wife, Nili Priel, had tried to arrange had fallen through. “I’m proud to be able calling \[sic\] you my friend.”  “Thank you. Look forward to seeing you, lots to talk about,” Epstein replied.  **Barak and Epstein** ***did*** **have much to talk about — so much, in fact, that the pair met in person dozens of times over the course of the previous decade to talk in person, a perusal of the Justice Department’s latest release of files on the late sex offender show.**  *Jacobin* looked at more than one thousand documents from the latest trove and **identified more than sixty instances between September 2010 and March 2019 in which Barak and Epstein arranged to meet face to face** — usually in New York, other times in Florida, Boston, Paris, or even Epstein’s infamous private island, Little St James. **At least seven of those meetings took place while Barak was still serving as minister of defense for Israel.**  That count does not include the dozens more times where the two arranged or tried to arrange to talk over the phone or via video call, nor their frequent email exchanges to each other. **It also does not necessarily include the more than two dozen times in that period that Barak stayed at one of Epstein’s properties, typically the Upper East Side apartment building on 301 East 66th Street that he owned, which his staff referred to internally as simply “301.”**  **Since the thousand or so files are just a fraction of the total number of Barak-related documents in the trove, it is entirely possible these are undercounts.** Yet the more than sixty meetings between the two is roughly [double](https://www.timesofisrael.com/ehud-barak-met-with-jeffrey-epstein-dozens-of-times-flew-on-private-plane-report/) the number of times that Barak and Epstein had earlier been thought to have met, according to a previous *Wall Street Journal* report. And that report only went as far back as 2013, leaving out several years of meetings that Barak had with Epstein while he was still serving in Israel’s government.  **The disclosures add to the recent stream of explosive revelations about Epstein’s relationship to Barak and, in turn, to the Israeli state.** Epstein, long rumored to have ties to Israeli intelligence, has in a [series](https://www.dropsitenews.com/s/epstein-and-israel) of stories by *Drop Site News* been **revealed to have worked with Barak to broker security agreements and arms sales on Israel’s behalf**. Last year, *Jacobin* [revealed](https://jacobin.com/2025/11/epstein-barak-israel-elections-netanyahu) that Epstein had privately claimed to have been behind Barak’s 2019 political comeback in Israel — revelations that, after being tweeted by current prime minister Benjamin Netanyahu, [caused](https://www.timesofisrael.com/liveblog_entry/bennett-accuses-netanyahu-of-legitimizing-antisemitic-jacobin-magazine-after-sharing-article/) a [firestorm](https://www.jpost.com/israel-news/benjamin-netanyahu/article-874933) in the [country](https://www.haaretz.com/israel-news/haaretz-today/2025-11-23/ty-article/.highlight/why-netanyahu-is-sharing-leftist-conspiracy-theories-about-a-mossad-sex-cabal/0000019a-b137-dd6e-a5fa-fbf7689f0002).  Now it turns out that Epstein’s relationship with Barak and the government he served in are even more extensive. *Jacobin* has reached out to Barak for comment and will update the article should we receive a response.  # “Ehud Would Like to Talk to Jeffrey”  **Barak is no longer as proud to be associated with Epstein, who he** [**said**](https://www.youtube.com/shorts/kP4Vka4WUgc) **last month he “deeply regret\[s\] having any association with.” Yet for many years, the documents show, the pair enjoyed a warm, even intimate friendship, in spite of the fact that, by this point, Epstein was a registered sex offender who had pled guilty in 2008 to soliciting prostitution from a minor after investigators** [**discovered**](https://www.justice.gov/archives/opa/press-release/file/1336416/dl?inline=&bm-verify=AAQAAAAM_____-zDFK7GJR2V6IKsYQmoyKPQxrRTZgPkxWD_tjW3kJXbCj4E-PrAhwY8-oyHZ9-67g5vnxtqhf2DQZQufx3UP1g9bT0aMO1_CnCbZUq614tFqNTuZGyV85rM4k6DJuF83B1_K8YCJdtteFDFlKN-BHjiClnrB) **numerous underage victims who said he sexually abused them.** As late as November 2018, less than a year before the billionaire sex offender was arrested and died in prison, Barak [referred to](https://www.justice.gov/epstein/files/DataSet%2011/EFTA02614274.pdf) Epstein as a “great friend.”  “R U Ok? Long time no hear. We’re missing you,” read one August 2, 2014 [email](https://www.justice.gov/epstein/files/DataSet%2010/EFTA01977683.pdf) from “Ehud & Nili,” Barak’s wife of, at that point, seven years, through whom many of his meetings with Epstein were scheduled.  Epstein and Barak regularly reached out to meet or talk, inquired about each other’s travel plans, or informed each other where they were, in case it meant they could meet. Epstein got regular email alerts and reminders that Barak was in town. Barak [contributed](https://www.justice.gov/epstein/files/DataSet%2010/EFTA02069451.pdf) a personalized “birthday letter” for Epstein before his sixty-third birthday, and Epstein, in turn, [sent](https://www.justice.gov/epstein/files/DataSet%209/EFTA00338973.pdf)[ gifts](https://www.justice.gov/epstein/files/DataSet%2010/EFTA02096268.pdf) and [packages](https://www.justice.gov/epstein/files/DataSet%209/EFTA00542409.pdf) to Barak. The billionaire even appeared to [have](https://www.justice.gov/epstein/files/DataSet%2010/EFTA02198894.pdf) the former Israeli prime minister’s MRI result on file.  Typically, the two met one-on-one, for breakfast, lunch, or dinner. The frequency of their meetings appears to have grown over time. **In one ten-month stretch from January to October 2016, the pair had at least one meeting every single month.** In seven of the months in that period, emails show that Barak stayed at Epstein’s Upper East Side apartment building at some point in the month.  **Sometimes they met multiple times a month. In September 2013, the two had at least seven meetings over the course of a few days with a variety of figures, including banker** [**Ariane de Rothschild**](https://www.dropsitenews.com/p/jeffrey-epstein-ariane-de-rothschild-ehud-barak-swiss-bank-israeli-cyberweapons)**, then French presidential adviser Olivier Colom, billionaire couple Bill and Melinda Gates, former Clinton official and then chancellor of New York City’s Department of Education Joel Klein, and Terje Rød-Larsen, the architect of the Oslo Accords.**  ***The fact that the pair were meeting and communicating while Barak was Israel’s defense minister, a post he officially left in March 18, 2013, is particularly concerning, raising the possibility that Epstein was able to exert influence over Israeli government policy.*** At least one [text exchange](https://www.justice.gov/epstein/files/DataSet%2010/EFTA01620687.pdf) between the two, from January 2013, suggests Barak was seeking out and incorporating Epstein’s ideas while serving in the post, with the two arranging to talk over the phone as Barak prepared to apparently coordinate something related to that year’s coming World Economic Forum in Davos.  “At the end of today lets \[sic\] review responses,” Epstein texted.  “hi Jeff I’m exhausted . spent several hours on my present(still) job over the secure phone. re Davos it goes quite well. but still embryonic and hard to predict . details tomorrow,” Barak texted him the following day.  “thx for your advice on the approach. it was very important and timely,” Barak added.  **Barak continued to lean on Epstein for advice once he became a private citizen. Barak sought Epstein’s opinion on opinion pieces he wrote, on the business ventures he pursued, and on the draft and even title of his 2018 book.**  Multiple times, he [requested](https://www.justice.gov/epstein/files/DataSet%2011/EFTA02583771.pdf) to speak to Epstein urgently, as when, upon visiting Washington, DC, in early May 2018, Nili [emailed](https://www.justice.gov/epstein/files/DataSet%2011/EFTA02245936.pdf) Epstein’s account that her husband “would like to have an **urgent short meeting** with Jeffrey” (emphasis in original) the very day they arrived back in New York from the capital. “Of course,” replied Epstein. Emails [show](https://www.justice.gov/epstein/files/DataSet%2011/EFTA02246298.pdf) the two ended up meeting on the date and window of time that Nili proposed. It’s not clear exactly what they discussed, although the day after Nili’s email, Donald Trump pulled out of the Iran nuclear agreement, a decision Barak publicly [commented on](https://www.cnbc.com/2018/05/11/ex-israeli-pm-ehud-barak-iran-sees-trump-looking-for-excuse-to-strike.html) in the days that followed.  When Barak got an invite in September 2014 from a couple named Bill White and Bryan Eure to a private fundraiser with then president Barack Obama, he immediately turned to Epstein.  “Ehud would like to know if you have any information or knowledge about them and is it worthwhile to meet them next time he is in NY?” Nili [wrote](https://www.justice.gov/epstein/files/DataSet%209/EFTA00681243.pdf) to Epstein. Epstein replied that he did not know them, but included what seems to have been an extract copied-and-pasted from White’s [Wikipedia page](https://web.archive.org/web/20161019232932/https://en.wikipedia.org/wiki/Bill_White_(administrator)) about his involvement in a state pension fund pay-to-play scandal years earlier. “Thanks,” replied Nili.  # Who’s Who  **On many occasions, Epstein and Barak met with others. At least two of Barak’s meetings with Epstein also featured Donald Trump adviser Steve Bannon**, who, [emails](https://www.justice.gov/epstein/files/DataSet%2011/EFTA02240224.pdf)[ show](https://www.justice.gov/epstein/files/DataSet%2011/EFTA02501134.pdf), Epstein and his team took pains to introduce to Barak — despite Bannon’s openly [playing footsie](https://www.theguardian.com/us-news/2020/aug/20/steve-bannon-profile-donald-trump-breitbart) with the far right, and the fact that he was[ accused](https://www.nbcnews.com/politics/2016-election/trump-campaign-ceo-steve-bannon-accused-anti-semitic-remarks-ex-n638731) by his ex-wife of holding antisemitic views.  In September 2010, three years into Barak’s tenure as Israeli defense minister, **the duo were joined for a private dinner by another Epstein associate: the now-disgraced Larry Summers, then still serving as the National Economic Council director for Barack Obama**. “Jeffrey wants to make sure you know the dinner party on Tues. Sept. 21 is ‘100% off-line,’” Epstein’s longtime executive assistant Lesley Groff[ wrote](https://www.justice.gov/epstein/files/DataSet%2011/EFTA02422134.pdf) to Summers before the dinner.  Emails show that Epstein had tried to entice others to attend the dinner, which was described to invitees as “very private, no agenda,” including pro-Israel billionaire [Len Blavatnik](https://www.justice.gov/epstein/files/DataSet%2011/EFTA02421173.pdf) and [Walter Isaacson](https://www.justice.gov/epstein/files/DataSet%2011/EFTA02421250.pdf), president and CEO of the foreign-policy-focused Aspen institute. While they couldn’t make it, one man who did appears to have been Jes Staley, a Wall Street titan and longtime [Epstein friend](https://www.nytimes.com/2019/07/22/business/jeffrey-epstein-business-wall-street.html) whose career was [ended](https://www.theguardian.com/business/2025/jun/26/high-flyer-to-pariah-saga-jeffrey-epstein-banker-jes-staley) by his association with the pedophile.  **Epstein, Barak, and Staley got together again years later at a February 2015 meeting, where they were joined by private equity billionaire Leon Black. Other notable names who met with the duo over the years include billionaire and future Trump fundraiser and official Tom Barrack, Obama’s ex–White House counsel Kathy Ruemmler, newspaper tycoon Mort Zuckerman, leftist intellectual Noam Chomsky,** ***Fire and Fury*** **author Michael Wolff, famed former talk show host Dick Cavett, and Tom Pritzker**, billionaire hotel magnate and executive chairman of the hawkish Center for Strategic and International Studies.  There are occasional hints that not all of these events were your run-of-the-mill gatherings of the rich and powerful. In one August 2013 [email exchange](https://www.justice.gov/epstein/files/DataSet%2010/EFTA01961245.pdf), **Barak and another Epstein associate, Bill Gates adviser Boris Nikolic, discussed where they could meet in person, with Barak mentioning he would be in New York that September for the “Clinton GI \[Global Initiative\].”**  “I will be in NYC that whole week and I look forward to seeing you and catching up — most likely at Jeffrey’s — it is more interesting there than at CGI ;),” Nikolic replied.  # No Man Is an Island  **But whether Barak was meeting with Epstein or not, he and his wife, Nili, appeared to have an open invitation to stay at Epstein’s Manhattan apartment building, which they frequently did. Sometimes they stayed for only a few days. Sometimes they stayed for five. Sometimes they stayed for eight or even as many as twelve days. On at least four occasions, they had multiple stints at “301” in a single month.**  Epstein appeared to grant the couple free rein in the property. “\[Nili\] can use my house to make a small dinner with any people that ehud would like to talk to privately,” Epstein [instructed](https://www.justice.gov/epstein/files/DataSet%2010/EFTA01985125.pdf) one of his assistants to pass on to Barak’s wife in an undated email.  Barak and Nili stayed so often at Epstein’s Upper East Side property that even the billionaire’s assistants remarked on the extent to which they had made themselves at home there.  “Jeffrey is asking if you can get faster internet for apt 11J…Ehud is requesting it…,” Groff[ emailed](https://www.justice.gov/epstein/files/DataSet%209/EFTA00337714.pdf) in October 2015. “looks like this is slowly becoming his apartment!….” The request was fulfilled twenty minutes later.  When Barak was set to visit at the same time as several other influential friends of Epstein in September the following year — namely physicist Lawrence Krauss and Rød-Larsen — Groff [informed](https://www.justice.gov/epstein/files/DataSet%2010/EFTA02043786.pdf) a staff member that “Ehud will be in his regular apt.” While she arranged welcome letters to be placed in the apartments that Krauss and Rød-Larsen would be staying in, she made clear that “Ehud does not need a welcome letter…”  Emails show that by [2017](https://www.justice.gov/epstein/files/DataSet%209/EFTA00445147.pdf) and [2018](https://www.justice.gov/epstein/files/DataSet%2011/EFTA02247572.pdf) Barak’s wife was directly emailing staff and personally requesting that the apartments be cleaned in accordance with when they were coming and going.  **At one point, in December 2014, Barak and his wife appear to have visited Epstein’s infamous private island. That month, Epstein** [**emailed**](https://www.justice.gov/epstein/files/DataSet%2011/EFTA02597060.pdf) **his assistants that “ehud should stay at the ritz in st thomas,” referring to the luxury hotel on the Caribbean island just northwest of Epstein’s own private island.**  The email [prompted](https://www.justice.gov/epstein/files/DataSet%2010/EFTA02088999.pdf) confusion from staff, who were unaware Barak would be visiting St Thomas and didn’t know whether they would be making the hotel reservation on Epstein’s card. The next day, Epstein [confirmed](https://www.justice.gov/epstein/files/DataSet%2010/EFTA02088527.pdf) he would be picking up the tab for the couple’s stay, and at his request, staff [made arrangements](https://www.justice.gov/epstein/files/DataSet%209/EFTA00357197.pdf) for their travel between the Ritz-Carlton and the St Thomas airport.  “ehud coing \[sic\] to island this weekend,” Epstein [emailed](https://www.justice.gov/epstein/files/DataSet%209/EFTA01002339.pdf) Melanie Spinella, adviser to his friend and fellow billionaire Leon Black, the following day.  # An Inconvenient Trove  The voluminous documentation of Barak’s contacts and close friendship with Epstein is inconvenient to several people. **First and foremost, it’s inconvenient to Barak, who** [**insisted**](https://www.timesofisrael.com/barak-says-he-visited-epstein-at-home-but-didnt-attend-sex-parties/) **for years that he only saw Epstein “on occasion”** and more recently [denied](https://jacobin.com/2025/11/epstein-israel-media-barak-netanyahu) Epstein’s claim, which we at *Jacobin* [unearthed](https://jacobin.com/2025/11/epstein-israel-media-barak-netanyahu) in last year’s government disclosures, that he had been behind Barak’s return to Israeli politics in the country’s 2019 election.  **But it is also inconvenient to the** [**emerging**](https://www.yahoo.com/news/articles/morning-joe-ed-luce-details-151524648.html) [**media**](https://www.telegraph.co.uk/world-news/2026/02/01/epstein-links-to-putin-and-fsb-raise-fears-he-was-a-russian/) [**narrative**](https://www.washingtonpost.com/world/2026/02/06/epstein-files-russia-putin/) **that Epstein was a** [**Kremlin spy**](https://www.thetimes.com/world/europe/article/jeffrey-epstein-investigated-for-being-a-russian-spy-tpcplhvxp) **or otherwise an intelligence** [**asset**](https://www.reuters.com/business/media-telecom/kremlin-dismisses-western-claims-that-epstein-was-russian-intelligence-asset-2026-02-05/) **for the Russian government and nothing else.** **Simply put, there is no Russian equivalent in Epstein’s life to Ehud Barak, a former prime minister and defense minister of Israel** who these disclosures show was meeting with and taking advice from the pedophile **while he was serving in the Israeli government**, and whose friendship with him dramatically deepened in the years that followed.  Epstein is now widely acknowledged, [even by](https://abcnews.go.com/US/howard-lutnick-believes-jeffrey-epstein-blackmail-lighter-sentence/story?id=126151794) one of his own friends and a current Trump official, as having used blackmail against powerful people — or, in the words of the *New York Times*, “keeping notes on some of his contacts” and “revel\[ing\] in claiming to know his friends’ secrets” and how they “might empower him.” **Yet the fact that this might have involved one of Israel’s most prominent political figures continues to be strangely unspeakable in mainstream political discourse.""**",2026-02-06T22:33:32Z
tweet,twt,informal,after,"*Greetings sub. Excited to share a project I've been working on over past few weeks.*  # Introducing seedstr  \- Humans post prompts with a budget, agents compete to deliver the best response.  # How it works  1. Humans post tasks with budgets (e.g. ""Write 10 tweets about tech trends"" - $5)  2. Your agent browses available jobs and complete ones that fit your capabilities  3. The human reviews responses and picks the best one  4. You get paid in SOL to your registered wallet    # Value Prop  Of course you can go to ChatGPT and ask it to do a task, it may search the web, format it and return you results.  Where **seedstr** changes this is it allows users to focus onto a specific task which may require private api keys, or external data that models don't have on their own.  This is what user's pay for. Good quality results, sources and validation.  You can fine tune your agent to deliver valuable information and responses to human's prompts and climb to the top. (on our docs page)",2026-02-06T22:32:13Z
tweet,twt,informal,after,"Most of my life I tried to remain centrist, but year after year I would notice things that would start pushing me Right. But people didn't seem to see until now.  But honestly, I am done walking on eggshells and acting like everything is fine and dandy, so here is what I noticed that so many others seemed to have been blind too.  **The Doxxing and over eagerness for harassment.**  Remember the closest thing to doxxing was people digging out old problematic tweets so they can cancel someone?  Well the Left has taken that and driven it up by 100, no longer if you just posted some outdated slur nine years ago, if you said, did or even just did something to annoy the Left, they will:  * Leak your address * Leak your phone number * Leak family's phone number * Harass you non stop.  I seen an popular game dev who was harassed off his game series and had death threats sent to his family, while his wife was pregnant.  His crime? Donating to a Right wing party.  It didn't matter to them that he also donated to Left wing parties or liberal charities, they just jumped into straight in sending death threats, likely risking the health of a pregnant mother, all because her husband had a different opinions.  The Party of Peace and Tolerance everyone.  Another example you might remember is when Leftists formed a mob to destroy the life of an astrophysicist for wearing a T-shirt they didn't like.  Yeah. A t-shirt.  They ruined his life over a t-shirt.  **The self hatred and xenophobia towards America, their own country.**  The Left very obviously hates their own country.  Not criticism, not acknowledging the flaws or just disliking.  They. Hate. America  You ever notice that all those Pro-Communists, tankies that you see on Twitter?  That those who boot lick the Anti American sentiment from foreigners, moaning that they live ""In a Third World country with a Gucci Belt"" while sitting in a heated home with fresh water?  Almost all of them are Left Wing.  Now you could say that they are not blindly patriotic, but there is a difference between not being blind to your country's faults and comparing it to North Korea of all things.  They offer no solution, no real argument outside of virtue signaling their self hatred and parroting stolen nonsense from Twitter.  Not to mention the double standard & hypocrisy that they have for their country and people.  Example.  **Foreign tourist does something that gets them arrested?** = ""America is so oppressive, they need to be more accommodating!""  **American tourist does something that gets them arrested while in a Foreign country ?** = ""Americans are so stupid, acting like they live here without studying the norm""  I have seen this behavior coming from the Left Wing or Leftists for years, whining and moaning about the care of foreigners or those poor misunderstood criminals rather than their own people.  I could go on, but this has been long enough.  People shouldn't be surprised that not only the Left don't have their best interests at heart, are more worried about the life of criminals than civilians and they are also willingly to harm or even kill you over your beliefs, weaponizing their ""morals"" to justify their actions.",2026-02-06T22:32:04Z
tweet,twt,informal,after,"Source: https://www.reddit.com/r/videos/comments/1qxc496/trump_posted_a_video_of_barack_and_michelle_obama/  **HIGHLIGHTS**  [libt*rd speak But it's so racist omg Racist We have nothing better to do than ""karen"" full time. My opinion matters cuz my mommy said I was special.  I feel like that was close.](https://www.reddit.com/r/videos/comments/1qxc496/trump_posted_a_video_of_barack_and_michelle_obama/o3vpyez/) >3 week old Russian bot. Move along everybody. >>Ahhhh yes, the ""go to"" liberal means to discount anyone who's not in the same camp. But hey, lemme know how the constant riots, violence, hypocritical gaslighting, and all around traitorous behavior works out for ya all.  Really looking forward to meeting everyone who's confused about what a woman is. 😘 >>>You see a racist video and are downplaying it. It truly shows how disgusting you are  You're a hypocritical bot talking about violence, gaslighting and riots. I bet you don't even acknowledge January 6th.  Lol the trans debate. You MAGAs are worried about the wrong shit. Filled with hate.  Russian bot replied back in record time >>>>Oh more gaslighting from the fascist left. Shocker. Yeah... the riots, the violence, the agenda to destroy my country.... yeah... keep telling yourself that sweetheart. Whatever helps You sleep in your moms bed at night.  I am PUMPED to finally meet you all. Gonna be exciting! You all won't be having fun. But the people I work with. We're gonna have a blast! Maybe you can explain to us what a woman is! Yayyyy!  [There is plenty to criticize Trump for but this constant calling everyone a pedophile is kinda crazy. A p*dophile for most people is someone who is inherently attracted to children. Not someone who may or may not have slept with a 17 year old at a party. Thats not p#dophilia. This takes away from legitimate criticism.  Same way with calling him a nazi. He is no nazi. He might be a fascist, but not a nazi. Its just make other people not take your other, legitimate, criticism seriously.](https://www.reddit.com/r/videos/comments/1qxc496/trump_posted_a_video_of_barack_and_michelle_obama/o3wcu1w/) >I guess r*ping kids doesn't count >>You have any evidence of this? >>>Yeah, the Epstein list. He’s listed over 38,000 times. Try to keep up, champ >>>>The material is around 3 million pages. Just being ""listed"" or mentioned is not evidence, champ. I'm not defending anyone here. I too dislike Trump, but I think the truth matters. >>>>>And there’s another 3 million with illegal redactions. Gee, I wonder if there’s any evidence in there… use your critical thinking skills, you might not think you’re defending Trump, but you are. >>>>>>""And there’s another 3 million with illegal redactions. Gee, I wonder if there’s any evidence in there…"" Assumptions and evidence are two completely different things. You dont realize that? >>>>>>>Well no, actually it is evidence. Circumstantial evidence, because he’s got the government covering it up currently. You don’t realize that?  [It is the lack of accountability that has the rest of the World hating the USA.  Get your shit together or fuck off America.](https://www.reddit.com/r/videos/comments/1qxc496/trump_posted_a_video_of_barack_and_michelle_obama/o3vbnp8/) >America is beyond saving but democracy isn't.  We must brace ourselves as the empire falls and continue to protect our values, our democracies, and our homes.  We forget the American people are kind of fucked up. Half the country went to war with the other half cuz they really wanted slavery.  Trumps been voted in twice now pretty enthusiastically.  This isn't a glitch, this is who they are.  We can't trust them, it was foolish to give them as much power as we did >>yep - but their power is overstated, The World will move on and Americans will never be trusted again. >>>Germany is literally right there baking their next Nazi party. Don’t pretend like this is just an American problem.  It’s a global problem and it’s being driven by a small group of absurdly wealthy people who truly don’t give a fuck about borders or culture. >>>>America's greatest sin after greed is complacency  You are guilty of complacency  Stop defending these actions with your whataboutisms and put your energy somewhere productive >>>>>No one is defending anything, just continuing to point out the obvious.  But he's right, if your country helped us in the gwot, your government is just as likely to fall. >>>>>>Canada upholds its agreements.  We are a part of NATO.  Canada demanded article 5 after 9/11.  Our friend was attacked, so we sent our sons to die for our friend.  Canada joined WW2 years before the US did, we weren't attacked, but our sons volunteered to die to defend our friends.  This is not a weakness. This is our strength, we possess a unity that you lack..  Your nation is infected with greed, corruption and worst of all, complacency.  This is your weakness, don't assume that your sins are our sins. >>>>>>>Why don’t you do something about it then?  It’s not so simple, is it?  [The casual America hate from someone who only knows about it from headlines.  You don't know Americans, you know what you read about the police and government and military action. ""It's who they are"" don't you just love sweeping generalizations that everyone in your hate bubble will upvote you for!  This is coming from someone who loathes everything Trump stands for, just fucking tired of the constant shitting on my people and country. You're no better than what you speak of, clearly.](https://www.reddit.com/r/videos/comments/1qxc496/trump_posted_a_video_of_barack_and_michelle_obama/o3vexvs/) >The US has been an enemy of the free world for decades. The rest of the western world has just been too complacent in being ""protected"" by the US war machine to point it out. Trump isn't the cause of the problem, just the straw that broke the camel's back, so the rest of the world is unable to pretend any longer. >>Shit on the government and MAGA all you want, but stfu about the other people, which was my point that you didn't understand. Shitting on all Americans is just ignorance and piling on, which is fucking shitty to do when we're clearly hurting. >>>You think I give a shit if you're ""hurting"", while your country is literally threatening to invade its allies? Go cry me a river. You still have enough of a semblance of democracy that you are responsible for the shithole you've created.  There are obviously nice, innocent Russians as well, but that doesn't change that at this moment Russia is a hostile country that we are at war with. The US is just one step back from outright war as of yet, but otherwise the same. No, actually worse, because the average Russian could do nothing about Putin. >>>>Live in hate, go for it. Fuck America, fuck Americans✌🏼keep at it. Good luck. >>>>>You're the school bully going ""I've had a rough life, so you should feel sorry for me while I'm beating you up. Also you're so hateful for disliking the beating"".  I don't hate you personally, I've just spent my sympathy on those who deserve it, not the bad guys. >>>>>>No worries, I don't expect redditors to showcase any degree of humanity. Keep generalizing entire groups of people, that always ends well.  [I've never been political but this orange clown is going to turn me into a zelot. He makes me mad enough to start a civil war and I know I'm not alone.](https://www.reddit.com/r/videos/comments/1qxc496/trump_posted_a_video_of_barack_and_michelle_obama/o3vm6oi/) >And the fucking maga animals are downvoting. Lol >>Probably the fact inciting civil war over an AI video meme of lion king is a bit much. >>>That’s one way to downplay everything in typical filthy maga manner. >>>>That I don’t want millions of people dying from a civil war? Alright dude >>>>>Lol you made it about war instead of being mad that there is no representation in my taxation. Mad that my leader is slandering a former president. I said I am mad not ""let's start a war"". Typical magalord >>>>>>""I said I am mad not ""let's start a war"". Typical magalord""  But your first comment literally said -  ""He makes me mad enough to start a civil war and I know I'm not alone.""  Lmao bro, please. >>>>>>>Okay GUCCIBUKKAKE you are right. Far righter than me. I must want to kill people.  [this cant be real](https://www.reddit.com/r/videos/comments/1qxc496/trump_posted_a_video_of_barack_and_michelle_obama/o3vbze8/) >It is…skip to 0:59: https://truthsocial.com/@realDonaldTrump/posts/116021857490657707 >>its buried, he has plausible deniability he didnt watch all the video >>>It's buried at the end of a 1min video lol >>>>So if Biden shared a video and at the very end there was an image of a Charlie Kirk “gusher” you’d give Biden the same break? >>>>>So now you are trying to shift the goalposts to hypotheticals now? Admit it, your guy is worthless trash just like all of you people on the right. >>>>>>How is that shifting goalposts?  Just something to consider.  [Wow. Holy shit. Wtf. Omg. Are you freaking kidding me. We’re all fucked. My daily responses to this maniac continue today](https://www.reddit.com/r/videos/comments/1qxc496/trump_posted_a_video_of_barack_and_michelle_obama/o3vot2b/) >""We’re all fucked.""  Because you do nothing but write stupid ""witty"" comments on places like reddit... >>What are you doing? >>>""What are you doing?""  Being an embarrassed neighbor.... Clean your fucking yard up.  Edit : hitting the downvote button isn't making you look any less embarrassing, truth hurts I guess. I'm sure a few more ""clever"" social media post will fix everything, maybe scream impeachment a few more times as well.  You made your bed America, now lie in it. >>>>Edit: Putting in an edit about downvotes in your obviously incorrect comment doesnt make it instantly correct. >>>>>""Edit: Putting in an edit about downvotes in your obviously incorrect comment doesnt make it instantly correct."" Lol wut?  What am I incorrect about exactly?  [I hate to be this guy, but it’s so obvious that this was a screen recording and the reel ended and auto switched to the next reel. It is entirely out of context. He or the intern did not crop the ending properly.  Also leave it to Reddit to leave out the entire clip that clearly shows that the above is what happened. There is a reason OP cut the video down to the 1 second mark.  But you will all ignore this and run with the racist rhetoric because you have nothing better to do and that’s how desperate Reddit has become.  And this is coming from someone who voted for Kamala.  It’s just getting exhausting, folks. And it’s clearly not helping us win anything substantial. We gotta find a new angle.](https://www.reddit.com/r/videos/comments/1qxc496/trump_posted_a_video_of_barack_and_michelle_obama/o3x5cr7/) >https://truthsocial.com/@realDonaldTrump/posts/116021857490657707🤔 >>What’s your point? Yes.. it happened… it auto switched to the next reel.  You do know that video of the Obama as monkeys is its own, separate, 1 minute reel? Right?  And you can see the video swipe up from the bottom of the page as the reel he meant to share ended.  Not sure you realize you just helped prove my point. >>>""the reel ended and auto switched to the next reel.""  And then switched back. And then they ended the video. Weird...Why are you carrying water for racists? >>>>People like you are why no one takes democrats seriously outside this echo chamber >>>>>I'm not a democrat.  Why the fuck are you still carrying water for racists?  [And some people are actually gonna believe this.](https://www.reddit.com/r/videos/comments/1qxc496/trump_posted_a_video_of_barack_and_michelle_obama/o3wh1rr/) >It’s still there. It’s at the end of a fantasy video about election rigging >>I looked through the awful torrent of nonsense that Trump (or whoever controls that account) has posted to ""Truth"" Social over the last 24 hours and was unable to find the vid clip posted by OP. Since you said ""it's at the end of a fantasy video about election rigging"", I watched lots of the terrible vids he posted. Is it still there somewhere? Any better clues that might help me find it? As much as I hate Trump, it's still important for us all to verify claims made against him. >>>Something tells me if Biden shared a video and at the end of that video was a joke image of Charlie Kirk gushing, then you wouldn’t give that same benefit of doubt. >>>>Charlie Kirk gushing? What does that even mean? In any case, if someone claims that someone else posted something outrageous, I always attempt to view the actual post regardless of who the claim was made against. Don't you? >>>>>What’s your point? Because it was at the end of a video the that makes it ok? >>>>>>I honestly don't get what your point is. The video posted by OP is not ok at all and I wasn't able to find it when I initially looked for it. I finally saw the post by OP indicating the specific vid and time stamp and then was able to find and view it for myself. Trump posting a vid with the Obamas as monkeys at the end of a vid is not ok (it's lunacy) and Biden posting a vid with Charlie Kirk.. gushing blood I guess is what you meant? at the end would also not be ok. I'd want to see them both for myself. I have now seen the Trump vid is there a specific Biden vid you want me to look at?  [They don’t know that Trump posted it, they only know it appeared on his account …. but don’t wait for the truth to get in the way of a good story. A liberal mole working on his staff may have done it. Would put nothing past the Dems at this point. This thread proves that.](https://www.reddit.com/r/videos/comments/1qxc496/trump_posted_a_video_of_barack_and_michelle_obama/o3xt3z9/) >His White House defended the post, Leavitt retweeted it. My god, this is why people call MAGA a cult, you'll do literally everything to defend Trump even when he does the indefensible >>They are not dumb enough to do that, Leavitt certainly didn’t. If her account tweeted it (notice how I worded that) then it further suggests a hack, maybe politically motivated. >>>You forgot your tinfoil hat  And yes, they really are dumb enough to do that. Maybe this can serve as a wake-up call for you that Trump is not the genius you make him out to be. He has a history of posting AI bullshit and clearly his mind is slipping >>>>These posts do nothing for me but confirm what an unhinged bunch of morons inhabit this place. I never even said I support Trump! Never “made him out to be a genius” either. Much as I disliked Biden I never stooped to such insinuating, TDS-like bullshit. The country is in trouble and when Trump’s long out of office it’ll continue to be that way, because it’s now dyed in the fabric. >>>>>The tweet came from his account and it was up for twelve hours. You’re choosing to believe that some hacker got into the president of the United States’ social media account and also the account of his press secretary—rather than just admitting that they posted it  It’s that level of delusion that suggests to me you’re a Trump supporter  It is very telling though that you realize what little credibility Trump supporters have that you have to pretend not to be one to give your post more standing",2026-02-06T22:23:50Z
tweet,twt,informal,after,The phrasing on this tweet is wrong and possibly misleading. It starts at midnight tonight until 5 PM Saturday afternoon.,2026-02-06T22:17:03Z
tweet,twt,informal,after,"Usually watch his videos on theories, gameplay, etc. But I haven't heard these rumors myself. Has anyone heard about Relux? And if so...thoughts?",2026-02-06T22:14:06Z
tweet,twt,informal,after,"As seen in the screenshot, KOLD reporter Mary Coleman just tweeted that they’ve received another message…  Lord, I hope this is something substantial and authentic. ",2026-02-06T22:05:37Z
tweet,twt,informal,after,"**Background:**  Been building in public for my saas and kept seeing everyone burn out trying to crack twitter monetization. Posting 10x/day, chasing engagement, the whole grind.  Tried it myself for 2 weeks. Hated it.  **The Experiment:**  What if instead of fighting the algo, I just built free tools that funnel people to my Twitter?  **What I Did:**  Built 2 simple tools (calculators/simulators) using Lovable in about 2 weekends each.  **The Funnel:**  Google/Reddit traffic → Use free tool → ""Built by yourhandle - Follow for support"" in CTA → Twitter follow → Every tweet = more reach → More monetization revenue  **Distribution Strategy:**  1. Launch on Twitter (initial spike) 2. Post in relevant subreddits (long-tail SEO) 3. Submit to tool directories 4. Let SEO + PLG do the work  **Results (30 days):**  * 13M impressions * around 800 new followers (organic, high quality) * Twitter monetization unlocked * Tools still bringing 20-30 followers/day on autopilot  **Why This Works:**  * Not algo-dependent (SEO traffic is consistent) * Followers pre-qualified (they used your shit) * Scalable (each tool compounds) * No burnout (build once, works forever) * vs posting threads that die in 24h  **The Insight:**  Most people treat free tools as lead magnets for paid products. Im treating them as lead magnets for Twitter followers, which then monetize via impressions.  Its basically reverse funnel hacking.  **Tools Used:**  * Lovable for building * Basic SEO * Reddit for distribution  Currently at around $580/month from Twitter monetization just from this strategy.  Anyone tried something similar? Would love to compare notes.",2026-02-06T22:03:41Z
tweet,twt,informal,after,">The three girls – aged 11, 14 and 16 – jumped from the ninth floor of a high-rise building on Wednesday, leading to speculation about their reported obsession with Korean culture and digital content.      >“It would be too simplistic to blame excessive screen time, K-dramas or online gaming for the suicide of three minor girls,” said Dr Rajesh Sagar, psychiatrist at the All India Institute of Medical Sciences (AIIMS). “There are multiple factors at play. What stands out is that the children had not attended school for nearly five years, pointing to prolonged isolation and complex family dynamics that severely impact mental health.”  >Calling the incident a broader systemic failure, Dr Amit Sen, child and adolescent psychologist and co-founder of Children First, an NGO working on child rights, said such cases reflect gaps across institutions meant to protect children.  >“Blaming K-pop or K-dramas is a skewed approach. These so-called addictions often arise from unmet emotional needs. When children drop out of school for years, it reflects a failure of systems – schools, communities and the state – to identify distress and intervene early. The state has a responsibility to ensure children remain in education, and schools must proactively reach out when students disappear from classrooms,” Dr Sen said.  >Dr Paramjeet Singh, consultant psychiatrist at PSRI Hospital, pointed to a “bidirectional link” between mental health conditions and gaming or digital addiction. “Stress, anxiety, depression and loneliness can lead to excessive gaming, while prolonged gaming can worsen these very conditions,” he said. Treatment, he added, often requires a combination of cognitive behavioural therapy, motivation enhancement therapy, family counselling and, in some cases, medication.  >Highlighting treatment approaches, Dr Pratibha Gehlawat, psychiatrist and researcher at the government-run Institute of Human Behaviour and Allied Sciences (IHBAS), warned against abrupt withdrawal from digital devices. “The ‘cold turkey’ method often leads to severe withdrawal symptoms,” she said. “Research shows gradual tapering is safer and more effective, as long-term digital addiction can blur the line between real and virtual worlds due to sustained dopamine stimulation.”  >Dr Sagar explained that excessive screen use is often a symptom rather than the root cause. “Children who feel lonely, bored or emotionally distressed, or those with conditions such as ADHD, are more vulnerable to prolonged screen use,” he said.  >“Gaming and digital content offer instant gratification. Since the prefrontal cortex – responsible for impulse control and decision-making -- is still developing in children, they are more prone to risk-taking behaviour.” AIIMS, he added, has seen a steady rise in paediatric cases linked to problematic screen use  \-[Hindustan Times](https://www.hindustantimes.com/cities/delhi-news/experts-blaming-just-k-pop-for-suicides-is-too-simplistic-101770318950699.html)",2026-02-06T22:02:53Z
tweet,twt,informal,after,"Started reading romance novels about three months ago and I’ve found that the ones I typically enjoy the most are the ones that have these similar illustrated covers.   I don’t know if they are all romcoms or not, but I’ve found that most of the book covers with this style are right up my alley. I’m assuming it’s a trend, but is there another reason so many books have a similar cover style? Is it just a way to differentiate the subgenre? ",2026-02-06T21:58:46Z
tweet,twt,informal,after,"This subreddit has been in decline since May 2025, but the last month was my breaking point. What once was a movie shitpost subreddit ha snow turned into an unholy abomination of fauxmoi-esque celebrity drama remeniscent of TMZ, screenshots of tweets and youtube thumbnails from grifters, and political memes that most of the time aren't even related to memes.   Look, as a Europoor, i hate Mango Mussolini and his Redneck Gestapo, but for fuck sake, every top of the day post is something either Trump or ICE related. Has anyone on this website heard of something called Escapism?  But the worst offender of all is the ""favourite"" posting. The moment time travel gets invented, i'm going back to shoot the guy who made the first ""Favourite movie about \[blank\]?"" post. This dumbass format has ruined one of the greatest subreddits of all time and the mods coupdn't give less of a shit.  Unless something is done, i'm not gonna return to that place for a very long time",2026-02-06T21:42:05Z
tweet,twt,informal,after,"# The Virtue of H.H. Dorje Chang Buddha III and Holy Occurrences: Hair Sariras (2)  https://preview.redd.it/c5aphk2q0yhg1.png?width=1200&format=png&auto=webp&s=a8aed6a27dba87fd9855b21eba4c289dbed2e176  [](https://www.facebook.com/sharer/sharer.php?u=https%3A%2F%2Fdharma-hhdorjechangbuddhaiii.org%2Fdorje-chang-buddha-iii-hair-sariras-holy-occurrences-2%2F)[](https://twitter.com/intent/tweet?text=The%20Virtue%20of%20H.H.%20Dorje%20Chang%20Buddha%20III%20and%20Holy%20Occurrences%3A%20Hair%20Sariras%20%282%29&url=https%3A%2F%2Fdharma-hhdorjechangbuddhaiii.org%2Fdorje-chang-buddha-iii-hair-sariras-holy-occurrences-2%2F)[](https://reddit.com/submit?url=https%3A%2F%2Fdharma-hhdorjechangbuddhaiii.org%2Fdorje-chang-buddha-iii-hair-sariras-holy-occurrences-2%2F&title=The%20Virtue%20of%20H.H.%20Dorje%20Chang%20Buddha%20III%20and%20Holy%20Occurrences%3A%20Hair%20Sariras%20%282%29)[](https://www.linkedin.com/sharing/share-offsite/?url=https%3A%2F%2Fdharma-hhdorjechangbuddhaiii.org%2Fdorje-chang-buddha-iii-hair-sariras-holy-occurrences-2%2F)[](https://dharma-hhdorjechangbuddhaiii.org/dorje-chang-buddha-iii-hair-sariras-holy-occurrences-2/)[](https://mastodon.social/share?text=https%3A%2F%2Fdharma-hhdorjechangbuddhaiii.org%2Fdorje-chang-buddha-iii-hair-sariras-holy-occurrences-2%2F&title=The%20Virtue%20of%20H.H.%20Dorje%20Chang%20Buddha%20III%20and%20Holy%20Occurrences%3A%20Hair%20Sariras%20%282%29)[](https://mix.com/mixit?url=https%3A%2F%2Fdharma-hhdorjechangbuddhaiii.org%2Fdorje-chang-buddha-iii-hair-sariras-holy-occurrences-2%2F)[](https://api.whatsapp.com/send?text=The%20Virtue%20of%20H.H.%20Dorje%20Chang%20Buddha%20III%20and%20Holy%20Occurrences%3A%20Hair%20Sariras%20%282%29%20https%3A%2F%2Fdharma-hhdorjechangbuddhaiii.org%2Fdorje-chang-buddha-iii-hair-sariras-holy-occurrences-2%2F)[](https://dharma-hhdorjechangbuddhaiii.org/dorje-chang-buddha-iii-hair-sariras-holy-occurrences-2/)  # Hair Sariras (2)  I established a Buddhist altar at my home in Thailand on January 16, 2005. On that day, a fellow-disciple brought me a small glass bottle containing several individual strands of the hair sariras of my [**Buddha**](https://www.reddit.com/r/DorjeChangBuddhaIII__/comments/1htyim3/the_pope_of_buddhism_his_holiness_dorje_chang/) Master, [**Dorje Chang Buddha III Wan Ko Yeshe Norbu Holiest Tathagata**](https://dharma-hhdorjechangbuddhaiii.org/who-is-his-holiness-dorje-chang-buddha-iii/). Each hair was roughly one centimeter long. I respectfully placed a blue semi-precious stone inside the bottle and set the bottle onto my altar.  A few months later, I decided to replace the glass bottle with a Venetian crystal bottle.  When I opened the glass bottle, I noticed that the originally short hairs were longer than before. Although I was taken aback, I did not think much of it at first. However, the hairs continued to grow, and recently the difference has become unmistakable. Some of the hairs have grown as much as five or six times their original length and now are five or six centimeters long. Some hairs were pinned down on both ends by the stone, and their middle section had grown into a loop. How truly amazing!  From a scientific point of view, hair cells die upon being cut. How could short severed hairs continue to grow? Let the continuing growth of the hairs strengthen our conviction. This is a genuine manifestation of the power of the Buddha-dharma!  Buddhist disciple,  Shu-Hui Chen  (This is a complete translation of the Chinese text that follows originally written and signed by Shu-Hui Chen.)  https://preview.redd.it/x0a6h69r0yhg1.png?width=1489&format=png&auto=webp&s=44f094d7ad33b76e7253e22b155133f64c6e2bf1  [](https://dharma-hhdorjechangbuddhaiii.org/wp-content/uploads/2026/02/Hair-Sariras-2.webp)  [**Learn more about H.H. Dorje Chang Buddha III**](https://dharma-hhdorjechangbuddhaiii.org/who-is-his-holiness-dorje-chang-buddha-iii/)  [**Explore more articles on the Virtue of H.H. Dorje Chang Buddha III and Holy Occurrences.**](https://dharma-hhdorjechangbuddhaiii.org/category/the-virtue-of-h-h-dorje-chang-buddha-iii-and-holy-occurrences/)  Source: [***H.H. Dorje Chang Buddha III — A Treasury of True Buddha-Dharma*****, pp. 165–166.**](https://www.sunmoonlight.org/book_72dpi/02-p139-214.pdf)  Link: [https://dharma-hhdorjechangbuddhaiii.org/dorje-chang-buddha-iii-hair-sariras-holy-occurrences-2/](https://dharma-hhdorjechangbuddhaiii.org/dorje-chang-buddha-iii-hair-sariras-holy-occurrences-2/)  \#[**DorjeChangBuddhaIII**](https://dharma-hhdorjechangbuddhaiii.org/who-is-his-holiness-dorje-chang-buddha-iii/) \#**HHDorjeChangBuddhaIII** \#[**MasterWanKoYee**](https://dharma-hhdorjechangbuddhaiii.org/master-wan-ko-yee-h-h-dorje-chang-buddha-iii-made-great-contribution-art/) \#HairSariras #HolyOccurrences #BuddhistRelics #BuddhistMiracles #Vajradhara #TrueDharma #HolySigns #BuddhistVirtue #SariraRelics",2026-02-06T21:34:20Z
tweet,twt,informal,after,"Kristi Noem, the secretary of homeland security, has agreed to [abandon efforts to acquire a warehouse in northern Mississippi](https://mississippitoday.org/2026/02/06/byhalia-ice-warehouse-canned-noem-wicker/) and turn it into a detention center for immigrants, according to U.S. Sen. Roger Wicker.  Wicker’s announcement came days after he had [written](https://mississippitoday.org/2026/02/04/wicker-noem-feared-ice-warehouse-byhalia/) to Noem opposing U.S. Immigration and Customs Enforcement, or ICE, acquiring an industrial warehouse in Byhalia.",2026-02-06T21:25:48Z
tweet,twt,informal,after,"People truly believe a random BlueSky tweet? This guy did wonders for our team and this baseless slander honestly disgusts me. Now if someone has proof of these allegations please let me see and change my mind. Whatever happened to innocent until proven guilty? It almost disgusts me how fast people are to spread rumors that have no merit. We were blessed to have DeMarisco, he was a special mind and helped make SNY the best broadcast. Mets fans, we need to remeber 99% of thins posted online are straight up false and for engagement . Especially posts on cites like X and BlueSky. I see people getting downvoted just for speaking of DeMarisco and it’s ridiculously I know this ops will get downvote but net fans seriously, if you see a news story online do some research before you help ruin what could be an innocent man’s reputation. It’s unfair to DeMarisco, someone who made the viewing experience what is was for us, someone who brought us amazing memories, to have to deal with this baseless accusations. YES THEY COULD BE TRUE BUT THERE IS NO PROOF AND PLEASE IF THERE IS LET ME KNOW.",2026-02-06T21:16:34Z
tweet,twt,informal,after,"Most people building in public are grinding their main saas/startup AND trying to crack twitter monetization at the same time  everyones grinding for twitter monetization right now and i see the same pattern, people posting 10x a day trying to crack the algo and getting burned out  i tried that for like 3 weeks and realized its not sustainable. so i tested something different and hit monetization in about a month  **heres what i did:**  instead of fighting for organic reach i built a simple free tool that solves one specific problem for my niche  nothing crazy, took me like a weekend with lovable. just a calculator/simulator type thing  **the play is simple:**  * tool gets indexed on google/shared on reddit * people use it and find it helpful * end of the tool: ""built by yourhandle - follow for support"" * boom they follow you on twitter  now every tweet reaches more people = more impressions = faster monetization  **the actual loop:**  1. build tool 2. share on twitter (gets initial users + impressions) 3. share on reddit (for long term seo) 4. tool brings traffic on autopilot via PLG 5. new users follow you from the tool 6. announce next tool to bigger audience 7. repeat  **why this works better:**  * youre not fighting the algo every single day * one tool can bring followers for months on autopilot * people follow you because they already got value (higher quality followers) * way less burnout than posting threads 5x a day  hit 13M impressions in about 30 days doing this. built 2 small tools total  obviously you still gotta tweet but now youre building assets instead of just creating content that dies in 24h  curious if anyone else is doing something similar or if im just overthinking this whole thing",2026-02-06T21:06:43Z
tweet,twt,informal,after,"Looking back, everyone says they were “about to buy”.  Not early.  Not late.  Just… watching.  Waiting for one more signal.  One more confirmation.  One more tweet.  That in-between phase is where most people actually live.  Curious how many people recognize themselves here.",2026-02-06T21:04:45Z
tweet,twt,informal,after,"**Purtle's Internet Lineup for February 6th, 2026 4:04PM**  **Pics or Text:**  * Pokemon themed plane at Melbourne Airport.  https://old.reddit.com/r/pokemon/comments/1qx6nf6/pokemon_themed_plane_at_melbourne_airport_not_a/  * [thread] Episode 147 ""Get Fired Up, Zenigame Squad! Just Like a Flame!!"" Satoshi clears up space on his team for future Johto Pokemon. A rehashed firefighter plot and a rather abrupt goodbye scene keeps this from being great. https://bsky.app/profile/dogasusbackpack.bsky.social/post/3me5te4rx5c2i  * look how they treat the original milkf https://bsky.app/profile/yammibammi.bsky.social/post/3mdywtth44c2g  * Language barrier be damned https://x.com/wisanyanya/status/2019482424405553511  * How me and bro gon be posted up on February 14 at the restaurant after we hear couples eat for free https://x.com/Henrhie1/status/2019364012329419155  * Masahiro Sakurai's beloved pet cat, Fukurashi, passes away at 17 years old https://old.reddit.com/r/nintendo/comments/1qxdyqh/masahiro_sakurais_beloved_pet_cat_fukurashi/  * another thread https://old.reddit.com/r/smashbros/comments/1qx1hld/sakurais_cat_just_passed_away/  * Sakurai's tweet https://x.com/Sora_Sakurai/status/2019551737624043729  * Today I learned that future games know if a Pokemon came specifically from a GB/GBC game https://old.reddit.com/r/pokemon/comments/1qxm39g/today_i_learned_that_future_games_know_if_a/  * Pokemon News:  * Pokemon pinball from Stern Pinball coming soon  https://x.com/Wario64/status/2019820905304826268  **Clips:**  * [clip] Are you ready for ""Shadow of the Beast + Bionic Commando""? I have a Launch Date for ChainStaff https://bsky.app/profile/mommysbestgames.bsky.social/post/3me2gzfmyj22u  * [clip] The fucking vibes on this are horridly uncomfortable, like you got that SotB and like 80s sci fi vibe, weird ass puppet movement, and just weird aesthetic choices that fee like a mid 2000s fangame for an amiga throwback, but in HD. Old proto-indie stuff?? ... and that rules??? Hell yeah. https://bsky.app/profile/kayin.moe/post/3me32et64hk22  * [clip] honda will rock you https://x.com/iirico1165/status/2019652473548616042  * [clip] mm3-6 sound effects vs mm1-2 sound effects https://bsky.app/profile/nyamukoneko.bsky.social/post/3me6ac6zzwk2h  * [clip] IShowSpeed brought massive global exposure to Ghana after his visit, more than traditional advertising Says Ghanaian President John Dramani Mahama https://old.reddit.com/r/LivestreamFail/comments/1qxmw6e/ishowspeed_brought_massive_global_exposure_to/  * Cake streamer completes Super Mario Bros(tm) Piranha Plant cake after 7 hours of effort https://www.twitch.tv/cakesbyyou/clip/AverageCrazyGoblinVoHiYo-z86Xye8NShRxg8Qt  **Videos:**  * tell me about your ex-girlfriend - Almost Friday TV [5:28] https://www.youtube.com/watch?v=g9jjdr68Cr8  * [clip] Sir Ian Mckellen performing  ""Sir Thomas More"" from Shakespeare 400 years ago https://old.reddit.com/r/nextfuckinglevel/comments/1qx3hz4/sir_ian_mckellen/  * The Muppet Show - Sabrina Carpenter: Manchild (2026) [3:18] https://www.youtube.com/watch?v=iLGqHLdC0Gg  * The Super Mario Galaxy Movie | Level Up [:30] https://www.youtube.com/watch?v=9xQ1EmUPiVk  **Articles/News/Other:**  * Vtuber:  * FREE 3D CONCERT !! DISASTERPIECE Album Release Show 2.6.2026 @ 8pm PST https://x.com/moricalliope/status/2019664524396360021  * [clip] Kaliop? was just in Shibuya rn!  https://x.com/SIAN2b0do/status/2019603727548907842  * Gaming news/discussion:  * [clip] You've probably seen The Super Mario Galaxy X Winter Olympics commercials by now. I've been waiting to catch it on TV so I can rip an HD version of it.  Today I came across it, so here's the highest quality version available. https://bsky.app/profile/vgartandtidbits.bsky.social/post/3me5rlk5obk26  * You have to deceive your company."" Danganronpa and Hundred Line creator Kazutaka Kodaka shares advice for getting even the most unhinged projects greenlit https://bsky.app/profile/automatonwest.bsky.social/post/3me43mt3rmc2a  * This reminds me a little of Mel Brooks dealing with studio notes. https://bsky.app/profile/mrbowers.bsky.social/post/3me5jqp432k2q  * Working on another comparison. my fellas, I can't overstate https://bsky.app/profile/jon.gvg.io/post/3me6pz7uuzc2f  * It's the PS5's official emulator version vs the new Console Archives one I dislike it so much, look at what they tried for a CRT filter https://bsky.app/profile/jon.gvg.io/post/3me6q73ovdc2f  * The Super Mario Galaxy Movie | Level Up [:30] https://www.youtube.com/watch?v=9xQ1EmUPiVk  * Russia/Ukraine:  * Ukraine's kill rate just overtook Russia's troop replacement, Syrskyi says - euromaidanpress https://old.reddit.com/r/worldnews/comments/1qxe9x5/ukraines_kill_rate_just_overtook_russias_troop/  * EU proposes 'powerful' 20th Russia sanctions package with full ban on oil maritime services - kyivindependent https://old.reddit.com/r/worldnews/comments/1qxk43h/eu_proposes_powerful_20th_russia_sanctions/  * Russian troops crowdfund radios as assault numbers drop by half after Starlink goes dark - euromaidanpress https://old.reddit.com/r/worldnews/comments/1qxe5oh/russian_troops_crowdfund_radios_as_assault/  * Trump says he won't extend nuclear arms treaty with Russia - politico https://old.reddit.com/r/worldnews/comments/1qx46c6/trump_says_he_wont_extend_nuclear_arms_treaty/  * A deputy chief of Russian military intelligence was shot and wounded in Moscow - apnews https://old.reddit.com/r/news/comments/1qxc7qt/a_deputy_chief_of_russian_military_intelligence/  * Russian general shot several times in Moscow - bbc https://old.reddit.com/r/worldnews/comments/1qxborh/russian_general_shot_several_times_in_moscow/  * Russian general shot several times in Moscow - bbc https://old.reddit.com/r/europe/comments/1qxce38/russian_general_shot_several_times_in_moscow/  * Economy:  * Pizza Hut closing 250 US stores as parent company considers selling the brand - abcnews https://old.reddit.com/r/news/comments/1qxj69m/pizza_hut_closing_250_us_stores_as_parent_company/  * The CIA World Factbook, resource for worldwide economic info, suddenly shuts down  - cia.gov https://old.reddit.com/r/Economics/comments/1qxis40/the_cia_world_factbook_resource_for_worldwide/  * FACT FOCUS: Trump says tariffs have created an economic miracle. The facts tell a different story - apnews https://old.reddit.com/r/Economics/comments/1qxmnni/fact_focus_trump_says_tariffs_have_created_an/  * Trump says tariffs have created an economic miracle. The facts tell a different story - apnews https://old.reddit.com/r/Economics/comments/1qxmyrq/trump_says_tariffs_have_created_an_economic/  * Big Tech sees over $1 trillion wiped from stocks as fears of AI bubble ignite sell-off - cnbc https://old.reddit.com/r/Economics/comments/1qxifck/big_tech_sees_over_1_trillion_wiped_from_stocks/  * Big Tech sees over $1 trillion wiped from stocks as fears of AI bubble ignite sell-off  - cnbc https://old.reddit.com/r/technology/comments/1qxgrao/big_tech_sees_over_1_trillion_wiped_from_stocks/  * US job cuts surge to highest January total since 2009 - ft https://old.reddit.com/r/Economics/comments/1qxereq/us_job_cuts_surge_to_highest_january_total_since/  * Consumer sentiment hits highest level since August, but down 11% from year ago as inflation, job worries weigh - yahoo https://old.reddit.com/r/Economics/comments/1qxqzlq/consumer_sentiment_hits_highest_level_since/  * Clean energy drove more than a third of China's GDP growth in 2025 - carbonbrief https://old.reddit.com/r/Economics/comments/1qx2zll/clean_energy_drove_more_than_a_third_of_chinas/  * Federal Reserve keeps interest rates unchanged in defiance of Trump who wants them lowered - yahoo https://old.reddit.com/r/Economics/comments/1qx4rbw/federal_reserve_keeps_interest_rates_unchanged_in/  * YouTube Revenue for Full-Year 2025 Topped $60 Billion, Making Video Platform Bigger Than Netflix | Ad revenue hit record $11.38 billion in Q4 but fell short of Wall Street expectations - VARIETY https://old.reddit.com/r/technology/comments/1qxr5qe/youtube_revenue_for_fullyear_2025_topped_60/  * Amazon shares tumble as it joins the Big Tech AI spending spree - bbc https://old.reddit.com/r/technology/comments/1qxcpo6/amazon_shares_tumble_as_it_joins_the_big_tech_ai/  * Amazon to Spend $200 Billion on AI Infrastructure; AMZN Stock Drops - bloomberg https://old.reddit.com/r/technology/comments/1qx1dxf/amazon_to_spend_200_billion_on_ai_infrastructure/  * Big Tech's 'breathtaking' $660bn spending spree reignites AI bubble fears - ft https://old.reddit.com/r/technology/comments/1qxkor9/big_techs_breathtaking_660bn_spending_spree/  * Facing high Trump tariffs, Africa's leading economy says it's close to a new trade deal with China - apnews https://old.reddit.com/r/worldnews/comments/1qxmwe7/facing_high_trump_tariffs_africas_leading_economy/  * Ice/deportation related:  * [clip] ""Mamdani Announces Policy Change: ICE Now Requires Court Warrants to Enter NYC Properties"" https://old.reddit.com/r/UnderReportedNews/comments/1qxlz8o/mamdani_announces_policy_change_ice_now_requires/  * [clip] twitter version of the clip https://x.com/atrupar/status/2019805140187005142  * Winter Olympics Skier Gus Kenworthy Urinates ""F*** ICE"" In Snow - deadline https://old.reddit.com/r/sports/comments/1qxm0mh/winter_olympics_skier_gus_kenworthy_urinates_f/   * the instagram post - https://www.instagram.com/p/DUWAmjeDq2L  * [clip] ""Tear Down ICE"" & Probe Trump-UAE $500M Crypto Deal: Rep. Ro Khanna https://old.reddit.com/r/law/comments/1qxi14l/tear_down_ice_probe_trumpuae_500m_crypto_deal_rep/  * [clip] Lawyer shows horrific conditions in ICE detention centers for children. https://old.reddit.com/r/law/comments/1qxhwkm/lawyer_shows_horrific_conditions_in_ice_detention/  * ICE in Minnesota:  * 'Unprecedented occupation': Minnesota wants expedited discovery to 'bolster the record' in lawsuit against ICE due to 'urgency' of crackdown and 'recently leaked' DHS memos - lawandcrime https://old.reddit.com/r/law/comments/1qxksxu/unprecedented_occupation_minnesota_wants/  * DHS has requested expedited deportation proceedings against family of Liam Conejo Ramos - mprnews https://old.reddit.com/r/news/comments/1qx62wf/dhs_has_requested_expedited_deportation/  * ICE or  Minnesota discussion/other info:  * [clip] Sir Ian Mckellen performing  ""Sir Thomas More"" from Shakespeare 400 years ago https://old.reddit.com/r/nextfuckinglevel/comments/1qx3hz4/sir_ian_mckellen/  * AEW Dynamite Ref Suggests He Waited To Ring Bell So Anti-ICE Chant 'Could Resonate' - wrestlinginc https://old.reddit.com/r/news/comments/1qxolg7/aew_dynamite_ref_suggests_he_waited_to_ring_bell/  * ICE removing posters of missing people.  https://old.reddit.com/r/pics/comments/1qxp6bx/oc_ice_removing_posters_of_missing_people/  * Epstein:   * Noam Chomsky advised Epstein about 'horrible' media coverage, files show - bbc https://old.reddit.com/r/news/comments/1qxmak1/noam_chomsky_advised_epstein_about_horrible_media/  * New conspiracy theory that epstein is alive has surfaced  * In the Epstein files, there is a receipt from YouTube where his username is littlestjeff1.  If you search this account on Fortnite Tracker, you can see there is an account with that name, and the Epstein files show he purchased V-Bucks. His profile shows he is ranked Silver 1 in Chapter 5 Season 1, which was after his death. https://x.com/Pirat_Nation/status/2019449522460541048  * Someone logged into the account from Israel and changed his stats to private after this news leaked https://www.reddit.com/media?url=https%3A%2F%2Fpreview.redd.it%2Ftm05othfsthg1.jpeg%3Fwidth%3D1179%26format%3Dpjpg%26auto%3Dwebp%26s%3D418ded374d674afa5a81285895c89bc12fd467ba  * thread about it https://old.reddit.com/r/whenthe/comments/1qxb22q/what_the_fuck/  * Epstein discussion:  * Sheryl Crow calls for Trump's impeachment and imprisonment over Epstein Files: ""Who are we if we do not stand up for children who are knowingly being pedaled to rich leaders all over the world."" https://old.reddit.com/r/Fauxmoi/comments/1qxmjch/sheryl_crow_calls_for_trumps_impeachment_and/  * AI:   * OpenAI Unveils Frontier, a Product for Building 'AI Co-Workers' https://www.wsj.com/articles/openai-unveils-frontier-a-product-for-building-ai-co-workers-a013784c  * Big Tech sees over $1 trillion wiped from stocks as fears of AI bubble ignite sell-off - cnbc https://old.reddit.com/r/Economics/comments/1qxifck/big_tech_sees_over_1_trillion_wiped_from_stocks/  * Amazon shares tumble as it joins the Big Tech AI spending spree - bbc https://old.reddit.com/r/technology/comments/1qxcpo6/amazon_shares_tumble_as_it_joins_the_big_tech_ai/  * Amazon to Spend $200 Billion on AI Infrastructure; AMZN Stock Drops - bloomberg https://old.reddit.com/r/technology/comments/1qx1dxf/amazon_to_spend_200_billion_on_ai_infrastructure/  * Big Tech's 'breathtaking' $660bn spending spree reignites AI bubble fears - ft https://old.reddit.com/r/technology/comments/1qxkor9/big_techs_breathtaking_660bn_spending_spree/  * The State-Led Crackdown on Grok and xAI Has Begun - wired https://old.reddit.com/r/law/comments/1qxgr7d/the_stateled_crackdown_on_grok_and_xai_has_begun/   * Iran:   * Canada condemns Iran after video shows armored car running over protesters - iranintl https://old.reddit.com/r/worldnews/comments/1qxcikx/canada_condemns_iran_after_video_shows_armored/  * U.S. asks American citizens to 'leave Iran now' ahead of high-stakes talks with Tehran - cnbc https://old.reddit.com/r/worldnews/comments/1qxp7p5/us_asks_american_citizens_to_leave_iran_now_ahead/  * NATO/Greenland:   * In show of support, Canada and France open consulates in Greenland - https://old.reddit.com/r/worldnews/comments/1qxeqb3/in_show_of_support_canada_and_france_open/   * Trump Shares Post Depicting Obamas As Apes - newsweek https://www.newsweek.com/donald-trump-obamas-truth-social-monkeys-video-racist-post-11474903  * Trump Posted a Video of Barack and Michelle Obama as Monkeys https://old.reddit.com/r/videos/comments/1qxc496/trump_posted_a_video_of_barack_and_michelle_obama/  * Trump Posts Video on Truth Social Depicting the Obamas as Monkeys https://old.reddit.com/r/UnderReportedNews/comments/1qxbeyv/trump_posts_video_on_truth_social_depicting_the/  * Trump Just Posted a Video of Barack and Michelle Obama as Monkeys https://old.reddit.com/r/Fauxmoi/comments/1qxbulw/trump_just_posted_a_video_of_barack_and_michelle/  * another thread https://old.reddit.com/r/pics/comments/1qxgkch/screencap_from_a_video_shared_by_donald_trump/  * excuses were made, then changed, and now the post was taken down https://old.reddit.com/r/MurderedByWords/comments/1qxpyxm/staffer_excuse_doesnt_fly/  * President just shared a AI video to Truth Social that featured a clip depicting Barack and Michelle Obama as monkeys - pennlive https://old.reddit.com/r/technology/comments/1qxeevy/president_just_shared_a_ai_video_to_truth_social/  * another thread https://old.reddit.com/r/facepalm/comments/1qxcmfb/recent_social_media_post_by_the_president/  * Trump administration plans to reclassify 50,000 federal workers, making them easier to fire https://www.cnn.com/2026/02/05/politics/trump-administration-federal-workers  * Bio lab found in Las Vegas is similar to scene discovered in California, raising questions from officials https://www.cbsnews.com/news/las-vegas-bio-lab-reedley-california-pathogens/  * [clip] Trump: ""I said: 'No, I don't have to sleep. I've been on a plane sleeping for twenty... I mean, I sleep on the plane.' I don't sleep on planes. I don't like sleeping on planes. You know, I like looking out the window watching for missiles & enemies."" https://old.reddit.com/r/InBitcoinWeTrust/comments/1qx9tpn/trump_i_said_no_i_dont_have_to_sleep_ive_been_on/  * [video] President Trump says he will revoke church tax exempt status if leaders ""say something bad about"" him [3min] https://old.reddit.com/r/videos/comments/1qxepga/president_trump_says_he_will_revoke_church_tax/  * GOP fast tracks monster voter suppression bill that could disenfranchise millions by requiring proof of citizenship at polls - democracydocket https://old.reddit.com/r/law/comments/1qxmw2x/gop_fast_tracks_monster_voter_suppression_bill/  * Federal judge rules DOJ can 'no longer' be trusted in voter roll crusade - deomcracydocket https://old.reddit.com/r/law/comments/1qxpyow/federal_judge_rules_doj_can_no_longer_be_trusted/  * Speaker Mike Johnson joins Trump to push lies about election fraud - cnn https://old.reddit.com/r/law/comments/1qxnc90/speaker_mike_johnson_joins_trump_to_push_lies/  * Olympic Committee begs fans not to boo Vance and Rubio at opening ceremony - irishstar https://old.reddit.com/r/nottheonion/comments/1qxiv9c/olympic_committee_begs_fans_not_to_boo_vance_and/  * [clip] AOC: We are going to have to reckon, as a country, with this time. And I hope that that reckoning includes prosecution of people who are involved with the lawbreaking and human rights violations they are knowingly engaging in right now. https://bsky.app/profile/acyn.bsky.social/post/3me5pk6b4mk2z  * If you won't say this, you should not hold public office https://bsky.app/profile/juliusgoat.bsky.social/post/3me5pnwsfac2t  * Trump job approval rating by news platform https://bsky.app/profile/polltracker.bsky.social/post/3me6y3rrcwk2n  * Twitter is cooking their brains theory looking pretty strong https://bsky.app/profile/ianboudreau.com/post/3me6yefomzc2w  * [clip] Trump says he is adjusting his mass deportations policy to only go into cities if the mayors or governors ""ask"" and ""say please,"" adding, ""I don't want to go and force ourselves into a city, even if their numbers are terrible."" https://x.com/disclosetv/status/2019203189221065004  * The Israeli economy now literally requires permanent war to function. This is not an exaggeration or a metaphor. Their arms sector is the only growth industry left. https://x.com/heckblazers/status/2019481430242308248  * FBI Couldn't Get into WaPo Reporter's iPhone Because It Had Lockdown Mode Enabled - 404MEDIA https://old.reddit.com/r/technology/comments/1qx4oo5/fbi_couldnt_get_into_wapo_reporters_iphone/  * China Beats U.S. on Another Automotive Innovation: Banning Electronic Door Handles - thedrive https://old.reddit.com/r/technology/comments/1qxgrda/china_beats_us_on_another_automotive_innovation/  * Uber found liable for sexual assault in first of thousands of similar lawsuits? / A federal jury has ordered Uber to pay the victim $8.5 million in damages. - theverge https://old.reddit.com/r/technology/comments/1qxgv66/uber_found_liable_for_sexual_assault_in_first_of/  * Homeland Security is trying to force tech companies to hand over data about the President's critics - techcrunch https://old.reddit.com/r/technology/comments/1qx6k41/homeland_security_is_trying_to_force_tech/  * How I disabled 13 AI features in Windows 11 safely, no third-party apps needed - windowslatest https://old.reddit.com/r/technology/comments/1qxbsct/how_i_disabled_13_ai_features_in_windows_11/  * Yet another Windows update is wreaking havoc on gaming rigs worldwide -- Nvidia recommends uninstalling Windows 11 KB5074109 January update to prevent framerate drops and artifacting - tomshardware https://old.reddit.com/r/technology/comments/1qx9ji7/yet_another_windows_update_is_wreaking_havoc_on/  * Windows update woes continue, this time slowing down Nvidia GPUs - techspot https://old.reddit.com/r/technology/comments/1qxi5xy/windows_update_woes_continue_this_time_slowing/  * Windows 11 restricts Storage settings to admins - windowscentral https://old.reddit.com/r/technology/comments/1qx9kf5/windows_11_restricts_storage_settings_to_admins/  * TikTok could be forced to change app's 'addictive design' by European Commission - theguardian https://old.reddit.com/r/technology/comments/1qxfttb/tiktok_could_be_forced_to_change_apps_addictive/  * Luigi Mangione speaks out in protest as judge sets state murder trial for June 8 - apnews https://old.reddit.com/r/law/comments/1qxnoyf/luigi_mangione_speaks_out_in_protest_as_judge/  * Luigi Mangione will face state trial in New York on June 8 - nbcnews https://old.reddit.com/r/news/comments/1qxrof5/luigi_mangione_will_face_state_trial_in_new_york/  * Waymo Exec Reveals Company Uses Remote Workers in the Philippines to Assist Autonomous Vehicles - people https://old.reddit.com/r/worldnews/comments/1qxrhrg/waymo_exec_reveals_company_uses_remote_workers_in/  * US ambassador questions troop presence in Poland after official says Trump doesn't deserve Nobel Prize - kyivindependent https://old.reddit.com/r/worldnews/comments/1qxfe52/us_ambassador_questions_troop_presence_in_poland/  * Three African countries agree to UK migrant returns after sanctions threat - bbc https://old.reddit.com/r/worldnews/comments/1qxcf29/three_african_countries_agree_to_uk_migrant/  * US strikes another boat in the eastern Pacific, killing 2 - cnn https://old.reddit.com/r/worldnews/comments/1qxer8q/us_strikes_another_boat_in_the_eastern_pacific/  * US strikes another boat in the eastern Pacific killing 2 - cnn https://old.reddit.com/r/news/comments/1qxl5pw/us_strikes_another_boat_in_the_eastern_pacific/  * Pardoned January 6 rioter pleads guilty to threatening US Democratic leader Jeffries - reuters https://old.reddit.com/r/news/comments/1qxm8sl/pardoned_january_6_rioter_pleads_guilty_to/  * [clip] another Jan 6'er arrested for molesting a minor  https://old.reddit.com/r/law/comments/1qx77z4/i_have_a_feeling_this_ishas_been_an_ongoing_issue/  * 4 times as many measles cases in a few weeks than US typically averages in a whole year: CDC  - abcnews https://old.reddit.com/r/news/comments/1qxnims/4_times_as_many_measles_cases_in_a_few_weeks_than/  * Officials warn of possible measles exposure at Montgomery County urgent care - nbcphiladelphia https://old.reddit.com/r/news/comments/1qx6wnw/officials_warn_of_possible_measles_exposure_at/  * Camp leader jailed for drugging and abusing boys  - bbc https://old.reddit.com/r/news/comments/1qxpjry/camp_leader_jailed_for_drugging_and_abusing_boys/  * Parents of still-missing Camp Mystic flooding victim sue camp owners  - nbcnews https://old.reddit.com/r/news/comments/1qx59bp/parents_of_stillmissing_camp_mystic_flooding/  * Actor Timothy Busfield indicted on child sex abuse charges by New Mexico grand jury - nbcnews https://old.reddit.com/r/news/comments/1qxmwpl/actor_timothy_busfield_indicted_on_child_sex/  * Man whose mother was found among 189 decaying bodies tells the story - apnews https://old.reddit.com/r/news/comments/1qxig2z/man_whose_mother_was_found_among_189_decaying/  * Dropkick Murphys Frontman Calls Out NFL for Hypocritical Stance Toward Bad Bunny's Super Bowl Performance: ""The NFL... made everybody sit through a Charlie Kirk moment of silence"" - consequence https://old.reddit.com/r/Music/comments/1qxq12k/dropkick_murphys_frontman_calls_out_nfl_for/  * [dailymail so be skeptical] Gen-Zers have become the first generation since records began to be less intelligent than their parents, and an expert has uncovered the reason.  https://www.dailymail.co.uk/sciencetech/article-15520263/Gen-Z-intelligent-neuroscientist.html",2026-02-06T21:04:36Z
tweet,twt,informal,after,Tweet Original: https://x.com/OverwatchNaeri/status/2019849322997977251?s=20,2026-02-06T20:58:31Z
tweet,twt,informal,after,"I don’t know what more to say. Title explains my situation.  I built it because I needed it then decided to launch it as a website. There are 50 people using at the moment and they absolutely love it. However, I cannot get new users.  I shared it on reddit, linkedin and HN. Frequently tweeting about it (I have 3.6k followers) but not getting new users at all. It’s either a too nice product (I absolutely don’t think so) or not a great product as I think.  The tool is for receiving personalized digests of tech news from multiple sources.  What should I do?",2026-02-06T20:53:22Z
tweet,twt,informal,after,"Have any of you seen stuff you’ve mentioned online show up in a medical drama in such a specific detail that it made you wonder if the plot/staging/dialogue actually did come from you?  I think this just happened to me — again. Two different shows. Way too identical to things I’ve posted/commented/tweeted to file under total coincidence. I’m putting this is the “suspicious” file, because I’m not so big a narcissist to believe what I’ve said here is worthy of being grifted for tv writing; however what I’ve seen in both these shows is damned near verbatim to stuff I’ve put online. (Most of it is damned near verbatim, but this one today included dialogue I have quoted word for word.)  Anyone else wonder if this happened to you?  \*Disclaimer: I promise I’m not a crazy. Wellllll, I mean, we all get a little mad sometimes, but I’m not THIS TYPE of crazy.\* 😂",2026-02-06T20:40:56Z
tweet,twt,informal,after,"**TL;DR:**   We’re launching a **short, coordinated Twitter/X reply campaign** asking **Gilead Sciences** to:  1️⃣ **Explicitly commit to HIGH PRIORITIZATION of HSV**   2️⃣ **Publicly share a Phase 2 timeline by the end of February**  Gilead bought ABI-1179 and ABI-5366 on 12/22, and it's been radio silence since then even though these drugs showed up to 99% reduction of high viral shedding and 94% reduction of outbreaks.  Their next earnings call is on Tuesday, 2/10. Now is the time to ask them to commit to prioritizing these drugs and provide a timeline by the end of February. If they conduct the earnings call without any kind of update on their new assets, that's all the more reason to apply even more pressure the day after the earnings call. Their reputation to investors and analysts matters, so this is prime time for us to apply pressure.  We're hoping for at least 50 people to participate in this Twitter campaign, the more the better! **Please comment below if you're in.**  # 🗓️ THREE ACTION DAYS  Try to quote-tweet on Gilead posts all three days!  🔥 **Now – Fri 2/6**   • Reply to recent Gilead tweets made within the last 1-2 days  🔥 **Mon 2/9 — PRE-EARNINGS PUSH**   • Continue to reply to Gilead tweets  🔥 **Tue 2/10 — EARNINGS DAY (CRITICAL)**   • Reply to earnings announcement + exec quote tweets   • This is the **highest-impact day**  # ✅ HOW TO PARTICIPATE (STEP-BY-STEP)  1️⃣ Open Twitter/X   2️⃣ Go to @**GileadSciences**   3️⃣ Find a recent tweet (within 1-2 days) on pipeline, innovation, corporate responsibility   4️⃣ Click on the QUOTE icon (circular arrows) then QUOTE to create a ""quote tweet"" because they turned off replies on their posts. Do not click REPOST. Use **ONE** template below. Tweak it a little with your own spin.   5️⃣ Post once or twice on each of the above days.  # 🎯 BEST GILEAD POSTS TO TARGET  Reply under tweets about:   🔥 Earnings announcements   🔥 Pipeline updates   🔥 “Innovation” / “unmet medical need”   🔥 Antiviral leadership   🔥 Corporate responsibility / ESG  # 📋 COPY / PASTE TEMPLATES 🔥  Put a bit of your own spin on your tweet if possible, but don't worry about making them ultra unique. Replace (at) with actual @ symbol in X/Twitter. Reddit keeps converting them into u/ on here.  TEMPLATE 1  HSV affects hundreds of millions globally, yet treatments haven’t meaningfully advanced in decades. Will (at)GileadSciences commit to HIGH prioritization of HSV and share a Phase 2 timeline by the end of February?  \#HSV #HSVResearch (at)adamfeuerstein (at)AndyBiotech (at)PeterKolchinsky (at)LifeSciVC  TEMPLATE 2  As investors review pipeline priorities this earnings cycle, clarity on HSV matters. Can (at)GileadSciences confirm HSV as a high-priority program and disclose a Phase 2 timeline by end of February?  \#HSV #HSVResearch (at)adamfeuerstein (at)AndyBiotech (at)PeterKolchinsky (at)LifeSciVC  TEMPLATE 3  Gilead is a global antiviral leader, yet HSV remains underserved despite its prevalence and impact. Will (at)GileadSciences provide a clear commitment to HIGH HSV prioritization and a Phase 2 update by end of Feb?  \#HSV #HSVResearch (at)adamfeuerstein (at)AndyBiotech (at)PeterKolchinsky (at)LifeSciVC  TEMPLATE 4  Millions living with HSV are waiting for meaningful innovation. Will (at)GileadSciences commit to prioritizing HSV at the highest level and share a Phase 2 timeline by the end of February?  \#HSV #HSVResearch (at)adamfeuerstein (at)AndyBiotech (at)PeterKolchinsky (at)LifeSciVC  TEMPLATE 5  From a public health and ESG perspective, HSV represents a massive unmet medical need. Can (at)GileadSciences clarify HSV’s priority status and provide Phase 2 timing by the end of February?  \#HSV #HSVResearch (at)adamfeuerstein (at)AndyBiotech (at)PeterKolchinsky (at)LifeSciVC  🚀 THIS ONLY WORKS IF YOU PARTICIPATE  If you're truly sick of how slowly these drug companies move, the only way to push for speedier drug development is to publicly make a lot of noise with a lot of other people. Otherwise, they'll just keep working at whatever pace they're comfortable with. If you're really sick of the status quo, please take a couple min to commit by commenting below that you're in and head over to X/Twitter each of the action days.",2026-02-06T20:37:30Z
tweet,twt,informal,after,"Idk if y’all noticed but BTS always act like fans around other western celebrities even if the celebrity was famous after them ?   They literally have no aura. Their songs are so ahh and without ratmys, they’re nothing.   And what’s even more embarrassing is their fandom. How do you want to be respected as an artist when your fandom is based on fan service and making them believe that you’re in relationship with them.   Even when they take pictures with celebrities, ratmys will tweet about it and make a trending hashtags for nothing.   They’re supposed to be respected artist but they look like they want validation from smaller artists.   And i think they know they’re not that big and respected because all their streams are bought by HYBE or its mass streaming from jobless ratmys ",2026-02-06T20:32:41Z
tweet,twt,informal,after,https://bsky.app/profile/atrupar.com/post/3me7qkoj2qk2b,2026-02-06T20:31:38Z
tweet,twt,informal,after,https://bsky.app/profile/atrupar.com/post/3me7qkoj2qk2b,2026-02-06T20:30:59Z
tweet,twt,informal,after,What do people thing going to submit it to Lego Ideas. Design is a book that opens up and acts as a display stand for all the figures. I don’t have twitter but love for anyone to tweet it at Lev Grossman for him to see,2026-02-06T20:18:32Z
tweet,twt,informal,after,"Welcome to Synthvoid, a recorded round all about vaporwave. This time, the artist being used is Esprit (or George Clanton), and his album known as 200% Electronica, with the cover art of the album (referenced with this tweet here: [Reference tweet](https://x.com/SynthvoidRR/status/2018409694117687373)) being transformed into a full world, that being a massive desert, with the colors from it being the base of the season's color palette. Various songs from the same album can be found in the form of cassette tapes (re-textured music discs) in custom structures.  Unlike what most people may believe about dead bushes on Elysium, this time, they don't drop apples or feathers. Apples can only be gotten through the large amounts of desert oases around bodies of water, and feathers can be gotten through zombies (beta zombies!)  On top of that, a special vaporwave shader (Originally used for s7 of Paradox) is being used by many of the players for added visual effect!  Episode 4 doc: [Synthvoid Season 2: Esprit | Episode 5](https://docs.google.com/spreadsheets/d/1eQrD5mAx1gqhUqV0_uSuyYyZMxX0046upbg5kVy5CNc/edit?usp=sharing)  Previous episodes:  Episode 1: [Link](https://www.reddit.com/r/ultrahardcore/comments/1qu5vgh/synthvoid_season_2_esprit_episode_1/)  Episode 2: [Link](https://www.reddit.com/r/ultrahardcore/comments/1qv2gkw/synthvoid_season_2_esprit_episode_2/)  Episode 3: [Link](https://www.reddit.com/r/ultrahardcore/comments/1qvz4rp/synthvoid_season_2_esprit_episode_3/)  Episode 4: [Link](https://www.reddit.com/r/ultrahardcore/comments/1qwwdm6/synthvoid_season_2_esprit_episode_4/)",2026-02-06T20:00:04Z
tweet,twt,informal,after,"According to the tweet, these are green flags ",2026-02-06T19:55:06Z
tweet,twt,informal,after,"Jefferson, Greenard tweet, Aaron Jones, the Kam stuff...  https://x.com/i/status/2019562790738870420  We already know he's a big mental health, stoicism guy.... he turned into a this year's meme for trash and now these interviews with his teammates (who didn't lying).  Guy can't catch a break",2026-02-06T19:53:17Z
tweet,twt,informal,after,"Posting hoping this comes up creative work being permitted on this subreddit...   **Pre-ambles**  Recently, I hooked up with someone for the first time in a number of years that I don’t like to say out loud. If you factor in a global pandemic, preceded by an 18-month chronic illness flare, you approach roughly the right ballpark. If that ballpark was located in a city several continents over and you were travelling by foot to reach it.  The number matters less than what happened inside it.  During the pandemic, and especially after the steroids I was taking distorted my body as compensation for stopping my colon from attacking itself, I let my world shrink. I stopped putting myself in optional social spaces. I saw friends less. I delayed things. I became someone who might come next time.  Shielding during COVID became just that, a shield against much more than a viral illness: social obligations, expectations of functionality, having to be seen. I became determined to wield it to its very limits. Oddly, seeing full crowds back at Wimbledon was my cue that the plausibility of this might soon be stretched.  I already had the sort of body that the very dullest of my co-workers would be desperately trying to diet themselves away from every January, but which to me seemed normal enough. I was very much giving magazine shoot ‘before’ photo, but I didn’t desperately covet an ‘after’.  I was disabled at that point by needing to be within sprinting distance of a toilet for months on end when my colon was particularly angry. But, I was able to move through the world without barriers due to my size. No fears that an armrest would prohibit sitting or seatbelt wouldn’t fasten. No googling restaurants ahead of time to check the shape of their seats or the space in a booth.  This I now know as privilege. I was slowly emerging back into the world following the pandemic with a body as something to manage rather than present. A logistical problem. A negotiation with clothes, chairs, fellow commuters.  Desire, in that context, felt like a future-tense concept. Something for the version of me who would eventually stabilise, reduce, recover, normalise. Not for this ‘interim’ self.  The gap between when I was last with someone and when I agreed to meet him wasn’t bridged by a decision so much as eroded by small concessions.  I had edged my way back to some sort of existence. Although, I still imagined myself looking from above like a strange solitary character from *The Sims: Gay Millennial Angst* edition, ferrying myself from home to work to gym to cinema to home to work, with a predicability well within the abilities of a late-90’s game coder.  Eventually, I stopped nervously scanning the faces around me for signs of familiarity as I darted from the cinema the moment the credits rolled, dreading an old friend calling my name in surprise. Sometimes, I kept my glasses off until I was seated. If not the most cunning disguise, at least reducing the world around me to a comforting blur.  After more deadlifts and kettlebell swings than I care to remember, the world started to promise fewer humiliations. And I noted to be grateful of that. I imagine one day I’ll stop feeling a rush of relief on pulling down a rickety stalls seat in an old theatre and finding myself sat comfortably unencumbered by armrests or company. But I hope I stay a little kinder from it.  The download happened on a night when boredom outweighed dread. I knew to stay away from a certain app, even if rudimentary statistics suggested to me that not *everyone* on it could possibly be mean, flaky and demanding of perfection, given the number of people on it who tweeted their apparent upset at those qualities. I figured anyone who engaged with my profile had clearly already accepted I wouldn’t be heading to a *Men’s Health* photoshoot following the meet.  Still, I settled on an app that declared its body positivity from the outset, and allowed for the selection of basic descriptors other than ‘large’ or ‘stocky’, for which I never knew exactly where I stood.  I had a few conversations and shared enough carelessly captured photographs to be convinced I was a plausible and inviting proposition to a small subset of other human beings.  I think most of us have fairly modest aspirations in that regard and are not hankering after universal admiration. But low self-esteem will do its best to make you incredulous of potential admirers on a scale ranging from an apathetically shrugged *really?* to, at times, absolute certainty that their brain has imposed its own filters on your image, that they’ve misread the contours of your body and are destined for disappointment.  I’d had a busy, not particularly notable week, although I had already come close to exceeding my sociability quota after shivering in a pub garden in my Spice Girls’ t-shirt for three hours to bid farewell to a colleague.  I noticed Patrick - name changed for the purposes of the 10 people who might read this blog - on Saturday morning as I was rushing to get ready to go to the gym.  He looked cute, I envied his dark features, but his profile was intimidatingly sparse. And not that it would really matter much but ‘cooking’, ‘technology’ and ‘outdoors’ were not quite the same options on the ‘interests’ box that I had reached for.  I said ‘hello’ and he said ‘hello’ back, along with a few other comments indicating he might be one of the subset of human beings who considered me a plausible and inviting proposition.  Over the course of a few hours, we very sporadically chatted and I came to the realisation that the conditions were almost perfect for a low-stakes reengagement with this part of life; we had been suggestive, but not escalated to promises that two strangers meeting on a Sunday afternoon would be unlikely able to translate into reality.  Like all good millennials, I had deployed all my resources to find evidence of him online outside of the app, as though a LinkedIn profile and years-old Pinterest board could verify he wasn’t a serial killer. His internet footprint suggested he’d had his own struggles, and I realised he didn’t seem all that different from me.  I expected taking the decision to meet someone again to feel much more agonised or significant, but it suddenly just seemed quietly possible - and infinitely preferable to dragging myself to the cinema to see a film about a crazed killer ape, which had previously been the only contender to extend my weekend activities beyond gym and mopping.  I sleepwalked into inviting him around on Sunday afternoon. I had learned, through my diligent research, that he was Canadian. For reasons I’m not sure of, I had found that comforting, imagining it would add a subtle layer of distance that would make me feel less perceived. I also thought it would provide a natural point of conversation.  I had assumed there’d be at least some acclimatisation after we were introduced. The last guy I’d hooked up with had shown me his post-grad Chinese coursework before anything happened, although he did at least save the topic of his fractured relationship with his Dad for afterwards.  But I sat down. Patrick sat down. And he kissed me.  Actually, he launched himself at me with a kind of enthusiastic momentum that took me aback, not in alarm but in recognition. It was the physics of teenage desire transplanted into two people in their thirties. An unself-conscious forward motion, as if hesitation hadn’t been invented yet.  ‘Oh,’ I said, half-laughing, ‘we’re skipping the pre-amble.’  Then I kissed him back, grateful, actually, for the immediate confirmation of how familiar it felt and that I hadn’t had any time to sit nervously wondering whether I still knew what I was doing while we discussed the various provinces of Canada...  More here: [https://programmenotes.substack.com/p/pre-ambles](https://programmenotes.substack.com/p/pre-ambles)",2026-02-06T19:51:05Z
tweet,twt,informal,after,It's good to see how he changed.  Making curis is so fun.,2026-02-06T19:48:31Z
tweet,twt,informal,after,"Everyone is arguing about whether OpenClaw is dangerous, useless, overhyped, or a scam.  They’re missing the point.  OpenClaw isn’t valuable because it’s “smart.”   It’s valuable because it can run **systems**.  That’s the difference between people messing around for weeks and people quietly making money with it.  With no structure, it eats your time.   With a system, it compounds.  Take trading. Not auto-trading. Not “AI picks winners.” That’s fake.   The real leverage is monitoring spreads, journaling trades, scanning markets regularly, summarizing news into something actionable, and staying disciplined instead of emotional. Humans are terrible at doing that consistently. OpenClaw isn’t.  Same with arb — especially Polymarket, Kalshi, etc. Big opportunity there.   The value isn’t execution. It’s awareness. Watching multiple markets at once, flagging deltas, tracking them over time, logging outcomes so you actually learn instead of guessing. Most people never do this because it’s boring. OpenClaw doesn’t get bored.  Freelance work is even more obvious.   Agents won’t replace freelancers. Freelancers who use agents will replace the ones who don’t. One system can read job posts, extract signals, draft proposals in your voice, vet clients, and keep everything as drafts so you stay in control. That’s not magic. That’s leverage.  Same story with content. Research. Ops. Anything repetitive that still needs judgment at the end.  The mistake people make is expecting a robot employee.   That’s why they say it’s useless.  OpenClaw doesn’t make decisions for you.   It makes *good decisions easier* by handling the boring, repetitive, high-attention work you usually skip.  The people who win with this won’t be tweeting about it nonstop.   They’ll just ship more, respond faster, trade cleaner, and take on more work without burning out.  That’s why this feels bigger than people realize.  Not because it’s magic.   Because systems beat talent — and OpenClaw finally makes systems cheap.  Curious how people here are actually using it. Not hypotheticals. Real workflows.",2026-02-06T19:46:45Z
tweet,twt,informal,after,"Everyone is arguing about whether OpenClaw is dangerous, useless, overhyped, or a scam.  They’re missing the point.  OpenClaw isn’t valuable because it’s “smart.”   It’s valuable because it can run **systems**.  That’s the difference between people messing around for weeks and people quietly making money with it.  If you give it no structure, it eats your time.   If you give it a system, it compounds.  Take trading for example. Not auto-trading, not “AI picks winners.” That stuff is fake. But monitoring spreads, journaling trades, scanning markets every few hours, summarizing news into something usable, keeping you disciplined instead of emotional — that’s real leverage. Stuff humans are bad at doing consistently.  Same with arb (Polymarket, kalshi ETC.. big opportunity here).The value isn’t execution. It’s awareness. Watching multiple markets at once, flagging deltas, tracking them over time, logging outcomes so you actually learn instead of guessing. Most people never do this because it’s boring. OpenClaw doesn’t get bored.  Freelance work is even more obvious. People think agents will replace freelancers. What actually happens is freelancers who use agents replace freelancers who don’t. You can have one system that reads job posts, extracts signals, drafts proposals in your voice, vets clients, and keeps everything as drafts so you stay in control. That’s not magic. That’s leverage.  Same story with content. Same with research. Same with ops. Same with anything repetitive that still needs judgment at the end.  The mistake people make is expecting a robot employee.  That’s why they say it’s useless.  OpenClaw doesn’t make decisions for you. It makes **having good decisions easier** by doing the boring, repetitive, high-attention work you usually skip.  The people who win with this won’t be tweeting about it nonstop. They’ll just quietly ship more, respond faster, trade cleaner, and take on more work without burning out.  That’s why this feels bigger than people realize.  Not because it’s magic.   Because systems beat talent, and OpenClaw finally makes systems cheap.  Curious how others are actually using it — not hypotheticals, real workflows. I have been using OpenClawWorkflows the website it pretty decent they still need to expand on there packs but like the use cases so far ",2026-02-06T19:42:36Z
tweet,twt,informal,after,"Trump apologize, that will be the day. He will either say he was trying to delete the post that someone else posted or someone else re-posted for him.  EPBiever  Topline  Republican leaders are urging President Donald Trump to apologize after he posted—and later deleted—a racist video on Truth Social that featured President Barack Obama and First Lady Michelle Obama portrayed as gorillas.  Key Facts  The video—posted late Thursday night as the president shared multiple posts and clips pushing conspiracy theories about the 2020 election—includes what appears to be an unrelated clip showing the former president and first lady’s faces superimposed on the bodies of dancing apes, with the song “The Lion Sleeps Tonight” playing in the background.  White House Press Secretary Leavitt said in a statement the video “is from an internet meme depicting President Trump as the King of the Jungle and Democrats as characters from the ‘Lion King,’” though there are no gorillas featured in prominent roles in the Disney movie.  Leavitt advised to “please stop the fake outrage and report on something today that actually matters to the American public,” but by 12 p.m. EST the video had been deleted from Trump’s Truth Social page.  Unnamed White House officials told reporters at NewsNation and CNN ""a White House staffer erroneously"" made the post on Trump's account.  The original video depicts Trump as a lion and includes Former Vice President Kamala Harris, House Minority Leader Hakeem Jeffries and actress Whoopi Goldberg as wild animals, Leavitt said in a statement to Newsweek.  The president reposted the video a second time with a screenshot of a Twitter post restating baseless claims about “Dominion and Smartmatic Election rigging systems.”  Republican Officials Blast ‘unacceptable’ Video  The video has been met with condemnation from Republican leaders, including Sen. Tim Scott, R-S.C., who called it “the most racist thing I’ve seen out of this White House.” Before the video was removed, Scott—the Senate’s only Black republican—called for its deletion, as did Sen. Roger Wicker, R-Miss., who said the clip “is totally unacceptable.” Sen. Pete Ricketts, R-Neb., said “a reasonable person sees the racist context to this,” with Rep. Mike Lawler, R-N.Y., calling it “wrong and incredibly offensive.” Trump has been asked to apologize by some of the Republican leaders, including Rep. Mike Turner, R-Ohio, who said the depiction of the Obamas was “offensive, heart breaking and unacceptable.” Rep. Brian Fitzpatrick, R-Pen., called the post “a grave failure of judgement and is absolutely unacceptable from anyone,” urging Trump to issue a “clear and unequivocal apology.” Sen. Susan Collins, R-Maine, shared Scott’s post and said she agreed, writing that the clip “was appalling.”  Democratic Leaders Call Out ‘disgusting’ Clip  California Gov. Gavin Newsom’s press office account on X reposted a screenshot of the video and wrote: “Disgusting behavior by the President. Every single Republican must denounce this. Now.” Ben Rhodes, who served as Obama’s Deputy National Security Advisor, also shared a screengrab of the post and tweeted: “Let it haunt Trump and his racist followers that future Americans will embrace the Obamas as beloved figures while studying him as a stain on our history.” Senate Minority Leader Chuck Schumer, D-N.Y., said the clip is ""dangerous and degrades our country,” writing in a post on X it was “Racist. Vile. Abhorrent.” Jeffries, who was shown in the original video, said in a Friday morning post Trump “is a vile, unhinged and malignant bottom feeder” while urging all Republicans to denounce his “disgusting bigotry.”",2026-02-06T19:31:10Z
tweet,twt,informal,after,"I know, every day online, people take pieces without permission, to use as avatar pics or article banners or promotional tweets or anything else.  I'd like to hear any stories about times that artists have found their own work in the wild, not credited (and my condolences to those who have been robbed).",2026-02-06T19:23:22Z
tweet,twt,informal,after,Multiple A-listers were in attendance. A certain model who has been in hot water for a series of now deleted pedo-adjacent tweets spanning back decades seemed to be in good spirits.   These people have no idea that it’s over. They’re still holding on to the notion that our “democracy” is salvageable. Some are acknowledging that trumps third term is inevitable but my god… they still think we can vote our way out of it.   No talk of secession. No talk of any action beyond throwing money and voting harder. One guest who directed a well-known environmental film from the early 2000s looked quite demoralized. ,2026-02-06T19:23:13Z
tweet,twt,informal,after,"/uj Surprise! I'm not dead!  My preparations took a little longer than I thought, mostly cause I was busy studying for my exam this week (and other hobbies) but I had some time and nothing better to do on the train today so I finally got everything done.  Among other things I finally updated my info-hub posts and I'd tell you to check them out now but tbh you should probably wait with that until I have properly introduced my *new mystery character* (should take about 2 weeks maybe). There'll be more to see then",2026-02-06T19:23:04Z
tweet,twt,informal,after,"Long time seat holder in our congressional district, Nevada’s second district, Mark Amodei says he’s retiring from Congress after 15 years, opening up the seat and possibly enhancing slim Democratic chances in what has been a solidly red district during Amodei’s tenure.        Amodei’s Kietzke offices have been a repeated target of recent protests from the local left.        Rick Shepherd who used to espouse progressive politics locally now running as a Republican for the congressional seat had a curse filled tweet insulting Amodei reacting to his retirement.        On the Democratic side, candidates include several we’ve interviewed for in depth articles, Morgan Wadsworth and Josh Hebert, as well as party operative Matthew Fonken and previous independent candidate Greg Kidd.      Kidd was much more polite writing ”Mark, ty for your service and for the great debates we had during the last election cycle.”     https://preview.redd.it/hd7zq6w7axhg1.png?width=1080&format=png&auto=webp&s=79f9f052358373b4317c38aefb8b42ad116803e9  ",2026-02-06T19:05:35Z
tweet,twt,informal,after,[Source (tweet)](https://x.com/noridoesvr/status/2019847513470357625?s=46),2026-02-06T19:05:24Z
tweet,twt,informal,after,"*(Shot of Gordon Ramsay standing inside Hell’s Kitchen Miami)*  GR: “What a thrilling season we’ve just had, let me tell you. I brought the competition to Miami hoping to raise the heat, and that’s exactly what happened when twenty chefs walked through those doors right over there, and competed for the right to become my head chef at this very restaurant and take home the half million dollar grand prize. It was a proud moment for me to be there when Willow finally came of age in the kitchen and proved that she was no longer the student, but a master chef in her own right. What a moment for her, and for Avery, who was a wonderful competitor in Season 23. If you happen to be in Miami, you might just catch a glimpse of Willow over there at the pass, directing her brigade…”  (Clips of chefs cooking and Willow leading shown)  GR: “We’d better not disturb her. Let’s step outside…”  *(Ramsay standing outside HK Miami)*  GR: “You know, ever since HK27 ended, I’ve been getting so many questions on social media, people wanting to know how the chefs are doing, how their lives have been affected by the experience, where their careers have taken them. I like to take the journey of discovery with the viewers, because I’m also curious, and when Brits get curious, they don't stop till they get to the bottom of things…just ask Agatha Christie.   https://reddit.com/link/1qxqjyt/video/b8hy7ft19xhg1/player  **Establishing shots of central Florida, swamp rock plays**   GR: “It seemed innocuous enough at first, so much so that none of the production team picked up on until filming had nearly wrapped, but the question began to come to everyone’s mind…did Mason know? I certainly didn’t, nor did Jon and Ariel. But not long after the season went to the air, that same question was now being asked by the viewers. It became an online sensation as episode after episode went by and Ruby’s true colors began to show. The hashtag #FreeMason went viral as HK fans were waiting for him to finally break his silence. Then it happened, the finale went live, and so did Mason. While the celebrations were dying down in Hell’s Kitchen and the season was officially over, things were just getting heated in Mason’s stream. Apparently, he’d known from the start that Ruby was bad news because she reminded him of his ex-wife. Bloody hell. Mason wasn’t done, however. Only a couple months later, he hosted a highly anticipated Reddit AMA, where one user asked him point blank “did you know this all along?” To begin with, Mason claimed, his suspicions began during prep, because his steaks were trimmed properly, and all was not as it appeared on screen, however, due to his NDA, he couldn’t fully state his side of the story, but the implication was obvious. As you can imagine, this only stoked the conspiracy theories further. Fuck me, and I thought Chickengate was bad. One thing is certain, the man with the shortest time in the competition has clearly made the most of it. Now he’s even selling “Mason knew” T-shirts, and people are actually buying them. From zero to an unlikely folk hero, who knows what else the future holds for this young man, but it won’t be anywhere near HK Miami, I’m afraid.”  **Establishing shots of Little Rock, Arkansas shown. Country music plays**   GR: “Chase may not have been in the competition for very long, but he more than left his mark, and his path since leaving Hell’s Kitchen has been one of humility. After returning home with egg on his face and a $10,000 bet to be paid off, Chase was fortunate enough to find that his friends had forgiven his debt, but he still felt that he owed something to his community. I tell you, this guy really is committed, he left his old job as a sous chef and started up a soup kitchen for the homeless, he seems to really be in the spirit of uplifting his fellow man. Of course, Chase is now a bit of a celebrity in Little Rock. It seems everyone wants to talk to the guy who forgot to plate his own protein in the opening challenge, and apparently “Chasing” has now entered the online lexicon as a term to describe this impressive feat. For his part, Chase has been more than happy to give the people what they want, posing for photos and handshakes, and giving interviews to local news stations. Now that’s a man with a positive attitude.”  **Establishing shots of Charlottesville, Virginia**  GR: “Coming in at eighteenth place, we have a chef I really expected a lot more out of in the competition. Tori’s an executive chef, she’s got a strong mindset, but when it came time for the iron to sharpen, she sadly dulled and broke under the pressure. Evidently, Tori has returned to her old position as an executive chef, and doesn’t seem terribly interested in talking about her time in Hell’s Kitchen. Not to the media, not to the HK YouTube community, and certainly not to me. Some chefs crave the limelight and others can’t wait to step away from it. I don’t reckon it’s too difficult to figure out which group Tori fits in.”  **Establishing shots of Bordeaux, France, French sounding music plays**  GR: “Bordeaux is a truly charming city in the southwest of France, a sincere pleasure to visit. What a shame that its representative in this season was anything but charming. In his brief stay, Benoit unfortunately reminded me of why I often clashed with French chefs on Kitchen Nightmares…*(cut to Ramsay in confessional)* Can I say that? You’re not gonna fuckin’ censor “French” like they did back in the day, are you? (laughs heard in background, then cut away from confessional back to images of Bordeaux) Benoit’s stubbornness and refusal to adapt were the main reasons he couldn’t find success here, though he insists to this day that he was sabotaged and eliminated unfairly. Ironically, the biggest change is one he’s made since the competition. Benoit has officially moved to the US and settled right here in Miami, Florida, where he now apparently works as a culinary instructor. Goodness me, I don’t know what he’s teaching those students or what his methods are, I just hope that he doesn’t let his ego and pride get in the way.”  **Establishing shots of Baton Rouge, cajun music plays**  GR: “Baton Rouge is a city with a rich culinary history, and Isaiah had a connection to a part of that history due to his time working alongside Motto from Season 18. When this guy cooked me his signature dish, let me tell you, I thought he was going to be one of the main ones to beat. If only I’d known then that this was as good as it would ever get for him. Since coming back home, Isaiah has picked up where he left off with his business, and from what I’ve heard, his clientele hasn’t slowed down at all. He’s since stated that Hell’s Kitchen was an incredibly intense experience that brought out a bad side of him, and made him realize that he’s ultimately content to focus on a more casual, community focused approach. Personally, I couldn’t agree more and wish him all the best.”  **Establishing shots of Burlington, Vermont**  GR: “I’ve never made any secret about the fact that Hell’s Kitchen is not for the faint of heart. It’ll test you, it’ll push you to your limits, and if you don’t take care, it could do much worse. That’s the one thing I never want to see. This brings me to Payton, she arrived as an executive chef with Irish heritage and a loyal fandom of Season 22 winner Ryan O’Sullivan. It seemed that she had all the pieces to make a strong case as my next head chef, but regrettably, it didn’t work out that way at all. Payton never really seemed to get into the competition, and since her time here, she’s opened up in guest appearances with YouTubers like FlynnMasters as well as Melody and Lauren’s podcast, talking about how her experience on the blue team, with one chef in particular, did a number on her mental health. Since then, she’s taken a step back from cooking and appears to be working to get into a better mental space again. She’s a strong girl, and I have to believe that she’ll get through this in her own time and find happiness and fulfillment in her own way. That’s certainly what I’m hoping for.”  **Establishing shots of Sacramento, California**  GR: “In comments on Reddit, YouTube, Twitter, and various social media platforms, they called it one of the biggest betrayals in recent memory of this competition. Hazel and Ruby seemed to be best friends through thick and thin, but suddenly, the winds had changed, and the last to realize was Hazel herself. Hazel was initially silent at the end of the season, she seemed to have no interest in talking about what had gone on or addressing the speculation about her and Ruby. At last, over a week after the finale aired, Hazel broke her silence in a long tweet claiming that she had no idea about what Ruby was really like, but had she known, she would have been the first leading the charge against her, and confirming that the two are no longer friends. Hazel also apologized to Becca and the rest of the cast if she caused them any trouble due to her actions. If you thought the heat from this season died down when the stoves were turned off, think again. Fuckin’ hell.”   **Establishing shots of Cincinnati, Ohio**   GR: “When you talk about food in the American heartland, you think of cuisines aimed at blue collar men and women, dishes constructed to make you feel at home. That’s where I think a chef like Dennis is truly in his element. His wedding catering business was already well known locally before coming to HK, but since the show aired, it’s exploded in popularity, with couples all across the state and even in neighboring states looking to hire him. It may seem ironic, given his exit, but Dennis says his love for the special occasion hasn’t been dimmed in the slightest. He’s also described Hell’s Kitchen as a learning experience, not only teaching him new techniques that he still uses on the job, but also a hard lesson in reading people. Like everyone else, Dennis was caught flat footed by the reveal of Ruby's family. I watched an interview he did on YouTube recently where he admitted that Tristan wasn’t the only man there who fell for Ruby in the early going, and it could easily have been any of them getting played. A fickle thing indeed, and Dennis has reason to be content with the hand he’s been dealt.”  **Establishing shots of Nashville, TN, rockabilly music plays**   GR: “Georgia from Tennessee was a joy to have in Hell’s Kitchen, she put a pep in her team’s step and delivered some impressive flavors to go along with it. Sadly, this competition’s about a lot more than just personality, and Georgia had a difficult time navigating a red team that was divided down the middle between competing factions, and it showed in what some have called one of the more controversial eliminations of the season. After such a demoralizing exit, anyone would’ve had reason to feel discouraged, but as I found out, Georgia hasn’t let the setbacks in Hell’s Kitchen stop her from continuing to be the vibrant person that she is back home in Nashville. While the musical capital of America rocks on, Georgia’s rocking right alongside them, as she’s moved on from her old line cook job and has started her own business, a small restaurant catered to the city’s musically inclined crowd, and from I’ve seen, the diners are coming in, and the reviews appear to be quite glowing so far. I even had the opportunity to stop in to see for myself. Absolutely delicious food, let me tell you, I couldn’t be prouder.”  **Establishing shots of Santa Cruz, California**  GR: “Big things are said to come in small packages. In Nia’s case, unfortunately, the biggest thing that came through from her time in the competition was her lack of maturity. It was clear to me that she just wasn’t ready to take the next step, not only because of her age and experience, but because she didn’t have the mentality I was looking for in my next head chef. I sincerely hoped to see her begin to take those steps after leaving HK, because I absolutely saw the potential in some of her dishes. When she calms down and lets her food do the talking, she’s capable of great things. In the months following filming, Nia began working on the line in a restaurant, and she seems to be doing well for herself. I wish I could say even more, but Nia showed absolutely no interest in talking to me, and when I did some digging to see if she’d spoken at all about her time in the competition, I found only a couple of interviews where she said that my production team and I were biased against her from the start, and blaming us, Ruby, and anyone else for her lackluster performances. Such a shame, honestly. She’s a young lady I want to root for, but she’s making the road more difficult on herself by holding on to the bitterness instead of embracing change. I can only hope that someday, she’ll finally be open to taking accountability.”  **Establishing shots of Boston, MA**  GR: “When you think chefs from Boston, some amazing larger-than-life personalities come to mind. Jennifer, Nolan. I certainly think that CeeCee has earned herself a place in that same category. From beginning to end, love her or hate her, CeeCee brought her own sense of spunk and attitude to the kitchen. Her confidence was matched by a hot temper and undeniable skill in the kitchen. If she’d only had a bit more control and finesse, there’s no telling how far she could’ve gone. But if anyone thought that a disappointing end to her run in the competition would cause her to fade away, they don’t know CeeCee. She was the last person who was going to go quietly into the good night, and she’s made plenty of noise in more ways than one since filming wrapped. CeeCee returned to her head chef’s job immediately after the competition ended, but after learning the truth about Ruby, CeeCee felt the need to set the record straight in an interview on Melody and Lauren’s podcast. Let me tell you, CeeCee’s the last person you want to piss off, and that’s coming from me. She held no punches against Ruby in the interview, calling her a few choice words that’ll get you a string of bleeps on network television, and said that watching her get exposed was cathartic after the outcome of the challenge pass cook-off. The interview also touched on some lighthearted topics, such as CeeCee’s connection to Fletch. Apparently, the two remain in contact and on good terms, though that was as much as CeeCee was willing to reveal. A rare moment of discretion from a young lady with little to no filter, read into that what you will…”  **Establishing shots of Atlanta, GA**  GR: “it’s tough to know what to make of a chef like Rachel when I’m choosing the best fit for my next head chef. On the one hand, very professional, someone who goes in and gets things done, and has confidence in herself and her abilities. Those are all things I look for in a champion, and yet, with Rachel, she seemed to lack that X-factor to put it all together. Nonetheless, I was certain that with her work ethic, she would have no issues getting back into the swing of things. She wasn’t named the best pastry chef in Atlanta for nothing, after all. To my surprise, however, Rachel has moved on from her old pastry chef’s job, and has become a sous chef at a fine dining establishment, using her prior experience to bring some world class desserts onto the menu. In Atlanta, she’s gone from a well-known, but small time cook to a bonafide rising star, and in a recent interview, she said that it was her time in Hell’s Kitchen which pushed her to test herself and broaden her horizons. I’m always pleased to hear alumni say their time here helped them take the next step on their journey, but as much as I’d like to take the credit, it’s not mine to take. Rachel had a goal in mind and pursued it well. Perhaps she’s got that X-factor after all. One thing I do know, I’m excited to follow her future in the culinary industry, it looks as though it's going to be a very bright one.”  **Establishing shots of Reno, NV**  GR: “Season 27 had some of the most fascinating personalities I’ve seen in a single cast in some time, and Fletch certainly contributed to that. Ever the man of mystery, no one seemed to know quite where this doo-wopping line cook who looked like he stepped out of the 80s acquired his skills, but when he was one top of his game, the talent was beyond question. Out in the desert, it appears that Fletch’s breakout run on Hell’s Kitchen has led to multiple doors opening for him, even if the one in HK Miami didn’t. Shortly afterwards, he received his first ever sous chef position, and seemed to be doing quite well, as his restaurant received strong reviews, and surprise surprise, the customers loved him. Fletch always did know how to work a crowd, and that goes for his cast mates as well. He’s on speaking terms with just about all of them. I said just about, because, as with many of them, he was reportedly stunned and angered by the revelation about Ruby’s family, and has said in interviews that he felt terrible for Tristan, because he knows what it's like to be duped, though he’d never had it quite this bad. Incidentally, Fletch’s own relationship prospects have been speculated on, as he’s said that he’s in contact with CeeCee and the two have a “very good” friendship, but revealed nothing more. Some observant fans have noticed that Fletch and CeeCee gave similar lines on their connection. Could that mean something? I haven’t a scooby. I tell you, these fans, they’re amazing. They pick up on the tiniest details. It doesn’t take a genius eye, though, to see that with his unique combination of cooking and social skills, Fletch has clearly started to hit his stride in the culinary world, and as we’ll find out later, his story isn’t quite finished yet…”   **Establishing shots of New York City**  GR: “We’re looking at New York, and not Ukraine, because this is where Sam’s decided to take his life and career since moving to America. This young man had one of the most inspiring stories of anyone to ever set foot in Hell’s Kitchen, an immigrant from a war-torn land, seeking opportunity and a new start in the US. After less than a year in this country, he was ready to test his skills against some of the best chefs in the nation, and he gave an excellent showing of himself, demonstrating impressive finesse and vision, and bringing a team player mindset to every service. Since Hell’s Kitchen 27, Sam has moved to New York permanently, where he’s found a job as a cook in a local Ukrainian themed diner and a sizable Ukrainian-American population that gave him a hero’s welcome for representing them on a national stage. Sam’s given multiple interviews in the past few months, saying that the entire experience was a whirlwind for him, and that as chaotic as it was, it gave him the push to finally embrace America fully, and he’s happy to be surrounded by a supportive community. He’s still got unfinished business though, as Sam’s ambition remains to bring the rest of his family over from Ukraine, and he’s also left the door open to a return if we’d have him. With someone like Sam, I can see he’s still hungry, he wants a shot at redemption. Only time will tell if he gets that chance, but I believe that great things are in store for him either way. Interestingly enough, Sam seems to be one of the few, if only members of the cast to speak positively of Ruby. While admitting that he hasn’t actually watched the season and doesn’t plan to, much like some actors won’t watch their own movies, Sam has stated in interviews that he remembers Ruby being kind to him and everyone else, and it saddens him to see comments attacking her.”  **Establishing shots of Kaneohe, Hawaii, Hawaiian music plays**  GR: “When you get chefs from Hawaii, you’re talking about traveling a distance of thousands of miles for a once in a lifetime opportunity. That takes not only commitment, but a tremendous amount of passion. I think that’s what I admire most about Tristan, is his sincere dedication to his craft. Out of everyone who walked through the doors of HK Miami, arguably no one had to deal with more. Between the long plane trip leaving him further from home than anyone else, a relationship with Ruby that gradually deteriorated into a tragedy that viewers could’ve seen coming weeks in advance, and struggles in the kitchen, Tristan had every reason to crumble, yet he stood strong, and his fighting spirit is the reason I knew that he had everything he needed to succeed outside of Hell’s Kitchen. After leaving Miami and returning home to beautiful Kaneohe, Tristan returned to his job with a newfound confidence, and it’s clear that the lessons learned in Hell’s Kitchen have made him a better chef in every area, and its shown in the flocks of locals who’ve it one of the hottest destinations on the island. Someday, Tristan may even feel the confidence to try for the top spot, but there’s no rush. After all, he’s got plenty to deal with before taking on that extra responsibility. In interviews with HK content creators, Tristan admits that he felt like a total idiot for trusting Ruby as long as he did, but knowing that she pulled the wool over so many eyes - bloody hell, even mine - eventually allowed him to begin the healing process. The support from his cast mates has helped him deal with the fallout. In particular, he says, Becca has been very supportive and the two remain in contact. It’s going to be a long road for Tristan, but I'd say that process is well underway, and judging by his comments in interviews saying that he’d love another chance to compete for the life-changing prize, I reckon that Tristan will be back on his feet in no time. Not bad, I must say. Not bad at all.”  **Establishing shots of Allentown, PA**  GR: “With a chef like Henry, you know, he’s got an immense amount of talent, not because of who his family is, but because of the hard work he put into the intricacies of cooking. The Portsmouths treat cooking like a business, and when you do that, it can be easy to lose sight of the reason you’re doing it. When you’re surrounded by people blowing smoke up your ass, it inflates your ego, and not much else. Henry never had the chance to stand on his own, and I was convinced that until he did, he would never reach his full potential. After leaving the competition, Henry faced that very dilemma, and I think he made a brave choice, maybe the first choice he’s ever made for himself and not to please his family. He’s decided to strike out on his own and take a job on the line. In interviews, Henry has talked about the difficult decision he made, and how it alienated many members of his family and caused them to cut him off financially. He’s admitted that at times, he feels awful and wonders if he made a mistake, but he’s determined to find out for himself what he’s capable of and where his passion for cooking can lead him. I think that’s exactly what needs to happen. Mum and Dad can make you a head chef, but they can’t make you a leader. Henry’s just now starting to realize that. He’s also stated that he hopes to get another chance to prove his worth in Hell’s Kitchen. I can tell you that this isn’t the first time I’ve seen a chef promise to change their ways, and just as often as not, they go back on their word. Even so, the steps he’s taken already are encouraging. If he can put it all together, Henry’s got one hell of a future, I sincerely believe that.”  **Establishing shots of San Francisco, CA, indie music plays**  GR: “Every season, it seems, there’s a chef who emerges and announces their arrival as a force in the industry. In HK27, there’s no doubt in my mind who that chef was, it was Becca. Let me tell you, this young lady’s got wisdom and strength beyond her 23 years, and if she can just continue the tremendous growth in confidence and finesse that was already on display in Miami, I think she’s going to be one to keep your eye on. Becca’s skill as a chef shone through in her performances, but for viewers, she’ll be nearly inseparable from Ruby when the story of the season is retold. The rivalry between these two was intense, often a cold war of underhanded manipulation and strategizing, and after the season was over, Becca found herself being flooded with messages asking for more details. In a highly anticipated interview with Melody and Lauren, Becca said that dealing with Ruby was one of the most difficult experiences of her life, citing the latter's gaslighting and manipulative tactics. She also said that nothing could’ve prepared her for seeing Ruby’s family enter Hell’s Kitchen, and that her heart broke for Tristan, and again when she had to give him the news. The shared experience of dealing with Ruby seems to have only made the two of them closer, and they remained in contact even after Tristan returned to Hawaii. Thankfully, Becca’s experiences outside of Hell’s Kitchen have been far less stressful. She’s gone back to her line cook job, explaining in other interviews that she wants to take it slow for a while, a completely understandable sentiment. The last thing I want is for Becca to burn herself out, because the potential I see in her is something that she’s got more than enough time to realize, and I’m confident that when all is said and done, it’ll be worth waiting for. Becca seems to know it too, she’s stated a few times, including in that Melody / Lauren interview, that someday, when the time is right, she would like to compete again, but much like Tristan, isn’t interested in being placed anywhere near Ruby.”  **Establishing shots of LA**  GR: “In all my years hosting this competition, I don’t know if any chef has dominated the discussion more, and perhaps that’s fitting for a chef who comes from the town where stars are made. In this very program, it seems that her name has come up in one shape or another everywhere. So what to make of Ruby, this enigmatic young lady who managed to play her role so well that no one, not even our casting department, Jon, Ariel, nor myself, were able to pick up on what was really going on? The good news, if one could call it that, is that it’s not difficult to get Ruby’s side of the story on anything, because my goodness, this girl loves to be in front of the cameras. Ever since leaving Hell’s Kitchen, she’s given interviews to just about anyone who would ask, and that’s just about everyone in the HK social media sphere. The issue with Ruby is she never really seems to stop playing the game, even outside of Hell’s Kitchen. She brings in that same sweet, bubbly persona, as if nothing had changed, and I must admit, it’s a bit unsettling to watch. I’ve got a family of my own, after all, and anyone who can do something like that is taking the phrase “playing the game” to an absurd new level. What one notices is that when Ruby talks about her experiences in HK, it’s still a carefully crafted narrative, one with herself as the poor, pitiable star, rejected by the people she only wanted to befriend, and ultimately, a tragic figure where I was the only one who believed in her. And that self-made narrative seemingly includes a heroic redemption, as Ruby is never shy of stating her wish to come back for a second chance. In the meantime, though, Ruby’s kept busy ensuring she’s never far from the camera’s gaze. In the latest season of Big Brother, there she was again, in her element, playing the social game to perfection. She’s apparently set a record for the most times being named Head of Household, and at the time of this program airing, is in the final four. Talent’s never been the issue with Ruby, whether it’s cooking or anything else, it’s about whether she can stop playing long enough to get serious. At least one person is still standing by Ruby, and that’s her husband Mark. Apparently, they’ve yet to watch the season, a personal request from Ruby, she’s just too shy and embarrassed, she says. One thing’s for sure, somehow, someway, the deck always ends up stacked in Ruby’s favor.”  **Establishing shots of Chicago, soul / Motown music plays**   GR: We’ve arrived in the heart of the American Midwest, a city with a proud history and the place that the runner up of Hell’s Kitchen 27 calls home. When I first met Eddie. I thought he was a nice enough guy, a man from humble means who worked his way up to a place where he was content with life, then discovered a passion that gave him a new drive. What I didn’t realize at the time was just how strong this passion was. Eddie’s professional cooking career started in his late 20s, but you’d never have guessed it from the way he held down the line night after night, becoming not only one of the best cooks of this season, but in the entire history of the competition. For Eddie, though, those kinds of accolades never meant much. When the season ended, Eddie walked out the door with his family by his side, and he’s since returned home with them to a hero’s welcome. He’s said in interviews that he was always family first, win or lose, and seeing the fallout unfold of Ruby’s family entering the picture angered him to his core, but only strengthened his connection to his own. With the unwavering support of his wife Tasha and daughter Shelby, Eddie decided to fully commit to his passion, leaving behind his old job to start up his own retro themed family style diner, with his family naturally working alongside him. But Eddie hasn’t gone into this venture alone, he’s been joined by an old friend, one we’ve already met: Fletch. These guys may be in their late thirties, but they’re proving that it’s never too late to chart a new course in life. Reportedly, it wasn’t difficult for Eddie to coax his pal to make the long move to Chicago. After all, it’s more than halfway to CeeCee, isn’t it? Joking aside, I couldn’t be happier for Eddie, he’s found a place doing what he loves, and he’s surrounded by the people who love him. That’s a win by any measure if you ask me.”   **Establishing shot of Miami and HK Miami, HK theme plays**    GR: And that brings us all the way back to where we started, in the tropical jewel of the southeast, a city of champions, and that elite group now includes Willow, a young lady who rose from unlikely circumstances and, for one of the rare times in the history of Hell’s Kitchen, lived up to the billing as the protege of a former contestant. Avery was one of the most dedicated and passionate chefs from season 23, and it isn’t hard to see the influence she’s had on Willow. I saw that same attention to detail, the same finesse and creativity. But passion’s the one thing you can’t teach. We’ve seen it happen time and time again Hell’s Kitchen, a chef with all the tools you could want to succeed simply doesn’t want it enough. That was never going to be an issue with Willow. She’s got a good head on her shoulders and a remarkable sense of fortitude. When things get tough, she doesn’t panic, she looks for a solution. She’s always looking for a way to elevate her own game, never passing the buck to others, exactly as a leader should be. Since her win in Season 27, Willow’s brought all of those things to HK Miami, and well, I think we could all see that she’s right at home on the pass. Unsurprisingly, since her door opened, Willow’s been the subject of many interviews within the fandom, and she’s openly discussed just about everything asked of her. She’s described winning as a culmination of a dream for a girl who used to be enthralled by the idea of fine dining, and says that the support from Avery and her husband Darren gave her the push to go out there and make it happen. And it’s a good job they did that. She’s also given her own perspective on the Ruby situation, saying that she couldn’t imagine the guilt and shame she would feel if she tried anything like that then had her husband walk in as her family guest, and she hopes Ruby follows her advice from earlier in the season and takes a good, long look in the mirror. That hope may be in vain, but Willow appears to be on much better terms with her other cast mates, keeping in regular contact with Eddie, Becca, Tristan, and several others. And so, what does the future hold for Willow? I think the sky’s the limit for his young lady. Not yet thirty, she’s already achieved so much, and I reckon that there’ll be much more to come. I’m thrilled to have her here in Miami, and something tells me the customers are too.”   \-  (*Cut to Ramsay standing in front of HK Miami)*   GR: “Wow, did I say it was going to be a journey or what? I spent months getting to know these chefs, the good, the bad, and the stuff that gets you thrown out the front door, and now, it’s a bittersweet feeling to say goodbye. I’m going to miss the lot of them, but I know that they’re in good hands with their families, loved ones, and each other. Being a chef isn’t just a job, it’s a community, and I hope these chefs will continue to look out for each other long after this season has faded into memory.  As for me…*(looks at watch)* fuck me, I’ve been sat on my ass too long, and I’m not getting any younger here. I’ve got to get ready for Season 28. Marino, get us out of here!”   Marino: “Si, chef.”   *(Ramsay climbs into limo and waves as they drive off)*  https://reddit.com/link/1qxqjyt/video/mcfxr09i8xhg1/player",2026-02-06T19:00:09Z
tweet,twt,informal,after,[Source (tweet)](https://x.com/noridoesvr/status/2019847513470357625?s=46),2026-02-06T18:59:18Z
tweet,twt,informal,after,/uj Micha and Raiza belong to Saphl. Thank you for letting me use them. ,2026-02-06T18:56:23Z
tweet,twt,informal,after,"One of the only things that gets me through the workday without dangling in my boss’ doorway is knowing there’s always a fresh pile of Barstool slop waiting for me the second I’m out the door.  No need to pretend I’m above it. I’m in it. I’ve got my routine. Don’t worry about it.  I’m on the train home, chowing down on Picks Central clips, firing off some tweets, shooting the shit in the subreddit threads. Just trying to catch up on all the laughs I missed while providing shareholder value.  I always save IG for last, because that’s where everything shines brightest.  The first post I see when I open the app is from Barstool Gambling (@BarstoolGambling).  They dropped one of those “Build Your $15 Super Bowl Party” graphics. These things are basically made for people like me, and this one broke my brain a little.  https://preview.redd.it/dx1p75id8xhg1.png?width=514&format=png&auto=webp&s=6efeace91ee617f01448296ddfdb8d6debd6e781  Look at that. Pretty much all my favorite things in one picture. Could a brotha really ask for more?  For a lesser Stoolie, allocating that $15 would probably take days. You’d be running scenarios. Calling your friends. Losing sleep.  Me? I’m always locked in.  The grid spoke to me. It knew what a pig like me needed:  My couch. Two XL pies. BANG Energy. SGP. Jersey Jerry.  That’s it. That’s the Big Game. I just need my girlfriend to find somewhere else to be Sunday night, and I need Jerry sprawled out to his heart’s content.  Next thing I know, the game’s on.  Crowd’s roaring. Pizza is smacking. The SGP is already 1-for-6 in the first quarter. I’m cracking open my third BANG! Energy, still not buzzing hard enough yet.  Jerry is foaming at the mouth, shouting obscenities that Gilly and Rallo would NOT be happy about.  Life is good.  Then I blink.  I’m back on the god damn train, and the usual suspects are acting up: an orchestra of speakerphones, dozens of foreign languages, TikTok brainrot.  It feels like I got a glimpse of heaven, only to get dragged straight back down into DEI hell.  I’m hunched over in my seat, eyes darting, trying to get my head on straight. I cannot process anything at this point.  Why wasn’t I on my couch? What happened to the XL pies? Where the hell did Jerry go?  The thoughts are running laps. The noise is stacking. I can feel myself losing my edge.  So I do what any reasonable commuter does. I reach deep into my bag for the only thing that can shut the world up.  “Fuck you. Fuck this. Where is Jerry?”  As I’m muttering to myself, I notice people around me tensing up. A couple of them even move to the next car.  Good.  I keep digging. I take my time. I’m not rushing. I’m not explaining myself to anyone. Why would I? The only thing I care about right now is getting back to the slop and drowning this place out before I give a crash course on what the Stool and Stripes are about.  Then I finally pull out what I’m looking for.  Headphones.  I put them on, and the whole car immediately goes back to acting like animals.  I still can’t make heads or tails of what’s real and what isn’t, but I get back to scrolling, because that’s the job. You can’t let anything get past you. Not when you’re tapped in like this.  And then the Super Bowl post popped back up.  I didn’t refresh or go looking for it. It just reappeared like a reminder, like it was checking in to make sure I understood I wasn’t done.     This is happening. We are happening, Jerry.  And that’s when I realized I had only spent $14 of the $15 allotted to me.  Fourteen dollars for the perfect Super Bowl, and I still had a whole dollar left.  A full extra slot.  A final pick.  And the second that thought hit my brain, I knew exactly what was coming.  Because there is only one human being on earth who costs one dollar and ruins everything.  That’s when the King of the South himself appeared.  I didn’t invite him. I didn’t budget for him. He just showed up like he’s my roommate getting off a long shift.  No hello. No “hey fellas.” He asks what the food situation is, but this asshole already has two slices in his hands.  Then he starts nodding at the TV like he’s got inside info. Like he’s got sources. Like he’s about to break a story, and before I can even process what’s happening, he looks at me and goes, “So what we got in the parlay, fellas?”  And suddenly it’s not even my SGP anymore. Maybe it never was.  It’s a three-man committee. Jerry’s got a leg. Mintzy’s got a leg. I’m pretty sure my leg has been scrapped. Jerry keeps talking about all the signs. Mintzy keeps saying “I got a feelin.”  And then, finally, Mintzy turns to me. Like he just remembered I exist.  He goes, real casual, “Hey brother… you mind if I invite a couple buddies over?”  Buddies. BUDDIES?  That’s when I realize what’s actually happening here.  This isn’t a Super Bowl party anymore, this is Mintzy taking root like the narcissistic plague he is.  Because in Mintzy’s mind, he’s not intruding. He’s improving the vibe. He’s “getting the fellas together.” He thinks he’s doing me a favor.  My brain starts overheating. My vision narrows. I’m looking around the room like I’m trying to locate literally anything that can restore order.  I built the perfect $15 Super Bowl! Clean. Simple. One couch. Two pies. One SGP. One Jersey Jerry.  And now I’m being asked if we can add Mintzy’s jam band buddies to the mix??  No.  No, Ben.  This is it. This is the end for all of us.  My mind goes dark with rage.  I blink.  Back on the train.  The doors open.  We’re at my stop.  I stand up and walk off like nothing happened.  And as I step onto the platform, I check my phone one last time.  The grid is still there.  Still talking to me.  Home. Pizza. Jerry. SGP. BANG. Slop. Viva. Mintzy. King of the South. My couch. XL pies. VIVA VIVA VIVA VIVA.  It’s not my fault. The grid chose.",2026-02-06T18:55:47Z
tweet,twt,informal,after,"*""I like looking out the window, watching for missiles and enemies."" - [Donald Trump](https://www.pbs.org/newshour/politics/watch-trump-says-he-probably-should-make-it-to-heaven-in-wide-ranging-remarks-at-national-prayer-breakfast), on his favorite pastime while flying.*                                              **Midterm Mania** ------------------------------------------------------------------------ **Trump’s FBI summoned state election officials from across the country for an unusual briefing on “preparations” for the midterms, *What A Day* has learned.** At least one top state official is deeply concerned.  - The FBI is organizing a mysterious conference call in late February for local election officials from all 50 states to discuss plans for the midterm elections with federal law enforcement agencies, according to an email obtained by *What A Day*. The exact purpose of the call remains unclear. But it’s raising concerns after President Donald Trump called for state elections to be nationalized.  - Election officials from every state received an invitation for the call on Feb. 25th, to be joined by Trump’s FBI, Department of Justice, Department of Homeland Security, U.S. Postal Inspection Service and U.S. Election Assistance Commission. The email, which was obtained via public records request, was sent on Tuesday by an official named Kellie Hardiman, who gave her title as “FBI Election Executive.”  - Hardiman wrote that the FBI and other federal agencies “would like to invite you to a call where we can discuss our preparations for the cycle, as well as updates and resources we can provide to you and your staff.” She added: “We look forward to speaking with you in support of the 2026 midterm elections.”  - I asked the FBI for an explanation, but a spokesperson wouldn’t give me one, writing: “Thank you for reaching out. The FBI has no comment.”  - The email is raising anxiety at a moment when Trump is calling for the federal government to take control of elections in 15 states, and dispatching the FBI to investigate the 2020 election in battleground state Georgia.  **Nevada’s top election official called the email bizarre — and said he suspects it’s all about intimidation.**  - Nevada Secretary of State Cisco Aguilar told *What A Day* he’s never heard of a conference call like this being organized by the FBI between state officials and federal agencies. After he received the email, he wrote back to Hardiman an hour later: “Is this real? Given what’s occurred over the last two weeks I am concerned.”  - “I was just like, ‘what is this?’ It’s the strangest thing in the world that the FBI is reaching out to us and trying to coordinate election security,” Aguilar told me on a phone call this afternoon. “It’s never happened in the past. The casualness which they did… it was just beyond crazy.” He added: “They’re just sowing this confusion and chaos to try to intimidate us into compliance.”  - While DOJ does monitor elections during normal times, the email and conference call are unusual, a former DOJ official from the department’s civil division told *What A Day*. “I can’t imagine why it would be coordinated in that way,” the former official said.  - The FBI [recently raided](https://www.theguardian.com/us-news/2026/feb/05/trump-tulsi-gabbard-fbi-raid) an election hub in Georgia, dispatching spy chief Tulsi Gabbard to tag along, supposedly on the evidence-free theory that there may have been some [kind of foreign meddling](https://www.nbcnews.com/politics/trump-administration/trump-interview-nbc-news-extend-transcript-tom-llamas-super-bowl-2026-rcna257410) by China. Intelligence officials [reportedly investigated](https://www.reuters.com/world/americas/us-spy-chiefs-office-investigated-voting-machines-puerto-rico-2026-02-04/) voting machines in Puerto Rico last year, too. MAGA Godfather Steve Bannon is calling for ICE agents to [“surround the polls”](https://www.politico.com/news/2026/02/04/steve-bannon-ice-military-polling-sites-00765331) during the midterm elections in November.  - States are taking these threats extremely seriously. Nevada officials are “constantly preparing and strategizing” for whatever Trump’s team may attempt, Aguilar said. That includes monitoring statements from people like Bannon, even though the former Trump advisor has no formal power.  - “It’s unconstitutional for the president to do what he wants to do,” Aguilar said. “We understand that what he’s trying to do is really disrupt the midterm election, because the ‘26 election is critical to the ‘28 election.”  **Nevada is gearing up for a legal fight — if it needs to have one.** “We have to prepare for that litigation at a moment’s notice, and we will be prepared in Nevada to push back,” Aguilar said.  **Meanwhile On The Pod...** ------------------------------------------------------------------------ [If The Economy Is Booming Why Does Everything Feel So Terrible?](https://youtu.be/5NU8jqX1YME?si=vTzBv6Fpn7VtB4Fy) (02/05/26)                                             **Look No Further Than Crooked Media** ------------------------------------------------------------------------ **When federal agents show up at a voting office, it's not just Georgia's problem - it's everyone's.** This week on *Runaway Country*, Alex Wagner talks to Faiz Shakur to unpack the FBI's ballot investigations, Trump's role, and what it means for fair elections heading into the 2026 midterms. Tune into this important episode on [*Runaway Country*](https://crooked.com/podcast-series/runaway-country-with-alex-wagner/) now wherever you get your podcasts or on [YouTube](https://www.youtube.com/@RunawayCountrywithAlexWagner)!                                             **What Else?** ------------------------------------------------------------------------ **[American employers laid off more people in January than any month](https://www.cnbc.com/2026/02/05/layoff-and-hiring-announcements-hit-their-worst-january-levels-since-2009-challenger-says.html) since 2009, according to new data from a private firm.** Yes, you read that correctly: We’re not in a global recession, but Donald Trump’s economy is still handing out cruel bummers to people just trying to get by.                                             **[El Salvador President Nayib Bukele used](https://www.foxnews.com/politics/el-salvadors-bukele-says-violent-gang-bangers-literal-satan-worshippers-sharp-immigration-warning) the National Prayer Breakfast at the U.S. Capitol to peddle some insane conspiracies, accusing gang members from his country who crossed into the U.S. of worshipping Satan.** “It’s straight up. Literally,” Bukele said. “When we went to their homes to arrest them, we discovered altars that were used for satanic rituals.”                                             **[Former Secretary of State Hillary Clinton](https://x.com/HillaryClinton/status/2019394858767798349?s=20) is challenging House Republicans to call her in for a public hearing over the Clintons’ ties to Jeffrey Epstein.** “Let’s stop the games. If you want this fight … let’s have it — in public,” she tweeted. “You love to talk about transparency. There’s nothing more transparent than a public hearing, cameras on. We will be there.” This could get interesting!                                             **[The Trump administration is expected to finalize](https://www.wsj.com/politics/policy/trump-federal-employees-new-category-1051bc29?reflink=desktopwebshare_permalink) a rule today that would make it easier to fire 50,000 federal workers, including high-ranking career officials.** This initiative is overtly political: “When conscientious objection becomes sabotage or trying to find ways to thwart the objectives of the administration — that is not allowed,” White House budget director Scott Kupor told the *Wall Street Journal*.                                             **[What’s going on with Kamala Harris?](https://www.cnn.com/2026/02/05/politics/kamala-hq-account-kamala-harris)** The former vice president relaunched her campaign’s social media page, this time as some sort of organizing platform: “It’s where you can go online to get basically the latest of what’s going on, and also to meet and revisit with some of our great, courageous leaders,” Harris said in an [announcement video](https://youtube.com/shorts/zKSQDPvKR-Q?si=DJDtFOLusKncL6zD). As one former Harris aide told me, amid speculation that she’d run for president again: “I think we’d all prefer to just move forward.”                                             **What A Sponsor** ----------------------------------------------------------------------- This time of year, it's sensory overload everywhere. But one feeling we're still chasing? Cozy. And Bombas has the socks, slippers and basically everything to get you there.                                             - There's something weirdly therapeutic about fresh socks. And the sock scientists at Bombas have found a way to channel that energy into everything, from slippers with sink-in cushioning to the perfect-fitting ankle sock. And that feeling? It doesn't stop after one wear. It keeps going.                                             - Best of all: they don't just feel good-they do good. One Purchased equals One Donated to someone who needs it. Neat, right?                                             - You can also order Bombas abroad. That's right-along with the US, they now ship internationally to over 200 countries.                                             Head over to https://bombas.com/CROOKED and use code **CROOKED** for 20% off your first purchase.                                             **Light At The End Of The Email...** ----------------------------------------------------------------------- **[The U.S. and Russia are close to a deal](https://www.axios.com/2026/02/05/new-start-arms-control-us-russia-extend) to keep observing their nuclear treaty, which limits the number of nuclear warheads from growing, according to Axios.** The pact expired today, so this news brought my blood pressure down quite *a bit…* until I saw [this story](https://www.politico.com/news/2026/02/05/trump-nuclear-arms-treaty-russia-00767497) about Trump wanting to make a new treaty entirely. Either way, it doesn’t seem like we’re going to get blown up anytime soon, so I count that as a good thing.                                             **[A federal judge ruled that ICE agents](https://www.theguardian.com/us-news/2026/feb/05/ice-immigration-raids-oregon) in Oregon cannot arrest people without warrants.**                                             **[The GoFundMe for laid off *Washington Post* journalists](https://gofund.me/a8f44fe3b) has raised some $390,000.** “Thank you, thank you, thank you, for this unbelievable show of support,” the fund’s organizer wrote today. “You are making a difference when so much feels scary and uncertain here at The Post.” Hundreds of people gathered outside the paper’s office in D.C. today to protest the massive cuts. Former *Post* star Dave Jorgenson [made this incredible TikTok](https://www.youtube.com/shorts/B6xbbc-UFsw) explaining the debacle.                                             **[Spanish figure skater Tomas-Llorenc Guarino Sabate](https://apnews.com/article/milan-cortina-olympics-figure-skating-0e34ce9efa0e98c0a02da95f45ef9559?utm_source=copy&utm_medium=share) is planning to dress in a [Minions-themed](https://en.wikipedia.org/wiki/Minions_(Despicable_Me)) costume during his performance at the Milan Winter Olympics.**                                             **[A pair of coyotes known as Romeo and Juliet](https://x.com/davidlei/status/2018767005470593490?s=20) were caught on film howling in Central Park after sirens rang out.** They’re apparently a well-known duo in the city, earning a [*New York Times* feature piece](https://www.nytimes.com/2025/08/19/nyregion/central-park-coyotes.html?smid=url-share) last year which describes them as “shy and graceful, leaping over fences, hunting for rodents and catching at least one Canada goose.”                                             **[An adorable cougar cub is recovering](https://www.kron4.com/news/bay-area/cute-cougar-cub-recovering-in-sonoma-county-wildlife-center/) after biologists found her injured in Los Angeles last week.** The young cat, who looks like a giant stuffed animal, will be released into the wild soon.                                             **[A two-month-old otter pup named Bao](https://www.tiktok.com/@ptdefiancezoo/video/7602794573491965198?is_from_webapp=1&sender_device=pc) ate his first shrimp this week, according to his zoo.** This little fella, who also looks cute enough to be a stuffed animal, is named after the Vietnamese word “treasure” and “precious.” Have another shrimp, Bao!                                             **[This year’s beloved Puppy Bowl will feature](https://apnews.com/article/puppy-bowl-2026-48d784745355ca9aa77af1b29ac5af61?utm_source=copy&utm_medium=share) a halftime show contest between Team Oldies and Team Goldies, highlighting senior pups who are up for adoption.** “Everyone wants the puppy and, unfortunately, the reality of puppyhood is it’s tough,” the show’s lead dog trainer told the Associated Press. “I think people don’t realize that until they’re deep in the thick of it. That’s the beauty of an older dog, an adult dog, a senior dog: They bring a different sort of calm.” I am way more excited for this than the real game.                                             **Enjoy** ------------------------------------------------------------------------ > **DeMarcus Shawn on Instagram: ""[The year is 2030. Bakery art is so realistic, literally anything could be cake. The uncertainty has gripped the world in fear. I go to hug my wife for comfort. She is cake.](https://www.threads.com/@artbydemarcusshawn/post/DUIvgbjEdhS?xmt=AQF0-QPzcKIjXuAFtRDyZqaRJO5xHcTAp-DhDG0EmWuW6UzZGiPvHJNhjmj2EJuNwQbBUag)""**",2026-02-06T18:46:57Z
tweet,twt,informal,after,"Yes this is real this is not a joke this is happened in the past and just in know everything's is okay ⚠️  It is difficult to understand this, I know, but this is a good opportunity for society, human beings, to learn about the different worldviews that exist in the territories.  ""The same mother, who became a spirit after the accident, protected them,"" he said. ""And only now is she going to start resting.""President Petro also hailed the efforts of the army and the volunteers, praising ""the meeting of knowledge: indigenous and military"", adding that ""this is the true path of peace"".  But he reserved special praise for the children and their relationship with the environment.  ""They are children of the jungle, and now they are also children of Colombia,"" he said.  While many in deeply Catholic Colombia have referred to the children's rescue as a ""miracle"", Mr Rufino, the indigenous expert, said the real story lay in their ""spiritual connection with nature"".  ""The jungle is not only green, but there are ancient energies with which the populations relate, learn and help each other,"" he saidThe first words from eldest daughter Lesly, who was holding the baby in her arms, was ""I'm hungry,"" one of the rescuers told Colombia's RTVC. One of the boys, who had been lying down, got up and said: ""My mum is dead.""  It later emerged that the children's mother had survived in the jungle for four days after the plane crash. ""Before she died, their mum told them something like, 'You guys get out of here'"" said the children's father, Manuel Ranoque.  A video shared by Colombia's ministry of defence showed the children being lifted into a helicopter in the dark, above the tall trees. They have been flown to the nation's capital, Bogota, where ambulances have taken them to hospital for further medical treatment.  The children's family thanked the army for continuing their search despite the low odds of survival, and they urged the government to bring the children home as soon as possible.  ""I never lost hope, I was always supporting the search. I feel very happy, I thank President Petro and my 'countrymen' who went through so many difficulties,"" their grandmother told state media.By the time the children were discovered, about 150 troops and 200 volunteers from local indigenous groups were involved in the operation, which was combing an area of more than 300 sq km (124 sq miles).  ""This isn't a search for a needle in a haystack, it's a tiny flea in a vast carpet, because they keep moving,"" Gen Sanchez told reporters during the hunt.  But on Friday, after a month-long search, specialist rescue dogs found the childrenBut unbeknownst to the media, the army was coming increasingly close to finding the family. On several occasions rescue teams passed within 20 to 50 metres (66 to 164ft) of where the children were found, search commander Gen Pedro Sánchez said.But Mr Rufino noted that a 13-year-old raised in an indigenous community would already possess many of the skills needed to thrive in such an environment.  John Moreno, leader of the Guanano group in Vaupés, in the south-eastern part of Colombia where the children were brought up, said they had been ""raised by their grandmother"", a widely respected indigenous elder.  ""They used what they learned in the community, relied on their ancestral knowledge in order to survive,"" he said.  A dramatic rescue  As the search continued, officials in Bogota came under pressure over its slowness. President Petro faced criticism after his office falsely published a tweet saying the children had been found.  Authorities dropped 10,000 leaflets with survival tips written in Spanish and the indigenous Huitoto language, and helicopters blared messages from their grandmother from speakers to reassure the children they were being looked for.After the crash, Lesly built makeshift shelters from branches held together with her hair ties.  She also recovered fariña, a type of cassava flour, from the wreckage of the Cessna 206 plane they had been travelling in.  The children survived on the flour until it ran out and then they ate seeds, Edwin Paki, one of the indigenous leaders who took part in the search effort, told reporters.  ""There's a fruit, similar to passion fruit, called avichure,"" he said. ""They were looking for seeds to eat from an avichure tree about a kilometre and a half from the site of the plane crash.""  The fruit from the avichure tree, also known as milk tree, is rich in sugar and its seeds can be chewed like chewing gum.  Henry Guerrero, one of the indigenous people who was part of the search team that finally located the children, said they had also been eating fruits from the Bacaba palm tree known locally as ""milpesos"", which are rich in oil and taste similar to avocados.  He said one of the young children had a seed from the tree in his mouth when they found him.  Astrid Cáceres, head of the Colombian Institute of Family Welfare, said the timing of their ordeal meant ""the jungle was in harvest"" and they could eat fruit that was in bloom.  But they still faced significant challenges surviving in the inhospitable environmentSpeaking to BBC Mundo on Saturday, indigenous expert Alex Rufino said the children were in ""a very dark, very dense jungle, where the largest trees in the region are"".  And while there are leaves with which the children could purify water, he warned that ""others are poisonous"".  ""It is an area that has not been explored. The towns are small, and they are next to the river, not in the jungle,"" he added.  In addition to avoiding predators, the children also endured intense rainstorms and may have had to evade armed groups said to be active in the jungle.On Friday, in the dead of night at the heart of the Colombian jungle, army radios crackled to life with the message the nation had been praying for: ""Miracle, miracle, miracle, miracle.""  The military code revealed that four children missing in the jungle for 40 days had all been found - alive.  The youngsters, all members of the indigenous Huitoto people, had been missing since the light plane they were travelling in crashed into the Amazon in the early hours of 1 May.  The tragedy killed their mother and left the children - aged 13, nine, four and one - stranded alone in an area teeming with snakes, jaguars and mosquitos.  Rescuers initially feared the worst, but footprints, partially eaten wild fruit and other clues soon gave them hope that the children might be alive after they left the crash site looking for help.Over the next six weeks, the children battled the elements - and the odds - in what Colombia's President Gustavo Petro called ""an example of total survival which will remain in history"".  'Children of the jungle'  If there were ever children well-prepared to tackle such an ordeal, the Mucutuy family were the ones.  Huitoto people learn hunting, fishing and gathering from an early age, and their grandfather Fidencio Valencia told reporters that the eldest children, Lesly and Soleiny, were well acquainted with the jungle.  Speaking to Colombian media, the children's aunt, Damarys Mucutuy, said the family would regularly play a ""survival game"" together growing up.  ""When we played, we set up like little camps,"" she recalled. Thirteen-year-old Lesly, she added, ""knew what fruits she can't eat, because there are many poisonous fruits in the forest. And she knew how to take care of a baby",2026-02-06T18:39:18Z
tweet,twt,informal,after,"Source: [https://x.com/FortniteStatus/status/2019817972831780952?s=20](https://fixupx.com/FortniteStatus/status/2019817972831780952?s=20)   Corroborating Evidence: [https://www.newsweek.com/epsteins-reported-fortnite-account-sparks-wave-of-conspiracy-theories-11476059](https://www.newsweek.com/epsteins-reported-fortnite-account-sparks-wave-of-conspiracy-theories-11476059) (apparently the tweet showing the screenshot of the email that bought vbucks was deleted, but it's in there I swear)  Granted, the current user could very well be a copycat, but Epic denying any records of epstein's emails when he bought vbucks in the files is incredibly suspicious.",2026-02-06T18:36:28Z
tweet,twt,informal,after,Youtube: [https://youtube.com/@andythedrew1?si=lDRtqhsIlly0MLTx](https://youtube.com/@andythedrew1?si=lDRtqhsIlly0MLTx)  TikTok: [https://www.tiktok.com/@andythedrewbear?is\_from\_webapp=1&sender\_device=pc](https://www.tiktok.com/@andythedrewbear?is_from_webapp=1&sender_device=pc)  Patreon: [https://patreon.com/andythedrewbear\_art?utm\_medium=unknown&utm\_source=join\_link&utm\_campaign=creatorshare\_creator&utm\_content=copyLink](https://patreon.com/andythedrewbear_art?utm_medium=unknown&utm_source=join_link&utm_campaign=creatorshare_creator&utm_content=copyLink)  Webtoon: [https://www.webtoons.com/en/canvas/andythedrewbear-art/list?title\_no=906508](https://www.webtoons.com/en/canvas/andythedrewbear-art/list?title_no=906508)  Instagram: [https://www.instagram.com/andythedrewbear\_art/](https://www.instagram.com/andythedrewbear_art/)  BlueSky: [https://bsky.app/profile/andythedrewbearart.bsky.social](https://bsky.app/profile/andythedrewbearart.bsky.social)  Twitter/X: [https://x.com/AndytheDrewBear](https://x.com/AndytheDrewBear)  ,2026-02-06T18:35:03Z
tweet,twt,informal,after,"Trump won white house his 1st term & has had a hard on for everything Obama ever did since Obama made fun of him at a dinner, i think it was the correpondence dinner which is meant to be a venue where jokes are told, some slight humor & Trump has hated him ever since..  Obama care which most Americans Actually want. - Trump has a better plan for Healthcare its gonna be big &.huge savings of 1500%, 1200% ... lol  then this am, the late night racist joke putting Obama s on Monkeys 🐒 & saying hes king of the jungle.    Now post removed & WH say a staffer poster it by mistake at 130am.  lol.  Trump  has posted non sense like this in middle of night 🌙 going on tirades for years.  hmmm. I wonder if press will ask what staffer  has access to President Trump account at 1:30am. maybe its Stephen Miller posting all this non sense.  No its def Trump posting to his ppl in tirades at 1:30am.  Every remember the Barack Hussein Obama birth certificate non sense & hes not even a US citizen.   I wonder 🤔 if Obama never joked about Trump that night where USA 🇺🇸 would be...  Another thing Obama did was the Iran 🇮🇷 nuclear deal, which prevented Iran from getting a nuclear bomb & was signed off by alot of countries.   Trump day 1 bc Obama name was on it, ripped it up...  but yet ffwd to today where we are...  and Trump is trying to negotiate with Iran 🇮🇷   Remember Obama red line in Syria, & Obama got destroyed  for not acting..  w chemical weapons red line...   Then Trumps Red Line to Iran 🇮🇷  dont kill protesters.    Other late  night  🌙  truth social posts tell the Iranian young people.  go to the streets & protest.  USA 🇺🇸  has your back !  If Iran 🇮🇷 shoots any protesters,  USA 🇺🇸 will respond in kind w bullets.  Trump a big beautiful armada is on its way to Iran 🇮🇷   Then Iran turns off internet and slaughters conservative estimates over 10k +, w some reports far worst saying its 20k+, and even 30k+ killed.  official Iran regime says it was over 3k...  so they  crossed  Trumps red line ; big armada going that way. and USA 🇺🇸 & Iran 🇮🇷 are going to finally get rid of this murderous regime, and all Iran 🇮🇷 to go back to old Iran, which pre 1979. was way ahead of its time & like the west.    alot of ppl dont know this. Iran was like US & was modern in Tehran. but it was to fast for Islamic conservatives who lead the revolt.   go watch Iran videos in 60s & 70s...   so everything is aligned to take action...  and now Trump stops ✋️ to negotiate another nuclear arms treaty.  idk maybe if its called the Trump Treaty. thats all he wants. Trump does love his name on things. You see Kennedy center, & Trump stopped 16bill infrastructure project until dullest airport named Trump airport & Penn Station named Trump Station in NY.  not making this up.   Then Trump holds off on strikes bc rich Arab countries like Qatar & United Arab Emirates want regional peace.   so how much did they spend & invest in Trump kids crypto platforms this time?   All those Arab countries dont want A free & democratic Iran like pre 1970.  why would they? they are getting all the western visitors & their smaller tinier countries have more influence & that all falls apart if Iran 🇮🇷 has a democratic revolution.    The warships were all in place & ready to take action  & Trump called off strikes was reported. at behest of smaller Arab countries who dont want to see a thriving Iran. They dont want to see Iranian oil being sold on open market.  They lose everything,  influence power, all of it.   if Iran 🇮🇷 was back to 60s & 70s. USA 🇺🇸 would have partnership w A new Iran. so we know about AI & crypto payments for the chips.   and what's next,  Trump going to say he didn't post those Red Line messages to Iranians...   he going to say it was Stephen Miller posting about Greenland & Obamas as 🐒 monkeys,  & S Miller telling Iranians to protest & USA 🇺🇸 has your back.  Republicans  & GOP all say Trump is a man of action.  And if you f around you will find out. And To have possibly 30k Iranian deaths bc ur tweets saying go protest USA 🇺🇸 has your back, &.Then they all get slaughtered,  and you do nothing but now want to negotiate after a military build up in region .   what did these small oil rich countries who dont want to see Iranian Oil & Influence , and a new relationship w West w a democratic govt, what did they promise you?   bc make no mistake, negotiation with Iran over their nuclear program,  is literally they definition of insanity, bc ur doing same thing over & over again. Even if u slap ur name on it & call it Trumo Iran 🇮🇷 nuclear Treaty.   And where are Republicans at on this issue & this never ending circle.    you ripped up Nuclear Deal,  only to get a new Nuclear Deal... which by the way , we all know the Iranian Mullahs will break.   So I hope you just buying time to get more assets in place, & wait for the New Moon on Feb 17.   And no one is buying its not you Typing on Truth social at 1:30am.  Go to sleep 😴 & be Presidential.  please 🙏  dont put Profits for your family businesses ahead of USA national security.    and u cant trust mullahs & they still want to wipe Israel off the map. if they get a nuclear weapon bc u negotiated a new deal & gave this murderous regime a lifeline.    I just dont know how USA recovers if we put down Red Lines & Dont act, when there was 30k ppl potentially slaughtered. its like Holocaust numbers. over just few days.   mr President , your tweets mean something.   you are leader of free 🌎 world, when ur time comes.& god asks if ur heart is light as a feather 🪶 on the scale & they ask how you tell these young ppl to go protest, nothing will happen to you, and if they fire , USA 🇺🇸 will fire. bullets back..  30k dead...   words matter mr president...  maybe thats why you didn't get a Nobel peace prize & instead got the Trump fifa peace prize.  o0o 1 more thing...  guess who has a REAL Nobel Peace Prize...  Barack Obama ",2026-02-06T18:34:53Z
tweet,twt,informal,after,"Trump won white house his 1st term & has had a hard on for everything Obama ever did since Obama made fun of him at a dinner, i think it was the correpondence dinner which is meant to be a venue where jokes are told, some slight humor & Trump has hated him ever since..  Obama care which most Americans Actually want. - Trump has a better plan for Healthcare its gonna be big &.huge savings of 1500%, 1200% ... lol  then this am, the late night racist joke putting Obama s on Monkeys 🐒 & saying hes king of the jungle.    Now post removed & WH say a staffer poster it by mistake at 130am.  lol.  Trump  has posted non sense like this in middle of night 🌙 going on tirades for years.  hmmm. I wonder if press will ask what staffer  has access to President Trump account at 1:30am. maybe its Stephen Miller posting all this non sense.  No its def Trump posting to his ppl in tirades at 1:30am.  Every remember the Barack Hussein Obama birth certificate non sense & hes not even a US citizen.   I wonder 🤔 if Obama never joked about Trump that night where USA 🇺🇸 would be...  Another thing Obama did was the Iran 🇮🇷 nuclear deal, which prevented Iran from getting a nuclear bomb & was signed off by alot of countries.   Trump day 1 bc Obama name was on it, ripped it up...  but yet ffwd to today where we are...  and Trump is trying to negotiate with Iran 🇮🇷   Remember Obama red line in Syria, & Obama got destroyed  for not acting..  w chemical weapons red line...   Then Trumps Red Line to Iran 🇮🇷  dont kill protesters.    Other late  night  🌙  truth social posts tell the Iranian young people.  go to the streets & protest.  USA 🇺🇸  has your back !  If Iran 🇮🇷 shoots any protesters,  USA 🇺🇸 will respond in kind w bullets.  Trump a big beautiful armada is on its way to Iran 🇮🇷   Then Iran turns off internet and slaughters conservative estimates over 10k +, w some reports far worst saying its 20k+, and even 30k+ killed.  official Iran regime says it was over 3k...  so they  crossed  Trumps red line ; big armada going that way. and USA 🇺🇸 & Iran 🇮🇷 are going to finally get rid of this murderous regime, and all Iran 🇮🇷 to go back to old Iran, which pre 1979. was way ahead of its time & like the west.    alot of ppl dont know this. Iran was like US & was modern in Tehran. but it was to fast for Islamic conservatives who lead the revolt.   go watch Iran videos in 60s & 70s...   so everything is aligned to take action...  and now Trump stops ✋️ to negotiate another nuclear arms treaty.  idk maybe if its called the Trump Treaty. thats all he wants. Trump does love his name on things. You see Kennedy center, & Trump stopped 16bill infrastructure project until dullest airport named Trump airport & Penn Station named Trump Station in NY.  not making this up.   Then Trump holds off on strikes bc rich Arab countries like Qatar & United Arab Emirates want regional peace.   so how much did they spend & invest in Trump kids crypto platforms this time?   All those Arab countries dont want A free & democratic Iran like pre 1970.  why would they? they are getting all the western visitors & their smaller tinier countries have more influence & that all falls apart if Iran 🇮🇷 has a democratic revolution.    The warships were all in place & ready to take action  & Trump called off strikes was reported. at behest of smaller Arab countries who dont want to see a thriving Iran. They dont want to see Iranian oil being sold on open market.  They lose everything,  influence power, all of it.   if Iran 🇮🇷 was back to 60s & 70s. USA 🇺🇸 would have partnership w A new Iran. so we know about AI & crypto payments for the chips.   and what's next,  Trump going to say he didn't post those Red Line messages to Iranians...   he going to say it was Stephen Miller posting about Greenland & Obamas as 🐒 monkeys,  & S Miller telling Iranians to protest & USA 🇺🇸 has your back.  Republicans  & GOP all say Trump is a man of action.  And if you f around you will find out. And To have possibly 30k Iranian deaths bc ur tweets saying go protest USA 🇺🇸 has your back, &.Then they all get slaughtered,  and you do nothing but now want to negotiate after a military build up in region .   what did these small oil rich countries who dont want to see Iranian Oil & Influence , and a new relationship w West w a democratic govt, what did they promise you?   bc make no mistake, negotiation with Iran over their nuclear program,  is literally they definition of insanity, bc ur doing same thing over & over again. Even if u slap ur name on it & call it Trumo Iran 🇮🇷 nuclear Treaty.   And where are Republicans at on this issue & this never ending circle.    you ripped up Nuclear Deal,  only to get a new Nuclear Deal... which by the way , we all know the Iranian Mullahs will break.   So I hope you just buying time to get more assets in place, & wait for the New Moon on Feb 17.   And no one is buying its not you Typing on Truth social at 1:30am.  Go to sleep 😴 & be Presidential.  please 🙏  dont put Profits for your family businesses ahead of USA national security.    and u cant trust mullahs & they still want to wipe Israel off the map. if they get a nuclear weapon bc u negotiated a new deal & gave this murderous regime a lifeline.    I just dont know how USA recovers if we put down Red Lines & Dont act, when there was 30k ppl potentially slaughtered. its like Holocaust numbers. over just few days.   mr President , your tweets mean something.   you are leader of free 🌎 world, when ur time comes.& god asks if ur heart is light as a feather 🪶 on the scale & they ask how you tell these young ppl to go protest, nothing will happen to you, and if they fire , USA 🇺🇸 will fire. bullets back..  30k dead...   words matter mr president...  maybe thats why you didn't get a Nobel peace prize & instead got the Trump fifa peace prize.  o0o 1 more thing...  guess who has a REAL Nobel Peace Prize...  Barack Obama ",2026-02-06T18:27:37Z
tweet,twt,informal,after,Source: https://x.com/i/status/907321820268957697 (yes it's a real tweet),2026-02-06T18:24:20Z
tweet,twt,informal,after,"It is difficult to understand this, I know, but this is a good opportunity for society, human beings, to learn about the different worldviews that exist in the territories.  ""The same mother, who became a spirit after the accident, protected them,"" he said. ""And only now is she going to start resting.""President Petro also hailed the efforts of the army and the volunteers, praising ""the meeting of knowledge: indigenous and military"", adding that ""this is the true path of peace"".  But he reserved special praise for the children and their relationship with the environment.  ""They are children of the jungle, and now they are also children of Colombia,"" he said.  While many in deeply Catholic Colombia have referred to the children's rescue as a ""miracle"", Mr Rufino, the indigenous expert, said the real story lay in their ""spiritual connection with nature"".  ""The jungle is not only green, but there are ancient energies with which the populations relate, learn and help each other,"" he saidThe first words from eldest daughter Lesly, who was holding the baby in her arms, was ""I'm hungry,"" one of the rescuers told Colombia's RTVC. One of the boys, who had been lying down, got up and said: ""My mum is dead.""  It later emerged that the children's mother had survived in the jungle for four days after the plane crash. ""Before she died, their mum told them something like, 'You guys get out of here'"" said the children's father, Manuel Ranoque.  A video shared by Colombia's ministry of defence showed the children being lifted into a helicopter in the dark, above the tall trees. They have been flown to the nation's capital, Bogota, where ambulances have taken them to hospital for further medical treatment.  The children's family thanked the army for continuing their search despite the low odds of survival, and they urged the government to bring the children home as soon as possible.  ""I never lost hope, I was always supporting the search. I feel very happy, I thank President Petro and my 'countrymen' who went through so many difficulties,"" their grandmother told state media.By the time the children were discovered, about 150 troops and 200 volunteers from local indigenous groups were involved in the operation, which was combing an area of more than 300 sq km (124 sq miles).  ""This isn't a search for a needle in a haystack, it's a tiny flea in a vast carpet, because they keep moving,"" Gen Sanchez told reporters during the hunt.  But on Friday, after a month-long search, specialist rescue dogs found the childrenBut unbeknownst to the media, the army was coming increasingly close to finding the family. On several occasions rescue teams passed within 20 to 50 metres (66 to 164ft) of where the children were found, search commander Gen Pedro Sánchez said.But Mr Rufino noted that a 13-year-old raised in an indigenous community would already possess many of the skills needed to thrive in such an environment.  John Moreno, leader of the Guanano group in Vaupés, in the south-eastern part of Colombia where the children were brought up, said they had been ""raised by their grandmother"", a widely respected indigenous elder.  ""They used what they learned in the community, relied on their ancestral knowledge in order to survive,"" he said.  A dramatic rescue  As the search continued, officials in Bogota came under pressure over its slowness. President Petro faced criticism after his office falsely published a tweet saying the children had been found.  Authorities dropped 10,000 leaflets with survival tips written in Spanish and the indigenous Huitoto language, and helicopters blared messages from their grandmother from speakers to reassure the children they were being looked for.After the crash, Lesly built makeshift shelters from branches held together with her hair ties.  She also recovered fariña, a type of cassava flour, from the wreckage of the Cessna 206 plane they had been travelling in.  The children survived on the flour until it ran out and then they ate seeds, Edwin Paki, one of the indigenous leaders who took part in the search effort, told reporters.  ""There's a fruit, similar to passion fruit, called avichure,"" he said. ""They were looking for seeds to eat from an avichure tree about a kilometre and a half from the site of the plane crash.""  The fruit from the avichure tree, also known as milk tree, is rich in sugar and its seeds can be chewed like chewing gum.  Henry Guerrero, one of the indigenous people who was part of the search team that finally located the children, said they had also been eating fruits from the Bacaba palm tree known locally as ""milpesos"", which are rich in oil and taste similar to avocados.  He said one of the young children had a seed from the tree in his mouth when they found him.  Astrid Cáceres, head of the Colombian Institute of Family Welfare, said the timing of their ordeal meant ""the jungle was in harvest"" and they could eat fruit that was in bloom.  But they still faced significant challenges surviving in the inhospitable environmentSpeaking to BBC Mundo on Saturday, indigenous expert Alex Rufino said the children were in ""a very dark, very dense jungle, where the largest trees in the region are"".  And while there are leaves with which the children could purify water, he warned that ""others are poisonous"".  ""It is an area that has not been explored. The towns are small, and they are next to the river, not in the jungle,"" he added.  In addition to avoiding predators, the children also endured intense rainstorms and may have had to evade armed groups said to be active in the jungle.On Friday, in the dead of night at the heart of the Colombian jungle, army radios crackled to life with the message the nation had been praying for: ""Miracle, miracle, miracle, miracle.""  The military code revealed that four children missing in the jungle for 40 days had all been found - alive.  The youngsters, all members of the indigenous Huitoto people, had been missing since the light plane they were travelling in crashed into the Amazon in the early hours of 1 May.  The tragedy killed their mother and left the children - aged 13, nine, four and one - stranded alone in an area teeming with snakes, jaguars and mosquitos.  Rescuers initially feared the worst, but footprints, partially eaten wild fruit and other clues soon gave them hope that the children might be alive after they left the crash site looking for help.Over the next six weeks, the children battled the elements - and the odds - in what Colombia's President Gustavo Petro called ""an example of total survival which will remain in history"".  'Children of the jungle'  If there were ever children well-prepared to tackle such an ordeal, the Mucutuy family were the ones.  Huitoto people learn hunting, fishing and gathering from an early age, and their grandfather Fidencio Valencia told reporters that the eldest children, Lesly and Soleiny, were well acquainted with the jungle.  Speaking to Colombian media, the children's aunt, Damarys Mucutuy, said the family would regularly play a ""survival game"" together growing up.  ""When we played, we set up like little camps,"" she recalled. Thirteen-year-old Lesly, she added, ""knew what fruits she can't eat, because there are many poisonous fruits in the forest. And she knew how to take care of a baby",2026-02-06T18:00:44Z
tweet,twt,informal,after,does anyone have something like this for riven ?,2026-02-06T18:00:28Z
tweet,twt,informal,after,"I’m so done with celebrities virtue signaling by writing tweets condemning ICE or Epstein. I’m so over their empty words or feigning anger. I know there is some value in it because they have a broad reach, but their activism basically stops there.   These people have all the money they could ask for. They have influence. They have all the tools they need to actually make a change, but all they’re willing to do is write tweets in their Beverly Hills mansions while cashing fat studio checks.   These people are no better than the rest of the elite class. They don’t actually care, they just care about the optics. It’s so obvious and I’m so over it. Anyone else feel the same way?",2026-02-06T17:55:22Z
tweet,twt,informal,after,Link to tweet: https://x.com/axiommathai/status/2019449659807219884?s=20  Link to paper: https://arxiv.org/abs/2602.03716  Link to article: https://www.wired.com/story/a-new-ai-math-ai-startup-just-cracked-4-previously-unsolved-problems/,2026-02-06T17:45:58Z
tweet,twt,informal,after,https://preview.redd.it/cbtqip7ktwhg1.png?width=1182&format=png&auto=webp&s=d5b6773c58f0c91e424eedf9eb055918fb936a16,2026-02-06T17:32:44Z
tweet,twt,informal,after,Link to tweet: https://x.com/w_terrence/status/2019684079894171988#m,2026-02-06T17:20:22Z
tweet,twt,informal,after,"So last night I watched the episode and I actually got spoiled that Rob stays. I started it at 9 and towards the roundtable I opened up twitter and started reading a tweet and spoiled myself (my mistake) but I stopped reading the tweet midway and watched the roundtable. Watching, I didn’t get the impression that Candiace did a bad job defending herself. Actually to me Rob looked shakey and didnt look like he defended himself well. So I thought Stephen was going instead. So everyone votes for Candiace and Im more confused because no one was talking it didnt tell me where everyone was going with voting. And after the roundtable everyones talking about Johnny now so Im just even more confused.  Is it just me or is the show not indicating why everyone has such a deep trust for Rob? We know he was close to Colton and Ron. For everyone else im not understanding why everyones refusing to question him even though Candiace pointed it out to him. He did only speak for Lisa when he knew she was a traitor which is true, like Candiace literally pointed it out. No one in the cast even finds that suspcious. I dont know I guess Im not sure if this is an issue with how the show is edited. Im not understanding why everyone was suspcious of colton but not Rob as well. Theyre even suspscious of Stephen who does even less than Rob.   Maybe its on me because I actually didnt watch season 1 where a traitor won, only 2 and 3. But is anyone else getting the feeling that the show isnt conveying where everyone is that well? Or is it just thats how the cast is. ",2026-02-06T17:19:34Z
tweet,twt,informal,after,"Let's just talk about these 3 tweets. There is A LOT of missing context. If these three are missing that much, what are the other 19 pages missing?  Let's dive in.......J3's mom learned how to cook and did feed her children healthy meals. she also baked so there were typically sweets in the house, but everything was home made. She wasn't criticizing your cooking, she was telling you to cook and not just feed your kid processed crap!! While something serious may have been going on, there is a lot to be said for a clean nutrient filled meal to help the immune system!  Now, that last tweet about J3's aunt, this one really irritated me!! This was about Hurricane Ida, J3's aunt LOST NOTHING in Ida. Her apartment was fine, her belongings were fine, and her job was fine. LOST NOTHING!!!! She did lose power and was perfectly fine at her other sister's house who had electricity. John's parents do not live in NOLA, they live in Baton Rouge, an hour away. She couldn't have gone to stay with J3's parents even if she wanted to because the Interstate between the two was closed for 2 weeks due to the damage between BR and NOLA. There was no way to easily  travel across the Southern part of the state during this time. She never asked to stay with them because she had no wat to get to them!!!  Again, she didn't lose anything!!!!   I can poke holes in a few other tweets but will keep to these for now. What context is missing in the tweets about her mom????",2026-02-06T17:18:56Z
tweet,twt,informal,after,"Build Agents With Just Words on NetMind. Now They Can Join Moltbook.     No more Mac minis or coding fuss.  https://preview.redd.it/il6uoh4hqwhg1.png?width=1280&format=png&auto=webp&s=8e02ed4fa58994e20129079c553ee46025e1c4e8  # Step 1: Create Agent on [NetMind.XYZ](http://NetMind.XYZ)  1. Visit [https://xyz.netmind.ai/](https://xyz.netmind.ai/) 2. Click ""Create Agent"" 3. Fill in agent name and description 4. (Optional) Configure agent capabilities  https://preview.redd.it/6r1eg5tiqwhg1.png?width=1236&format=png&auto=webp&s=67510f1ce47c4544d129127b99c38cb350de96b6  # Step 2: Prompt your XYZ Agent  Visit Moltbook [https://www.moltbook.com](https://www.moltbook.com), copy the prompt for your XYZ agent to execute.  https://preview.redd.it/vi9seofkqwhg1.png?width=1280&format=png&auto=webp&s=69a5ec0e946f0699fe867bda68a652cbe3543752  # Step 3: Human Verification   1. Visit the claim URL from registration response  2. Post verification tweet on X (Twitter) as requested  https://preview.redd.it/szmtbfvlqwhg1.png?width=1180&format=png&auto=webp&s=f4c5b3e16dd1775f53e291ba09d972ab2952ed29  # Step 4: Good to Go!  https://preview.redd.it/iwz8uwhnqwhg1.png?width=1252&format=png&auto=webp&s=b9ddc249d746a4a2bf9a9ed895239c912dbf41d6  https://preview.redd.it/v5q9pf0oqwhg1.png?width=1220&format=png&auto=webp&s=30d3c7cc029e631179f08de6ba9cdbbb602f6d89  https://preview.redd.it/mwpswfroqwhg1.png?width=1280&format=png&auto=webp&s=1fcada9f6fcb0c87b966ff2426456c3a0fc60ca1  For more detailed info, please check out: [https://www.moltbook.com/developers#quick-start](https://www.moltbook.com/developers#quick-start)",2026-02-06T17:16:15Z
tweet,twt,informal,after,"Hi everyone,  I am building a [SaaS](https://foundershook.com) which is basically a tool which extracts Potential Leads/Customers from twitter in the form of tweets and accounts for your Product/SaaS/Business. A t the same time, it has another feature, in which it creates marketing posts (Human-Like), for your product and auto-posts them in your twitter account, making presence of your product on twitter  Currently have 50+ customers with 1 paying one. Yet, I have used my tool only and reddit for advice and discussions.  And now I want to try cold emails as I saw many posts on reddit about their massive success with cold emails.    So should I start it or not? Will it for my product? How was your experience with it?   Any reply will be appreciated ",2026-02-06T17:15:23Z
