word,event,register,period,sentence,timestamp
stan,eminem,informal,after,"hi !! i’m looking for +25 kpop stans for my academic thesis research. it is open to everyone but in order to have better results my teacher asked me to get some “older“ people answers too (right now 70% of the replies are >25)   i have to try and get as much as possible mixed results in order to have an easier analysis, since my teacher don’t like me choosing kpop as topic i would like to prove them wrong and let them see that there are also older fans.   your help and opinions will be very appreciated :( thank you so much 🩷  the survey is completely anonymous (i am not collecting emails or names) with the data i’m collecting i would like to explore the phenomenon of kpop and consume practices and notice how it can change between ages and countries. *all the data will be used for academic studies only !!*   (the survey is for EU resident only, because my teacher asked me so, but 🥹🙏🏻 i’m so desperate that even if you are not from europe i’m okay if you do the survey and click a country you’re not from unless it’s uk since 35% of the replies are from uk)    *of course if you are from UK, chose that and if you are younger than 25, you can also do that, any answer is better than none*   survey here : [https://forms.gle/yNsjWSsjkik988vo6](https://forms.gle/yNsjWSsjkik988vo6)",2026-02-07T11:47:40Z
stan,eminem,informal,after,"Disclaimer: I have zero game development experience, no clue how this would affect current progression/player retention.  Star Bonus ores can be tied to base progression. Sort of like Clan War weight, but with less complication.  Every X number of PERMANENT upgrades, you get ore added to your bonus, scaling with available upgrades. Including lab and hero upgrades wouldn't be ideal, as those are a nightmare to catch up on if you fall behind. Walls? Perhaps.  The little info button when viewing your bonus (as demonstrated above) would show how many more upgrades you need to get more ore. As for how much ore is to be rewarded at the final stage? No idea, probably akin to current Legends League.  This rewards progression, the point of the game, instead of your ability to maintain a weekly league rank. Now anyone can enjoy ranked without ore FOMO.  Please share any oversights I may have missed, thank you!  TL;DR, upgrade base get more ore",2026-02-07T11:38:51Z
stan,eminem,informal,after,"Hey everyone,  It is the philosophy of our sub to allow critiques of actors and their dramas. But to keep conversations respectful and on-topic, here’s a quick guide:   ✅ **Allowed:**  * “Their acting felt flat in emotional scenes.” * “They weren’t convincing as \[character\].” * “The script didn’t use their strengths well.”  ❌ Not Respectful (and may be removed or locked):  * “They’re ugly/talentless/dull/stupid/idiots.” (Personal attacks) * “Only idiots like this actor.” or ""You are an idiot for liking this actor"". (Insulting fans) * “They look like a \[body-shaming remark\].”  Actors are people. Critique the role, not their looks or worth.  *Disagreements don’t mean rudeness.* Reply civilly if you disagree. If you find yourself getting a little feisty on the keyboard, it's time to move away. The block function is a useful button.  # Still unsure? Here's a quick checklist on spotting personal attacks  Ask yourself: Does the comment…  1. **Insult the person** (not the performance)?    * ✅ *""His acting was wooden.""* → **Respectful** (critiques skill)    * ❌ *""He’s a talentless hack.""* → **Personal attack** 2. **Mock someone’s looks/body**?    * ✅ *""The costume didn’t flatter her.""* → **Respectful**    * ❌ *""She’s built like a toothpick.""* → **Body-shaming** 3. **Attack fans** for liking/disliking something?    * ✅ *""I don’t get why people like this show.""* → **Allowed**    * ❌ *""Only morons stan this actor.""* → **Not allowed** 4. **Use exaggerated, dehumanizing words**?    * ✅ *""This casting was a miss.""* → **Allowed**    * ❌ *""This actor ruins everything like a cancer.""* → **Not allowed**  **Still unsure?** Think: *""Would I say this to their face in public?""* If not, rephrase!  # How you can help keep discussions respectful   The truth is, mods won’t be able catch everything, so we rely on members to also keep discussions fun and fair.   We also don't believe in policing every thread; we believe that sub members can handle discussions like adults. (Right? *Right??* Don't let us mods down.)  Here's how you can help:  * Remind others gently if they cross the line (“Hey, keep it about the performance!”). * Reports are for personal attacks, not opinions you dislike. (Seriously, false reports slow us down.) * Block users who annoy you * Hide the post from your feed   Still, we get it, tempers flare.  This is where we get serious and say that if you are consistently breaking Rule 4: Be Nice, we would have to enforce a ban on you. If you get a modmail saying you broke a rule, don’t ignore it.   We don't want to end up banning you, because we want you to continue hanging out in the sub, so we please take this seriously.    — Your Mod Team  PS: This will be republished once a month as a reminder.",2026-02-07T11:07:18Z
stan,eminem,informal,after,Come on lads!  Please add channels as you see fit. ,2026-02-07T10:53:55Z
stan,eminem,informal,after,"It's 0% 9Now, 25% Channel 9 and 75% STAN SPORT (and a cool $35)!?  Because Channel 7's last two games were... Perfect?  And 9's Australian Open was like 75% 9Now!  What a shock and how disappointing 😵‍💫  💲💲💲💲💲💲💲💲",2026-02-07T10:45:20Z
stan,eminem,informal,after,"i just started stanning them in December like LATE december, theyre lit the first group I ever watched with their variety shows and other stuff, even behind the scenes💔 my first group too where I have no bias cus I love all of them. I binged watched their boys planet and all their yt vids. argdksj im gna miss them ",2026-02-07T10:05:50Z
stan,eminem,informal,after,"‎As most of us know, Sophia posted on weverse clarifying the said ""freaky Friday swap"" answer of Dani and people are quick to do ""I told you so"" on the criticisms and claim that they obviously just joking around and people should not be parasocial and hating on Daniela because of it..  ‎But at this point, who is even being more parasocial? Isn't it more weird to defend or ignore a blatantly rude action of a public figure to someone else, let alone their group member who they keep insisting as their friend or even sister just because of a PR statement? Are people just blind to body language now? It's so frustrating to see how fans will do all of the mental gymnastics and gaslighting to defend their idol even if what they did is clearly wrong and those who see it as it is and call it out will be labeled a hater. I'm sorry but I can only see Sophia's statement as damage control and nothing else and honestly, does she even have a choice? And no, I don't hate Dani for the sake of it. I even like her equally with the other girls but she clearly did a wrong thing and I hate how people will just shrug it off because the compan-I mean,  Sophia, said it. It would've been better if Dani just cleared it or maybe apologize for it instead.  ‎Katseye is my gateway to this kind of world, being a fan of idols and it's honestly so fun at first but eventually it's getting weird to witness. I like them to succeed as a group but if they keep on covering up and even defending this kind of inappropriate behavior, it's not inspiring to stan them anymore. If being a fan is sucking up all the things they do even if it's questionable, be it their behavior or just the music their company picked for them, then I will not be able to keep up with that. ",2026-02-07T09:49:50Z
stan,eminem,informal,after,You got the dud Stan now go play you VS homer before it's to late,2026-02-07T09:43:08Z
stan,eminem,informal,after,"Characters unavailable: Batman, Mario, Philip J. Fry, Princess Peach.  # Rules  1. **Characters in pair must have a strong connection between them**. They may be hero duo, or romantic couple, or sworn enemies, or something else: it doesn't matter. They have to be associated with each other. If pair is a part of bigger team, they must to have stronger connection than just being in team *(e.g. Robin and Starfire are not just part of Teen Titans, but also a romantic couple)*. 2. **You must only put characters by their most known color schemes,** as how people see them, not how much color they have. *(eg. Even though Mario has more blue than red, he’s still known to be red)* 3. **Each character may be repeated only twice.** 4. **Order of colours doesn't matter and only one pair for each color combination will be selected.** i.e. pairs with first character of red colour and second character of blue will contend for same place with pairs with first character of blue and second one of red. 5. And finally please make sure to **double check close colors.** Some colors may look similar like blue/cyan or gold/yellow so choose the closest one. This rule will not be as enforced as the rest but if a character is yellow and it wins as gold it would feel better if it won as yellow and it can’t be changed back to yellow.",2026-02-07T09:32:17Z
stan,eminem,informal,after,"Hello all, bit of a Stan in the dark but my sister is getting married later this year in the Dandenong ranges and we’re looking for a wheelchair accessible hotel out that way and not having much luck. Does anyone here have any suggestions? Thanks",2026-02-07T09:03:09Z
stan,eminem,informal,after,I can’t believe people actually stan him it’s not like he’s a successful actor he lacks charisma is super boring he has personality of boiled chicken he’s not even attractive I’m convinced he has no actual fans just people who hate Taylor Swift he’s more known for being Taylor ex than any of his roles he’s such a monotone actor that only gets like 5 to 10 mins of screen time but his “fans”act like he’s this successful acclaimed actor when his costars are out acting him with ease yes he’s in Oscar nominated films but I promise his fans that  people don’t tune in for Joe ,2026-02-07T08:36:10Z
stan,eminem,informal,after,"while twice has always been a relatively successful girl group, they’ve clearly lost momentum and are nowhere near their peak anymore. now, they’re often only brought up so people can use them to shit on blackpink. the amount of praise twice gets tends to mirror the amount of hate blackpink receives, because people use twice as a tool to drag blackpink. since blackpink gets a lot of hate, twice automatically gets a lot of praise.  however, this almost never translates into anything substantial, and many girl groups are surpassing twice day by day. i honestly can’t understand how their fans don’t see this and genuinely think twice is the biggest girl group in the world. ",2026-02-07T08:20:32Z
stan,eminem,informal,after,"      hey warrior fans, figured i'd share a heads up for the uc san diego game on 02/07 at the stan sheriff center because parking can honestly be a serious headache, even on a saturday. everyone is trying to squeeze into the same few lots, which creates a huge backup getting onto campus.      the absolute best hack to skip the traffic jam getting onto lower campus and the long walk from way up on upper campus is Prked. honestly, check it out. it's an app where people near the manoa campus rent out their driveways or garage spots for cheap. you get to park right next to the arena, it's often way cheaper than the official lots, and it's a super short walk to the gate. you can completely avoid the craziness trying to get into the zone 20 structure.      if you're sticking to the official university of hawaii campus parking, here's the rundown. the main spot is the lower campus parking structure (zone 20). the event parking fee is typically a flat rate of around $10 per vehicle. this is important: they strongly prefer, and often only accept, card or mobile wallet payment at the dole street or waialae avenue entry gates, so do not count on using cash. you should arrive early, like before 6:00 pm, because that lower campus structure can fill up quick.      if zone 20 fills up, you'll be routed to the upper campus lots. since the game is on a saturday, you can park in any unreserved green or white stall on upper campus all day long. you'll pay the fee at staffed kiosks on east west rd or maile way, and the lots like zone 13 (along correa road) or zone 4 are good options. just make sure to avoid the student housing zones (8 and 21). parking up there is a longer walk, but sometimes they offer a free shuttle service from the upper campus lots with drop off near dole street, so keep an eye out for signs. another paid campus parking option is the zone 22 - dole street parking structure, but this is without a shuttle.      for off-campus alternatives, you can sometimes find public paid parking lots in the surrounding mo'ili'ili area like pucks alley or the japanese cultural center. be warned: the japanese cultural center lot has an early closing time, sometimes 10:30 pm, and a men's basketball game could easily run past that, so check the specific lot rules if you use them.      a final tip is to rideshare. it's highly encouraged due to the limited parking. traffic is really heavy coming in, and the dedicated drop-off-pick-up spot is right on lower campus road across from the stan sheriff center near the center for disability studies. remember that no tailgating, loitering, or alcohol is allowed on university property.      hope this helps you score a great spot for the game and go 'bows!",2026-02-07T07:57:39Z
stan,eminem,informal,after,"Hello stan I've been watching your channel since 2020 and been working on art designs, sadly this is a base that I found but the rest is original for your design I hope you love it 😁😁",2026-02-07T07:53:01Z
stan,eminem,informal,after,"hiii!! you can call me lynn :3  i'm 20 and use any pronouns. would absolutely adore some queer friends!! also fellow neurodivergent people :3 i moved to a tiny republican/religious town a few months ago and i've only seen one other openly queer person 😭 i'm in enemy territory frfr. but feel free to reach out even if you're not queer/neurodivergent :)  idk what to really say about me lol but i'll list out some of my hobbies:  \- Genshin Impact (AR 56, currently trying to build Ineffa and Columbina)  \- Wuthering Waves (I'm Union Level 34 I think? i've been playing it nonstop for the past week lmao i'm obsessed)  \- reading (dystopian, fantasy, historical fiction, some psychological thrillers)  \- writing (especially poetry!! hoping to publish an original book of poetry in the next decade)  \- listening to music/singing/dancing! (I'm mostly a kpop stan but I'll listen to just about anything, i'm always looking for recommendations)  \- cooking and baking!  i'm a huge yapper when I get comfortable with someone, and would love someone who matches that energy!! I love sending memes and tiktoks and just random life updates, but i'm usually down for a deep chat too.  i'll be heading to bed shortly after posting this (I'm in CST timezone so it's rly late 😭), and I work both tomorrow (today technically??) and Sunday. so replies might be slightly sporadic/slow at times :(( but i'll text when I can!!  anyways thanks for reading <3 cya!",2026-02-07T07:47:21Z
stan,eminem,informal,after,"Big EPL game tonight of Spurs / United.   I’m not paying the $30 for Stan Sports, and don’t want to mission to Crown.   Any NoR bars ect that I can watch the game at?",2026-02-07T07:39:57Z
stan,eminem,informal,after,"I can't believe this. How can y'all stan COUGHKA when this is how she talks to THEE mother. UNACCEPTABLE BEHAVIOR! STEM GIRLIES, IT'S TIME TO GO ALL OUT AND PROTECT MOTHERTA",2026-02-07T07:38:02Z
stan,eminem,informal,after,"i dont wanna sound like a downer or feeding into the hate, but im frustrated with the amount of hate the girls are receiving. it gets to a point where i barely interact with any of their content cus there will be hate content. its baffling, everything they do from music to literally WALKING gets scrutinised under microscope, people are making speculation on the girls private life, shitting on their music to a point that its literally the butt of every joke like “fried chicken” and “eat zucchini“, its the same thing over and over again. These hate videos received 50k likes minimum on twitter im not even gonna mention tiktok cus god knows whats happening there. to make matter worse, because they also technically belong to kpop company, the other kpop stans will constantly make hate tweets abt them. i can’t interact w anything katseye related w/o people posting hate rage bait content. is there any way hxg, can at least protect or moderate the hate. iknow its not common for US label to protect their artist over online hate but its borderline bullying and harassment at this point, and they are young adult this amount of harassment online will get to them eventually, their weverse has already become a notice board for them to tell people to stop the hate….its just frustrating.",2026-02-07T07:03:36Z
stan,eminem,informal,after,"**PS-I DID NOT KNOW WHAT VAMPIRE SURVIVORS WAS PRIOR TO POSTING THIS**  Before all the megabonk stans immediately start trying to crucify me, I want to say two things. One is that Risk of Rain 2 is the game I thought this looked like, and the game I heard lots of people compare it to meaning that it was the benchmark for my expectations for megabonk. In hindsight that was a terrible  In hindsight ROR2 is a horrible game to compare this to  Two is I can see the appeal, it just misses me and I think it's an overhyped youtuber game that had an appropriately short time in the spotlight  We'll start with the few positives I have to say. First is that the low poly aesthetic is awesome, I always love when games take that angle. Second is that the music and all the models and everything are well made and cool looking  That concludes my praise. I'll now go through the things I didn't like in my very brief time with the game, once again using ROR2 as my benchmark since I saw the storepage for megabonk and thought ""Huh, this gameplay kinda looks like Risk of rain 2, I wonder if it's as fun"" spoiler alert, no, nowhere close. Megabonk just felt like the videogame equivalent of doomscrolling on youtube shorts. Mindless. It feels like playing a blooket game with a $10 shader pack on it. Auto attack is stupid, it's what makes the game feel so mindless in my opinion. The camera is also kinda buns, it feels like it's trying to be smooth, but it just ends up being annoying. The game seems like it's meant more for content creators to milk. The game also isn't co-op, which makes zero sense since it looks like the perfect kind of game to run with friends.  I didn't play it for very long (Half an hour) and did a single portal boss, mostly because by the time I got there, I was literally switching between scrolling on my phone and watching American dad just to keep myself from dying of boredom. Quick note about that too because I know people are gonna say ""That's just because you're brain rotted"" No. I can't stand having youtube or tv shows or anything else on in the background other than music when I'm playing a game I genuinely enjoy. I was trying to pass time before reviewing this game because it was so damn boring on it's own that I wouldn't have even made it the half hour that I did without something else keeping me alive  I've also heard from reading other reviews and whatnot that the game is very repetitive and that there are only a few viable builds and whatnot that make the game even playable, which sounds grueling to me  One last thing I should mention is that I started with the demo and thought it was rough so I tried the main game thinking the demo was selling it short. It wasn't  Long story short, if you want a good roguelike, play Risk of rain 2",2026-02-07T06:46:06Z
stan,eminem,informal,after,"If you love soccer and want to watch matches without illegal links, lag, or risky websites, here’s a simple guide to the best legal and reliable streaming options available today. These services offer HD quality, live coverage, and match replays.  Loking: [Using Soccer,](https://www.reddit.com/r/BestSoccerOn/wiki/index/) Right Now  ✅ Best Legal Ways to Watch Soccer Live  🇺🇸 United States  ESPN+ – LaLiga, Bundesliga, Serie A, FA Cup, and more.  Peacock TV – Premier League matches.  Paramount+ – UEFA Champions League, Europa League, and Serie A.  FuboTV / YouTube TV / Sling – Carry major sports channels like ESPN, NBC, and CBS.  🇬🇧 United Kingdom  Sky Sports – Premier League & major competitions.  TNT Sports (BT Sport) – Champions League & Europa League.  Amazon Prime Video – Select Premier League matchweeks.  🇨🇦 Canada  DAZN – Champions League, Europa League, and many top leagues.  🇦🇺 Australia  Optus Sport – Premier League.  Stan Sport – Champions League & Europa League.  🌍 Other Countries  Loking: [Using Soccer,](https://www.reddit.com/r/BestSoccerOn/wiki/index/)  Most regions have official broadcasters like DAZN, beIN Sports, SuperSport, or local TV networks. Always check your country’s official provider to stay legal.",2026-02-07T06:09:34Z
stan,eminem,informal,after,"I tried on the adidas BW army gat repros the other day and really liked them (I do not have MM money for trainers 🙏) but they have been out of stock in my size for ages now, no idea when they are going to come back in stock.  What I want is something plain, unbranded and white/cream ish to replace my beat to hell Stan smiths.  Are there either a different pair of GATs I can buy for about the same price (less than £150) or some other trainer I can look at?  I know people will recommend buying actual surplus BW trainers on eBay but when I looked they seemed to go for 70-100 for old af dead stock, or actually used examples. Which I find questionable for what is essentially a low quality piece of issue kit that will probably have degraded in that time.  Edit: to be clear, alternative GATs are super helpful but I’m also open to other low profile unbranded trainers.",2026-02-07T06:04:44Z
stan,eminem,informal,after,"Two more boxes (of 6 total) I gifted my kid. These are definitely more random. I’m from LA and love underground, so there’s a decent amount of LA/West Coast artists. ",2026-02-07T05:37:22Z
stan,eminem,informal,after,I'm going to japan this june and I'm looking for good kpop stores in Fukuoka and Tokyo! I mainly stan ggs so stores that have photocards and albums (mainly photocards!) from them would be preferred :) Thank you!,2026-02-07T05:27:58Z
stan,eminem,informal,after,"Congratulations lenamiu for qualifying as the newly declared p*** artists by  one of  the the holy respectable fandom of gl who are very innocent and loves to call any good kisses p*** but b**j** scenes are very funny and family friendly to them. No fr is there some content shortage from lo cause why they're crying over months old random post that saying Lena should be assistant director of lo project cause Lena puts lot of input from herself that makes scenes natural, and the ""good quality series"" ""well written"" ""well produced"" series they preach about it it in the room with us? Didn't know tsou OY got Oscar for it's kidney touching work 💀",2026-02-07T04:57:54Z
stan,eminem,informal,after,Quick update as the identity of the New 10th Rumored Queen has been made public!  That's all! & Don't forget to stan Malawitte!!,2026-02-07T04:39:48Z
stan,eminem,informal,after,"   hey everyone, figured i'd share some parking tips for the bieber night on 02/07. parking around brooklyn bowl is honestly a massive headache because it's right between germantown and the sounds stadium, so you gotta have a plan or you're gonna be stuck in traffic or paying a crazy amount.      first off, if you want the absolute easiest experience, you gotta check out an app called prked. they let people rent out their driveways and garages right in the germantown neighborhood next to the venue. it's usually way cheaper than the event lots, you can pre-book to guarantee your spot, and you skip all the awful traffic trying to get into the immediate parking lots. it's a short, easy walk.      if prked doesn't work out, here are your other options, strategies, and warnings.      the lots right next to brooklyn bowl are convenient, but they fill up fast and the prices are unpredictable. i've heard stories of them charging like $57 for just a couple of hours during busy events, which is total bullshit. if you use one of these, make sure the rate is posted clearly and you're not getting ripped off.      a smarter paid option is to use a reservation app like spothero or parkwhiz to book a spot in advance at a nearby lot or garage. look for places like the vision lot, the dugout lot, or the starling garage. these spots are a few minutes' walk but the price is locked in ahead of time, which avoids those nasty surge rates.      for the absolute cheapest route, the real insider move is the free state surface lots. the surface parking lots (the ones without a roof, not the garages) at the corner of john lewis way and harrison are free on weekends and after 5:30 pm on weekdays. this is maybe a 15-minute walk, but it saves you a ton of cash. just be 100% sure you are in a \*surface lot\* space, not a garage, or you will get ticketed or towed.      street parking in germantown is also an option but it's hit-or-miss. most meters become free after 6 pm or 8 pm in this area, but you absolutely have to check the signs before you leave your car to avoid a ticket, especially since this event is at 9 pm. don't risk a narrow street or a residential-only spot.      since the event starts late at 9:00 pm on 02/07, the weekday rush hour traffic (4-6 pm) will be completely done. however, downtown and the gulch will still be packed with saturday night crowds, so traffic can be a mess. plan to arrive at least 30 minutes early to snag a spot or walk from your cheaper option. if all else fails, uber/lyft/rideshare is always a solid choice to avoid the driving stress altogether.      hope this helps everyone save some time and money for justin bieber night!",2026-02-07T04:33:30Z
stan,eminem,informal,after,"Blog from https://90sflashback.wordpress.com/2021/01/12/er-7-19-sailing-away-the-rescue-mission/  I love reading recaps from others and reading comments at the end.  I did get a bit annoyed of Carter butting in when Luka and Abby were dating in Season 7. However, I did love this storyline of Carter again trying to look the better man over Luka, when Luka's solution to get Maggie, may have seemed insensitive (as the person said in the next screenshot), but was the most logical.",2026-02-07T04:28:46Z
stan,eminem,informal,after,"Basically if you followed Morgan Stanly advice in May and bought the stock, you would have lost money and now that you have lost money in HAL they have changed the target. They are moving target price according to how stock is moving. Instead of being forward looking they are reacting to existing market sentiment.  They were wrong in may and in my opinion they will be wrong again. And when price will rise to 4500 again, they will revise their target upwards. ",2026-02-07T04:27:39Z
stan,eminem,informal,after,"You might think this is a greedy and shortsighted opinion,   but the free pickaxes and gliders they give out would cost hundreds of V-bucks if they were in the shop.   So, wouldn't you rather have the actual skin instead of a bunch of random items?  \----  I'm not saying they should give out Cartman for free—He'd bring in tons of profit.  But Stan Marsh? Giving him away for free probably wouldn't impact sales that much.  As you know, he's nothing but Randy's son.  Unfortunately, even during the South Park collab, I hardly saw any South Park characters on the island.  If they'd given one out for free, we would've encountered Stan in every game.  Considering that kids would use a free skin for a long time, it would be great advertising for the collab partner.",2026-02-07T04:08:10Z
stan,eminem,informal,after,"So i have seen TB stans saying that Helaena was after Aegon and before Aemond and Daeron, can someone tell if this was true? Does the book mentions this?   I mean we do know that Jaehaera was next after Maelor, and she was mentioned as Aegon's heir.  So i would like to see if Helaena was beneficted by Viserys' choice of making Rhaenyra heir, or Rhaenyra was a particular case in the succesion?",2026-02-07T04:05:14Z
stan,eminem,informal,after,I really want to know your opinions about this topic.,2026-02-07T03:49:35Z
stan,eminem,informal,after,"It only came with one signature, which lowkey sucks because I don't bias Juwang 😭 (although I got two versions of their 3rd mini album and got one of his photocards, his bookmark, one of his postcards, and now his signature on the poster?? JYP are you giving me a sign 😭)  I still love it because this is the very first signed anything I have. honestly, I could get a signed anything from an idol I've never heard of and be happy, I can just stan them now. my collection isn't that amazing, so finally having a something SIGNED is so awesome 🥹  I'm also only 99.99% sure this in Juwang's signature because it's on top of him in the poster... I don't know their signatures. I guess I'll look it up now!",2026-02-07T03:30:13Z
stan,eminem,informal,after,"Hi everyone,  One of the cats I care for is Churu. He is scheduled for eye enucleation surgery soon due to a non-functional and painful eye. I’m also caring for several other cats who are recovering from injuries, fractures, URIs, and periodontal issues. While I am raising funds for their medical needs separately, I still need to make sure that all the other rescued and community cats continue to have food and litter during this time.  At the moment, my supplies are almost completely depleted, so I’m humbly asking for help with food and litter. Any support—no matter how small—would make a huge difference for them.  **Donations will be used for:**  * 1 sack adult dry cat food (20 kg) – **$61** * 1 sack kitten dry cat food (10 kg) – **$34** * 20 pouches kitten wet food ($0.75 each) – **$15** * 14 cans adult wet food ($1.30 each) – **$18** * 5 packs cat litter (10 liters each, $5 per pack) – **$25**  **Total needed:** **$153**  (to cover approximately one week of supplies)   **Amount received yesterday:** **$44**   **Remaining balance:** **$109**  I will gladly provide updates and receipts so everyone knows exactly where the donations go.  **To donate:**   [paypal.me/catsofmagdalena](http://paypal.me/catsofmagdalena)  **For in-kind donations:**   Please note that Amazon does not ship to the Philippines. You may check [**petwarehouse.ph**](http://petwarehouse.ph), which accepts both local and international debit/credit cards. Kindly send me a message so I can provide my complete address.  **For updates:**   [instagram.com/catsofmagdalena](http://instagram.com/catsofmagdalena)",2026-02-07T03:25:44Z
stan,eminem,informal,after,re watching season two and I’m like hmmmm 🤔,2026-02-07T03:19:57Z
stan,eminem,informal,after,New pc. New…everything. Gonna finally take streaming more seriously now that I have an actual serious setup going on. Playing Hollow Knight: Silksong. Come check me out!,2026-02-07T03:17:10Z
stan,eminem,informal,after,i saw zara for the first time when she opened for tate mcrae on the miss possessive tour! i took this video back in september. ngl i genuinely think i was the only person in my section who was filming her and freaking out over her being right there!!! this is a video i took from that night.   i'm seeing zara again in denver in march and bringing gifts (my mom and i made a ton of zara aesthetic inspired bracelets & i think i'll bring flower hair clips too) for fellow zara stans there!!! ahhh i can't wait for her to go back on tour and for the day of my show:)🐬🌺☀️🌴🌊,2026-02-07T03:11:00Z
stan,eminem,informal,after,This display has been here for a couple weeks since release ,2026-02-07T03:03:49Z
stan,eminem,informal,after,Dream stans are like stinky because they use emoji that bad idk why dreams stans can't eat meat they eat the sapnap salad thats like no,2026-02-07T03:03:39Z
stan,eminem,informal,after,"Accidentally wound up with two of these books.  Rather than resell this one, would prefer a swap for a similar CGC slabbed key of similar value/time period.  This is one of the older slabs (2016), so has that newton ring effect, but that's only a cosmetic issue.  https://preview.redd.it/4fjwksapkzhg1.jpg?width=3000&format=pjpg&auto=webp&s=17371e6d822d46e8a21fcdede41908d35138cc10  https://preview.redd.it/vvwbx3rpkzhg1.jpg?width=3000&format=pjpg&auto=webp&s=e6cbb36bfa4b7b9576d8b7f9c6b0aece83c24f2c  ",2026-02-07T02:49:06Z
stan,eminem,informal,after,"I scroll youtube and found this, why didnt they make new bots into gingerbread on christmas these years, It be a fun video to watch IMO ",2026-02-07T02:48:52Z
stan,eminem,informal,after,"New sets I’ve been wanting. I waited to purchase so I could get the Penguin GWP, penguins are my wife’s favorite! Also ordered the Sauron helmet! ",2026-02-07T02:46:52Z
stan,eminem,informal,after,"The Talking 203(k)’s podcast, where we break down FHA 203(k) renovation financing in plain language.    In this episode, we explain how the FHA 203(k) loan helps buyers finance fixer-uppers without fear or confusion—by combining the purchase and renovation into one loan and protecting renovation funds through a structured process.  The truth is, most people don’t avoid these homes because they’re bad deals.  They avoid them because no one ever explained the financing correctly.    When you understand how renovation funds are protected, how timelines work, and what’s actually allowed, fixer-uppers stop feeling risky and start looking strategic.    That’s when opportunity shows up.    If you want to go deeper and truly learn how the FHA 203(k) works—from a practical, real-world perspective—start here:  👉 [https://stan.store/The203kPlaybook](https://stan.store/The203kPlaybook)   ",2026-02-07T02:44:09Z
stan,eminem,informal,after,She’s so beautiful 🥹 ,2026-02-07T02:41:51Z
stan,eminem,informal,after,https://preview.redd.it/tlvtgh7whzhg1.png?width=1918&format=png&auto=webp&s=88908cc086e384ca5ac16a93283971c13a5dadab  ,2026-02-07T02:32:10Z
stan,eminem,informal,after,"[https://github.com/UnityX-DE/UnityX](https://github.com/UnityX-DE/UnityX)      I would be super thankful if any of you could contribute, even the tiniest of things would help a whole lot!",2026-02-07T02:28:22Z
stan,eminem,informal,after,"Hello everyone! I'm really curious about everyone's 5th gen favorite and here's mine.  \[5th gen I love!\]  1. AHOF - I love their nostalgic music and each of their songs is really my cup of tea. I love all their songs and I listen to it at least 10x a day. My favorite is The Universe, Mamma Mia, and Pinocchio. Members are very talented too! 3 main vocalist in one team, and their voices are just so good. Mind you, I've been stanning kpop groups since 2012, and this is the first time in 8 years that I love a group again like this. My favorite is JL, Shuaibo and Steven! 2. ALPHADRIVE1 - They're new but I love FREAK ALARM! It has been on my mind for days now and just keep on repeating.  Sangwon is such a good center, so captivating! Anxin is really good too, Leo is sooooooooo yum\~ Ok don't freak out, but he's really good! 3. CloseYourEyes - I love their music, I listen to it whenever I travel. It's nostalgic too and really suit the travel vibes. My favorite is Minwook and Kenshin! They really deserve to be known. 4. BOYNEXTDOOR - Who doesn't love this group! Hella talented and handsome! I love Jaehyun energy and Woonhak voice so much. My favorite is their One and Only song! 5. RIIZE - I love their songs and instrumental feels. Memories has been on repeat on my playlist. I hope SM Won't sabotage this group like they did when Sunghan was removed! The members are talented too!   \[My not cup of tea\]  1. Cortis - No hate but they isn't really my cup of tea, I love the members tho... is just if you look at my preferred groups you'll see that I love the nostalgic mellow songs a lot. I think their songs has a lot of shouting going on and I can't focus. But I love Joyride tho... I love Keonho and James, they are funny and talented. 2. Xikers - Honestly love the members too they are sweet but when it comes to music I don't think I connect with their songs. I did try to listen to them specially when I saw their guesting and they're really sweet, but the music is really not my preferred song list. 3. 8turn - Honestly I supported them during Kingdom, I just hope their management let them explore more. Members are talented too it's just that the management kept them locked in a concept that I don't think works now for them. I just hope they have more opportunity in the future.  This is not to spread hate. I just want to know what people think of 5th gen nowadays. I'm part of 2nd gen babies and my main groups are Girls Generation, Bigbang, Shinee and Exo. I also love Straykids, Enhypen and Seventeen. 5th gen nowadays, they're really hard to connect specially since there's a huge age gap. (I feel like a noona or ajjuma)  What do you think?",2026-02-07T02:21:21Z
stan,eminem,informal,after,most of this file was redacted :/ [https://www.justice.gov/epstein/files/DataSet%209/EFTA00144597.pdf](https://www.justice.gov/epstein/files/DataSet%209/EFTA00144597.pdf) ,2026-02-07T02:21:07Z
stan,eminem,informal,after,"So.. I've recently decided to look into the spa market... ironically Hot Springs is in our local costco this week... thoughts on best value for weather in South Dakota? Leaning 6 person (or more), already set up for 50A service. Any advice is appreciated!",2026-02-07T02:02:17Z
stan,eminem,informal,after,"Was thinking about old times today, so I thought I would share some memories I have with the show, there are a lot more than this but these are the ones that stick out to me     So, for my prom, I asked my date with a sigh that had a Chef plush tied to it, and it read ""There is no substitute for you, \*insert dates name\*"", she actually went to the prom with me, turns out, she knew where it came from.     When ever my niece comes over and spends the night, she always has to sleep with my Big Gay Al plush for some reason, she has an attachment to him, maybe its because I keep him and a few extra SP plushes in my guest bedroom  The first CD I ever bought was Chef Aid, shortly after I bought the spongebob movie CD (both are goated CDs), Always loved ""Wake up wendy"" and ""Mephesto and Kevin""  Back when I was nine, my parents bought me a cartman watch that talked, it was sick until I broke it when I fell off my bike  I was Stan for halloween when I was 17, Can't find any pictures though, but I think I gave the hat to my cousin",2026-02-07T01:57:21Z
stan,eminem,informal,after,Snakeskin and Wicked For Good are on the Stanley site! ,2026-02-07T01:42:31Z
stan,eminem,informal,after,"I’m just going to say this: I’m not going to go over everything in this scale. I’m only going to cover the most important parts that matter. This will be a very simple and consistent way to get the Gravity Falls cosmology to hyperversal. It won’t be the highest you can scale the cosmology, so let’s get right into it.  # The Multiverse  It’s stated multiple times that the multiverse is infinite. It contains an infinite number of [timelines](https://imgur.com/a/infinite-multiverse-1-GRPm3kX) / [universes.](https://imgur.com/a/multiverse-statement-book-of-bill-WygBHTY)  [""THE PORTAL WHEN COMPLETED WILL OPEN A GATEWAY TO INFINITE NEW WORLDS AND HERALD A NEW ERA IN MANKINDS UNDERSTANDING OF THE UNIVERSE”](https://gravityfalls.fandom.com/wiki/List_of_cryptograms/Books)  This should place the cosmology at Multiversal+ for now.  # Trilazzxx Beta  [Trilazzxx Beta is the home of pan-dimensional aliens. These aliens are stated to exist between 7–11 dimensions at once and have a horrible sense of direction,](https://imgur.com/a/YRt2PPp) , according to Stanford. We know Stanford is referring to higher dimensions because the definition of pan-dimensional means [“of or pertaining to all dimensions of reality”](https://en.wiktionary.org/wiki/pandimensional)  If he were just talking about universes, then there would only be 11 universes in the cosmology, which we know can’t be the case since it’s stated to be infinite. Also, Bill Cipher [verbatim states that they’re 7th-dimensional which confirms that Stanford is talking about higher dimensions.](https://imgur.com/a/47Q9nmD)  Before I move on, I want to go over something real quick.  [First, just because the aliens crashed into Gravity Falls and died doesn’t mean anything, since higher-dimensional beings aren’t automatically infinitely stronger than lower-dimensional beings. So yes, a being that is 11D in terms of existence can still be 3D in durability.](https://www.reddit.com/r/PowerScaling/comments/1njuj7w/debunking_arguments_against_bill_cipher/)  Second, Bill saying that they’re 7th-dimensional isn’t a debunk to them being 11D, since, as stated before, they exist between 7–11 dimensions at once. So “7th-dimensional” is just a lower-end statement.  Third, Gravity Falls dimensions aren’t compactified due to string theory. This is because lower-dimensional worlds are shown to be viewed as fiction by higher-dimensional ones. For example, [the comic world Uncle Stan gets trapped in is confirmed to be 2D](https://imgur.com/a/vtmQq7j). [Gaming worlds, like the one from Rumble McSkirmish’s world, are shown to be 2-dimensional worlds that are viewed as fiction. Rumble himself is shown to be flat and can’t physically look up](https://youtu.be/yv9tsvrZMU4?feature=shared) just [like how Bill Cipher states that 2-dimensional beings can’t look up.](https://imgur.com/a/2pfe0DM) He is also shown to fall to the ground when he looks up, leaving him stuck, because he’s flat. So we can conclude Rumble’s world is 2D, since he showcases properties of a 2-dimensional being.  Additionally, beings like Dennis see the entire cosmology as just a Pokémon card. This shows that higher-dimensional worlds view lower-dimensional worlds as fiction, establishing a quantitative reality-over-fiction (R>F) relationship. We can conclude that higher dimensions are significant in size, since higher dimensions view lower ones as fiction.  So overall, the cosmology at this point should be High Complex Multiversal.  # The Nightmare Realm  [The Nightmare Realm is a dimension that exists between all dimensions](https://imgur.com/a/qVtw8vi) It’s stated to be a [higher plane](https://imgur.com/a/tjwnHLV) [, lacking physics](https://imgur.com/7U9NWyQ) and [causality.](https://imgur.com/a/2wkh8YG) It [contains](https://imgur.com/a/P2hXJg6) [non-Euclidean objects](https://en.wikipedia.org/wiki/Non-Euclidean_geometry) like Penrose Stairs or Penrose Triangles that can’t exist in just three spatial dimensions. It’s confirmed to [encompass](https://imgur.com/a/8UGkZU8) the [entire multiverse](https://imgur.com/a/oOZwJUN) and it’s also [visibly showcased as a bulk.](https://imgur.com/a/3QFRuwF)  According to VSBW, a bulk is defined as:  “According to Brane Cosmology, a bulk is a place where lower dimensions exist as infinitely thin layers within it, with additional higher dimensions not being compactified; otherwise, they’d exist inside the 4D universe.”  So the Nightmare Realm is a higher-dimensional plane of existence that encompasses and embeds the entire Gravity Falls multiverse, including the 11 dimensions. This would make the cosmology Hyperversal.  # Dennis’s Dimension  [As stated earlier, Dennis is a being who views the entire Gravity Falls cosmology as a mere Pokémon card. The entire cosmology exists as code on a trading card, and it’s stated that the card holds everything in existence. Dennis’s realm also exists outside of time](https://imgur.com/a/EbOvA0M) so his dimension should be at least 1D+ above the entire cosmology.  This would place the Gravity Falls cosmology as another layer into Hyperversal, making it overall 13D.  ⸻  Yes, the Gravity Falls cosmology can scale higher, but I feel this is the easiest and most consistent way to get the cosmology very high in terms of scaling.",2026-02-07T01:41:25Z
stan,eminem,informal,after,"Since rushers are op for grinding on Subchapters, Why don't we just mash them into one loadout?  Red Traited: Chairman, Lil death, Hyperbike  Black Traited: Chainsaw, Barbaric  Angel Traited: Beastly (who its not here)",2026-02-07T01:34:54Z
stan,eminem,informal,after,Like what is your Idea for Crossover Fanfiction between Demon Slayer and another Manga/Anime or Whatever Else you can think of is your story long? Does it re imagine the Demon Slayer character? If is a series set in present day how does the Demon Slayer characters get to present day? Or how do the Characters crossovering over get to 1910-1920?  For Example my idea for one is Tanjiro is frozen in Ice his found in 2024 and he wakes up to modern Marvel comic Universe and Nezuko has been alive for 100 years and able to speak normal and even have her own little family but there mission is still the the Same Demon Slayer Corps still active in present and gone global and yes they know difference between a Good monster and Bad Monster Doctor Strange makes cameo in opening moments of Fanfiction after Doom became Sorcerer Supreme  its sorta Samurai Jack meets IDW Ninja Turtles meets Invaders basically  Another idea is Crossover with Usagi Yojimbo where Demon Slayer cast is re imagine as animals and Tanjiro cross paths with Usagi and they basically Team-up with a cool adventure the Ninja Turtles would make a cameo at the end of the Crossover I imagine Tanjiro as a Wolf I guess Stan Sakai would write and draw it  Speaking of the IDW Ninja Turtles I have an idea with crossover with them to its basically Turtles in Time movie with IDW Ninja Turtles as they go back in time for like 7th time to help Tanjiro and Nezuko to make sure history isn't messed with its set sometime after Issue #100 IDW Ninja Turtles Renet is in the story stuff happens  4th one is a Team-up with Deku when Izuku is teleported to past he basically needs Tanjiro help getting back to his time it's story inspired by Classic Marvel Team-up stories or like when Ninja Turtles team up with Usagi  My 5th idea is Marvel crossover were Deadpool & Machine Man time travels & ends up in Japan during 1910-1920's during the time period of Demon Slayer the rest basically writes itself really it ends with Wade & MM back in present relies that they messed up History a little   I have 5th one that basically crossover with one of my favorite indie comics I Hate Fairyland were Gertrude is teleported to Demon Slayer universe she fights her way back she annoys Tanjiro its partly inspired by resent crossover comic by Marvel/DC with Deadpool meeting Batman plot wise   But that's my idea for Crossover Fanfiction what is yours?  Please put Spoiler Bars on any Manga Spoilers  So Lets do this  Art by koyoharu gotouge  Repost because I forgot to put an image,2026-02-07T01:34:17Z
stan,eminem,informal,after,i love tina so much she's been through a lot 💔​​​,2026-02-07T01:25:38Z
stan,eminem,informal,after,Bruce Wayne/Batman - DC Comics  Kyoshi - Avatar: The Last Airbender   Scarlett Harker - Van Helsing (2016)   G.I. Robot - Creature Commandos   Steve Rogers/Captain America - Marvel Cinematic Universe   Stan Pines - Gravity Falls   Huey Freeman - The Boondocks   Philip Banks - The Fresh Prince of Bel-Air   Davos Seaworth - Game of Thrones   Luke Skywalker - Star Wars   Worf - Star Trek: Deep Space Nine   Iroh - Avatar: The Last Airbender   Robert McCall - The Equalizer (2014)  Joe Leaphorn - Dark Winds   (Classic) Peter Griffin - Family Guy   Malcolm “Mal” Reynolds - Firefly   Nathaniel “Hawkeye” Poe - The Last of the Mohicans   Laura Kinney/X-23 - Marvel Comics   Aaron - The Walking Dead  Mufasa - The Lion King (1994),2026-02-07T01:19:20Z
stan,eminem,informal,after,I am making playlist for every pjsk character and i wanna know who would be a kpop stan if u can i also want the type of group they'd stan like gg or bg and like the theme.,2026-02-07T01:09:34Z
stan,eminem,informal,after,It’s been rolled up for 31 years and is in near perfect condition.,2026-02-07T01:05:05Z
stan,eminem,informal,after,"Have a stack of leftover Streamline Neutron Boosts, from the Disc East in late January.   I'm going to keep and throw a few. But just looking for quality trades for the rest.   New/unthrown only please with no ink, let me know what you have. ",2026-02-07T00:55:48Z
stan,eminem,informal,after,"So this woman sits chronically online (as per her own admission) and sees other black women being harassed, threatened and doxxed by her own stans. Not only she doesn’t stop them; she also fuels them. But apparently being a black woman is only hard when it comes to herself.  There were many other reactions like this tweet and I’m glad people are clocking into her hypocrisy. And although the tweet only mentions Chelley , obviously the list of black women harassed by her stans is a lot longer including Clarke, Coco and tons of social media users and creators.  She always pretends to be unbothered but pulls the racism / pity card every time she gets negative responses (this time for the ravioli look, even from the GP lmao).",2026-02-07T00:40:24Z
stan,eminem,informal,after,"Hello,  Just trying to make a common list of the best/good/ok/bad-horrible teams available out there since a lot of them probably work with MTL only. So I cooked a list of the teams I see the more often in different places and home people will be willing to rate them :   (The S stands for Scans and the C stands for Comics if it wasn't clear)   I'm also relying on everyone since reading 10 chapters with the same team can't be enough to actually have a clear view of their work and over time (like Valir scan that used to be understandable and became complete nonsense)  1. Aein S 2. Akaicomic 3. Alpha S 4. A pair of 2+ 5. Arena S 6. Ascalon C 7. Bingsu 8. Cosmic S 9. Exp S 10. EZManga 11. Daddies Supremacy 12. Fairy S 13. Fejiri S 14. Flame C 15. Floral Garden 16. Freak S 17. Gourmet S 18. Immortal Updates S 19. Kewn S 20. Little Fillies 21. Loveless Translations 22. LS C 23. Lua C 24. Manga Galaxy 25. Manga Weebs 26. Meitoon 27. Momo 28. Necro S 29. Nyrax Manga 30. Nyx S 31. Philia S 32. Qi S 33. Salty S 34. Scylla S 35. Seefood S 36. Serenity S 37. Sonat S 38. Stan Rofan S 39. Sugar Babies 40. Sunny side up S 41. Rage S 42. Reo C 43. Renascans 44. Reset Scans / Utoon 45. Rezo S 46. RinkoComics 47. Rizz Fables 48. Tartali S 49. Temple S 50. Tiara S 51. Truck-sama S 52. Valir S 53. Violat's huge secret 54. Violet S 55. Vortex S  I won't add the ones below since they're pretty famous of their bad content.  1. Madarascans 2. MagusManga 3. Ken Scans 4. Diva Scans 5. Luna Toons 6. Siren Scans 7. Manhwafreak 8. LikeManga",2026-02-07T00:35:34Z
stan,eminem,informal,after,"Hey everyone. 26 year old man. I've honestly just been a huge podcast hole for the past three years and I took a look at my Spotify wrapped last year and realized that I am missing out on so much and I've started dabbling around in 2026 only to re discover that holy shit, I really like this music stuff.      The only two real ""modern"" artists that I actively follow are King Gizz and Goose. Other than that I'm so out of the loop it's not even funny. I went to an IDK How concert last year on a friend's recommendation and also really liked that.      All recommendations are welcome. But my main areas of interest are Jam bands, prog rock, hip hop (though I've never really liked trap music). Older artists are welcome but I'm looking for bands that are actively touring because I want to go see more live music this year!     Here's are my favorite artists to give you a better idea of what I'm into. They're pretty basic, don't judge.   Top 2 Bands of all time are Pink Floyd and The Grateful Dead. Then in no particular order. The Eagles, Led Zeppelin, ELO, Talking Heads, Dire Straights, The Beatles, Goose, King Giz      Hip Hop is also pretty basic: Kendrick, Old Kanye, Wu Tang Clan, Eminem,      Don't know if it matters but my girlfriend is a big KPOP stan and I actually like a lot of that music as well. Very basic but she listens to Chappell Roan and Charlie XCX a lot and I love their music as well.      My least favorite songs of all time are Rude by Magic! and The Wreck of the Edmund Fitzgerald.     Thanks for reading!",2026-02-07T00:08:17Z
stan,eminem,informal,after,"As much as we all would love for Ava to go on tour, it is unrealistic to expect that to happen in the foreseeable future. And by foreseeable future, I mean at least another year or a year and a half.  For Ava to successfully go on tour, she and her team should identify a stratum of venues (e.g., theatres, arenas) and completely fill venues of that capacity in all cities she intends to tour.  And for that to happen, enough people not only need to know who Ava is (e.g., through pop radio presence or talk shows) but also be **invested** in her such that they are willing to shell out some money to see her perform, which isn't the easiest thing to do in today's economy.  Currently, as things stand, Ava wasn't able to fill out theatres in most locations, which, in my opinion, is the bare minimum for a major pop artist. This illustrates not only why the tour was cancelled but also the **dire** situation Ava is in as an artist. I do not use the word flop lightly, but Ava is unfortunately one of the few artists I would genuinely say is a flop. Because while it has seemed like her aim has been to become a major pop star, the way things have panned out has certainly moved her away from that goal.  A tour is **out of the question** unless and until Ava is able to build a dedicated legion of fans who will consistently stick by her side through her artistic crests and troughs and are willing to invest in seeing her live performances. And for fans to be dedicated to an artist and potentially become stans, the artist needs a clear personality/brand that fans can latch onto.  To this end, cultivating a distinct **artistic identity** and, in the process, building a **dedicated fanbase**, should be the focus points of Ava and her team for her next album cycle. Only once these things have been accomplished can the topic of a tour even be remotely broached.",2026-02-07T00:07:08Z
stan,eminem,informal,after,"They had been crushing on each other on and off for a long time and then, when they finally get together they say, they say that deep down it feels wrong. I believe that must have been for the stans of Ross and Rachel. I just don’t think that would happen in real life. Has this happened to anyone else?",2026-02-07T00:06:44Z
stan,eminem,informal,after,"Here are my reasons for why her performance of 'Like Rain, Like Music' was a disappointment. I'm not an expert in vocals but I'm trying to understand the craft and I hope you find my take fair. I welcome people's comments as this is a sensitive topic with lots of varied opinions so by all means feel free to express yourself. My bias as a stan affects my observations but I tried to look at this from a neutral standpoint.  For one, Yunjin's voice is oriented to higher notes. She has a soprano background which made her nail the higher notes but she struggled with the lower ones. 'Like Rain, Like Music' has quite a few low notes and those were beyond her current abilities.  Besides that issue she tried applying an airy indie pop styling to the vocals which didn't work for the song because it's a bluesy ballad which is meant to be sung with a rich and earthy tone. Her airy voice made the opening verses sound empty and flat. She didn't enunciate the words properly and that was a further blow to the performance as it's a sad song which requires clear emotive singing to convey its sorrow. The unclear vocals were probably part of that airy singing issue I noted.  Compounding these factors were likely exhaustion from her schedule, nervousness, and that she's more use to modern pop than classic Korean ballads. At least that's my impression. I also wonder if Source aren't providing enough vocal maintenance to Yunjin but I don't feel confident enough to speak on company practices. I recently saw a comment mentioning a nasally vocal technique which might be hurting Yunjin's abilities, and that observation could be onto something, but that's all I'll say on the matter. I see and understand the speculation around vocal regression but I don't have enough knowledge to comment on the topic.  Basically my take comes down to the performance being a clash of styles mixed with her voice not being oriented towards lower notes. Yunjin is talented but she's a particular kind of singer who needs a song oriented to her breathy voice and soprano background. Source want to market Yunjin as a singer songwriter which is well and good but they need to accept Yunjin is not a vocal ace you can simply trot out to sing like Wendy of RV or Lily of NMIXX.  If I'm being honest I'd rate Yunjin a 7/10 in singing, 7.5 at her best, but that in no way invalidates her abilities. She has a lovely tone and has sung well in several performances. I mean for crying out loud I watched her maintain vocal stability after doing a cartwheel over dancers in her performance of HOT at the Asia Artist Awards last year, and LSF's recent encore shows in Seoul were incredible. Yunjin is definitely talented but Source needs to play to her strengths with careful preparation. Hopefully she gets a vocal redemption moment in the coming months. A stage which has her perform one of her solo pieces or a modern pop song would be a great idea.",2026-02-06T23:46:18Z
stan,eminem,informal,after,Just some of the past designs and artwork I've done for clients in the past ,2026-02-06T23:38:58Z
stan,eminem,informal,after,Just some of the past designs and artwork I've done for clients in the past ,2026-02-06T23:37:52Z
stan,eminem,informal,after,Just some of the designs and artwork I've done in the past for clients #graphicdesign #posterdesign ,2026-02-06T23:34:26Z
stan,eminem,informal,after,"On the last episode of the series, when Bill Cipher caught the two twins, Mabel & Dipper and Stan & Ford, and then the kids escaped from the trap and ran away, why does Bill still has to physically run to catch the two when a lot of the stuff he has done so far he just controls with his mind? It still bothers me. For example when he saw the other people in the Zodiac aside from the twins, Bill turned them into decorative pieces in just one second, while to catch the twins he has to transform into a demon and then run towards them like all of a sudden his power is limited physically. Thank you!",2026-02-06T23:24:16Z
stan,eminem,informal,after,"Hey Da offer holder here looking to do a postgraduate course at The LSE after,Any former da(or any that you know of) as this would be my dream route)",2026-02-06T23:19:04Z
stan,eminem,informal,after,"Hi everyone,  I’m a data nerd (and multi-stan) digging into an interesting trend in US google search data, and I need your help.  **The Theory:** My data suggests that the recent K-Drama boom in the US interior (places like Utah/Arizona) isn't driven by drama fans—it's driven by **K-Pop fans** following idols like **Kim Se-jeong, Cha Eun-woo, and IU** into their acting roles.  I want to prove that the ""Idol-to-Drama"" pipeline is the real gateway for the new wave of American fans.  **The Survey (30 Seconds):** I’m building a **""US Fandom Heat Map""** to see which states are watching for the plot, and which are watching for the Idols.  * **Link:** [https://docs.google.com/forms/d/e/1FAIpQLSfj7NLTsryoqkZjuteXCeFZCA7GAYwW-g5slxleceUQRoIL0Q/viewform?usp=header](https://docs.google.com/forms/d/e/1FAIpQLSfj7NLTsryoqkZjuteXCeFZCA7GAYwW-g5slxleceUQRoIL0Q/viewform?usp=header) * **What it asks:** Your state, your ""Gateway"" genre, and how much your Bias influences your watchlist. * **The Result:** I'll post the final infographic/map here next week!  *(Approved by mods—thanks!)*",2026-02-06T23:14:58Z
stan,eminem,informal,after,"Hi everyone,  I’m a data nerd (and multi-stan) digging into an interesting trend in US google search data, and I need your help.  **The Theory:** My data suggests that the recent K-Drama boom in the US interior (places like Utah/Arizona) isn't driven by drama fans—it's driven by **K-Pop fans** following idols like **Kim Se-jeong, Cha Eun-woo, and IU** into their acting roles.  I want to prove that the ""Idol-to-Drama"" pipeline is the real gateway for the new wave of American fans.  **The Survey (30 Seconds):** I’m building a **""US Fandom Heat Map""** to see which states are watching for the plot, and which are watching for the Idols.  * **Link:** [https://docs.google.com/forms/d/e/1FAIpQLSfj7NLTsryoqkZjuteXCeFZCA7GAYwW-g5slxleceUQRoIL0Q/viewform?usp=header](https://docs.google.com/forms/d/e/1FAIpQLSfj7NLTsryoqkZjuteXCeFZCA7GAYwW-g5slxleceUQRoIL0Q/viewform?usp=header) * **What it asks:** Your state, your ""Gateway"" genre, and how much your Bias influences your watchlist. * **The Result:** I'll post the final infographic/map here next week!  *(Approved by mods—thanks!)*",2026-02-06T23:13:18Z
stan,eminem,informal,after,"[https://youtu.be/399Ez7WHK5s](https://youtu.be/399Ez7WHK5s)  The king has his duties … and the [**Black Panther**](https://www.sideshow.com/characters/black-panther) has hers. Ahead of the highly anticipated MCU Phase Six film, [**Marvel**](https://www.sideshow.com/brands/marvel) has released the fourth official *Avengers: Doomsday* teaser trailer — this time featuring the citizens of Wakanda as well as the [**Fantastic Four**](https://www.sideshow.com/affiliations/fantastic-four-first-steps). This new teaser follows the [**first**](https://www.sideshow.com/blog/avengers-doomsday-trailer)**,** [**second**](https://www.sideshow.com/blog/avengers-doomsday-thor-trailer), and [**third**](https://www.sideshow.com/blog/x-men-avengers-doomsday-trailer), which featured Steve Rogers, Thor, and the X-Men respectively.  Watch the latest *Avengers: Doomsday* trailer here or on [**Marvel Entertainment’s official YouTube channel**](https://www.youtube.com/@marvel). Then, learn more about the movie below.  https://preview.redd.it/876sxzsuotdg1.png?width=740&format=png&auto=webp&s=6b3f78448536a58a172908a25951cfd5641fe465  # What is the role of the Wakandans in Avengers: Doomsday?  [](https://www.sideshow.com/wp/wp-content/uploads/2026/01/King-MBaku-walks-with-Shuri-and-the-Dora-Milaje.jpg)  [](https://www.sideshow.com/wp/wp-content/uploads/2026/01/Ben-Grimm-introduces-himself-to-the-Wakandan-King.jpg)  The upcoming Marvel movie will be directed by Anthony Russo and Joe Russo. It is the fifth installment in the [***Avengers***](https://www.sideshow.com/affiliations/avengers) movie series, following *Avengers: Endgame* — which the Russos also directed, along with *Avengers: Infinity War*, [***Captain America***](https://www.sideshow.com/characters/captain-america)*: Civil War*, and *Captain America: The Winter Soldier*.  # Steve Rogers and Thor  At this time, very few plot details are known. However, in terms of continuity, *Doomsday* ties in to the events of [***Thunderbolts*****\***](https://www.sideshow.com/affiliations/thunderbolts) as well as *The* [***Fantastic Four***](https://www.sideshow.com/affiliations/fantastic-four)*: First Steps*. *Doomsday* is likely quite the Multiverse-altering event, and will have a direct sequel in *Secret Wars* (set to release in December 2027). Based on the first two teasers, we can ascertain that the Avengers have separated and retired post *Endgame*. Yet [**Thor**](https://www.sideshow.com/characters/thor), [**Steve Rogers**](https://www.sideshow.com/characters/steve-rogers), and the Fantastic Four all have children to protect when a new threat — presumably [**Doctor Doom**](https://www.sideshow.com/characters/doctor-doom) himself — emerges.  # The X-Men  Based on the third teaser trailer, the [**X-Men**](https://www.sideshow.com/affiliations/x-men) are in dire straits. [**Magneto**](https://www.sideshow.com/characters/magneto) and [**Professor X play**](https://www.sideshow.com/characters/professor-x) chess and find final moments of peace in a dilapidated X-Mansion. The school was potentially overrun or destroyed. But by Doom, [**Sentinels**](https://www.sideshow.com/characters/sentinel), or something/someone else? As always, we have to wonder if [**Scarlet Witch**](https://www.sideshow.com/characters/scarlet-witch) plays a key role. Back in the comics, she erased mutants from existence and then got amnesia, marrying Doctor Doom in a state of total personality wipe. With the gradual introduction of the [**Young Avengers**](https://www.sideshow.com/blog/young-avengers-appearances-mcu) into the MCU, we have to hope Secret Wars eventually ties into *Children’s Crusade*…  Then there’s [**Cyclops**](https://www.sideshow.com/characters/cyclops-x-men). Overcome with grief, the X-Men team leader drops to his knees and releases a powerful optic blast. What could have caused this anguish? Questions abound. Theories are infinite. Answers … we guess we’ll just have to wait until December.  # Wakanda  After *Black Panther 2: Wakanda Forever*, the Wakandans and [**Namor’s**](https://www.sideshow.com/characters/king-namor) people have joined forces. They all appear together in a desert landscape — could it be the ruins of Wakanda or an outpost of Talokan? Now, Shuri protects her own king, M’Baku, as he prepares his people for the afterlife. Yet the arrival of Ben Grimm (AKA [**The Thing**](https://www.sideshow.com/characters/the-thing)) of the Fantastic Four may renew Wakanda’s hope for their future. After all, the Black Panther was first debuted in Fantastic Four comics.  https://preview.redd.it/wjmu42iwotdg1.png?width=740&format=png&auto=webp&s=82e6fdf57f3907b745dbf878bf47f23be6c6ec78  # Who is in Avengers: Doomsday?  [](https://www.sideshow.com/wp/wp-content/uploads/2026/01/The-Wakandans-and-The-Fantastic-Four-will-return-in-Avengers-Doomsday.jpg)  According to IMDB, the *Avengers: Doomsday* cast consists of returning stars from all across the Marvel Cinematic Universe. Most notable are the familiar faces from the original X-Men franchise prior to the Disney acquisition. Here are your [**super heroes**](https://www.sideshow.com/genres/superhero) (and villains):  # Villains  * Robert Downey Jr. as [**Doctor Doom**](https://www.sideshow.com/characters/doctor-doom) * Tom Hiddleston as [**Loki**](https://www.sideshow.com/characters/loki) * Ian McKellen as [**Magneto**](https://www.sideshow.com/characters/magneto) * Tenoch Huerta as [**Namor**](https://www.sideshow.com/characters/king-namor)  # Fantastic Four  * Pedro Pascal as [**Reed Richards**](https://www.sideshow.com/characters/mr-fantastic) * Vanessa Kirby as [**Sue Storm**](https://www.sideshow.com/characters/the-invisible-woman) * Joseph Quinn as [**Johnny Storm**](https://www.sideshow.com/characters/human-torch) * Ebon-Moss Bachrach as Ben Grimm/[**The Thing**](https://www.sideshow.com/characters/the-thing)  # Avengers and New Avengers  * Chris Evans as [**Steve Rogers**](https://www.sideshow.com/characters/steve-rogers) * Chris Hemsworth as [**Thor**](https://www.sideshow.com/characters/thor) * Anthony Mackie as Sam Wilson/[**Captain America**](https://www.sideshow.com/characters/captain-america) * Danny Ramirez as Joaquin Torres/[**Falcon**](https://www.sideshow.com/characters/falcon) * Sebastian Stan as Bucky Barnes/[**Winter Soldier**](https://www.sideshow.com/characters/winter-soldier) * Florence Pugh as [**Yelena Belova**](https://www.sideshow.com/characters/yelena) * Lewis Pullman as Bob Reynolds/Sentry * John Walker as [**U.S. Agent**](https://www.sideshow.com/characters/john-walker) * David Harbour as [**Alexei Shostakov**](https://www.sideshow.com/characters/red-guardian) * Letitia Wright as [**Black Panther**](https://www.sideshow.com/characters/black-panther) * Paul Rudd as [**Ant-Man**](https://www.sideshow.com/characters/ant-man)  # X-Men  * Rebecca Romijn as [**Mystique**](https://www.sideshow.com/characters/mystique) * Patrick Stewart as [**Professor Charles Xavier**](https://www.sideshow.com/characters/professor-x) * James Marsden as [**Cyclops**](https://www.sideshow.com/characters/cyclops-x-men) * Alan Cumming as [**Nightcrawler**](https://www.sideshow.com/characters/nightcrawler) * Kelsey Grammer as [**Beast**](https://www.sideshow.com/characters/beast-x-men)  # Additional Allies  * Simu Liu as [**Shang-Chi**](https://www.sideshow.com/characters/shang-chi) * Mabel Cadena as Namora * Winston Duke as King M’Baku of Wakanda  https://preview.redd.it/jbslk1gxotdg1.png?width=740&format=png&auto=webp&s=c721011b6833d53cccc4ad5869f79ec9256ec9c9  # When does Avengers: Doomsday release?  [](https://www.sideshow.com/wp/wp-content/uploads/2026/01/a-green-Avengers-logo-with-the-release-date-December-18-2026.jpg)  You’ll only have to wait about a year! *Avengers: Doomsday* releases exclusively in theaters on December 18, 2026. We also expect the movie to hit the Disney+ streaming platform a few months after the theatrical release, as is the general pattern with MCU drops.  In the meantime, we’re crossing all our fingers for another feature-length trailer. We also have the live countdown, or the [**DOOMSDAY CLOCK**](https://www.youtube.com/live/f17J3AXVK5w?si=40KgaHxc7Z2LwNyy), on Marvel’s YouTube:  # Doomsday Clock – 11 months and counting  [https://youtu.be/f17J3AXVK5w](https://youtu.be/f17J3AXVK5w)  What did you think of the latest *Avengers: Doomsday* teaser trailer? Which version of the trailer do you hope to catch in theaters? Share your thoughts and theories with other [**Marvel**](https://www.sideshow.com/brands/marvel) fans at [**side.show/geekgroup**](http://side.show/geekgroup) or in the [**Sideshow Social Network**](https://social.sideshow.com/signup). And don’t forget to Let Your Geek Sideshow!",2026-02-06T23:01:32Z
stan,eminem,informal,after,Both are marked down currently,2026-02-06T23:01:03Z
stan,eminem,informal,after,"I will say this once, Amazon ran the countdown and 3d render to advertise the show, NOT Bethesda. Likewise, numerous content creators and Bethesda themselves have said we won’t be getting a remaster for years.   So when people chose to ignore that and decide it was going to be shadow dropped and then take it personally when it didn’t happen. That was on them.   This knee jerk reaction to hate Bethesda for every single thing that happens and in some cases didn’t happen at all is insane. Where people are so toxic new fans want nothing to do with the Fallout community and you damage the brand as a whole  And to be clear, this has nothing to do with valid critique. It’s just this little incident really highlights the worst elements of this community. I would rather spend time with Bethesda Stans than whatever the heck this is. ",2026-02-06T22:57:55Z
stan,eminem,informal,after,"I mean, come on. He’s so hot at literally any point in the series but his whole clean cut beefcake thing in his early seasons takes the cake for me. ",2026-02-06T22:57:21Z
stan,eminem,informal,after,Walmart (I know I know) wanted to put in this battery and just said we can flip the entire battery around that way the posts are on the correct side (closer to the firewall) I said no because I’ve heard you’re not supposed to flip batteries around and that it can mess up the electronics. So I told her to do a 24F instead since my cables have enough room to be put on the opposite side posts but correct location positive and negative. She got annoyed and said it’ll void my warranty (lol Walmart isn’t fact checking to make sure I put the correct one) did I do the right thing or does it not matter. Thanks! ,2026-02-06T22:44:41Z
stan,eminem,informal,after,"# Part 1: The Human Incubator and the ""Biological Receipts""  The journey into the depths of the Epstein network begins not with a bank statement, but with a scrapbook. Among the millions of pages released under the **Epstein Files Transparency Act (EFTA)** in early 2026, the series marked **EFTA02731361 through EFTA02731392** stands out as a harrowing first-person record of what can only be described as a state-sanctioned eugenics program. These documents, watermarked ""CONFIDENTIAL - FOR ATTORNEY'S EYES ONLY,"" provide the raw, psychological foundation for the ""Zorro Ranch Nexus"".  [The Most Shocking New Epstein Files: Forensic Expert Analysis](https://www.youtube.com/watch?v=P-YtIE3dKO4) (WATCH ME)  [EFTA02731393.pdf](https://www.justice.gov/epstein/files/DataSet%2012/EFTA02731393.pdf?ref=unprecedented.ghost.io) (A document with more cryptic and clearly uncryptic information detailing this young woman's loss of a child, and her anger toward Epstein.)  [EFTA02731433.pdf](https://www.justice.gov/epstein/files/DataSet%2012/EFTA02731433.pdf?ref=unprecedented.ghost.io) (the document the invitational card was scanned into.)  [EFTA02731361.pdf](https://www.justice.gov/epstein/files/DataSet%2012/EFTA02731361.pdf?ref=unprecedented.ghost.io) (This details her harrowing story about experiments and giving birth to another child. she states she was worked on by an **Israeli** doctor. THIS IS A HUGE INK TO ZORRO RANCH where another witness states she was drugged and awoke on a table inside of the ranches secret facility) [The Zorro Ranch Nexus: Intelligence, Eugenics, and the Silent Guards](https://www.reddit.com/r/RealityChecksReddit/comments/1qh8hie/the_zorro_ranch_nexus_intelligence_eugenics_and/)  # The Medical Black Site  The journals detail a victim’s descent into a clinical nightmare. In file **EFTA02731361**, the writer describes awakening in a facility that felt less like a hospital and more like a laboratory. She recounts being worked on by a doctor she believed to be from **Israel**, an individual who ""had kind eyes but didn’t speak directly"" to her.  The procedures described are graphic and consistent with advanced biological harvesting:  * **The ""Rod"" Procedures**: The victim describes a ""shot"" followed by the use of ""rod-like things"" that had a ""hook,"" causing ""so much pain"". * **The Clinical Blackout**: She was repeatedly told by Ghislaine Maxwell to ""close your eyes"" and ""push all the pain away,"" a phrase that appears like a mantra throughout the traumatic entries. * **The Discovery**: Despite the orders to keep her eyes shut, the writer describes seeing a ""tiny head"" and a ""tiny foot"" in the doctor's hands, realizing a birth had occurred that she was never intended to witness.  # The ""Superior Gene Pool"" Agenda  What separates these accounts from standard trafficking is the explicit focus on **genetics and transhumanism**. On page 13 of the series, the narrator’s entries move from fear to a realization of her functional purpose in the household. She writes:  **""Superior gene pool ?!? Why me? Why my hair color and eye color? It makes no sense... he calls them perfect offspring.""**  She notes that Epstein was ""controlling EVERYTHING"" and that his ""stupid insane theories"" were being put into practice, describing herself as nothing more than a ""human incubator"". This wasn't just about abuse; it was about the manufacturing of specific biological outcomes.  # The ""NM"" Movement and Operational Scrubbing  As the program progressed, the logistical movements of the victims were handled with the precision of an intelligence extraction. In document **EFTA02731375**, the writer details a sudden relocation where she was forced to leave ""all things of value on the bed"" while her belongings were shoved into ""trash bags"".  Crucially, she writes, **""I have maybe avoided NM""**. This cryptic reference to **New Mexico** serves as the first major ""truth anchor"" in the files, linking the narrator’s trauma directly to the geographic location of **Zorro Ranch**. This ""operational scrubbing"" was designed to keep the ""biological receipts""—the children and the mothers—moving within a jurisdictional void where they could not be easily tracked by standard law enforcement.  # Part 2: Juliet Bryant and the Zorro Ranch Laboratory  [The Zorro Ranch Nexus: Intelligence, Eugenics, and the Silent Guards ](https://www.reddit.com/r/RealityChecksReddit/comments/1qh8hie/the_zorro_ranch_nexus_intelligence_eugenics_and/)(LINK WITH FAR MORE DEPTH)  While the anonymous EFTA journals provide the internal psychological record, the testimony of survivor **Juliet Bryant** provides the physical confirmation of the ""medical crimes"" occurring in New Mexico. Her account serves as the bridge between the cryptic journal entries and the actual infrastructure of **Zorro Ranch**.  # The Arrival at the ""Self-Contained Community""  Bryant recounts being brought to the ranch without being told why, describing it as a ""mini society"" or a ""cult"" where the laws of the outside nation were effectively left behind. The ranch was not merely a home; it was a 33,000-square-foot compound designed for total control, insulating its occupants from the surrounding world through a 7,500-acre buffer of private and federally leased land.  # The Hazmat Team and the ""Operating Room""  Bryant’s most harrowing revelation involves awakening inside a clandestine medical facility located on the property. Her description of the event mirrors the ""biological"" details found in the EFTA journals:  * **The Clinical Environment**: She woke up in what she described as a ""laboratory"" or a ""makeshift operating room"" rather than a standard hospital. * **The Team**: Bryant identified **six individuals in hazmat suits** and a female doctor performing an unknown medical procedure on her. * **The Trauma**: Much like the author of the EFTA diaries, Bryant experienced severe physical and psychological trauma from these events, noting that she ""thought she was going to die every day"" while at the ranch.  # The Presence of the ""Israeli Doctor""  In both the EFTA files and Bryant's broader context, there is a recurring mention of specialized medical staff who did not speak to the victims. The EFTA journals specifically identify a doctor from **Israel** who used ""rod-like things"". Bryant’s testimony corroborates that a doctor lived in the ""village"" at the ranch on a daily basis, reinforcing the idea that the medical procedures were a core, ongoing function of the site rather than an occasional occurrence.  # The ""CIA Shield"" and Jurisdiction  Why were these ""medical crimes"" allowed to continue? Bryant provides the answer: **The CIA Claim**. During her time in Palm Beach, Epstein explicitly told her he **""worked with the CIA""** and claimed to have a ""list"" that included her family's names to ensure her compliance. This ""sanctioned shield"" created a jurisdictional void where local New Mexico law enforcement—including the Edgewood Police and the Torrance County Sheriff—repeatedly reached a ""dead end"" in authority.  This immunity explains how Epstein could run a biological black site in plain view of state officials, who even went so far as to remove him from the New Mexico sex offender registry despite his 2008 Florida conviction.  # Part 3: The Colonial Williamsburg Connection and the Virginia ""Farm""  [Trump in the Most Shocking New Epstein Files: Forensic Expert Analysis, and the proof i found that corroborates these stories.](https://www.reddit.com/r/RealityChecksReddit/comments/1qxvuyd/trump_in_the_most_shocking_new_epstein_files/) (READ-ME)  While the medical procedures were centered at Zorro Ranch, a single, unassuming piece of evidence found in the **EFTA** discovery files provides the geographical ""anchor"" for the institutional shield. This is the **Colonial Williamsburg Foundation** visitor or membership card, scanned into file **EFTA02731433**. To the casual observer, it is a souvenir; to an investigative researcher, it is a social map of the intelligence community.  # The Geography of ""The Farm""  Colonial Williamsburg is located in Williamsburg, Virginia. In the cryptic ciphers found in the victim's journals, she repeatedly mentions her **""CIA Dad""** and a life defined by an **""Exceptional Performance""**. The placement of this card in a restricted legal file suggests it was used to establish where the family was stationed.  Williamsburg is not just a historical site; it is the public-facing neighbor to **Camp Peary**.  * **AFETA**: Camp Peary is a 9,000-acre, high-security CIA training facility officially known as the **Armed Forces Experimental Training Activity**. * **The Social Circle**: In intelligence circles, Colonial Williamsburg serves as the social fabric for families living at ""The Farm."" The card likely establishes the narrator’s presence in this specific intelligence hub during the time her trauma began.  # Instructional Aliases: ""Mr. Map"" and ""Mr. Coach""  The journals contain a list of names that initially seem cryptic: **Mr. Robert, Mr. Stan, Mr. Ludwig, Mr. Coach, and Mr. Map**. However, when viewed through the lens of a CIA training environment like Camp Peary, these titles take on a functional meaning:  * **Functional Aliases**: Former agents have noted that instructors at ""The Farm"" often use functional aliases like ""Coach"" or ""Map"" during operational training exercises. * **The Performance**: The narrator describes her upbringing as a series of forced ""performances"". In a ""cover"" environment like Williamsburg, children of operatives are often raised in a world where role-playing and secrecy are mandatory, creating a psychological foundation that Epstein and his network later exploited.  # The Motto: A Dark Irony  At the bottom of the Colonial Williamsburg card sits the foundation's official motto: **""THAT THE FUTURE MAY LEARN FROM THE PAST""**. In the context of the Epstein Files (EFTA), this motto carries a chilling double meaning. These journals and restricted files represent the ""Past"" that the narrator—and the public—are finally using to understand the ""Future"" Epstein was trying to manufacture through his eugenics program.  The card links the private ""medical crimes"" of New Mexico to a specific, high-stakes institutional setting in Virginia, suggesting that Epstein's operation wasn't just a criminal ring, but a facet of a much larger, state-sanctioned machinery.  # Part 4: The Silent Guards and the Jurisdictional Dead End  [We Tried to Buy Jeffrey Epstein's Ranch](https://www.youtube.com/watch?v=xlcOSpWU3I0&t=176s) (ABOUT ZORRO RANCH)  The investigation by **The Crossroads** (Revelo Project) brings the focus to the current status of the 33,000-square-foot **Zorro Ranch**. While Epstein's other high-profile properties in New York, Palm Beach, and the Virgin Islands were subject to rapid FBI raids immediately following his 2019 arrest, the New Mexico compound remained an untouched anomaly for years.  # The Untouched Fortress  Researchers noted that as of 2023, there had been no reported entry by law enforcement to seize assets at the ranch. This delay provided a massive window for what anonymous contacts described as the site being ""cleaned up"".  * **Jurisdictional Void**: When investigative teams reached out to local and federal agencies, they encountered a series of ""dead ends"". The FBI, local police, and the Torrance County Sheriff's Office all deferred responsibility, leading to the conclusion that no single agency had jurisdiction over the site. * **Insulated Design**: The ranch is geographically shielded by land owned by the **King family**, a powerful New Mexico political dynasty, which completely insulates the 7,500-acre property from public view.  # The Surveillance and Lab Infrastructure  The architectural plans for the ranch corroborate the harrowing accounts found in the EFTA journals and Juliet Bryant's testimony.  * **Mechanical Rooms and Tunnels**: Architecture plans from 1998 confirm a massive **8,000-square-foot underground floor**. Former employees, including Maria Farmer, claimed these spaces housed three ""house-sized"" computer rooms packed with surveillance equipment used to spy on guests through pinhole cameras. * **The Clinical Site**: Former contractors describe specialized areas, including an underground grotto and bathing area, where nude paintings of Ghislaine Maxwell were prominently displayed—a setting Bryant described as more akin to a laboratory than a residence.  # Why it Remained Guarded  The Revelo Project confirmed through on-site investigation that the property remained under **active guard** until 2023, even after Epstein's death and the cancellation of state leases.  * **Biological Receipts**: The ongoing security focused on the ""mechanical rooms"" and lab areas rather than the luxury living quarters. This suggests that the site may have still held high-value ""biological receipts""—DNA records or surveillance footage—that act as a form of **Kompromat** over world leaders who participated in the eugenics program. * **The ""Silent Economy""**: The guards and remaining staff constitute what researchers call a ""silent economy,"" protected by the same non-disclosure agreements and institutional shields that allowed the operation to function for over 45 years.  # Part 5: The Extraction Paradox and the Conclusion of Silence  [The Inmate Who Wasn't There: Forensic Holes in the Death of Jeffrey Epstein I'm Still Not Convinced Epstein Is Dead.](https://www.reddit.com/r/RealityChecksReddit/comments/1qxl40j/the_inmate_who_wasnt_there_forensic_holes_in_the/)  When the disparate threads of the **EFTA journals**, the **Juliet Bryant testimony**, and the **Revelo Project** investigation are woven together, the image that emerges is not one of a rogue criminal, but of a sanctioned operative protected by a multi-layered institutional shield. The ""Extraction Paradox"" suggests that the events of 2019 were not a failure of the system, but the successful execution of an intelligence protocol designed to ""vanish"" a high-value asset.  # The Pattern of Institutional Protection  The evidence suggests a coherent pattern where Jeffrey Epstein operated as a ""multi-agency asset"".  * **The Intelligence Shield**: Epstein’s claim to Juliet Bryant that he ""worked with the CIA"" explains the ""jurisdictional void"" encountered by researchers at Zorro Ranch. * **The Witness Class**: The 2008 Non-Prosecution Agreement (NPA) provided a ""blank check"" immunity to not just Epstein, but his ""co-conspirators,"" effectively silencing the hundreds of housekeepers, pilots, and ""hazmat doctors"" who facilitated the operation. * **Operational Blackout**: The metadata inconsistencies and ""missing minutes"" in the MCC jail footage from 2019—specifically the ""jump"" from 11:58 PM to 12:00 AM—are viewed by forensic experts as the ""bureaucratic receipts"" of an extraction or liquidation protocol.  # The Biological Legacy  The most disturbing realization of the investigation is that the Zorro Ranch operation was centered on **Biological Kompromat**.  * **The Genetic Receipt**: By recording the DNA or ""biological signatures"" of world leaders who participated in the transhumanist and eugenics experiments, Epstein (and his handlers) secured the ultimate form of leverage. * **The Continuing Guard**: The fact that Zorro Ranch remained under active, private guard until 2023 indicates that the ""biological receipts"" are still considered high-value assets.  # Final Conclusion: The Community of Silence  The EFTA files and the survivors' voices confirm that the ""past"" from which we must ""learn"" is one of extreme, state-shielded depravity. The staff didn't simply ""go away""; they were immunized or intimidated into becoming part of a shadow history. From the ""hazmat doctors"" at the New Mexico ranch to the ""CIA Dad"" in Virginia, the operation relied on a community of silence to ensure that the 45-year blood-bond remained intact.  As researchers continue to decode the **EFTA documents**, the truth remains: the investigation didn't stop because Epstein died; it stopped because the ""client list"" and the biological records are still being protected by the very agencies that sanctioned the shield in the first place.  The 7,500-acre **Zorro Ranch** in Stanley, New Mexico, was officially sold in August 2023 for an undisclosed price to **San Rafael Ranch LLC**, a newly registered company. While the property was originally listed in 2021 for **$27.5 million**, the asking price was eventually slashed to **$18 million** before the sale was finalized. In early 2024, the new owners filed a legal challenge against Santa Fe County, arguing that the ranch’s taxable value should be lowered from **$21 million** to **$9 million**. Proceeds from the 2023 sale were designated to pay creditors and the numerous victims of the sex trafficking operation. Interestingly, new court files released in early 2026 revealed that Epstein’s trust had originally intended to leave the ranch directly to his long-time girlfriend, **Karyna Shuliak**.  If the CIA was truly involved in the topic of eugenics, if they really were backing and protecting EPSTEIN until the moment he no longer had value (or whisked him away because he still did), we have to ask why.  And that why i leave up to you to decide.  **How trump figures into this**  The intersection of these survivor journals, the official **EFTA** records, and the internal political friction regarding their release creates a clear picture of a system under immense pressure.  Based on the recent 2026 data releases and the public testimony of former Representative **Marjorie Taylor Greene**, here is the integrated analysis of the Trump implication within these files.  # 1. The Deciphered Survivor Journals  In the handwritten, contrast-edited images, the implication is deeply personal and sits alongside the ""CIA Dad"" narrative.  * **The Warning to ""the Bills""**: [The Most Shocking New Epstein Files: Forensic Expert Analysis](https://www.youtube.com/watch?v=P-YtIE3dKO4) (WATCH ME), the Speaker connects high-profile political figures to the danger of the ""circuit."" The message—**""even the old president... he should have been thinking of Chelsea. Gross""**—serves as a warning about the moral failings and risks faced by those in the inner circle. (likely Clinton) * **The ""Blacked Out"" Name**: [The Most Shocking New Epstein Files: Forensic Expert Analysis](https://www.youtube.com/watch?v=P-YtIE3dKO4) (WATCH ME) Analysts have noted that specific redactions in the journals match the letter count for ""**TRUMP**,"" often appearing near references to **Ivana Trump** or ""**his girls**."" The implication is one of shared ""dirt"" among those who were part of the social elite in New York and Palm Beach. * **The ""Friends"" Connection**: These personal journals align with 2025 claims made by **Marjorie Taylor Greene**, who stated that in a private phone call, Trump yelled that he opposed the release of the Epstein files because **""my friends will get hurt.""** This suggests the ""dirt"" mentioned in the journals was a known quantity that those in power sought to keep suppressed. (who knows but these people are int he files) * **Howard Lutnick** * **Steve Bannon** * **Elon Musk** * **Les Wexner** * **Leon Black** * **Alan Dershowitz** * **Prince Andrew** * **Bill Clinton** * **Bill Gates** * **Woody Allen** * **Stephen Deckoff** * **Glenn Dubin**  # 2. Documented Interactions (DOJ & FBI Records)  The formal **EFTA** records provide a ""paper trail"" of the 1990s and early 2000s before the 2004 falling-out between the two men.  * **Flight Logs**: A 2020 prosecutor’s memo released in the EFTA dump indicates that flight logs show Trump flew on Epstein's private jet ""**many more times**"" in the 1990s than was previously disclosed. * **Mar-a-Lago & ""Calendar Girls""**: FBI records in the EFTA cache include internal tips regarding ""**calendar girl auctions**"" allegedly hosted at Mar-a-Lago in the mid-90s, with various family members listed as attendees. * **Limo Driver Account**: Document **EFTA00020517** recounts a driver overhearing a 1995 conversation where Trump allegedly discussed ""**abusing some girl**"" and repeatedly used the name ""**Jeffrey**."" * **Political Fallout**: Greene alleged that Trump called her a ""**traitor**"" for standing with survivors and pushing the discharge petition that eventually forced the EFTA into law.  # 3. The Official DOJ Stance (2026)  The Department of Justice, led by Deputy Attorney General **Todd Blanche**, has been aggressive in framing these mentions:  * **""Sensationalist Claims""**: The DOJ issued a specific statement labeling many of the 2020-era FBI tips against Trump as ""**untrue and sensationalist**"" and ""**unfounded**."" * **Disparaging Correspondence**: Emails from Epstein himself often spoke of Trump in disparaging terms, which the DOJ argues proves a lack of criminal conspiracy between the two. * **No Criminal Implication**: Blanche stated in February 2026 that while the files provide insight into the relationship, nothing in the 3.5 million pages rose to the level of allowing for a criminal prosecution of the President.  **Just a matter of seeing how his puzzle piece fits into all of this..**",2026-02-06T22:43:47Z
stan,eminem,informal,after,"So let me be real here, i couldn't find the first document that dr.g shows in this video. i did however find the other one he shows that also has cryptic information in this.  below after the short video description is what i found that links this to an actual place. the Colonial Williamsburg. and why the details he missed in the second document prove the validity of the first.  now back to the video and why this is important.  [ The Most Shocking New Epstein Files: Forensic Expert Analysis](https://www.youtube.com/watch?v=P-YtIE3dKO4) (WATCH ME)  In this breakdown, **Dr. G**—a renowned clinical and forensic psychologist and body language expert—takes a deep dive into the latest and most shocking ""Epstein Files"" released in early 2026. This analysis goes beyond the headlines to examine the reliability and forensic value of over 3 million pages of journals, emails, and images.  **What’s Inside the Analysis:**  * **The Survivor Journals:** Dr. G deciphers cryptic, handwritten journals that use a complex **Rail Fence (zigzag) cipher**. These personal documents detail a ""tragic childhood"" and identify high-profile figures, including a confirmed ""CIA connection"" involving the author’s father. * **Coded Accusations:** We explore specific passages mentioning prominent public figures. Dr. G explains how the author used code words like ""gross"" or ""yucky"" to signal inappropriate behavior, and how redacted names—including those fitting the letter count for ""TRUMP""—were identified in context. * **The ""Leon Black"" Connection:** A focal point of the files is the billionaire **Leon Black**. Dr. G discusses the $170M financial trail and the harrowing ""biting ritual"" allegations documented in the victim's journal next to the poetry of Sylvia Plath. * **The Night of the Death:** New witness statements from inmates at the MCC New York suggest a ""bait and switch"" to thwart the media and include claims that guards were specifically told *not* to do their rounds on the night Epstein died. * **Body Language Breakdown:** Dr. G analyzes the power dynamics in rare photos, highlighting Epstein's ""control-based"" physical contact with associates and the unsettling ""academic lunches"" used to manufacture intellectual status.  in this video he seems to state that if other evidence came forward validating these claims should come to light he would speak more on the subject. and that's where i am stepping in.  the documents i did find that actually have a major clue in them is below  the thing is somehow that second document. and i don't know if he meant to miss this obvious angle in this document?  [EFTA02731393.pdf](https://www.justice.gov/epstein/files/DataSet%2012/EFTA02731393.pdf?ref=unprecedented.ghost.io) (A document with more cryptic and clearly uncryptic information detailing this young woman's loss of a child, and her anger toward Epstein.)  [EFTA02731433.pdf](https://www.justice.gov/epstein/files/DataSet%2012/EFTA02731433.pdf?ref=unprecedented.ghost.io) (the document the invitational card was scanned into.)  [EFTA02731361.pdf](https://www.justice.gov/epstein/files/DataSet%2012/EFTA02731361.pdf?ref=unprecedented.ghost.io) (This details her harrowing story about experiments and giving birth to another child. she states she was worked on by an **Israeli** doctor. THIS IS A HUGE INK TO ZORRO RANCH where another witness states she was drugged and awoke on a table inside of the ranches secret facility) [The Zorro Ranch Nexus: Intelligence, Eugenics, and the Silent Guards](https://www.reddit.com/r/RealityChecksReddit/comments/1qh8hie/the_zorro_ranch_nexus_intelligence_eugenics_and/)  that isn't just a picture; it's a **membership or visitor card** for the Colonial Williamsburg Foundation. Its placement in a legal discovery file marked **""ATTORNEY'S EYE""** suggests it is being used as physical evidence to establish a specific **geographic or social connection**.  Here is how that ""Stationary"" piece connects to the rest of the puzzle:  # 1. The Virginia Connection  Colonial Williamsburg is located in **Williamsburg, Virginia**. Given the narrator's frequent mentions of a **""CIA Dad""**, this is a major ""smoking gun."" The CIA headquarters is in Langley, Virginia, and the agency’s primary training facility, **""The Farm"" (Camp Peary)**, is located directly adjacent to Williamsburg. The card likely establishes where the family was stationed or living during the ""performance"" the narrator described.  [Camp Peary - Wikipedia](https://en.wikipedia.org/wiki/Camp_Peary)  # 2. Institutional ""Cover""  In intelligence circles, ""Colonial Williamsburg"" is often part of the social fabric for families living at Camp Peary. Using this specific stationary or card suggests:  * **The Social Circle**: The family moved in elite, traditional Virginia circles. * **The Paradox**: The card speaks of ""growing up big and strong"" and ""stable"" roots, while the narrator's handwritten notes describe a ""violent, heartbreaking nightmare"" occurring behind that stable facade.  # 3. The Motto as a Clue  The phrase at the bottom of the card, **""THAT THE FUTURE MAY LEARN FROM THE PAST,""** is the foundation's official motto. In this context, it feels like a bit of dark irony from the person who compiled these files. It suggests that these 17 pages are the ""Past"" that the narrator is finally using to ""learn"" the truth about their identity and their father's real job.  # 4. ""The Map"" and ""The Coach""  This card might link back to the list of names on **Page 7**, which included **""Mr. Map""** and **""Mr. Coach""**. Those are common titles for instructors or ""handlers"" at training facilities. Finding a Colonial Williamsburg card in the same file suggests those people were part of this specific Virginia-based chapter of the narrator's life.  **THE WORST PART OF THIS WHOLE THING BESIDES THE CHILD TRAFFICKING ANGLE. IS THIS IS DIRECTLY TIED TO THE CIA.**  The **Colonial Williamsburg** card is the geographical ""anchor"" for this entire set of documents. It connects the narrator’s private trauma to a specific, high-stakes institutional setting in Virginia.  Here is the breakdown of how the location, the files, and the ""CIA Dad"" narrative intersect:  # 1. The Location: Camp Peary (""The Farm"")  Colonial Williamsburg is the public face of a region that houses one of the most secretive installations in the United States.  * **The ""Farm"" Connection**: **Camp Peary** is a 9,000-acre CIA training facility located immediately adjacent to Williamsburg. It is officially known as the **Armed Forces Experimental Training Activity (AFETA)**. * **The ""CIA Dad"" Context**: The narrator's revelation—**""She lied about who is but my CIA dad""**—places the family within this specific intelligence community. The Williamsburg card suggests the family lived or moved in the social circles of ""The Farm.""  # 2. The ""EFTA"" Files (Epstein Files Transparency Act)  The codes at the bottom of the pages (e.g., **EFTA02731453**) provide the legal context for why these files exist.  * **The Law**: On November 19, 2025, the **Epstein Files Transparency Act (EFTA)** was signed into law. It mandated the Department of Justice to release all records related to the investigations of Jeffrey Epstein and Ghislaine Maxwell. * **The Discovery**: These pages are part of that massive document production. The **""ATTORNEY'S EYE""** watermarks confirm they were once highly restricted evidence used in the prosecution or investigation of the Epstein network.  # 3. The ""Misters"" and Intelligence Training  The list of names found in the cypher (**Mr. Robert, Mr. Stan, Mr. Ludwig, Mr. Coach, Mr. Map**) aligns with the instructional environment of Camp Peary.  * **Instructional Aliases**: Former agents have noted that instructors at ""The Farm"" often use aliases or functional names like **""Coach""** during training exercises. * **The ""Performance""**: The narrator describes their childhood as an **""Exceptional Performance""**. In the context of Williamsburg/Camp Peary, this suggests the narrator may have been raised in a ""cover"" environment where secrecy and role-playing were mandatory parts of daily life.  # Summary of the Connection  |**Element**|**The Secret Reality**| |:-|:-| |**The Card**|Places the family in **Williamsburg, VA**, next to the CIA's **""Farm.""**| |**The Father**|Identified as **""CIA""** in the hidden cypher.| |**The Codes**|Identify the documents as evidence from the **Epstein Files (EFTA).**| |**The Narrator**|A **""Little Girl Lost""** who was medicated and forced to ""perform"" in this high-society intelligence circle.|  **AFTER CLEARLY REVIEWING THIS. I FIND MYSELF APPALED TO SEE THAT MAYBE THE LINKS HINTED TO EPSTEIN BEING A CIA ASSET WERE REAL.**",2026-02-06T22:21:34Z
stan,eminem,informal,after,"Alex hopped on soon after waking up at noon today. No doubt she had a long night after the absolute shit show she brought to Noah’s live. See the other post for full context.   Today Alex is thanking her Stans for believing in her so much and her art! 🫶🏼🫶🏼 She says haydurs have threatened to report her to SSDI for disability fraud if she’s selling her artwork and collecting. Alex has not collected any SSDI since she started social media (that’s really never been a concern but ok) so go ahead and report her! Her words, \*\*don’t touch the poo\*\*   While constantly picking at her swollen face, she goes into story time from her days as an intern at a facility before graduating with her vocational rehab degree. Storytelling seems to come harder when she drinks bc it wasn’t nearly as funny or interesting as she thought.   A funny Freudian slip as she was describing her duties at her internship which included facilitating a meal for 15 residents. She says “I can’t cook.” 🥴  She ends it with asking what to paint next. Pretty boring but one thing that’s clear - Girly Pop is back on that sauce 🍷🍸🍹🥂 Maybe we’ll get a Drunk Live season 2!",2026-02-06T21:59:01Z
stan,eminem,informal,after,"1.My Hero Academia - When the final chapter leaked, there was a mistranslation that claimed Deku's friends forgot about him. That + Deku losing his quirk by the end of the series, caused people to make memes about him working at McDonalds and being a cuck. The memes of the former were funny at first, until people started interpreting the ending as being similar to the meme. People were legitimately thinking that Deku's friends forgot about him and that he had a miserable ending. Despite the fact that it's very clear that Deku is happy at the end of the story and is very respected by society. Thankfully, 431 and the anime more or less cleared up this misconception.   2.Dragon Ball - The joke that Piccolo was Gohan's ""true father"" was just that, a joke. Until people more or less started having that interpretation of Piccolo was a better father than Goku. Even as a big Piccolo stan who adores his dynamic with Gohan, it's just not true.   3.Batman - The ""Batman can save more people by using his wealth for mental health resources"" was a funny joke at first until people were unironically writing think pieces on why Batman is actually bad and is a facist with that as their reasoning. ",2026-02-06T21:56:48Z
stan,eminem,informal,after,"I love sunghoon and niki and I get that when they tease sunoo about his weight, I understand that it can be like sibling things but..... Sunghoon stopped bringing up the weight teasing nowadays but niki.... no matter how many times ENGENES warn him, he still doesn't get it.  For real stop.babying.niki he is not a child I guess you guys have a bit of a point when he used to fo that when he was 16 but even a 6 year old would know that fat shaming would hurt someone's feelings. You know in en oclock ep 100 there was food or smth and EVERYONE sunghoon and heeseung they ate but sunoo was very far from the food and he didn't even take a bite. And he avoided even looking at the food. You could say that when niki teases sunoo about his weight and then sunoo laughs, you could say he has no problem.. but.. If he didn't laugh, niki would've got even 10× the hate he is getting for sunoo not ""liking"" what's happening and sunoo is known for always smiling so most of the time his smiles aren't even real. These weight shaming stuff that niki says to sunoo could actually be affecting him. But engenes shouldn't give the message to niki like that  We should unite and firmly and respectfully send the message maybe he would actually understand that way but if we send it in a hurtful way it wouldn't change a thing and niki will get hurt and the message wouldn't even matter at that point.   So I don't care if you will tell me ""oh you're just a solo sunoo stan"" bro my user is literally about jungwon and the J's are my tops and sunoo is just my 5th favourite member so don't go and attack sunoo, he already lost his sunshine energy, he hasn't been as active and energetic as he used to be anymore.",2026-02-06T21:54:29Z
stan,eminem,informal,after,"hi ! so I am a 4 year kpop fan, and I'll confess that I am mainly a gg group stan, tho in the last year I have started to open up more about boy groups (Taemin, txt and Oneus are gods). I have been wanting to try out more NCT (I already love djj, perfume is one of the best bg song on earth), and more particularly NCT127. When checking out Dojaejung, I have realised that Doyoungs voice is maybe the male voice tone I prefer, and I am particularly impressed with his highnote in Fact Check... except its Taeils in the recording. I have been hearing that they will release rerecordings, but I haven't seen anything yet. is it going to happen or is it just a rumor ? I mean, Taeil could have done nothing and I would still prefer Doyoungs voice on it, his tone is just incredible.   so, to summarize , is a rerecording going to happen ?  and do you have maybe recommendation that showcase Doyoungs tone?  I am not a huge fan pf ballads so his solo work isn't quite for me tho.  Thank you !   PS : I have also just discovered yesterday Taemin's Shadow, Check it out its just incredible.  ",2026-02-06T21:51:19Z
stan,eminem,informal,after,"For context if I remember correctly.  In the first episode (aka the Day Stan met the twins.) Dipper was going to ask Mabel to come with him and report Stanley to the FBI, but Mabel decided to let the magic 8-ball decide and they ended up not reporting Stan.  And the line  ""Do you really think I'm a bad guy.""  Oh MY HEART 😭😭😭💔why am I getting teary eyed over a con artist in his seventies. ",2026-02-06T21:50:58Z
stan,eminem,informal,after,"Hi guys, i'm planning to make a big ahh picture of Stan and other characters from the media connected to the channel (bfdi, murder drones, ultrakill, tf2, memes, etc.)  So, if anyone actually sees this (which is unlikely), you can tell in the comments who should i add to the art next!",2026-02-06T21:47:31Z
stan,eminem,informal,after,"A lot of Kpop stans call them cringe, but we rarely see idols making posts like this, especially female idols and that's what I'm here for. The two being themselves and not caring whatever haters have to say will forever be iconic 💅",2026-02-06T21:44:16Z
stan,eminem,informal,after,"I mean, you've got guys photoshopping two UFC fighters on fake facebook conversations as a ""funny"" meme, guys that go ""I bet Saenchai and Buakaw just randomly kick each other in the face whenever they hang out, I would hang out with them and it would be so cute to watch 😖"", and guys that formed weird parasocial relationships with UFC fighters and think Khabib would think they were the coolest guy ever because he defends Khabib over twitter all day and they would be best buds ever  Let me know what you think",2026-02-06T21:41:08Z
stan,eminem,informal,after,I got the loaf and I am not disappointed. Lowkey wish they made a larger version but this baby holds a lot. Fit my 20oz Stanley in there when I had my sunglasses on gah love her.,2026-02-06T21:28:05Z
stan,eminem,informal,after,Complete with a little Goober drone!   (Idc if the proportions are off),2026-02-06T21:23:32Z
stan,eminem,informal,after,"They brand themselves as faith based, family first, and “protective” of their kids… yet their entire income depends on exploiting those same kids’ most vulnerable moments. Medical scares? **Filmed**. Emotional milestones? **Monetized**. Privacy? **Optional, as long as engagement is good.**  It’s unsettling knowing the long-term damage baked into this setup like kids raised performing for a camera instead of developing real autonomy, zero separation between parental love and content value, digital footprint they never consented to that will follow them forever!  Cole’s savior complex + Savannah’s influencer obsession creates a weird dynamic where the kids aren’t allowed to be norma kids. They’re just props in a narrative — always smiling, always “blessed,” always on brand. Only emotion allowed to be expressed is happy. There’s no room for failure, privacy, or messy everyday life because that doesn’t monetize well. And that’s hard for a child (especially a teen) who in that developmental stage is cognitively tryin to generate their own identity. And the stans love to say “but they’re rich and loved” — money doesn’t undo growing up without boundaries. *Money doesn’t buy happiness!* There’s a reason so many former child stars talk about identity issues, resentment, and burnout. These kids are basically unpaid child actors with no union, no advocate, and no off-camera life. (Think Jeanette McCurdy, Olsen Twins, Ziegler girls etc).  The saddest part is that the Cole and Savannah frame all constructive criticism as “haters” instead of acknowledging the obvious. You can love your kids and still harm them by turning their childhood into content and evoking fear in them for no reason (like Savannah’s exaggerated concussion incident). Which is exactly what’s happening to Everleigh, Posie, Zealand, Sunday and Blue. The problem isn’t that they love their kids. It’s that they’ve blurred love, faith, validation, and income into one giant feedback loop and the kids never consented to their (ColonSac’s) dodge at getting actually jobs providing for them instead. Cole& Sav are strategic in what they share about themselves but with the kids, limits don’t exist!  # But sure. Anyone pointing this out is just a hater. Couldn’t possibly be basic developmental psychology. 🙃  Savannah would not have excelled in her pipe dream teacher career, that’s for sure!!!",2026-02-06T21:15:47Z
stan,eminem,informal,after,[https://m.me/cm/Aba7CzOm4vn0x3r-/?send\_source=cm:copy\_invite\_link](https://m.me/cm/Aba7CzOm4vn0x3r-/?send_source=cm:copy_invite_link)     would be interesting if you could take a couple dozen of the best autistic geniuses here and grind out a gem 💎      Im working on a program that allows for any number of users to use any kind and any number of llms of their own.  So claude or grok stans can use their slopbots vs whatever combo.   but for now messenger works if youre interested.  ,2026-02-06T21:01:32Z
stan,eminem,informal,after,"Stan, Butters, and Kenny Buying Some CDs in the Late 90s.",2026-02-06T20:57:24Z
stan,eminem,informal,after,"I work at a best buy and noticed that we had two PSVR2's for $200, opened the box and saw that the code for the game was unredeemed and the headset was basically brand new. Upgrading from my quest 3 as I literally only use it for PCVR. (I will be shortly purchasing the PCVR adapter). It has a return window so I'll test it out against the Q3 before I decide on keeping it. All in all a damn good deal, also get to try out some of the few PSVR2 exclusives. ",2026-02-06T20:57:07Z
stan,eminem,informal,after,"Other character is Stan Marsh from South Park. Basically, what this person headcanons is that moominvalley is just outside of South Park. Yes, you heard me right, SOUTH PARK of all places.",2026-02-06T20:56:53Z
stan,eminem,informal,after,"A while ago I was watching Arrested Development and began to notice that a number of jokes reminded me of jokes from J&A. So, I made this comparison table. Just sharing it in case it's interesting. Apologies if someone else has already made this point.  https://preview.redd.it/91mmoslasxhg1.png?width=1008&format=png&auto=webp&s=6a8fc8f716cedd8da5b9a148bf33a6d1a5ce7f40  |J&A|AD| |:-|:-| |Fired - dead turkey|1.02 - dead dove| |Breakfast? - amir’s nose makes humming noise|1.05 - Gob’s teeth make whistling noise after he eats candied apple| |\-|1.05 - Gob: I have some conditions... terms…one condition and one term (10.50)| |Girlfriend series -|1.13 - Michael and GOB fight over Marta, ending in a scene where they bicker about who she prefers while wearing suits. Also just the whole Marta storyline| |Laundry|1.15 - Lindsay: it’s Friday, everybody coasts on Friday, Michael: it’s Saturday, Lindsay: finally, I’m out of here, I’ll see you on Tuesday (4.36)| |Oh no’ … ‘oh no is wrong’|1.19 (2.25) Tobias: I want to re-unite the band, Michael: oh no, Narrator: ‘oh no’ was right| |Daughter - Amir is at his desk with a girl who he introduces as his daughter (i.e. his daughter came into work with him). Jake says ‘it’s not bring your daughter to work day’. Amir says he’s trying to get her an ‘externship’ (like how Michael tries provide a good example to Maebe). Then Amir says he just met her at the mall and she called him daddy. Amir then dismisses Emily telling her to get herself a drink, and then adding that she should get a drink for him (in the AD scene, Michael dismisses tells Maebe to get herself a soda so he can speak to Barry alone, then Barry gestures to say he wants her to get one for him too) .|1.21 (12.30): Michael meets Barry at the police station, it’s bring your daughter to work day, Barry is there with a younger woman. Michael: I didn’t know you had a daughter, Barry: I don’t, Girl: I thought you wanted me to call you daddy, Barry: why don’t you wait for daddy in the car| |iPad Amir: this is an A to B conversation, so C your way out of here|1.22 (11.30) GOB: I’m the first born, sick of playing second fiddle, always third in line, tired of finishing fourth, being the fifth wheel… there are six things I’m mad about| |? Jake makes fake emails from a doctor to him to catch amir checking his emails|2.01 - (1.40) Michael calls up family pretending to be a doctor checking on him (when he’s leaving for Phoenix)| |Jake and Amir blender|2.01 (2.30) Lucille interrupts Michael mid-sentence using a blender… 2.04 (16.10) - ICE (bounty hunter) interrupts Michael’s funeral speech using a blender| |Jake and amir finale w/ mickey|2.01 (9.25) - ed helms stars (!)| |Jake and Amir Yoga - Amir is dressed in a ridiculous yoga outfit, eventually revealed he hasn’t even enrolled in a yoga class|2.01 (17.15) - Tobias paints himself blue and tells Michael he has an acting opportunity with the blue man group, then says he needs to apply for an audition. Michael: You haven’t auditioned yet?| |Jake and Amir - the one where they move pat’s furniture|2.02 (5.35) - Lucille: “crying\* buster’s going into the army, Michael: you volunteered him, Lucille: I knew you were going to throw that back in my face| |Running joke of amir having loose change in his pockets (e.g. beanbag flip, coffee shop)|2.02 (9.35) GOB does a trick where he produces dozens of coins at multiple points in the episode| |Jake and amir vote outtakes|2.05 (9.45) Lucille bringing tea to Oscar, Lucille: hot tea. Because that’s what you are - a hottie.| |Amir standing up (Sarah?: nobody else stood up) pitches bad video ideas to staff who sit deadpan around a table|2.08 (2.30) - GOB, also standing and walking around, pitches bad ideas to Sitwell company sitting around board table, goes for high five with Stan Sitwell, Stan: you’re fired| |Ben schwartz|2.11 (4.45) - Michael asks GOB to remember his wife’s first name quickly, he says ‘Crindy'| |Ben Schwartz|2.16 - 12.20, George tells GOB to put ether on a puppet (Franklin) and kiss Lucille with the puppet to get her unconscious| |?Laundry|2.28 - (6.00) GOB makes Michael a CD including songs about Michael, Michael lies and says he has listened to it and loves it, GOB starts to cry and holds out his hand to Michael. GOB: look at us, crying like a couple of girls. Michael: you’re the only one crying| |Ben Schwartz real estate|3.06 - (4.30) Michael: I need you to do something, GOB: say no more| |Record breaker|3.06 (7.00) Rita says she can hold her breath for 20 minutes but she actually can’t| |Ace and Jocelyn - amir gets map tattooed on him|3.07, (16.00) GOB draws map of prison on his stomach, it’s difficult to read| |beeper|3.10 (13.20) GOB steals doctor’s tape recorder(which he’s recording prescriptions on) from hospital|     ",2026-02-06T20:48:27Z
stan,eminem,informal,after,"Released in 1990, this cinematic masterpiece was directed by SFX legend Stan Winston and starred Anthony Michael Hall in what I'm sure was a career-high moment. Apparently, this ending was re-shot after the first one tested poorly. Yikes.",2026-02-06T20:39:16Z
stan,eminem,informal,after,Is to climb up to the roof of the classes house,2026-02-06T20:38:08Z
stan,eminem,informal,after,"Welcome to Black History Month - If you are a descendant of the Rev. Joe Ratliff of West Deep Creek Missionary Baptist Church in Anson County then you are also a descendant of Elder Ralf Freeman because Reverend Ratliff’s wife Sallie or Sarah was a granddaughter of Elder Ralf. Elder Ralf Freeman, Baptist minister, was born a slave in Anson County in the 1780s. The names of his parents are not known at this time. He belonged to John Culpepper who was a Baptist minister and pastor of the Rocky River Baptist Church in Burnsville Township of Anson County. Most of the information concerning Elder Ralf comes from George W. Purefoy’s, “History of the Sandy Creek Baptist Association.”  Elder Freeman was probably baptized by the elders of the Rocky River Baptist Church, of which he was a member. Somewhere between the years 1801 to 1806 it was discovered that he had the ability to preach so he was licensed by the church. Soon afterward he was ordained and began to preach in the counties of Anson, Moore, Randolph and Davidson.  In 1801, John Culpepper was elected a member of the North Carolina House of Commons from Anson County. In 1806 he won election to the United States House of Representatives from the Seventh District, serving 1807 to 1809, 1813 to 1817, 1819 to 1821, 1823 to 1825 and 1827 to 1829. Whenever he rode off to Washington, he left the church and congregation of Rocky River in the hands of Elder Ralf, who then began his own years of service to the church. Elder Ralph’s style of preaching was forceful, his faith firm and he handled his flock with unusual ability, and he officiated at sacraments and burials, made pastoral visits and attended to numerous church duties. He was frequently called upon to preach at the annual meetings of the Pee Dee Baptist Association and was held in high regard by all who knew him.  Freeman served as a delegate from Rocky River to the Sandy Creek Baptist Association from 1807 to 1810. In 1809 he was listed as “Elder Ralf, a black minister.” In 1811, he was a delegate from Sandy Creek Association to the Raleigh Baptist Association and was listed as “Elder Ralph Freeman.” Before 1811 he had been listed as “Ralf” with no surname. So his church congregation evidentially purchased his freedom sometime during the year 1810 or 1811. Elder Ralf continued to represent the church as a delegate through the year 1814. He also preached the Sunday sermon at the Sandy Creek Association in 1809 and 1814. Elder Ralf was a good reader and was well educated in the scriptures which was an amazing accomplishment for a former slave during this time in United States history.  The earliest minutes of Rocky River Baptist Church are for April 5, 1828 when Ralf Freeman was in attendance and led the church in prayer. He was also listed in the black male section of the church roll for 1828. In May of 1828 he assisted with the establishment of the Brown Creek Baptist Church located on Highway 742 North outside of Wadesboro. During the September to October time period of 1828 Elder Ralf was elected as a delegate to the Pee Dee Baptist Association. In May of 1830 he helped to organize Kendall’s Baptist Church in Stanly County and in July of that year he was appointed to attend the constitution of the arm of the Fork of Little River at Suggs Creek.  Purefoy described Elder Ralf as being of common size along with a smiling countenance, especially when preaching. One writer recorded that “he would request no money for preaching, but only wanted food and clothing.” At the session of the Pee Dee Baptist Association in the year 1820, held with the church at the Elizabeth Community, a minister from Charleston, S.C. recommended that Ralf give the Sunday sermon. He had heard of Ralf and had come to hear him preach. Ralf did preach on, “The Temptation of Christ.” In the middle of the sermon, he read the passage, “All these things will I give thee”, then, smiling at the congregation, he said, “Poor devil, he didn’t have a foot of land in the world.”  Elder Ralf became a close friend of Elder Joseph Magee who was a Baptist minister. They preached and traveled together, & both agreed that the survivor would preach at the other’s funeral. Magee moved to Tennessee and died first. At his death, he bequeathed to Ralf his riding horse, overcoat, Bible and fifty dollars in cash, and he also requested that Ralf preach at his funeral. Ralf rode to Tennessee to carry out the wish of his friend and, at the conclusion of his sermon, the congregation contributed fifty dollars to his support.  The last record of Elder Ralf was in the year 1831. According to one writer, it is probable that Ralf died in the fellowship of the Primitive or Antimission Baptists, but this was more by accident than by choice. When the arm of Rocky River at Bethlehem (near Ansonville) became a regular church in March of 1831, Ralf moved his membership there. The church later became known as Primitive Baptist & soon afterwards closed its doors. Elder Ralf died about the year 1838 and was buried in the church cemetery. A small stone was placed at the head of his grave & in the year 1907, this stone was replaced by a more substantial memorial marker — [https://www.findagrave.com/memorial/34298009/ralph-freeman](https://www.findagrave.com/memorial/34298009/ralph-freeman)   Elder Ralf’s wife was probably named Genny (as listed on the 1828 church roll. Their daughter, Judy married Abraham McRae. Abraham and Judy McRae had a daughter, Sarah Jane, whose nickname was Sallie and she became the wife of Reverend Joe Ratliff who was the founder and pastor of West Deep Creek Missionary Baptist Church in the year 1866. There are literally thousands of descendants of Elder Ralph Freeman and Reverend Joe Ratliff living in Anson County and all over the United States. A very proud heritage.  https://preview.redd.it/fysdr6g6qxhg1.png?width=1200&format=png&auto=webp&s=fb704603647467647e1cb9185175aed633163048     ",2026-02-06T20:36:12Z
stan,eminem,informal,after,This post contains content not supported on old Reddit. [Click here to view the full post](https://sh.reddit.com/r/AlignmentChartFills/comments/1qxt4kv),2026-02-06T20:35:54Z
stan,eminem,informal,after,look im not a drake stan by any means but i really wish people would admit they just dont like the dude and go,2026-02-06T20:34:32Z
stan,eminem,informal,after,I'll go first.. I feel calling a male and female idol siblings just coz they are friendly with each other and don't seem to be dating.. I mean hello.. do u not have friends of the other gender..😭😭  I feel this also promotes the idea that a woman and a man cannot be just friends.. they'll either have feeling for each other or they'll be siblings..  Like Adp for example.. I love their friendship.. the guys tease the girls occasionally and they give major bestie vibes but people keep saying they are so sibling coded and I don't get that..,2026-02-06T20:32:48Z
stan,eminem,informal,after,"Ok Meiya stans, I’m trying to keep your best girl localization-accurate…",2026-02-06T20:29:22Z
stan,eminem,informal,after,"Please save the date for the Placer County Veteran Stand Down, taking place May 5–6th.  This two-day event brings essential services together in one place for veterans and their families, including housing assistance, mental health care, medical services, employment assistance,  help navigating VA benefits, and much more.  There are no hoops to jump through—just real help.  If you need assistance sooner, or if you’re unable to attend, please reach out to our team at Nation’s Finest. We’re here to help.",2026-02-06T20:21:07Z
stan,eminem,informal,after,"My GS book was delivered today. I've seen some of the other commentary about how the book is a cash grab, not worth the money, and how it’s almost entirely made up of photographs with little supporting text.  Each to their own, I guess, but it is a gorgeous coffee table book which is exactly what I wanted.  It is beautifully put together and constructed. Presenting the history of GS’s timepieces requires a deep dive in visual presentation and I think this book does that. Yes, it comes with a relatively premium price tag but it’s a conversation piece and will look beautiful wherever it’s placed. The patterned wood exterior sleeve is very very cool and the whole book experience feels very Japanese.   I think if you’re a fan of the Grand Seiko  brand, you’ll appreciate it. If not, that's okay too. ",2026-02-06T20:20:32Z
stan,eminem,informal,after,"I decided to start a pink themed gym a while ago with my friend, and didn’t expect it to work to be honest, cause all the themes I try and set up get ignored by someone eventually lol. Anyways, I finally got my car back from the shop, and decided to go by that gym to see if my lil guy was still in there, and the gym looks so pretty now! There’s such a nice mix of pink and purple! I love it! My addition is the Sylveon with the flowers, and my friend added the Blissy. :)",2026-02-06T20:15:02Z
stan,eminem,informal,after,"I’ve been a twice fan, aswell as a momo bias since i stanned the group in 2019. i’ve always realized she’s the weakest/worst (however you want to use it) singer in the group. although at times ive found her voice mostly tolerable but there are of course songs her voice can straight up ruin, (any version of more & more, fanfare , basically any song she sings high)  the songs where her lower register is utilized she sounds (while not perfect) significantly better. i used to tell myself jyp forced the high pitched “baby voice” onto her to better suit their concept in the early days, but she still mostly uses it even in songs where it doesn’t fit.  her “rapping” is also a problem most of the time and another thing that can completely make me skip a song, it’s mostly offensive in misamo where they don’t even make sense for the songs structure, just there to give her something to do. it completely baffles me how she can rap in her same nasally singing voice.   i guess it just comes down to the fact she doesn’t care? why would she, she knows she was put in twice to be the dancer and she has always excelled and made their performances stand out for me (i find most of them boring to watch live). it just frustrates me as a longtime fan and someone who defended her vocal incapability for so long for her to just not care.  sorry for the messy ramble, just been on my mind recently, especially with the release of misamo’s new album.",2026-02-06T20:11:49Z
stan,eminem,informal,after,"Today I learned that you can fix the missing hot springs in Aurora Skies! All you need is NRaas Debug Enabler, and then to click (in regular live mode) on the places you'd like your ""true"" hot springs to be in the water with NRaas - Debug Enabler - Create Object - ""BubblingSprings,ep11"". I'm so glad I found this - it was really a shame EA left the hot springs with fog and everything but without hot temperature...  Based on: [https://sims.fandom.com/wiki/Game\_guide:How\_to\_make\_an\_ITF\_hot\_spring\_in\_other\_worlds](https://sims.fandom.com/wiki/Game_guide:How_to_make_an_ITF_hot_spring_in_other_worlds) , however it seems that adding a lot (step 1) is not necessary :)  EDIT: You need Into the future (EP11) for these to work",2026-02-06T20:10:38Z
stan,eminem,informal,after,Anyone here ordered from Stan Ray before? Its weird its been almost 2 weeks still no update on my order I tried emailing them 2 times already but no one seems to respond. ,2026-02-06T20:08:59Z
stan,eminem,informal,after,"“Use AI to grow your business” is useless advice unless it translates into actual actions: more leads, better websites, clearer offers.  That’s why I built small tools that each target one step:  * **Lead Generator** to turn “I want more clients” into specific campaigns, opt-ins and outreach angles. * **Buyer Journey Audit** to turn “our site feels weak” into concrete pages, social proof and CTAs to add. * **Value Positioning Analyzer** to turn “we’re just another X” into a sharper, more differentiated positioning.  Each tool asks a few key questions and then produces suggestions you can immediately test in your existing stack.  They’re all grouped under **AI for Growth** if you want a focused way to use AI for business instead of just chatting with a model.   [https://stan.store/AIforgrowth](https://stan.store/AIforgrowth)",2026-02-06T20:08:21Z
stan,eminem,informal,after,Used my 20% off on the icon 3/8 chrome extension set saved $8. Couple zipper pouches & a free tape measure. I finally got to use some of my icon ratchets & wrenches that I picked up last big sales and I was impressed coming from using all Pittsburgh gear for the past few years. I'll be tempted to grab some socket sets in March.,2026-02-06T19:43:30Z
stan,eminem,informal,after,"|**Car No.**|**Driver**|**Hometown**|**Sponsor**|**OEM**|**Car Owner**|**Crew Chief**| |:-|:-|:-|:-|:-|:-|:-| |1|Tony Cosentino|Mansfield, OH|Maples Motorsports|Ford|Michael Maples Jr|Jay Shaffer| |3|Willie Mullins|Fredericksburg, VA|[CorvetteParts.net/CW](http://CorvetteParts.net/CW) Companies/DP Custom Struk|Ford|Willie Mullins| TBA| |7|Eric Caudell|Piedmont, OK|CCM|Toyota|Eric Caudell|Andy Jirik| |8|Sean Corr|Goshen, NY|Nesco/STS/The Trans Group|Chevrolet|John Corr|Dan Lorz| |9|Presley Sorah\*|Cambridge City, IN|GoGut Microbebiotic/Health Market Insurance|Ford|Dustin Hillenburg|Joseth Carabantes| |10|Ed Pompa|Ballston Spa, NY|HYTORC of New York/Double H Ranch|Chevrolet|Andy Hillenburg|Mike Sroufe| |11|Bryce Haugeberg|West Fargo, ND|North Dakota State University/Brenco|Toyota|Andy Hillenburg|Dick Doheny| |12|Takuma Koga|Nagoya, Aichi, Japan|IKEDO/Fast Track Toyota Racing|Toyota|Dustin Hillenburg|Andrew Kiernan| |15|Jake Finch|Lynn Haven, FL|Phoenix|Toyota|Johanna Tucker|Danny Johnson| |17|Mini Tyrrell\*|Manassas, VA|Cook Racing Technologies|Chevrolet|Bruce Cook|Sean Samuels| |18|Giovanni Ruggiero|Seekonk, MA|1st Auto|Toyota|Joe Gibbs|Matt Ross| |19|Greg Van Alst|Anderson, IN|Maples Motorsports|Chevrolet|Michael Maples Jr|Jim Long| |20|Jake Bollman\*|Huntington Beach, CA|Nitro Motorsports|Toyota|Joe Tovo|Doug George| |22|Nick White\*|Inglis, FL|White Motorsports|Chevrolet|Drew White|TBA| |24|Daniel Dye|Deland, FL|SPS|Ford|Joe Farre|Blake Bainbridge| |25|Gus Dean|Bluffton, SC|Nitro Motorsports|Toyota|Nick Tucker|Shane Wilson| |26|Ron Vandermeir, Jr.\*|Sheridan, IL|TBA| TBA|Ron Vandermeir Jr|TBA| |27|Tim Richmond|Ottawa, IL|[MilitaryGreenCards.com](http://MilitaryGreenCards.com)|Toyota|David Richmond|Adam Murphy| |28|Jack Wood|Loomis, CA|Pinnacle Motorsports|Chevrolet|Mark Webb|Steven Dawson| |30|Garrett Mitchell\*|Bradenton, FL|Kenetik|Ford|Mark Rette|Mark Rette| |32|Charles Weslowski\*|Port Jervis, NY|TBA|Chevrolet|Charles Weslowski|Tim Silva| |34|Bryce Applegate\*|Simpsonville, KY|Industrial Kiln & Dryer/Louisville Dryer/StanSteel Hotmix|Toyota|Dee Vaughn|Tony Furr| |36|Ryan Huff|Williamsburg, VA|Commonwealth Equipment|Ford|James Huff|James Huff| |40|Andrew Patterson\*|Dayton, OH|PRS Pipe Restoration Services|Chevrolet|Andrew Patterson|Patrick Torbett| |41|Robbie Kennealy|Madera, CA|Jan’s Towing|Ford|Jan Qualkenbush|Tim Monroe| |48|Brad Smith|Shelby Township, MI|Gary’s Speed Shop|Ford|Brad Smith|Terry Strange| |52|Bob Martin\*|North Collins, NY|TBA|Toyota|Bob Martin|Jeff Spraker| |55|Isabella Robusto|Fort Mill, SC|Mobil 1|Toyota|Joe Tovo|Glenn Parker| |57|Hunter Deshautelle\*|Alexandria, LA|OB Builders Inc|Chevrolet|Bryan Dauzat|Todd Cooper| |62|Steve Lewis, Jr.\*|Ransomville, NY|Pintail Navigation/Patriot Site Services/Jeffery Machine|Chevrolet|Steve Lewis Jr|Steve Lewis Sr| |66|Derek White|Kahnawake, Quebec|MBM Motorsports|Ford|Carl Long|Jeremy Petty| |68|Alli Owens|South Daytona, FL|Bighorn Outdoors|Ford|Bill Kimmel|Will Kimmel| |69|Nolan Wilson\*|Sanford, FL|JD Webber Construction/Nucleus Events/Knight Ops|Chevrolet|Bill Kimmel|Bill Kimmel| |70|Thomas Annunziata|Colts Neck, NJ|JBL|Toyota|Nick Tucker|Shannon Rursch| |71|Andy Jankowiak|Buffalo, NY|Dak’s Market|Chevrolet|Kevin Lapierre|Mike Dayton| |75|Bryan Dauzat|Concord, NC|O.B. Builders Inc|Chevrolet|Bryan Dauzat|Bob Rahilly| |76|Kole Raz\*|Lake Oswego, OR|Breeze Hydrogen Fuels|Ford|Wayne Peterson|Greg Zipadelli| |77|Taylor Reimer\*|Tulsa, OK|BuzzBalls|Chevrolet|Mark Webb|Kevin Reed Jr| |86|Logan Misuraca\*|Sanford, FL|Orlando Health/City Garage Motorsports|Ford|Alex Clubb|Ryan Bell| |88|A.J. Moyer|Tampa, FL|Rivers Edge Cottages & RV Park|Chevrolet|Randy Petroniro Jr|Kevin Ingram| |89|Bobby Earnhardt|Cleveland, NC|SmartGrid Integrations|Chevrolet|Tim Goulet|Matthew Wright| |90|Wesley Slimp\*|Marietta, GA|Nitro Motorsports|Toyota|Kristin Tovo|Jeff McClure| |91|Ryan Vargas|La Mirada, CA|Maples Motorsports|Ford|Michael Maples|Kyle Totman| |93|Caleb Costner|Dallas, NC|TBA|Chevrolet|Caleb Costner| TBA| |97|Jason Kitzmiller|Maysville, WV|A.L.L. Construction/Carter Cat|Chevrolet|Codie Rohrbaugh|Frank Kimmel| |98|Dale Shearer|Chillicothe, MO|Josh’s Eggs|Toyota|Dale Shearer|Vincenzo Valentin| |99|Michael Maples|Choctaw, OK|Maples Motorsports|Chevrolet|Michael Maples|Chris Vanscoy| |03|Alex Clubb|Morris, IL|Clubb Racing|Ford|Alex Clubb|Brian Clubb| |06|Con Nicolopoulos|Columbus, MI|EW1Kicks Diecast|Chevrolet|Wayne Peterson|Michael Peterson| |07|Glen Reen\*|Belchertown, MA|New Wave Bath|Chevrolet|Kevin Lapierre|Justin Link|  # ",2026-02-06T19:13:48Z
stan,eminem,informal,after,Shipping $1pwe $5bmwt,2026-02-06T19:11:39Z
stan,eminem,informal,after,"The city itself is in Switzerland at the intersection of France, Germany and Switzerland. It expands into France and Germany and is effectively all three countries, as travel and trade is seamless between them. Anyone been? ",2026-02-06T19:08:25Z
stan,eminem,informal,after,"Also called a ""Cerberus retcon."" A seemingly innocuous detail is revealed to be heartbreaking in its full context.  ***1). The Tales of Ba Sing Se (Avatar: The Last Airbender):***   During Iroh's short, he goes about his day helping people. He gives advice to a mugger, helps a flower bloom, and calms a crying child with a song. At the end of the segment, it's revealed that his ""special day"" is his deceased son's birthday. Iroh sings the same song again, this time lamenting that he could not save him.  ***2). Game of Thrones:***   ""Hodor"" can only say ""hodor."" Which is why everyone calls him ""Hodor."" We eventually learn that this is the result of time-magic. An ""accident"" damages young Hodor's mind, as present-day Hodor is given his final command. ""Hold the door.""  ***3). Gravity Falls:***   ""Grunkle Stan"" is a greedy narcissist. So, it's not out of character when he overreacts to his wax statue's ""murder."" In reality, he was projecting about a real loss he suffered decades earlier: his actual twin brother. Whom he never got to hold a funeral for.  ***4). Fullmetal Alchemist:***   Despite being a genius alchemist, Ed is tormented by his short height. It's eventually revealed his stature results from the same incident that took his arm, leg, and brother's whole body. Alphonse, whose soul animates an empty suit of armor, is being nourished by his brother's body. So, Alphonse's real body is still alive in a strange dimension and Ed's growth is stunted.  ***5). Adventure Time:***   Finn the human always wears a white bear hat.    It turns out that humans instinctively wear animal hats because that's how they survived their near-extinction. Vampires almost ate them all, but wearing thick leather blocked their teeth.   Finn wears his hat because it subconsciously reminds him of his biological mother, whom he was separated from. The very first hat his adoptive parents find him in was made from the stuffed bear his parents got him. The incident is also the source of his thalassophobia.",2026-02-06T19:05:40Z
stan,eminem,informal,after,"Here is how I would rank the Boys characters from most to least evil. Please let me know how you'd rank them  1. Homelander- mass murder, terrorism, rape of Becca, supe supremacist who thinks he is above all, and now dictator. 2. Fredrick Vought- nazi who experimented on Holocaust prisoners, created compound V, and is the source for everything wrong in the Boys world. 3. Thomas Godolkin- white supremacist ideology (Vought's righthand), mind-controlled Dr. Fielder and  then Doug. Performed multitude of experiments and torture. Planned to kill 75% of God U students and thought all weak/useless supes should die 4. Stormfront- nazi, decades of murder and hate crimes, married Vought, kills minorities for pleasure 5. EDITED: Sister Sage- helped take over the country, SA'd Doug, supe supremacist, enjoys intellectual cruelty for herself. 6. Stan Edgar- Vought CEO who manipulated his adopted Daughter and turned her into a weapon, orchestrated Homelander's torture and psychological abuse (which made him what he is), and orders many corporate crimes 7. Tek Knight- racist with a family history of slave catchers, SA and torture of Hughie, owns prisons that he allows Homelander and Sage to use 8. EDITED: Shifter- serial rapist, kidnap and torture of Starlight, planned to kill Singer and frame Starlight, sadistic murderer 9. Madelyn Stillwell- Groomed and sexually manipulated Homelander, participated and covered up Vought's many crimes 10. Victoria Neuman- Mass murder (congressional hearing, Susan Raynor, Tony), treason, manipulation, opportunistic 11. Little Nina- Forced Frenchie to kill children, sexual abuse, torture and mass murder 12. Soldier Boy- Abuser, Civil Rights Violence, Kent State Massarce, killed MM's Family 13. The Deep- Sexual predator and repeated offender, escalates to killing anyone he deems inferoir 14. Firecracker- statutory rape, harassment campaign against Starlight, racist, and a propagandist 15. Bluehawk- racist and prejudice towards Black people, paralyzed A-Train's brother.",2026-02-06T18:59:12Z
stan,eminem,informal,after,"Don’t listen to any negativity, for it is never the truth and we have to stand up with love, hope, and faith and trust in God he will make things right for us. We are his children, we have the voice, the power and authority to take down the demons, put on armor of God, and take out our sword of the Spirit and speak loud and clear for all to hear, we will not let the demons win in our situation and lives. We shall be victorious and take back what the demons stolen from us. They have no such right! So then, Rise up warriors, wake up and see the battlefield before you. You are not below but above it! Stand up and fight with the truth, to choose to focus on God, on the truth, and of his love and promises. Turn on worship music and praise your way through the darkness. Submit to God and the demons will flee. BREAK THE LIES and AGREEMENT WITH THE ENEMY, What those negativity is saying or what negative situations you are seeing, it doesn’t have to be that way. You are not stuck, not in the way you are thinking. It is the demons that is trying to block you or limit your true otiental. Stand up and fight back against the enemies and tell them what’s what! Because the demons are the one that is trespassing, they not have control or the rights to do any of this with us. We have to protect our minds and heart from these evil darts, put on Amor of God, helmet of slavation, pick up your sword of the spirit and repeat back with the Father and find his heartbeat! Play praise music and worship Him when the battle rages on! Fight back and do not listen or consider any negativity anymore they are liars. We know the truth, open your ryes to see what isbtruly going on, and command the angelic army to come in ans fight this wirh yoy. We are not alone!   Break the lies of the enemies  Break the agreements with negativity!  Choose to focus on God, the truth, and of his promises, and see beyond what God will do for us. No more excuses, no more wondwring what if or whatever, rise up and put on worship music. Focus on Him and fight with love and positivity!   Think of a bully, will you allow those negative thoughts, feelings, and words towards you? Will you allow those bullies in school or at work to torment you or try to sabotage your plans and intentions? Will you allow those bullies at school or work to ruin your reputation and try to spread around gossip and rumors? No, no, no! You wouldn’t! Guess what you have to do!   Spiritual warfare prayers by Jennifer LeClaire. The warrior’s dance by Ana Werner  Seeing Behind the veil by Ana Werner  Conquer your negative thoughts by Daniel Amen!   Victory decrees by Jennifer LeClaire.   You are victorious, you stan in battle with Christ, look to Him for solutions, not rely on yourself or your own understanding, look up to God, stand firmly in prayer, think positive, and turn off those negative thoughts and feelings, they are not the truth, they are coming from the demons telling you what they are planning and creating through you, putting curses over you. You have to destroy all of those curses and demonic prophecy, and assignments, don’t let them win! Think positive and continue to act and speak in love, of hope, of faith, and of peace and joy. You have to choose because it all begins inside you, not from this world, the people or the way this world tells us to be happy. We have to choose to be happy, faith over fear, to love over hate and evil, and to think positive and sweet and beautiful things, the demons do not want you to succeed and reach your true potential, stop making agreements with negativity. You have to see in Galatains 5:22-23 and test every thoughts with the word of God. If it’s not love then let it go! Praise dance and music, you got this!   Am i supposed to speak this over you and your life for you? Come on. I see too many people living in darkness where they should be in the lights, stand up my siblings, we can change things around. Don’t you know our prayers and positive declaration are powerful?! We are strong more than you think!   The demons hates them, why do you think they’re trying to shut you down? Figure out what the fears is trying to stop you.",2026-02-06T18:47:02Z
stan,eminem,informal,after,"I’ve been bedridden for weeks so I admittedly have WAY too much time and went through the full lifecycle from blissful ignorance of katseye to stan to hater. I was honestly trying to resist the snark in my heart but I couldn’t hold it in any longer after that disaster of an appearance on Jimmy Fallon   Anyway it’s obvious now that there’s weird tension between Dani and all the girls, especially Manon. And I feel like the others’ issues with Dani and the Danon beef probably feed on each other - like Dani is already self-centered and unlikeable and that probably makes everyone take Manon’s side (even if it’s subtle/unspoken). That then makes Dani hate Manon even more.  Soooo what do we think happened between them? Manon deleted all those Dani pics right around the time the Naisha photo was posted (ok BEAR WITH ME but my craziest tinfoil hat theory is that one of Manon’s LA friends planted that photo to help control the narrative. Because why the hell would the Los Feliz farmer’s market have photographers on hand to take those HD shots of Dani and Naisha?? I also considered that Dani called the paps herself but surely she isn’t dumb enough to think she’d look good from this. These thoughts came to me during peak fever so forgive me). They probably fought because Manon saw Dani as two-faced, while Dani thought she did nothing wrong (she’s classic “a friend to all is a friend to none” imo). It seems like they planned to keep living together (they were apparently living together when they heard about the Grammy nom), maybe until their lease was up, but now Dani has talked about moving to a new place and Manon is obviously living with Sophie and their other friend who co-owns the cat? Thoughts? I welcome all your wildest tinfoil hat theories hehe ",2026-02-06T18:37:05Z
stan,eminem,informal,after,"Ok.  I was about a year in to my blue belt.  We were doing rolls after drilling.  Coach assigned me a white belt and said go easy that the person was had a few lessons a couple of years ago and was just deciding whether to get back in.  So as I am waiting for the timer ti count down to the start of the roll, I introduce myself.   My partner speaks with an accent and says he is from a ""stan"" county in can't recall exactly.     Roll starts with us standing (I think) because my very next recollection is somehow being flat on my back in an arm bar and I tap.  We restart with me in his guard, because that was what we drilled earlier and he said he was having problems.  He makes a perfect setup to a scissors sweep. Where did that come from?.  At that point I was lucky to finish the remaining of the roll working on defense.     I went to the coach after training and said I didn't feel I didn't represent the school well and the coach said don't worry about it the guy was probably a purple belt.   Even if he never stuck at other gyms long enough to get a promotion.   I wonder what you instructors would do if someone said they weren't experienced when obviously there is more to their story.  I just seems like you are starting the relationship not being fully honest...not that you are required to be.",2026-02-06T18:27:24Z
stan,eminem,informal,after,"Looking for a Six Nations 2026 live stream? Discover how to watch every rugby match live and online from anywhere in the world, including free streaming options.  Six Nations Championship 2026: Live Stream and Broadcast Guide  The 2026 Guinness Men’s Six Nations is here, bringing the best of Northern Hemisphere rugby to your screen. Whether you are rooting for England, France, Ireland, Italy, Scotland, or Wales, you won't want to miss a single tackle.  In this guide, we break down how to watch the Six Nations live stream from the UK, US, Australia, and beyond.  \>  2. Global Broadcaster List  If you are outside Europe, here is where to find the official live stream:  \* USA: Peacock is the exclusive home for every match. You will need a Premium subscription.  \* Australia: Stan Sport provides every second of the action live and ad-free.  \* Canada: DAZN holds the streaming rights for all Six Nations matches.  \* New Zealand: Tune in via Sky Sport.  \* South Africa: Coverage is provided by SuperSport.  3. Six Nations 2026 Key Fixtures  Mark your calendars for these massive ""Super Saturday"" clashes and rivalry matches:  | Date | Match | Kick-off Time (GMT) |  |---|---|---|  | Feb 7 | England vs Wales | 4:45 PM |  | Feb 14 | Scotland vs England | 4:45 PM |  | Feb 21 | England vs Ireland | 2:15 PM |  | March 14 | Wales vs Italy | 2:15 PM |  | March 14 | Ireland vs Scotland | 4:45 PM |  | March 14 | France vs England | 8:00 PM |  4. How to Watch on Mobile  Most broadcasters offer dedicated apps for iOS and Android. For the best experience:  Would you like me to create a specific ""Match Preview"" for the next big game to help you drive more traffic?",2026-02-06T18:17:24Z
stan,eminem,informal,after,"This ring doesn’t boost luck, it unlocks power.  The more you crit, the harder the battlefield tilts.  Secure the STAN’S KEYS RING before someone else does.  Play Now!",2026-02-06T18:07:59Z
stan,eminem,informal,after,We voted righteously to keep the DSS working on the campaign.  Now we have Chort Bay and in our push further to CyberStan we've been forced into a defense campaign on Lesath.  We dont have the forces to push further... If we push further then we'll lose Lesath and be back at square one... Defend Lesath and we'll be back to defending Chort Bay and our reinforcements will run dry  Unless  We Raze Chort Bay and have a solid staging ground... BY ATTACKING OUR OWN PLANET  THEY PLAYED US LIKE A DAMN FIDDLE,2026-02-06T17:54:35Z
stan,eminem,informal,after,i just made this weight loss app thats built like the period tracking app flo   i would really appreciate if you guys give feedbacks and tell me anything that needs improving   and if you guys would use and want this,2026-02-06T17:50:05Z
stan,eminem,informal,after,"It started off with Ling putting her hand around Orm's waist. Bag fell and Ling picked up the heavy bag like it was nothing, impressing \*her girlfriend\* and everyone in the process. Then they proceeded to hold hands as they walk (ok, enough skinship already, ladies). As if that's not girlfriends enough, Orm covered the photographers with her scarf as she supposedly said ""wo ai ni"" to Ling (I saw that clip briefly but someone called me and I didn't get a chance to save the clip but I'm sure some people here will be able to find it).  For multi stan shippers, are other actresses this inseparable as well? Enlighten us if you are a multi stan shippers! 😁",2026-02-06T17:39:07Z
stan,eminem,informal,after,  Because I will be your confidence horse!       Stan and Klaus together is a greatly underrated duo.,2026-02-06T17:39:04Z
stan,eminem,informal,after,"Is when Rob whispers to Candiace, with food all in his mouth, as quiet as humanly possible so no one else in the castle can hear him:""...but the game is called 'Traitors'.""  I have never laughed so hard, and rewinded so many times. I don't know why this tickled me so much. Rob v. Candiace has been my favorite dynamic of The Traitors US EVER. I stan them both and they singlehandedly made this season for me HANDS DOWN.",2026-02-06T17:37:15Z
stan,eminem,informal,after,Pre-Order today: https://books2read.com/u/m2wxV1,2026-02-06T17:32:56Z
stan,eminem,informal,after,"Weight loss culture is obsessed with extremes. Two-hour workouts. Complicated macros. Starving yourself through weird fasts. But here’s a wild truth: most people overlook the *simplest* hack that actually works. Stan Efferding, a champion powerlifter and coach to elite athletes, distills it down to this: **take a 10-minute walk after each meal**.  Sounds like nothing, right? But it's backed by science, not just gym bro lore. Here’s why this little habit punches way above its weight, and why so many people are sleeping on it.  Efferding isn’t the only one shouting about post-meal walks. Let’s break down what the research says and why this works better than some 90-minute workout you’ll only do twice a week.  **1. It regulates blood sugar like magic**   After you eat, your blood sugar spikes. That spike triggers insulin, which tells your body to store fat. A 2022 meta-analysis in *Sports Medicine* reviewed 7 studies and found that even 2 minutes of walking post-meal significantly lowered blood glucose levels. Just walking. Not running. Not HIIT. Just walking.  **2. It cuts fat storage**   Walking after meals helps your muscles absorb glucose for fuel instead of letting it get stored as fat. A 2016 study in *Diabetologia* showed that walking for 10 minutes after meals was more effective at lowering blood sugar than a single 30-minute daily walk.  **3. It helps digestion and reduces cravings**   A great episode of the Huberman Lab podcast broke this down: walking after eating stimulates the parasympathetic nervous system, your “rest and digest” mode. That helps reduce bloating, improve digestion and even lower stress-related cravings later. Your gut literally works better.  **4. It improves consistency**   James Clear (author of *Atomic Habits*) talks a lot about something called “habit stacking.” If you anchor a walk *after* a meal, it's easier to stay consistent. It becomes automatic. You don’t have to think about it. You just eat, then walk. Repeat 3x a day.  **5. It's low effort but high reward**   Most people overestimate what they can do in a month and underestimate what they can do in a year. Walking 3 times a day for 10 minutes can lead to 1–2 extra miles per day. That’s 700+ miles a year with zero extra willpower. It burns some calories, sure. But more importantly, it shifts your metabolism, digestion and hormonal balance toward weight loss.  Stan Efferding calls it the “Vertical Diet Walk,” and there’s a reason it’s part of his playbook for pro fighters, NFL players and busy entrepreneurs. Low stress. High impact. Easy to stick to.  It’s not sexy. But it works. Every time. ```",2026-02-06T17:30:51Z
stan,eminem,informal,after,What r some songs that you absolutley love but you aren't a real fan of the group it's by? Like for example I've had Queencard on repeat but I don't listen to any other i-dle songs. This is a of mine tho. I don't listen to any other songs by each of these groups:     **Cupid** 🪽 FIFTY FIFTY  **Plot Twist** 💚 AtHeart  **NOT CUTE ANYMORE** 🎀 ILLIT  **I AM** 🖤 IVE  **Queencard** 👑 i-dle     (FIFTY FIFTY tho I feel like is pretty common considering the rebrand of the group and everything with that song. Also AtHeart doesn't have many songs yet so it's still a bit early for me personally to know if I like them),2026-02-06T17:26:11Z
stan,eminem,informal,after,"   hey, figured i'd share some parking tips for the justin bieber night on 02/07. the depot is right next to the delta center and the gateway, so honestly, the traffic and parking situation on a night like this can be brutal, especially when everyone is trying to leave at the same time, making for some nuts exits from the lots.      first, before you even look at the garages, check out Prked. i've used it before downtown and it's awesome. it’s an app where you can rent a driveway or garage spot from someone who lives right next to the venue. it’s usually way cheaper than the event lots and the best part is you skip all the major choke points getting into and out of the main parking structures. you just park, walk a couple minutes, and you're good.      if you prefer a regular lot, the closest official public garage is the gateway north garage, which is right there in the gateway mall, and the depot itself actually recommends parking in the gateway underground lots or just across the street. you could also try the salt lake hardware building lot, which is only a 3-minute walk away. another good choice that’s a bit farther is the park place parking lot at 200 s. temple, which is maybe a 10-minute walk. for a longer walk but potentially a cheaper max rate, look at the salt palace convention center lots, like the west or south lot, because their daily max rate drops to $5 if you arrive after 5 pm.      street parking is available in the surrounding area, but remember the meters are enforced until 10 pm monday through saturday. it costs $3.50 per hour, and there is a four-hour maximum until 10 pm if you find a spot after 6 pm. if you really hate the stress of finding a spot, look into buying a prepaid parking pass online beforehand, which can lock in a price and save you the hassle on 02/07.      honestly, if you live near a stop, taking trax is probably the easiest move. public transportation is handy right there. you can park at a free trax lot like ballpark and ride the blue or green line right to arena station, which is right by the venue.      hope this helps you get to the show easily and avoid the post-bieber traffic jam, have fun!",2026-02-06T17:24:33Z
stan,eminem,informal,after,"I just got the shards of the evo bomber from a time limited event.  Does it has any benefits in 2026, I'm still in arena 11.",2026-02-06T17:24:13Z
stan,eminem,informal,after,"Okay, so the Opalite video dropped today, and Travis' episode on Kylie’s NGL podcast, but nooo, it's all totally organic and not calculated at all, right? Right!  The video starts with a “magical solution” spray commercial, a spray that instantly fixes your relationships (couples, friendships, etc.). Then we have the Lonely Woman (TayTay) on a couch with a rock next to her (Joe Alwyn). The scenes with the rock basically show everything we've been tired of hearing her imply: that she felt alone, that she was the only one fighting to keep the relationship afloat, etc.  Then enters the Lonely Man (Travis), lying in bed with a cactus next to him (Kayla). Here it's shown that Kayla only hurt poor Travvy while he tried to be the affectionate golden retriever boyfriend, but every time he tried to touch the cactus he got pricked and hurt.  Tired of their situations, both (Taylor and Travis) buy the Opalite product. Lonely Man sprays it on the cactus, making it disappear, and Lonely Woman sprays it on herself, teleporting straight to Lonely Man's house. From there they start getting to know each other until they finally enter a super happy relationship. In the final part, the super happy couple is in a mall, where the Nope-Alite product (the reverse version of Opalite) is shown.  Back to the happy couple, TayTay spots the cactus, along with the rock (which has a friendship bracelet that says ""fuck you forever"" wrapped around it), both at a plant sale table. ""Scared,"" TayTay starts backing away until she reaches the Nope-Alite booth, where the product demonstrator (who, by some coincidence, is Graham Norton) offers her a free sample. TayTay extends her arm. This can be seen two ways: a quick moment threatening the relationship (maybe Matty Healy?), or the ""bitter"" public (us skeptics) getting into Tater's head and threatening her super-perfect relationship. But no problem, because right away the Knight in Shining Armor Travvy jumps in front of the Nope-Alite spray before the demonstrator can use it and ruin the Opalite magic.  Then we have this final scene where Cactus and Rock get married (Kayla and Joe), and it's so fucking funny. Does Taylor have some kind of fetish for seeing her ex marry her boyfriend's ex? Here she also throws an obvious shade at Joe (the rock) about marrying Kayla: ""they got married in a small, intimate wedding after meeting through Opalite.""  Anyway, it's mentioned that Stapler is happy alone and went to therapy to work on his possessive and codependent tendencies. And here comes the doubt: is she referring to Matty Healy or any other ex who ""threatened"" her relationship, or to us?  Finally, Cactus and Rock married, and the ""garbage is still garbage"" is obviously her calling Kayla and Joe trash.  Honestly, I found all of this pretty interesting, but of course there's a reason she released this video today besides Travis' appearance on Kylie's podcast. Basically everything since she showed up alone at that after-party. This video is going to shut up the doubts, and the Traylor stans will keep thinking it's the most perfect relationship in the world, so her move to keep them on a leash is successful.  What I actually find really interesting here is Opalite being a product that promises to fix your relationship problems. Like a ""magical effect"" for real. As if she were ""dropping a hint"" that the relationship is actually an illusion. I wonder what would have happened or what will happen if the ""Nope-Alite"" had been or ends up being applied?  Interesting, right? But of course their fans won't even think about that.  Another thing: Taylor is brunette in the video, and the actor playing Lonely Man (I'm just gonna call him that, whatever) is blond. So everything can be flipped too: Taylor representing Travis, and the guy playing Lonely Man representing Taylor. Meaning the cactus ends up being Joe, and the rock Kayla.  That would mean Travvy getting the cold shoulder from the rock, and TayTay getting hurt by the cactus. Until the moment both decide to buy the product. The cactus disappears (Taylor breaking up with Joe), and then Travvy applies the product to himself and gets teleported into TayTay's life. Again, they start getting to know each other, until at some point something threatens to shatter that illusion, making TayTay panicked and then throw herself in front of the Nope-Alite spray before it can be used on Travvy.  I hate her for making me deep-read on this.",2026-02-06T17:23:31Z
stan,eminem,informal,after,So w know Stan only married Francine because she looks good. But it also shows how oblivious he is when it came to her past. Here are a few examples  1.did not know how many sexual partners she's had until the garden  2.genuinely seemed oblivious about her being in prison  3. Safe to assume he has no clue Francine was an underground fighter  4.BIGGEST is he seems to not know just how insane Francine is. The woman kidnapped a child and let them know she is willing to kill her entire family.      So I wander. How do you guys think it would have gone if he took more time to know her?,2026-02-06T17:21:41Z
stan,eminem,informal,after,"There are 2 reasons why I think there's not enough discussion and criticism around male idols.   1. Their fans are morbidly obsessed and can't see their fav's flaw  2. Not enough popular male idols to be talked about to generate buzz as much as female idols due to boygroups usually only exist in their own fandom space while girlgroups are open to more casual fans.  This doesn't concern those videos that usually make idols being problematic, but videos about analysis or discussion regarding everything.  For example, I love seeing vocal analysis on idols and I have watched a bunch of analysis on female idols but it's so hard to find for male idols. It's like, only renowned male main vocalists got a little analysis but it's really still not that much. Like, I saw a bunch of vocal showcases on Wendy and Taeyeon than Exo's and Suju's main vocalists when they offer interesting analysis as well.   I wish more fans being brave to criticize male idols like they criticize female idols. I also want to know how non-fans perceived my fav tbh. ",2026-02-06T17:20:07Z
stan,eminem,informal,after,Stan Lee (The Amazing Spider-Man) - the Lizard attacks Peter at his school with the fight ending up in the library. Cue the Stan Lee cameo where he is listening to classical music through headphones and completely oblivious to how he was nearly taken out by a table thrown in his direction.  Diana (Pragmata) - in the demo Diana’s focus is on her drawing. Meanwhile Hugh is desperately fighting off a bunch of robots whilst calling for her to help.  The juxtaposition where one character’s perspective is peaceful whilst another is pure chaos. The characters’ perspectives don’t have to be in the same scene but can also be jump cuts between both scenarios. For example one character could be screaming and firing a gun into the air with explosions going off before it jumps to a different character sipping coffee.,2026-02-06T17:12:46Z
stan,eminem,informal,after,"      hey beliebers, figured i'd share some parking tips for the justin bieber night on 02/07 because driving in the union square-east village area is honestly a nightmare, and irving plaza has no dedicated parking lot at all. plan ahead or you'll be circling for hours.      first, a little insider tip: you should check out Prked. i've heard of people using apps like this to rent a private driveway or unused garage spot from someone living super close to irving plaza. it's usually way cheaper than the garages right next door and you get to skip a ton of traffic stress since you're heading straight for a reserved spot. always worth checking if there’s one available right next to the venue.      if you stick to traditional garages, you absolutely need to pre-book. seriously, book your spot on an app like spothero or parkwhiz now. spaces fill up fast for evening events and the cash rate at the gate is brutal. they recommend getting there at least 20 minutes before the 8:30 pm start time just to deal with the crowds and traffic congestion. new york evening rush hour is rough.      the closest garages are all right around the corner on e 16th street and e 15th street, near union square park. the icon parking systems at 110 e 16th st is super close, like a one-minute walk. there's also ggmc parking at 100 e 15th st and champion parking at 101 e 16th st. expect to pay a premium for being that close, especially if you don't book ahead. you can check out the ipark at 7 e 14th st too, which is only a 5-minute walk.      now, let's talk street parking. honestly, don't. if you're not a local, it's a huge risk. finding a spot in the east village/gramercy area is almost impossible, even on a thursday. we are a tow-away zone, and they are quick with tickets. never double park, and remember that fire hydrants require a full 15 feet clearance - don't trust the painted curb lines, they lie. some metered spots expire around 7 pm, which is nice, but you need to triple-check the signs to make sure you won't get hit by a ticket first thing in the morning. it’s really not worth the headache and the crowds.      seriously consider the subway. it's the official recommendation and the easiest way to avoid traffic entirely. the l, n, q, r, w, 4, 5, and 6 trains all stop right at union square, which is the intersection of irving plaza's neighborhood.      hope this helps you have a smooth night and you get to enjoy all the biebz hits!",2026-02-06T16:56:31Z
stan,eminem,informal,after,"Lost at wave 100 as my reaction was to slow to watch the wall repair add,  They hit me hard in lane 2.  This setup was fun and this is my furthest ive managed to get,  I hope to try out more combos,  And yes im just having fun so dont bash me to hard lol",2026-02-06T16:40:06Z
stan,eminem,informal,after," Hej hej! We're meeting at 16:00 at Källarbyn in Gamla Stan, downstairs likely near the downstairs entrance (there will be a small sign that says ""Story & Sketch""). Anyone is welcome to join. There would be 3 activity zones for reading, writing, and art. It's really a space where bookworms and creatives can make time for their projects and mingle afterward. If you'd like to be a part of it, just shoot me a DM beforehand.  NOTE: Should be self-explanatory, but please bring your hobbies/activities with you. I won't be providing supplies as I don't know what activity each person wants to do on the day. 😅",2026-02-06T16:37:19Z
stan,eminem,informal,after,"Hej hej! We're meeting at 16:00 at Källarbyn in Gamla Stan, downstairs likely near the downstairs entrance (there will be a small sign that says ""Story & Sketch""). Anyone is welcome to join. There would be 3 activity zones for reading, writing, and art. It's really a space where bookworms and creatives can make time for their projects and mingle afterward. If you'd like to be a part of it, just shoot me a DM beforehand.  NOTE: Should be self-explanatory, but please bring your hobbies/activities with you. I won't be providing supplies as I don't know what activity each person wants to do on the day. 😅",2026-02-06T16:36:48Z
stan,eminem,informal,after,"I don't hate object shows or sml, but imma be honest, they're way more common to see in the suggestions channel",2026-02-06T15:53:54Z
stan,eminem,informal,after,"What consequences would she have faced? I gotta wonder if maybe it would have been better than being exiled to Russia for the rest of her life. She didn't spy because of ideological reasons, she's not loyal to the KGB; most of the time she thought she was helping the US tighten up security, and we know security was a major concern of hers; she was always complaining about how classified files were left on top of the robot. There's really only a few months when she knows Clark isn't working for the DOJ and she's helping him anyway. She'd definitely get jail time, but how much? The fact that she'd be able to give them the illegals would surely have worked in her favor.  Instead she's sent to a place where she knows no one, doesn't speak the language, and doesn't know the culture. And right as she's possibly getting her bearings, the whole thing is going to come tumbling down. I was 12ish when the USSR fell apart so I certainly don't remember details, but I know it was chaotic and there were reports of massive shortages, high crime and general misery, such that a lot of people were like ""bring back communism, at least it was stable."" How would Martha fare? She doesn't do well with uncertainty or instability. And would the government keep sending her a stipend and providing housing?  Can't help but wonder if she'd have been better off if Stan and Aderholt had gotten to her before Elizabeth did. ",2026-02-06T15:50:54Z
stan,eminem,informal,after,Based on the Venusians who first appeared in All-Star Comics #13 (October 1942) and the alternate version of Wonder Woman from the Justice League: Gods and Monsters universe.  The idea is to add the character to the main DC universe with her own story that isn't men centered,2026-02-06T15:49:35Z
stan,eminem,informal,after,"After watching MC Stan over the last few years, it’s clear he’s heavily influenced by Playboi Carti’s style.  The album font looks similar to MUSIC’s aesthetic, and a snippet he played on YouTube sounds very Carti inspired. It feels like Stan is trying to build a Carti-type cult fanbase and is delaying the album to create hype, just like Carti did.  This worked for Carti because:  	•	He had tons of crazy snippets floating around while being inactive  	•	He completely disappeared from social media and paparazzi  	•	His absence + mystery made fans go insane  But that tactic doesn’t translate well in India.  Stan doesn’t have enough snippets to convince people that the album will be something legendary, and unlike Carti, he keeps appearing in public and in front of paparazzi, which kills the mystery. If you’re everywhere, people don’t miss you.  He might think he’s being nonchalant and building hype, but honestly, not much hype is being created right now. I’m not saying the album will flop , it’ll still do numbers but the Carti-style persona he’s trying to pull off isn’t landing here.  I’m pretty sure the album will have Carti-influenced tracks, maybe on Rockstar Made or Stop Breathing type beats.  No hate to Stan at all, just my opinion.  ⸻  TL;DR:  MC Stan seems to be copying Playboi Carti’s rollout strategy, but it worked for Carti because of mystery, crazy snippets, and total disappearance. Stan being visible all the time + lack of snippets is killing the hype, and this strategy doesn’t work the same way in India.",2026-02-06T15:39:54Z
stan,eminem,informal,after,"After watching MC Stan over the last few years, it’s clear he’s heavily influenced by Playboi Carti’s style.  The album font looks similar to MUSIC’s aesthetic, and a snippet he played on YouTube sounds very Carti inspired. It feels like Stan is trying to build a Carti-type cult fanbase and is delaying the album to create hype, just like Carti did.  This worked for Carti because:  	•	He had tons of crazy snippets floating around while being inactive  	•	He completely disappeared from social media and paparazzi  	•	His absence + mystery made fans go insane  But that tactic doesn’t translate well in India.  Stan doesn’t have enough snippets to convince people that the album will be something legendary, and unlike Carti, he keeps appearing in public and in front of paparazzi, which kills the mystery. If you’re everywhere, people don’t miss you.  He might think he’s being nonchalant and building hype, but honestly, not much hype is being created right now. I’m not saying the album will flop , it’ll still do numbers but the Carti-style persona he’s trying to pull off isn’t landing here.  I’m pretty sure the album will have Carti-influenced tracks, maybe on Rockstar Made or Stop Breathing type beats.  No hate to Stan at all, just my opinion.  ⸻  TL;DR:  MC Stan seems to be copying Playboi Carti’s rollout strategy, but it worked for Carti because of mystery, crazy snippets, and total disappearance. Stan being visible all the time + lack of snippets is killing the hype, and this strategy doesn’t work the same way in India.",2026-02-06T15:38:54Z
stan,eminem,informal,after,"What happened to the good old days when a restaurant would just give you a little treat on your birthday, no strings attached? 🥲 Every birthday freebie I’ve found requires signing up for something, and Stan’s even requires that you’ve made a purchase in the past 90 days! Anyone know of any place that’ll literally just give you something for free on your birthday?? Can we get nothing in this god-forsaken hellscape that is America?  Edit: For those unable to read tone, this was tongue-in-cheek. I obviously don’t believe I’m “owed” anything from a business on my birthday. However, it should be noted that the businesses that offer these types of freebies (and used to offer them without a signup) do it \*because\* they can afford it and it also generates profit for them long term. It’s a marketing gimmick. Ads cost money, giving away free items in this way is baked into their marketing budget. And aside from all that, the types of businesses that do this are usually large corporations, which extract billions in profit from the working class. The amount of money I have paid into these businesses far outweighs the cost of a cookie once per year. So if I did think I deserved a small thank-you in the form of a free yearly cookie, it wouldn’t be so unfounded. You don’t need to defend these businesses, they are doing just fine! (And wage theft is the largest form of theft in the US, so forgive me if I don’t feel bad about people taking advantage of small freebies from these huge corporations.)",2026-02-06T15:11:44Z
stan,eminem,informal,after,"I saw someone on tiktok reading Bernstein Bear books, and I am kinda confused about why Jan and Stan chose those lessons  Specifically I’m talking about too much junk food and too much t.v.  Normally in these types of stories where they’re over consuming snacks or whatever, the lesson usually is moderation, like you can have candy every now and then  In too much junk food, at the end after the cubs conditioned themselves to dislike junk food and instead only snack on carrot sticks, frozen yogurt and apple slices, after their 3k run, papa is implied to suggest they have some icecream, but instead they immediately pull out carrot sticks   And in Too Much T.V. After learning the joys of doing things non T.V. Related, papa Bear is seen as the weird one for wanting to watch t.v. Again  Were they trying to get kids to be boring t.v. hating vegans, kinda weird they didn’t end it with “some t.v. Is okay but not too much”  Is this just normal in these books?",2026-02-06T15:10:56Z
stan,eminem,informal,after,Just learned about Purple Man today,2026-02-06T15:00:38Z
stan,eminem,informal,after,">She take things from Shakatak, Jeans, even the OOAK logo, tweak them in a ""normal people won't really know this, right?"" kind of way, and make them just similar enough, then she gets all self-absorbed like, ""This is a brand-new creation, I'm such an original creator.""  >But there are Shakatak fans, there are Jeans fans  >Every field has its own fans, and if you know, you can tell immediately. They just grab stuff so casually because they think it's not famous enough.  >The whole ""if I know it, then it's known; if I don't, then it doesn't exist"" mindset is peak ajumma delusion   >  >1 \[+120, -19\]  >Bunnies are looking at this saying ""What's similar? Go to an optometrist"" while calling our LIT's Magnetic ""plagiarism""  >2. \[+95, -12\]  >No but whether this is plagiarism or not, why do you guys stan someone with a dismissal order? You guys can't refute this while nitpicking about Bang Sihyuk. It's ridiculous  >3. \[+92, -6\]  >I seriously am creeped out by the fact that there are still people stanning this ahjumma. Imagine how low she things of us? She probably views the general public like pigs  >4. \[+81, -8\]  >She's just someone who's extremely good at browsing Pinterest  >5. \[+66, -10\]  >What is thisㅋㅋ  [https://www.pannchoa.com/2026/02/enter-talk-min-heejin-really-takes.html](https://www.pannchoa.com/2026/02/enter-talk-min-heejin-really-takes.html), translating [https://m.pann.nate.com/talk/375213376?currMenu=best&stndDt=20260206](https://m.pann.nate.com/talk/375213376?currMenu=best&stndDt=20260206)",2026-02-06T14:56:26Z
stan,eminem,informal,after,"# Hello everyone, I hope this message finds you well!  I am a sociology student and this survey is part of my thesis research. The aim of this study is to explore K-pop fandom, with a particular focus on fans’ consumption habits, social experiences, and perceptions related to K-pop culture.    I wrote in this subreddit because i need more fanboys to engage with it since right now most of the answers are from fangirls. The survey is for **EUropean K-pop stans only** (for non EU, if you want to do it u can just click any country available *even if it's not your country i just need many answers im desperate TT*)  This is the survey : [https://forms.gle/1ZbHLPYj6Z2SMbdK9](https://forms.gle/1ZbHLPYj6Z2SMbdK9)  You can share with your friends or other communities if you want  For any update about this study, reply here and i'll update the post once i'm finished     thank you🩷  ",2026-02-06T14:45:46Z
stan,eminem,informal,after,"ive known them for a year or so but recently as of 4 months have gotten into stanning them, before i continue i'm an ot4 stan and i'd rather have mentions of yoochun to a minimum cus im not feeling any sympathy for that guy.  im jaejoong + junsu biased but i want to learn more about yunho and changmin asw ! !   my knowledge of tvxq is at most surface level with a few hints of uncommon tvxq info i randomly stumble upon 😭😭 (camera jaejoong + junsu at bar video, what else dammit idk)",2026-02-06T14:36:37Z
stan,eminem,informal,after,"I’ve been thinking about how the skims x nike ad captures lisa’s self conflict so well.   The ad has amazing styling, make-up, a cute concept, budget with good camera work set up and lisa is supposed to be this amazing dancer but guess what? the ad did NOTHING, it did not become a trend not even within the little stan twt bubble, it did not become an iconic moment in pop culture like other ads despite all the odds being with it. it did not even generate the interactions other kpop moments generate so easily, sure people saw it the first day liked the tweets bc its a well polished ad but it stopped there. now compare this with #that denim ad which had simpler styling, simpler concept but it stuck with people and slowly became an iconic moment that was talked about for months and yes i am aware a reason for this was the other controversial denim ad but i still think the group’s ad was going to hit it nonetheless. anyway thats not my main point here.   now to connect this with the tweet above, the ad immediately reminded me of it and how lisa solos have been tweeting overall ever since her music career flopped. its such a funny tweet bc it shows exactly what lisa and her fans both get wrong about what sticks with people and what it takes to be a well perceived singer, social figure, entertainer whatever. this captured lisa so well, bc she is this very well branded social figure right? she has all these brandsssss that loveeee herrrr, she is so pretttyyyyy, she is soooo richhh, she has all those nice cars and houses, she released many music videos with high production, how come she isnt one of the biggest names ever right lol? and this is the confusion it creates within her fans they see her doing everything a popstat supposedly has but none of that is translating to real life and ofc she is pretending to be a popstar in a movie almost like acting in this role with the resources she is given for the role rather than actually having what it takes to be one. somehow u can give her EVERYTHING and it still wouldnt make her interesting or stick with people under a positive light and thats what happened during her solo era, she was given many major stages to prove herself, an entire album with gazillion collabs that can make u smell the desperation and still no hit.  the tweet is also particularly hilarious, bc in 2024-25 lisa went to EVERY MUSIC EVENT to promote her music, she strategically planned the final major moment the album release with her acting debut, but guess what this overexposure did her so much harm than good, bc just like her fans she thought hey, if i can have this special made shiny costume, many backup dancers, good production for my stage, i will end up with an amazing performance even though i will fully lipsync it but that wont be a problem for someone making their solo performance debut on western award shows right lol? so i think the way her solo era was perceived also confused her, bc from what she knows from kpop and bp thats all u need for a good show, what do u mean the people are asking me to sing and show actual talent!!! and this aspect makes the tweet funnier bc lisa as an entertainer can only exist within kpop that they deem her so high for she should break away from it, she is not a singer nor a real rapper to find a place for herself outside kpop matter of fact she only has her current fame thanks to the low standards kpop has and how branding is the most important thing after all.   and finally the last thing i want to touch on is her stans’ desperation in her getting lucky and somehow getting a viral tiktok hit, i remember they were so brave after money’s little moment they thought her next era especially if outside yg was going to be the biggest thing ever then in 2024 every single flopping and performing very badly especially in the us, rockstar charted one day on spotify usa lmao. her fans thought she had enough reach on her own to make a song do good but shes just another tiktok ‘artist’ she either gets a tiktok hit or no hit thats why her fans want external forces like getting lucky with a tiktok hit to intervene for her music career otherwise every time she releases music even if the song is good lets say the moment she performs it on a big stage outside the kpop bubble the positive perception will be over just like her solo era, every song somehow flopped more after she performed it. its funny seeing her stans pretend she wasnt promoting EVERYWHERE and that all she needs is to release music to get this hit bc she has everything right? ",2026-02-06T14:28:04Z
stan,eminem,informal,after,I looked around but I can’t get any info on how to get it..,2026-02-06T14:13:37Z
stan,eminem,informal,after,"Hey all,  Is there any real difference between the Stan Chen SI magwell and the Wilson bulletproof ones?  I have a Chen on my Colt, like it plenty but I'd I wanted a black option it seems like Wilson is the way to go for availability.  Thanks!",2026-02-06T14:06:34Z
stan,eminem,informal,after,"Hey everyone, I wanted to share my journey as a fan of Stray Kids and see if anyone else has gone through something similar.  I became a die-hard Skz fan right before their Maxident era after hearing God’s Menu, the song was so good I had to check out the group, since back then I only really knew BTS and BP. I really liked the members’ personalities, chemistry, and checked out their discography. I loved the album No Easy and thought Oddinary was okay.  When Maxident was announced, I was so hyped! But after the release, their title track was a big disappointment to me. I did like some of the B-sides, especially taste and 3racha. Still, I stayed a hardcore stan and eagerly awaited their next comeback.  I was obsessed with their achievements and streamed nonstop to help them break records. When 5STAR was announced, I was so excited about their record-breaking pre-orders! But honestly, once the album dropped, S-Class felt like one of the worst title tracks I’d heard, mainly because of the chorus. The competition was extremely fierce at that time and literally almost every kpop release was doing well since it was a peak era for kpop and I know many stays wanted to support, so I kept streaming playlists even though I wasn’t really feeling it.  I wondered why they couldn’t make songs like Bite Me by enha, which I absolutely loved. Not to mention, I loved the pre chorus of S-Class but the rest was really bad.  Their next albums, Rock-Star and ATE, were okay to me, but slowly my love for them faded. I stopped streaming obsessively and started just casually listening to their releases. Eventually, I stopped voting, watching content, or fangirling over them, going from hardcore stan to someone who doesn’t really like their music much anymore.  Now, I only check their title tracks and don’t have a single song from them on my playlists. Has anyone else gone through this kind of shift with a group they once loved?",2026-02-06T13:33:19Z
stan,eminem,informal,after,Paypal invoice. Please comment if interested.,2026-02-06T13:31:00Z
stan,eminem,informal,after,"I thought I'd do this post because I'm seeing a *lot* of new myths spreading around social media that are just wrong / blatant lies.   **Michael was trying to protect kids (from the elites, from abuse, from Epstein) and they took him out:**  This one has been making the rounds because stans don't like the fact that Michael had a photo with Epstein in 2002, this also ties in to the antisemitism of the MJ fandom who tie everything bad that ever happened to Michael to ""the jews""   They won't ever admit to being this way, they think they are right, they truly believe that the ""global elite"" were scheming against Michael Jackson because he built an amusement park in his backyard. Michael was not a threat to anyone in the ""elite"" he was one of those people. He was a rich Hollywood guy who was surrounded by yes-men.   They change who ""took him out"" based on what is in the news, some people claim it's sony, some people claim Tomy Motolla is behind it, some people (racists) claim it's Jewish people, and now people are claiming that Epstein and his co-conspirators ""took Michael out"" because Michael was ""protecting the children""   Michael did not speak out against any form of child abuse, he didn't even defend his friend Brooke against the horrific treatment she received in Hollywood, and the fact that images of her taken as a minor were being sold and plastered all over playboy. She was devastated, he said nothing.   He had a huge voice but he did not use it to decry pedophiles and child abusers, he did not condemn them. When asked in 1995 by Diane Sawyer what should happen to people like that he said ""they needed some kind of help"" , that is not something that someone who cares about children would say.   **Vincent Amen is only saying that Michael is guilty because he's trying to distract from his wife's involvement with Epstein / ""Vinnie didn't work for MJ, he worked for Frank!!!!"" / ""He keeps changing his story about the naturist magazine!!""**   All of this is dumb, of course.   But Vincent saying that Michael was a pedophile is not because of any ""distraction"" he is trying to do to protect his wife, she's spoken to major news orgs about Epstein, she has admitted that she was asked to traffic victims to him (like many other of Epstein's victims) she had a very public lawsuit with Virginia. (Virginia claimed Oh sexually assaulted her, Oh claims that it was the other way around, I believe both of them, and I believe that it's more than likely Epstein turned them and other victims against each other, I do believe Rina is a victim but I also believe that she doesn't know how to take full accountability for what Epstein made her do)  My point is, it's not a huge secret! Especially because with all the Epstein files news Rina has been talking on interviews a lot more, she showed up with other survivors too!  Vincent, being her husband and supporting her, likely wants her story to be out there. (Note, I do not support Vincent's slandering of Virginia, he can be right in one situation and horrifically wrong in another)   ""He didn't work for MJ, he worked for Frank""   Actually. when Frank was low-key fired from working for Michael during Michael's ""Go to hell motolla"" era, he reconnected with Vinnie and they started working on business plans together outside of the realm of MJ or music.   When Michael asked Frank to come back, Frank asked Vinnie for help.   And it was Marc Schaffel who paid Vinnie anyway. He gave him the money for everything.    ""He keeps changing his story about the naturist magazine""   His story about this has always been consistent, though in the Channel 4 doc he does give a little more context to why he had it in the first place.  Frank handed him a bag of stuff, Vinnie felt uncomfortable and wanted to check it out. He found out what it was and was rightfully disgusted and disturbed.   Joe Tacopina wanted to hide the magazine, and MJ's lawyer Tom wanted to blame it on someone else (Marc Schaffel), Joe ended up hiding it away and it never saw the light of day during the trial.   On Twitter, Vinnie has always said the same things about the magazine and provided the same context to it.   **Michael was a vocal supporter of Palestine and Israel ""silenced"" him because of it.**  So this isn't ""new"" but it's making the rounds again so I'm including it.  Michael wrote an unfinished *poem* called ""Palestine, Don't Cry"" about the plight of the Palestinians, stans claim this is a song and they claim he was ""forced to remove it from his track list""   He never recorded anything for this, it was unfinished which is why it wasn't included anywhere.  And he wasn't forced by anyone to not include it lol  Stans also claim that after 1993 MJ never went back to Israel in support of Palestine, this isn't true. I'm not sure why MJ didn't go back to Israel. but it might have had something to do with the fact that he was accused of being inconsiderate for arriving to a sacred site during prayer time.   He remained connected with the country though, he met with the former Israeli PM in 2001 and made several plans to reconnect with others from the country, he wanted to go back in 2007-2009 but who knows if he made the trip.   He never met with any Palestinian politician and never publicly made any comments about what they had gone through, he also never went there.   Not really ""vocal"" if he doesn't say anything about it.   **He was ""protecting kids"" at Neverland**  How in the world does Michael inviting kids to Neverland (and to sleep in his bed) help protect kids from predators? Like child predators aren't going to randomly not choose to harm a child because that child once visited Neverland.   Make it make sense.   **He was planning on naming names, exposing predators / Epstein!**  How exactly was Michael Jackson going to expose Epstein in 2002 when the world at large did not know about Epstein's crimes? How would Michael know? Are stans implying that he was secretly investigating Epstein for months, years? Lol    He never named names, the only people he ever spoke out against were people that he said were against him.  If he cared about exposing the evils of Hollywood and the music industry, he would have done it.  The only reason he played the race card in the 2000s is because he was pissed that his album was a failure.   **Bonus insane fan theory: Aaron Carter was ""killed"" because he refused to go along with the narrative that Michael was a pedophile**  Smaller insane theory, only like two people were posting about it but this is absolutely idiotic. Aaron had been outspoken saying that Michael never did anything and wasn't a pedophile.  Like many people who had known Michael in their lives.   Aaron was not murdered by... who are they even claiming murdered him?! lol... He wasn't murdered, he was a troubled young man with a history of trauma and abuse, he unfortunately died due to his drug addictions.   He also admits in his book that Michael was standing over his cot in the middle of the night in his underwear but fans don't wanna think about that.   Feel free to add any wild new stan theories lol, but please make sure to cross out their usernames if you post a screenshot.   ",2026-02-06T13:05:02Z
stan,eminem,informal,after,This post contains content not supported on old Reddit. [Click here to view the full post](https://sh.reddit.com/r/Pixelary/comments/1qxh1t6),2026-02-06T13:03:43Z
stan,eminem,informal,after,"For those wondering why my post for part 19 disappeared and reappeared, turns out that automod caught my swear in that one and really didn't like it. It was poorly censored, but the mods were fine. Also, anyone can, at any time, add their own stories to these posts, or go hunting the comments at 6 p.m. EST of the youtube videos to comment on Cole's comment personally, and I'd be more than willing to add them to the post.  Edit: I only just realized that I'm now discussing something Chugga hasn't covered yet because it takes place after the next gym. It's a light spoiler for a game as old as me, but I forgot we weren't at that part.  Cole  Nettle's Note's Day 19: Finally, after enough battles and experiences, I have evolved into a Meganium. I got to say, the flower neck looks nice on me. We spent most of the day going through water and caves to look for more items, otherwise not much happened. We should be able to set off for new locations tomorrow, can't wait to see what's out there.  Agate's Album Day 18: This felt very repetitive going from water, to land, to caves, to water filled caves, all that. We did see some cools things along the way, and Nettle evolved into a Meganium which is awesome. Hopefully I'll be able to reach my final evolution form soon. I guess tomorrow we set out for new areas.  Teanie's Tally Day 5: Wow, Uncle Nettle grew a flower around his neck. It's so pretty. Mama told me it's called Evolution, and that I could do so one day. I wonder what I'll evolve into someday.  **Ecruteak City**  Nettle: Talk about a long day of exploring.   Lapis: Tell me about it. Those caves just wouldn't end.   Agate: As much as I did enjoy exploring them, I'm glad to be back outside. Now let's hope we can see some new places tomorrow.   Nettle: We're either heading east or west, so who knows.   Teanie: I'm ready to go wherever.   Trixie: Glad to hear that, Teanie. Thanks for watching her while we got some much-needed rest.   Trinity: I haven't slept that good in a long time.   Lapis: Glad you two are feeling a lot better.   Trixie: Yeah, but also, Adam better come back with a whole load of money for child support once he's out of that Daycare.   Trinity: I sure wouldn't want to be on the wrong end of a mother's wrath.   Nettle: It's getting late. We should all get some shut eye.   Agate: Sounds good to me.   Teanie: climbs onto Nettle's neck and rest atop his pettles Goodnight, Uncle Nettle.   Nettle: smiles Sleep well, Teanie.   **Everyone huddles together and begin to fall asleep**  Ladybug  Bonus:   Cherrygrove City beach.   Palkia and Lapras are relaxing in the water   Palkia: Your a great surfer after my own heart Lapras.   Lapras: Your not so bad yourself. Say, being here has reminded me of a little shanty my mates use to sing from time to time. Wanna hear it?   Palkia: Fire away, pal.   Lapras: Heh heh, alright, here goes nothing. (Clears throat)  (Northwest Passage by Stan Rogers is sung)  Lapras: Ah, for just one time   I would take the Northwest Passage   To find the hand of Franklin   reaching for the Beaufort Sea   Tracing one warm line   through a land so wild and savage   And make a Northwest Passage to the sea.  Lapras: Westward from the Davis Strait   'tis there 'twas said to lie   The sea route to the Orient   for which so many died   Seeking gold and glory,   leaving weathered, broken bones   And a long-forgotten lonely cairn of stones.  Lapras and Palkia: Ah, for just one time   I would take the Northwest Passage   To find the hand of Franklin   reaching for the Beaufort Sea   Tracing one warm line   through a land so wild and savage   And make a Northwest Passage to the sea.  Palkia: Three centuries thereafter,   I take passage overland   In the footsteps of brave Kelso,   where his ""sea of flowers"" began  Lapras and Palkia: Watching cities rise before me,   then behind me sink again   This tardiest explorer,   driving hard across the plain.  Lapras: Ah, for just one time   Lapras and Palkia: I would take the Northwest Passage   To find the hand of Franklin   reaching for the Beaufort Sea   Tracing one warm line   through a land so wild and savage   And make a Northwest Passage to the sea.  Lapras: And through the night, behind the wheel,   the mileage clicking west   I think upon Mackenzie,   David Thompson and the rest  Palkia: Who cracked the mountain ramparts   and did show a path for me   To race the roaring   Fraser to the sea.  Lapras: Ah, for just one time   I would take the Northwest Passage   To find the hand of Franklin   reaching for the Beaufort Sea   Tracing one warm line   through a land so wild and savage   And make a Northwest Passage to the sea.  Lapras: How then am I so different   from the first men through this way?   Palkia: Like them, I left a settled life,   I threw it all away.  Lapras and Palkia:   To seek a Northwest Passage   at the call of many men   To find there   but the road back home again.  Lapras and Palkia: Ah, for just one time   I would take the Northwest Passage   To find the hand of Franklin   reaching for the Beaufort Sea   Lapras: Tracing one warm line   through a land so wild and savage   Lapras and Palkia: And make a Northwest Passage to the sea.  Bomb  Pictured in the anime. Emile: Mom! Why do have to call me every time? Oh wow, why am I not surprised? Okay thanks, Mom. Tim: Another one? Emile: Yep. Claire: What did she get you this time? Emile: Just some berries. Tim: She used your money to get you berries? Emile: Apparently. And a Silk Scarf but that's not saying much. Claire: So let me get this straight. We wasted all of that time surfing on the back of Palkia finding items and a Lapras and fought dozens upon dozens of Ace Trainers all so your Mom can give us berries? Emile: Pretty much. Tim: Of all the things she could've bought, why would she give us that? Emile: Because... Mom. Claire: That makes no sense. Emile: Whatever.  Me  Marcus' journal - day 19   Just got another badge. Albotross evolving had us moving very fast. During the gym battle, the feather began to shine. We only noticed after because Albo fainted to the last opponent and I had to switch to Max, who swiftly ended it. Afterwards, I released the quilava. At least the gyms will be smooth sailing... The rest isn't as clean. Hopefully we can get to beat Sherb soon.   Marcus: I am pooped. There should be a place to stay nearby.   Odin: **ZING** Sir. Mart! **turns to face the local pokemart**   Marcus:... Fine. I guess they deserve it. I'll just check my... huh? looks down to see a sneasel tugging on his leg.   Sneasel: SNE! SEL!   Pokemon POV   Sneasel: Hi! You look like you could steal from trainers.   Zuko: Who are you... **flares up, ready to attack**   Odin: **ZING** Master Marcus, he wants you to steal something!   Marcus: Stand down for a moment, Zuko. He looks tough. Are you wanting to join me?   Sneasel: Yeah! Unfortunately. I already have a trainer. Points at a trainer frantically searching   Odin: That trainer is his, Master. **ZAP**   Marcus: And why are you with me?   Sneasel: I'm sick of him! He's way too protective of me! I never get to explore the world! He overfeeds me and gives me a stupid nickname.   Odin: **KZZRT** He wants to leave his trainer.   Marcus: Okay... I want to see if you are to my standard though. (This is great. I could get a strong fighter for my team.) **Walks over**   Zuko: Consider yourself lucky...   Marcus: S'cuse me. May I have a pokemon battle with you?   Trainer: Sure thing.   one battle later   Zuko: I underestimated that punk. He's good.   Liz: MARCUS! THE FEATHER!   Marcus: Huh? Oh. It's super bright. That means we found a match.   Zuko: So. Does that mean we take him and run?   Marcus: Hold off. Let's see what happens.   Trainer: MY SNUBBY! ARE YOU OKAY?!   Odin: I sense a 0% chance of taking Snubby with us today. **ZING**   Marcus: Yeah. We'll also get a new nickname. I am not calling him ""Snubby"" ever.   Zuko: Hopefully he stays strong. He did well against someone like me.   Max: Hi guys. I just woke up. What are we doing?   Marcus: Max, I'll need you and Zuko to work together tomorrow.   Zuko & Max: WHAT?!",2026-02-06T12:56:04Z
stan,eminem,informal,after,Brad Pitt made some really great movies in the 1990s.,2026-02-06T12:54:09Z
stan,eminem,informal,after,"Always they most fun list, anything where the zeitgeist says it's great but I personally hate it",2026-02-06T12:49:42Z
stan,eminem,informal,after,"Does anyone have that meme of Stan looking back at the camera but in 4K, or in good quality?",2026-02-06T12:30:28Z
stan,eminem,informal,after,I'm a bit confused by the 9Now interface. Can we still watch each sport's individual feed live for free like the last Olympics? I noticed some tiles redirect to Stan but I'm not sure if that's only on-demand.  If they've actually paywalled the individual coverage and will just make us watch the curated main feed I will be pissed af.,2026-02-06T12:28:39Z
stan,eminem,informal,after,I mean *what*... absolutely speechless at this. ,2026-02-06T12:23:18Z
stan,eminem,informal,after,"So I am basically a superpower, I just sent an ultimatum to timurids to surrender or invasion and they accepted and I was thinking can't I just sent everyone a ultimatum to surrender or invade? I mean like that's the easiest way do you guys do this all the time I have been like Conquering with army this entire time so I don't know if the AI a small nation can like refuse it? I have an army of 160k + currently, what do you guys do you Send a ultimatum or rather just invade just for the fun of the game? While I do feel this is easier to do invasion ig it's got its own fun right? What would you guys recommend im all open. is this a thing all people do? And I just found out about it? Or do you guys also just invade for more fun? (I literally spent 20-30 hours on this 271 years civilization)",2026-02-06T12:19:43Z
stan,eminem,informal,after,"Do you know if there is any subreddit for fanboys only or any community i can look for?  Im looking for male kpop stans to have mixed results in my [academic research survey](https://forms.gle/7aDvy58hr5tKMYtUA) about kpop fandom & consumer practice. so far i got answers mostly from fangirls, that are so so appreciated but my teacher asked to look for more fanboys in order to have relevant data.  if you know any male kpop stan from europe, feel free to send them [my survey](https://forms.gle/7aDvy58hr5tKMYtUA) !! it would help me a lot   if you are curious and want to do the [survey](https://forms.gle/7aDvy58hr5tKMYtUA) too, it would be really appreciated because many answers are required and i’m a bit far from it.   explained more about it [here](https://www.reddit.com/r/kpophelp/comments/1qvv773/kpop_survey_for_my_thesis_europe_only_please_help/) ",2026-02-06T11:51:49Z
stan,eminem,informal,after,"Update: Now with SATURDAY 7 FEB   # 6 Feb, Fri -  [Mei Semones (US🇺🇸🇯🇵 chamber pop with bossa nova, rock)](https://ticketmaster.sg/activity/detail/26sg_meisemones), Pasir Panjang Power Station (labarador park MRT), $69 [ℹ info](https://www.instagram.com/reel/DQLKhxFEjAe/) - [Amble (IE🇮🇪 folk trio): The Reverie Tour 2026 in Singapore](https://ticketmaster.sg/activity/detail/26sg_amble), \*SCAPE Orchard @ 2 Orchard Link (somerset MRT, beside cineleisure), from $108 - 👨‍🎤🎹 [Jim Brickman - Songs of the Carpenters & Hits LIVE!](https://ticketmaster.sg/activity/detail/26sg_jimbrickman), capitol theatre city hall, $98 - 🎸 Grindcore Gig: [SIX-SCORE (AT🇦🇹) Live in SG - ft Cryptid Spawn, Anavar, Darurat](https://www.ourstrayliberties.com/product/six-score-at-live-in-sg),  room 526 @ 1 Tannery Road (mattar MRT), L5-03, <GMaps: everrich industrial PTE LTD>, 💰$**20**  - 🎸 Lasalle Rock & Indie Festival (RIF) [Layyi, Curb, Deformed, Marian Carmel, Nosedive, Sun Cell, Purely Pale, Masha Nyanna & People, Slump, Stoneship Sailors](https://www.instagram.com/p/DTfK0fsj62d/), LASALLE College of the Arts, McNally Campus @  1 McNally St (rochor MRT) - Outdoor Campus Green and Flexi Indoor Space, [ℹ schedule](https://www.instagram.com/p/DT9-DioD_3X/) **free** [tix 🎟](https://peatix.com/event/4804706) - Experimental Soundscape [Story Scape: Uncut - audiovisual presentation by sound artist Syafiq Halid with visual collaborator Superlative Futures.](https://www.instagram.com/theeverydaymuseum/p/DT2V1fAEpXd/),  ℹ️ the alt club-bar 🪩🥃 - RASA Space @ 9 Raffles Place, Republic Plaza Tower 1, entrance at GF (raffles place MRT),  💰 $27, [tix 🎟](https://www.yourtessera.com/e/bveek5ss) - 🎼 [BBT Series - Mosaic by TP Chorale](https://peatix.com/event/4831506), Temasek Polytechnic, 21 Tampines Ave 1 (tampines west MRT), Blackbox Theatre - 🎼 NUS Arts Fest [Crossings in Sound by NUS Symphony Orchestra](https://sg.bookmyshow.com/en/events/crossings-in-sound-by-nus-symphony-orchestra/NAF26T01), NUS Yong Siew Toh Conservatory (clementi or kent ridge MRT), Concert Hall L1  &nbsp;   - 🎷 [THE JAZZLINGS at Love, Jazz and Affogato @ Chye Seng Huat Hardware Cafe](https://www.instagram.com/p/DUIsL_GknEM/), 150 Tyrwhitt Rd (bendemeer MRT/jalan besar), **free**, ⏱6.30-9.30pm - 🎷 [Tropic Green @ The Jazz Loft - blend of original ballads, funk, jazz, Latin rhythms, and bossa novas, crafted by Susan Harmer Lauw.](https://eventbrite.sg/e/1981071231382), Blu Jaz Cafe and Jazz Bar @ Bali Lane, L3 (bugis MRT), 💰$24 - 🎷**6-7** JAN [Live at Cool Cats - CAROL GOMEZ (soul)](https://www.coolcats.sg),  at NCO club, 32 Beach Rd (esplanade MRT), 💰$28 [tix 🎟](https://eventbrite.sg/e/1978369730119),  - 🎷 **6- 7** FEB (SAT) [Jazzing Around at The Capitol Jazz Club - Natasha Oong](https://sistic.com.sg/events/lite_thecapitoljazzclub02), Fri, 06 Feb - Sat, 21 Mar 2026, The Capitol Jazz Club, 💰$38 [ℹ info](https://www.instagram.com/p/DTyzKP5FJYy/) - 🎷 [Latin Jazz Project by Daniela Ruggeri Trio](https://eventbrite.sg/e/1981941803286), 🥃 Maduro - jazz & whisky lounge @ sofitel sentosa, 💰$38++ drink credits  &nbsp;   - 🎪 CIRCUS [CIRQUE DU SOLEIL : KOOZA](https://sistic.com.sg/events/cirque0326), Fri, 6 Feb 2026 - Sun, 29 Mar 2026, 💰$98  -  🎭 7-8 FEB: Musical Theatre/Play - [Numberblocks - A Family Musical (G)](https://sistic.com.sg/events/numberblocks0226), Sands Theatre, Marina Bay Sands, 💰$67 - 🎭 6-8 FEB:  Theatre/Play -  [The Koala Who Could (G)](https://sistic.com.sg/events/kidsfest0226c), FVictoria Theatre, 💰$42  - 🛍 6 to 8 FEB (Sun) [Taste on Track: Japan Rail Fair 2026](https://www.japanrailclub.com/tasteontrack2026/), Japan Rail Cafe - Urban Park @ Guoco Tower (tanjong pagar MRT) - 🤣 Comedy:  [Kumar's Stand-Up Comedy Live! February 2026 Edition](https://eventbrite.sg/e/1980346373312), Blu Jaz, Clarke Quay Central, 💰$58, KUMAR'S STAND-UP COMEDY LIVE!    #### Fri @ Esplanade: Public Arts Venue:  Gemadah – Traditional Malay Music Festival (**6-7** FEB)   - ES Theatre: [BURP by Created by Stan](https://esplanade.com/whats-on/festivals-and-series/series/playtime/burp-2026), Theatre Studio@L4@L4@L4@L4, 9.30am & 11am ,  - **free** Music: [Lagu-Lagu Gambus by SGOudists](https://esplanade.com/whats-on/festivals-and-series/collaborations/gemadah/lagu-lagu-gambus), Concourse (Indoor, L2), 6pm, 7pm & 8pm , **free** - **freee** Music: [Malam Klasik P. Ramlee by Orked Malaya](https://esplanade.com/whats-on/festivals-and-series/collaborations/gemadah/malam-klasik-p-ramlee), Lawn, 6.30pm & 8.30pm , **free** - ES Music: [Gala Gemadah by Juraimi Johari and Danial Khaliq with musicians from Persatuan Pemuzik Tradisional Melayu Singapura](https://esplanade.com/whats-on/festivals-and-series/collaborations/gemadah/gala-gemadah-2026), Outdoor Theatre, 7.30pm & 9pm , **free*     ### Party Zone - 🎉 Ce La Vi MBS: [NIC FANCIULLI (UK🇬🇧 tech house)](https://sg.celavi.com/events/ce-la-vi-pres-nic-fanciulli) -  🎉[RASA presents Max Pela of Yoruba Records (DO🇩🇴) & Osunlade (US🇺🇸 deep house) ](https://www.instagram.com/p/DTkPzzDkZk-/)),  ℹ️ the alt club-bar 🪩🥃 - RASA Space @ 9 Raffles Place, Republic Plaza Tower 1, entrance at GF (raffles place MRT),  💰 $32.370000000000005, [tix 🎟](https://www.yourtessera.com/e/jp2o8mfa),  - 🎉 HQ: [Thugshop Presents Takaaki Itoh (JP🇯🇵 techno)](https://www.instagram.com/p/DTE4uBpkpAw/),  ℹ️ underground techno-house club, 🪩Headquarters @ 66A boat quay, 💰$37, [tix 🎟](https://eventbrite.sg/e/1979594636848),  - MARQUEE: [NOVAK (ES🇪🇸 afro, melodic house) - Cirque 2nd Anniversary - Symphony of House](https://www.instagram.com/p/DTJ7CjykeHN/), ℹ️ ferris wheel megaclub, 🪩 marquee singapore - nightclub @ marina bay sands shoppes, [tix🎟](https://taogroup.com/venues/marquee-singapore/events/) 💰$30 -  🎉 [PACHALOVERS](https://www.yourtessera.com/e/9kuawwyh), 🏠 🪩 MDLR pop-up club @ 62 cecil street (cbd, tpi building),  💰 $4w - 🎉 [Behind The Green Door presents: ZAFIRAH & MINTEA -  Afro House - Latin House - House](https://eventbrite.sg/e/1981831667868), ℹ️ bali-style bar club, 🪩🥃 Behind the Green Door SG  - bar club @ 97 Duxton Road (maxwell MRT), 💰$26, - 🎉 [八十六EightySix China Concept Parties - hiphop](https://www.instagram.com/p/DUMTlQPE9HY/), ℹ️ asian-style club, 🪩 Fate by HaveFun @ orchard cineleisure L8 (somerset MRT)  - Wonder Room: [DJ SWTLKR and Vanan M](https://www.instagram.com/p/DUSr7K9Ei5V/), Wonderoom Cocktail lounge @ Singapore Edition hotel, 38 Cuscaden Rd (orchard MRT) - 🌈 Tuckshop: [gay Chav DJ and DJ Anna Stacia](https://www.instagram.com/p/DUM8sFJk0xE/), 138 Robinson Road (CBD, L19) - 🌈 Rabbit's Hole: [Bibimpop Kpop](https://www.instagram.com/rabbitsholesg/p/DUPcEpXiSVz/), ℹ️ gay club & al-fresco live bar,  🌈🪩🎤 - Rabbit's Hole @ Oxley Tower, 138 Robinson rd,  L4-02 (CBD area) -  🎉 ZOUK: [100% Bulletproof returns with hard beats ](https://www.instagram.com/p/DUQQ6B2EurP/), ℹ️ og megaclub 🪩 Zouk Clubs at Clarke Quay - 3 Rooms, [tix🎟](https://zoukclub.com/events/)   &nbsp;    -----     # 7 Feb, Sat - [✈️ Singapore Airshow Public - shuttle from expo hall 5](https://www.singaporeairshow.com/public)   - [Bryan Adams (CA🇨🇦 heartland rock star) : Roll with the Punches](https://ticketmaster.sg/activity/detail/26sg_bryanadams), ARENA @ EXPO, Singapore Expo Hall 7 (expo MRT), $188 - 👨‍🎤 [Vishakha Hari HariKatha](https://sistic.com.sg/events/lite_vishakahari2026), Sat, 07 Feb 2026, PGP AUDITORIUM, 💰$10 - 💰$55 - 🎸 Lasalle Rock & Indie Festival (RIF) [BLUSH, Rangga Jones, Sub:Shaman, Mary Sue (abstract hiphop), Quiet Morning, Jupiterkid, IMAN, Rikdacted, Roof, Monarkhii, Justice for the Bass Clef, SARAH SYAZLINA](https://www.instagram.com/p/DTfK0fsj62d/), LASALLE College of the Arts, McNally Campus @  1 McNally St (rochor MRT) - Outdoor Campus Green and Flexi Indoor Space, [ℹ schedule](https://www.instagram.com/p/DT9-DioD_3X/) **free** [tix 🎟](https://peatix.com/event/4804706) - 🎸 Hardcore Punk Gig: [MONEYBAG 1327 (MY🇲🇾) ft Icarus, Souls of Hatred, Reload, WEb of Lies](https://www.instagram.com/moneybag1327/p/DTaStOMgQbE/), room 526 @ 1 Tannery Road (mattar MRT), L5-03, <GMaps: everrich industrial PTE LTD>, 💰 $**10** - 🎸 [CB 狗 aka THE CB DOGS (🇸🇬  english punk rock and chinese/canto rock) & ASHVIND LIVE AT CLUB AXIS](https://www.instagram.com/p/DTKUjOBEhud/),  Club Axis @ Parklane Shopping Mall, 35 Selegie Road, B1-06/07/08, 💰$30, [tix 🎟](https://www.patriotsgplatform.com/event-details/cb-gou-the-cb-dogs-ashvind-live-at-club-axis),  - 🎸 [CAUSEWAY JAM GIG - PUNK AND ROLL (and reggae) - The Kranky Doodle, The Inkorruptibles, Ground Nation ft RMK, Tobs & Kroni and Nightjar (MY🇲🇾)](https://peatix.com/event/4801485), Club Venom @ Sim Lim Square, Basement 1 (rochor MRT/bugis MRT),  - 🎸 Acoustic / Rock Gig: [WE’RE STRIPPING IT BACK (AGAIN) TO THE BARE ESSENTIALS - ft. Amelia Roosevelt, Circle Line Kid, The Storms Upon Us, Night Station](https://www.instagram.com/p/DTTe4wBE8uf/),  threeforty.a @ 340A Joo Chiat Rd (marine parade MRT), 💰$**12**, [tix 🎟](https://www.patriotsgplatform.com/event-details/were-stripping-it-back-again-to-the-bare-essentials),  - 🎸 [BOB MARLEY BIRTHDAY BASH 2026 with REGGAE REMEDY - DJ Sets by THE BEATLES DUB CLUB, Rumshot, Sir Edy, The stick](https://www.instagram.com/dubskankinhifi/p/DSlyogPE6AO/?), Blackbird Music Bar @ Gillman Barracks Arts Enclave, 8 Lock Rd (labrador park MRT), ⏱5pm-9.30pm, **free** 	- [Meet up at 261 Waterloo Street (bras basah MRT)](https://www.instagram.com/wearesupertones/p/DTxFs5aEsaV/?hl=en) - 🎸🛍️ [Ibanez CONNECT Showcase ft LINE DRIVE -  hands-on Ibanez guitar showcase bringing players, gear, and live performance together — featuring pop-punk emo band Line Drive.](https://www.instagram.com/p/DTz0lSYD8dd/), Swee Lee Clarke Quay Music Store @ CQ, Blk 3B River Valley Road, 01-06 (bs Fairprice Finest, clarke quay MRT), **free**, ⏱5.30pm-9pm 	- 🥁 Sunday: TAMA Connect with Lucas Tee, Ruben Lee, Jolin Chiam, Billy Chua - 🎸 Timbre+ One North [Hysteria Muso, a full-force Muse tribute](https://www.instagram.com/p/DUR-cPUjPC4/), music food court @  73A Ayer Rajah Crescent (one-north), **free**, ⏱8pm-10.30pm - 🧪 Experimental Gig: [EARTHBOUND ft Äuä (Vivian Wang + Thomas Jeker), Slaughter Table, Zai Tang, Madam Data + Dharma ](https://www.instagram.com/p/DTPT0kSjxLk/), Goodman Arts Centre (mountbatten MRT), walk-in via Mountbatten Rd Bus Stop 91099, 💰$20 - 🎷📖🎨  [Reflections in Red - a blend of jazz, poetry, dance and live painting](https://www.instagram.com/p/DUGAQNfDvSa/),  Alliance Française de Singapour @ 1 Sarkies Rd (newton MRT), [tix 🎟](https://eventbrite.com/e/1981474591844), 💰$27 - 🎤 [Concert of Terasa Teng's classics/CNY songs](https://eventbrite.sg/e/1981573511716), drama centre at National Library (bugis MRT), ⏱12-2pm - 🎤 Open Mic at Cocktail Bar/Social Club  [Unplugged Expressions by Curious Creators](https://eventbrite.sg/e/1980356309030), Madame Claude @ 8 Ann Siang Hill (maxwell MRT), 💰$43, - 🎷  [All We Know About Love by K.D.F.T](https://eventbrite.sg/e/1981942290744), 🥃 Maduro - jazz & whisky lounge @ sofitel sentosa, 💰$38++ drink credits - 🎷**6-7** JAN [Live at Cool Cats - CAROL GOMEZ (soul)](https://www.coolcats.sg),  at NCO club, 32 Beach Rd (esplanade MRT), 💰$28 [tix 🎟](https://eventbrite.sg/e/1978369730119),  - 🎷 **6- 7** FEB (SAT) [Jazzing Around at The Capitol Jazz Club - Natasha Oong](https://sistic.com.sg/events/lite_thecapitoljazzclub02), Fri, 06 Feb - Sat, 21 Mar 2026, The Capitol Jazz Club, 💰$38 [ℹ info](https://www.instagram.com/p/DTyzKP5FJYy/)  &nbsp;  - 🎼 [Singapore Symphony Orchestra SSO Chamber Series: DSCH: Shostakovich and Beethoven](https://sistic.com.sg/events/SOT2606-2a), Victoria Concert Hall, ⏱7.30pm, 💰$20 - 🎼🎻 [Singapore International Violin Competition: Grand Finals](https://sistic.com.sg/events/violingrandfinals0226), Esplanade Concert Hall, ⏱5pm, 💰$20 - 🎼 [Ministry of (Hand) Bells : MOB-19: Mi Tierra (My Homeland)](https://sistic.com.sg/events/mob190226), drama centre at National Library (bugis MRT), 💰$25 - 🎼 [Candlelight: The World of Joe Hisaishi 久石 譲 ](https://feverup.com/m/102768), The Arts House @ Old Parliament Ln (behind parliament, city hall), [ℹ️ candlelight main](https://feverup.com/en/singapore/candlelight),  also in March, ⏱7 and 9pm -  🎼[Carnatic Concert by Bharat Sundar and party](https://sistic.com.sg/events/carnatic0226), PGP Hall (farrer park MRT), 💰$35   &nbsp;  - 🤣 Comedy: [Matt Rife: Stay Golden World Tour in Singapore](https://ticketmaster.sg/activity/detail/26sg_mattrife), Singapore Indoor Stadium, $128 - 💃[P3NTAS MAIN MAIN by t3at3r muzikal collective  is a Malay dance recital inspired by the rich movement traditions of the Nusantara region and the playful spirit of childhood games. ](https://www.instagram.com/p/DTHoQglEvk2/), next to Singapore Art Museum at Tanjong Pagar Distripark, 37 Keppel Rd (harbourfront/tanjong pagar MRT), L4, 💰$15 -  🎭 7-8 FEB: Musical Theatre/Play - [Numberblocks - A Family Musical (G)](https://sistic.com.sg/events/numberblocks0226), Marina Bay Sands (bayfront MRT), Sands Theatre, 💰$67 - 🎭🧒 6-8 FEB:  Theatre/Play -  [The Koala Who Could (G)](https://sistic.com.sg/events/kidsfest0226c), Victoria Theatre / Victoria Concert Hall, 💰$42  - 🎤🎭🧒  Theatre/Play -  [Rumour The Musical](https://eventbrite.com/e/1977604431089), SIM Performing Arts Theatre, 461 Clementi Road (king albert park MRT/clementio) 💰$15,  - 📖 [This Place I’ve Never Been by Non-Aligned Poets Collective](https://eventbrite.com/e/1980266841430), Untangled Minds @ 37 Lorong 23 Geylang (aljunied MRT), 💰$11,  - 🗣🔨 [Listening Station - Alkisah… (Once upon a time…)](https://peatix.com/event/4839591), At Singapore Art Museum at Tanjong Pagar Distripark 39 Keppel Rd, 01-02, Singapore - 🗣🔨 [Your Art, Your IP This Wasuka Share session is a practical guide to intellectual property in art — what artists need to know in real terms](https://www.instagram.com/p/DUExcf0kpDh/), Wasuka Art @ 81 Joo Chiat Road  (marine parade MRT)    &nbsp;    ##### Sat @ Esplanade: Public Arts Venue - :  Gemadah – Traditional Malay Music Festival (**6-7** FEB) - **free** 🎼🗣🔨 [Talk: Muzik dan Bahasa by Dr Azhar Ibrahim Alwee](https://esplanade.com/whats-on/festivals-and-series/collaborations/gemadah/talk-muzik-dan-bahasa), White Room, 11am , **free** - **free** 🎼🗣🔨 [Masterclass: Malay Rhythms on the Bass Accordion by Ariffin Abdullah](https://esplanade.com/whats-on/festivals-and-series/collaborations/gemadah/masterclass-malay-rhythms-on-the-bass-accordion), White Room, 2pm , **free** - **free** 🎼🗣🔨  [Talk: The Last Ghazal Ensemble in Singapore by Nasir Abdullah](https://esplanade.com/whats-on/festivals-and-series/collaborations/gemadah/talk-the-last-ghazal-ensemble-in-singapore), White Room, 3.30pm , **free** - **free** 🎼🗣🔨 [Masterclass: Conducting Ensembles by Megat Firdaus](https://esplanade.com/whats-on/festivals-and-series/collaborations/gemadah/masterclass-conducting-ensembles), White Room, 5pm , **free** - **free** Music: [Nada Nusantara: Gema Keroncong by Nobat Kota Singa](https://esplanade.com/whats-on/festivals-and-series/collaborations/gemadah/nada-nusantara-gema-keroncong), Concourse (Indoor, L2), 6pm, 7pm & 8pm , **free** 	- Music: [Rentas by Aidil Akmal, Ahmad Musta’in and Fadli Ramlee](https://esplanade.com/whats-on/festivals-and-series/collaborations/gemadah/rentas), Recital Studio, 8pm , $18 	- ES Music: [Singapore International Violin Competition: Grand Finals by Singapore International Violin Competition](https://esplanade.com/whats-on/2026/singapore-international-violin-competition-grand-finals), Concert Hall, 5pm , $20 	- 🧒 🎭 Theatre/Play - [BURP by Created by Stan](https://esplanade.com/whats-on/festivals-and-series/series/playtime/burp-2026), Theatre Studio@L4, 11am, 2pm & 4pm , $23   ##### OTHERS - ✈️ 7-8 FEB: [Singapore Airshow](https://www.singaporeairshow.com/public), Complimentary shuttle for Weekend@Airshow ticket holders from SINGAPORE EXPO HALL 5 (expo MRT), $18 - 🎪 CIRCUS [CIRQUE DU SOLEIL : KOOZA](https://sistic.com.sg/events/cirque0326), Fri, 6 Feb 2026 - Sun, 29 Mar 2026, 💰$98  - 💥[Demon Slayer: Kimetsu no Yaiba Total Concentration Exhibition in SINGAPOR](https://www.thekallang.com.sg/events/demon-slayer-kimetsu-no-yaiba-total-concentration-exhibition-singapore), Former Sports Hub Library @ The Kallang Stadium (stadium MRT/tanjong rhu MRT), $27 - 🗣🔨 [Queenstown Heritage Trail: Forfar Heights, Dawson Road & Margaret Drive](https://peatix.com/event/4799599), At Queenstown MRT Station (EW19) 301 Commonwealth Ave, Singapore - 🗣🔨 [Hari Raya Studio: Jawi Scripture](https://peatix.com/event/4804757), At Geylang Serai Heritage Gallery 1 Engku Aman, 01-05  - 🗣🔨 [Hari Raya Studio: Kacang Pool with Chef Alfie](https://peatix.com/event/4804728), Geylang Serai Heritage Gallery 1 Engku Aman, 01-05  - 🗣🔨  [The Inner Script: Giving // Receiving Guided Journaling Session](https://peatix.com/event/4839914), At Stranger Conversations 195 Pearl's Hill Ter, 02-38D 195 Pearl's Hill Terrace, Singapore 	- 🛍 [SG Really Really Free Market](https://www.instagram.com/p/DTw3xEXiVwZ/),  - 🛍 6 to 8 FEB (Sun) [Taste on Track: Japan Rail Fair 2026](https://www.japanrailclub.com/tasteontrack2026/), Japan Rail Cafe - Urban Park @ Guoco Tower (tanjong pagar MRT) - 🛍 7-8 FEB (SUN): [Remix by Fleawhere @ Dhoby Ghaut](https://www.instagram.com/p/DUSqkzKAEBX/), Dhoby Ghaut Exchange (at dhoby ghaut MRT),  1PM - 7PM  - 🛍👾 [Play Nation Cafe is saying goodbye for now - Clearance Sale](https://www.instagram.com/p/DT2EqWfgZan/), 58 Prinsep Street (bencoolen MRT/dhoby ghaut/bras basah), 12PM – 8PM - SUNTEC: 🧒🛍️ 7-8 FEB (SUN) [Not So Little Fair](https://rsvp.notsolittlefair.com/), Suntec Convention Centre Hall 403 (esplanade MRT/promenade), **free**  - 🧒 [12 Zodiac Rhythm Story](https://eventbrite.com/e/1980075558297), Monster Notes Music School, free, A Music & Rhythm Storytelling Session for Children - 🤣 Comedy:  [PANTS ON FIRE! A Comedy Panel Show About Truths & Lies](https://eventbrite.sg/e/1979694265841), Larks Improv Theatre @ 04-02 Pek Chuan Bldg.116 Lavender Street (bendemeer MRT) , 💰$22,  - 😄 Comedy -  [Stand Up Saturday @ The Lemon Stand](https://eventbrite.sg/e/1981832863444), 🤣 The Lemon Stand Comedy Club at Hotel Royal @ Queen (bras basah MRT),  12 Queen St,  💰$37,  - 🎨 [BREW & BLOOM: A SOUND, ART & CONNECTION EXPERIENCE](https://peatix.com/event/4752997), SPACE2B 2B Stanley St, Singapore - 🎨[DIY Auspicious CNY Deco with Lacquer Threading!](https://peatix.com/event/4818416), ArCH Square @ 125 Jln Sultan (nicoll highway MRT) - [New Year Intention Setting: Sound  + Journal + Tea Mindfulness](https://eventbrite.sg/e/1980536258263), 23 Kampong Bahru Rd, 04 02, 💰$27, - 🎦 [Films At The Diner](https://eventbrite.sg/e/1981084980506), Studio M Hotel @ Robertson Quay (fort canning MRT), 💰$45, diner-style which watching a classic movie outdoors - 🎦 [Dream of the Red Chamber (新潮紅樓夢 1977) by Chiu Kang-chien](https://www.instagram.com/p/DUAv0oeDqzi/), Asian Film Archive - Oldham Theatre @ National Archives of Singapore, 1 Canning Rise (city hall MRT), 💰$10 [tix 🎟](https://asianfilmarchive.org/whatson/)  &nbsp;       ### Party Zone Sat - An Emo/Pop-Punk Day Party.  [Culture x WhoHurtYou❓ Presents BROKENbutCUTE](https://www.instagram.com/p/DT-RruukuoC/),  ℹ️ house-techno club, 🪩 Tuff Club @ Oxley Tower, 138 robinson rd (CBD), 19F, 💰$26 [tix 🎟](https://peatix.com/event/4832035),  - 🎉 Day Party [GrooveTop: Slow Jamz ft. Secret Pals, RAAJ & Ya5th](https://www.instagram.com/p/DTkX0d0D913/),  🏠 Temper @ Mondrian Hotel, 83 Neil Rd (maxwell mRT), 💰 $32 [tix 🎟](https://www.yourtessera.com/e/slowjamz-temper),  - 🥫🎉 Day Party, [Afro Eats by Fuego Night - Beats, BBQ & Booze ](https://peatix.com/event/4831445), Camp Caribbean @ 66 Kampong Bugis, Gourmet Park (lavender MRT - Kallang Riverside Park), ⏱4pm, $20 - 🎉 [AFTER DARK led by XI (PH🇵🇭Manila/NYC), joined by Erin Khan, RPDM, Zafirah and AKA Sounds.](https://eventbrite.sg/e/1980341204853), W Singapore - Sentosa Cove (sentosa monorail), 💰$32, ⏱8pm - 🚢🎉 [Sip & Sail](https://eventbrite.sg/e/1980521853177), ONE°15 Marina Sentosa Cove (sentosa monorail), 💰$135,  &nbsp;  - [Thugshop’s ØGravity Presents – Nils Hoffmann  (DE🇩🇪 Anjunadeep progressive house)](https://www.instagram.com/p/DReoqiMkS7t/),  🪩 MDLR pop-up club @ 62 cecil street (cbd, tpi building), 💰$48, [tix 🎟](https://eventbrite.sg/e/1963673881440),  - [ Midnight Shift presents Blue Hour (UK🇬🇧/GER) + Tasha (UK)](https://www.instagram.com/p/DTh5YlijJ-x/),  ℹ️ the alt club-bar 🪩🥃 - RASA Space @ 9 Raffles Place, Republic Plaza Tower 1, entrance at GF (raffles place MRT),  💰 $30 [tix 🎟](https://www.yourtessera.com/e/w7hjp7k3),  - 🎉 Warehouse Kinda-rave [Parallel Playground ft DJs Bongomann, Halia, RTJ](https://www.instagram.com/p/DTjq-bHAb7M/),  🏠 35 Tannery Road, Ruby Industrial Complex (mattar MRT) - Tannery Block 10-01A, 💰 $19, [tix 🎟](https://www.yourtessera.com/e/parallel-1), and [ℹ info](https://www.instagram.com/p/DUVe61ZAZzz/) - 🎉 [Unmute Presents: Never Tooo Loud with Philippa Pacho (SE🇸🇪 techno)](https://www.instagram.com/p/DTsQM51kmvf/)),  ℹ️ underground techno-house club, 🪩Headquarters @ 66A boat quay, 💰$22 [tix 🎟](https://eventbrite.sg/e/1979962617488),  - 🎉 [Latino Anthem - Reggaeton x Latin Pop](https://eventbrite.sg/e/1981556730523), bar-lounge 🪩🥃 - Blu Jaz @ Clarke Quay Central Mall (clarke quay MRT, entrance at Ground floor), from $16 - 🎉 [Valentine Vendetta: The Hottest Singles Party This Valentine’s Day](https://eventbrite.com/e/1979868639397), 70 Collyer Quay, 💰$32   &nbsp;  - Moonstone Bar [Dee b2b FEOSHOW (rnb, hiphop back-to-back special)](https://www.instagram.com/p/DUUw4l_ivCL/), ℹ️ boho-chic cocktail bistro bar, 🥃 Moonstone  @ 103 Amoy St (telok ayer) - Wonder Room: [DJ YA5th & DREM](https://www.instagram.com/p/DUSr7K9Ei5V/), Wonderoom Cocktail lounge @ Singapore Edition hotel, 38 Cuscaden Rd (orchard MRT) -  🎉 Evening DJ: [Higher Ground Invites - Sunny Side](https://eventbrite.sg/e/1981554989315), Higher Ground by Thugshop @ 64 Boat Quay, 💰$2 - 🏊🎉 [Dashi Skypool City Session: LOVE ABOVE ALL](https://www.yourtessera.com/e/9udlxvfr),  ℹ️ 5 Venues of Clubs, Cocktail Bars, Pool🍸🪩 C.O.T.U Dining & Entertainment @ 138 Market Street, Capitagreen Tower (telok ayer MRT, CBD), 38-39F, $32  &nbsp;  - 🌈 Rabbit's Hole: [Thomas Solvert (Circuit)](https://eventbrite.sg/e/1980067006719), ℹ️ gay club & al-fresco live bar,  🌈🪩🎤 - Rabbit's Hole @ Oxley Tower, 138 Robinson rd,  L4-02 (CBD area) 💰$37, - 🌈 TUCKSHOP: [BEYONCE BOWL](https://www.instagram.com/p/DUQHUIwE9wd/), 51 Neil Road (maxwell), 🌈  138 Robinson Rd, L19-01 (cbd),  💰$35 - 🌈 Carnival Haus [HAUS OF GAGA ](https://www.instagram.com/carnival.sg/p/DUV38TXk4NQ/), ℹ drag bar-club, 🍸🪩 Carnival Haus Singapore @ 47 Neil Rd (maxwell MRT/outram park)  &nbsp;  - MARQUEE [Astrolab with DJ Nash D (edm, hiphop, urban pop)](https://www.instagram.com/p/DTcIdrdEcUt/),ℹ️ ferris wheel megaclub, 🪩 marquee singapore - nightclub @ marina bay sands shoppes, [tix🎟](https://taogroup.com/venues/marquee-singapore/events/) 💰from $20 - ZOUK: [Mainroom pres. Caden, The Infamous and Krisha](https://www.instagram.com/p/DUDaoJfkpP8/), ℹ️ og megaclub 🪩 Zouk Clubs at Clarke Quay - 3 Rooms, [tix🎟](https://zoukclub.com/events/) -  Fate: [Eighty Six China Concept Parties - Saturday Night](https://www.instagram.com/p/DUXTOuRD9n7/), ℹ️ asian-style club, 🪩 Fate by HaveFun @ orchard cineleisure L8 (somerset MRT)  -  Bae’s Cocktail Club [DJ74 (VN🇻🇳)](https://www.instagram.com/reel/DT-LC9FCcTX/), ℹ️ Seoul-style hiphop bar-club, 🥃 🪩 Bae's Cocktail Club @ 21 Tanjong Pagar Rd (maxwell MRT)       &nbsp;    -----  # 8 Feb, Sun  - Coming Soon tomorrow  Sean's Indie Alt CALENDAR: [Indie / Alt Gigs Schedule SG 2026 - Google Sheets](https://docs.google.com/spreadsheets/d/1mlmSfI4YlY2R0lO7kAYd7xjtJZ4HiFo7/edit?gid=2008908166#gid=2008908166)  For updates via tele, join my group, search SG MUSIC CHAT inside telegram  &nbsp;",2026-02-06T10:02:00Z
stan,eminem,informal,after,"I went back to check the same SDR I previously posted on, located in NZ Scroggs Hill, and the interference is still there.  Perhaps the station is not monitored or there is some equipment malfunction? Also, if the interference continues for long periods of time, can it affect the equipment somehow?   https://preview.redd.it/k1ifdntokuhg1.jpg?width=3832&format=pjpg&auto=webp&s=b08b215769673eed6848ddba7118c4036495e23d  ",2026-02-06T10:00:05Z
stan,eminem,informal,after,"Me personally, I think he does have some valid points. I myself do observe that some kakampinks tend to generalize people as DDS, fanatics, or have lower intellectual capacity just because you don't agree with their sentiments, ideologies, or stance between certain issues. But what I found lacking is the mention of the fact that duterte supporters themselves do this acts of aggression towards people that argues about the pattern of corruption within their sector. The term ""leni lugaw"" was even popularized just to ridicule people who made valid points about progress and liberalism. But okay, that's not the point of his video. From what I've digested, his main concern is the disappearance of productive discussion where we can encourage ourselves to criticise our own ideologies, instead of throwing insults and mockery that just further pushes up the boundary between the two sides and intimidates those people in the center, resulting in no progress. Yes, I also believe that this is true. But again, he's talking as if the kakampinks is the only people who engages in this kinds of acts. When during the 2022 presidential election, countless people laid out the credentials and stances of Leni that shows why she may be a better solution to our current situation than the other party. Yet, many supporters of the other party refused to give their own proper argument on why they support their candidate. Let me counter myself by saying that he also mentioned that he doesn't want to pull other people from the other side to the left, but rather show those people in the center why progress is a better choice. And this was what he think is the problem, because in my own understanding of what he have said, kakampinks intimidated those people in the center because they generalized people who aren't in the left, as part of the said fanatics. He said that we need to consider the social and cultural factors on why they behave that way and adjust to that spectrum. But what if those social and cultural practices is what really hinders the progress we are seeking? For example, religion here in the Philippines. This is assuming from my side but maybe his opinion towards Gabe may be coming from his stans about abortion and his argument that (twisted) religious people are preventing that from being legalized(which we all know is true). He may have found Gabe's words as insults or mockery to people that don't agree with his ideologies because he named a specific sector that prevents that said ideology from being accepted. But calling out people who are in that pattern of behaviour is not mockery or insults when they themselves know advocates that same fact. Yes, we need patience and sympathy in order to properly see development, but you can't blame the people who advocates for the people to not be frustrated because of these normalised social and cultural flaws. ",2026-02-06T09:57:06Z
