word,event,register,period,sentence,timestamp
engagement,social-media,informal,after,I will soon be picking up a 9-12 week belgian malinois pup from the shelter.  I would like to teach her to stick by me and have a good recall so she would have more freedom to hike and track with me. Would introducing her to all people and dogs be good to desensitize her to their presence or would that teach her to try and engage with every distraction or person on the trail and sidewalk? This is conflicting in the books im reading. ( the photo is my current dog beacuse I do not have any of the other yet. Although in training She goes nuts with excitement anytime she sees a dog or person and I cant take her in public in the day),2026-02-07T11:55:00Z
engagement,social-media,informal,after,"Hi everyone,   I hope this post is okay to share here.  Me and my partner are currently working on a rehabilitation product idea for people with early-stage Parkinson’s disease, and before moving further, we wanted to hear directly from people who have first hand experience on this topic. This is not a random school project, we are genuinely interested in making an impact in other lives.  The idea is a simple, gentle exercise device that projects soft balls at adjustable speeds, allowing users to practice catching them (feel free to dm for more information!). Our main intention is to make rehabilitation engaging and enjoyable rather than forceful — something that feels more like a light activity than a rigid exercise routine, while still supporting reaction time, coordination, and movement initiation.  This is not a medical treatment or a cure, and we understand that Parkinson’s is different for everyone. We’re approaching this with a lot of respect and genuinely want to learn from real experiences rather than make assumptions.  We would really value your honest thoughts on:  * Does an exercise like this sound helpful or useful? * What physical limitations, fatigue, or comfort issues should we be mindful of? * What would make a product like this feel safe and easy to use? * Have you come across exercises or tools that felt motivating rather than stressful?  We’re not here to promote or sell anything in this post— we’re simply trying to understand whether this idea could be meaningful or if we should pursue helping in another way.  Please don't hesitate to DM me if your interested to know more about our Idea and for detailed feedback.  Thank you for taking the time to read this, and we truly appreciate any feedback you’re willing to share.",2026-02-07T11:54:38Z
engagement,social-media,informal,after,"Network preview videos for the week of February 9-13, 2026 for The Young and the Restless, The Bold and the Beautiful, Beyond the Gates, General Hospital and Days of Our Lives.   Old flames come together on The Young and the Restless, wedding bells ring on The Bold and the Beautiful, a Beyond the Gates engagement is announced, young lovers lean on each other during hard times on General Hospital, and there's a spark between Xander and Gwen on Days of Our Lives.",2026-02-07T11:54:36Z
engagement,social-media,informal,after,"Today we explore the Oriveti bleqk PureCaster IEMs!! Those are some nice entry-level earphones with a dynamic driver at the core, metallic shells in the back, and a dynamic, engaging sound in the middle! Check out my audiophile-heaven in-depth written review to learn more [https://www.audiophile-heaven.com/2026/02/oriveti-bleqk-purecaster-iems-review-large-dynamic-driver-powers.html](https://www.audiophile-heaven.com/2026/02/oriveti-bleqk-purecaster-iems-review-large-dynamic-driver-powers.html)",2026-02-07T11:54:28Z
engagement,social-media,informal,after,"Does anyone else just not feel any negativity towards the game? There's so much negative engagement bait about this game and i for some reason do not relate to it at all, even though i understand the frustrations of others, and despite playing low-tier killers or using niche builds on survivor.  ",2026-02-07T11:53:16Z
engagement,social-media,informal,after,"I’m perhaps the -only- player in the game that looks at the Wilderness as an area that is having a bit of an identity crisis and thinks that changing death mechanics here hasn’t been kind to the area. I actually think the potential for humorous encounters with PvPers during my prayer grind is an organic part of RuneScape that has been missing in recent years - and historically the Wilderness has been more about “risk-vs-reward” gameplay that merely being an arena for   However, even in that light, I do think that part of why the Demonic Skull is so deeply unpopular is that it is essentially forcing the user to take a 500K buy in on the skilling benefits they are chasing and -ensuring- a Pker makes that much when killing the user. In other words - the Demonic Skull is the most blatant bait in the Wilderness, and because nobody likes being turned into bait, it’s not hard to see why players dislike making it mandatory in any Wilderness Skilling method, especially when it rivals other competitive methods.  Here’s my solution that simultaneously keeps the familiar PvP-centered risk understand but doesn’t saddle the prayer trainer with up-front costs and obvious target on their back.  —  Tie the Chaos Altar’s benefit STRICTLY to if the player is opted into PvP. Not the skull.  \> if opted out, the Chaos Altar functions like any other altar in the overworld outside of Fort Forinthry, a mere 50 percent boost if I’m reading the blog right. With the large cluster of bone spawns at this location, Simon nearby to bank, and Harrison on-site for those with the Wilderness Hard Diary completed to unnote bones, the Chaos Altar still holds a unique potential even at the lowest rates.  \> if opted in, players are ONLY risking the amount in bones on hand, and not 500K on top of that.  —  Rationale:  Unlike RCing, the Chaos altar requires players to stay in the Wilderness throughout the duration of their training, putting it more in-line with the Wilderness agility course and Charming Moths.  So much of the discourse around PvP-centric training is that it doesn’t introduce real PvP and is only griefing. Here’s two examples of potential real PvP behavior with this specific Prayer training example.  Someone with a Hard Wilderness Diary completed can unnote their bones on-site, and be geared up to anti-PK, whereas an abyss runner was always going to be a sitting duck. If the prayer trainer is able to gear up and retaliate, both they and their assailant are legitimate PKers in that scenario.  Prayer is also a big GP sink. One way is to purchase burial powder to making simply burying bones at a bank chest as competitive as the best altar methods. What if the “additional-buy” is a full blown \*protection racket\* for you at the Chaos Altar whilst you train prayer. Your bodyguards and any would-be attackers would be engaging in “real PvP” in that scenario.  TL/DR, risk-vs-reward, when the risks are known, is fun, and I think with this modest change to buy-in, people might actually like Chaos Altar more than they think.",2026-02-07T11:53:03Z
engagement,social-media,informal,after,"Hi everyone,   I hope this post is okay to share here.  Me and my partner are currently working on a rehabilitation product idea for people with early-stage Parkinson’s disease, and before moving further, we wanted to hear directly from people who have first hand experience on this topic. This is not a random school project, we are genuinely interested in making an impact in other lives.  The idea is a simple, gentle exercise device that projects soft balls at adjustable speeds, allowing users to practice catching them (feel free to dm for more information!). Our main intention is to make rehabilitation engaging and enjoyable rather than forceful — something that feels more like a light activity than a rigid exercise routine, while still supporting reaction time, coordination, and movement initiation.  This is not a medical treatment or a cure, and we understand that Parkinson’s is different for everyone. We’re approaching this with a lot of respect and genuinely want to learn from real experiences rather than make assumptions.  We would really value your honest thoughts on:  * Does an exercise like this sound helpful or useful? * What physical limitations, fatigue, or comfort issues should we be mindful of? * What would make a product like this feel safe and easy to use? * Have you come across exercises or tools that felt motivating rather than stressful?  We’re not here to promote or sell anything in this post— we’re simply trying to understand whether this idea could be meaningful or if we should pursue helping in another way.  Please don't hesitate to DM me if your interested to know more about our Idea and for detailed feedback.  Thank you for taking the time to read this, and we truly appreciate any feedback you’re willing to share.",2026-02-07T11:52:48Z
engagement,social-media,informal,after,"I’m 50 and my husband is 50. He has two daughters who are now 25 and 23. For some context, I met him around 19 years ago, about six months after his divorce. About a year after we started dating, I met his daughters, and at the time they were 5 and 7. When I met them, their parents were already divorced and had 50/50 custody.  From what I understood back then, their marriage and divorce involved a lot of jealousy, accusations of cheating, and just overall drama. I want to be clear — I had absolutely nothing to do with their marriage ending. I met him after everything was already over.  When I first came into their lives, we actually had a really good relationship. We were close. After their dad and I got married, we stayed close for years. It honestly felt like the kind of step-parent relationship people hope for.  Things started changing when the oldest was around 12 and started asking more questions about the divorce. At some point, they were told by their mom that I was the reason their parents split up and that I was the woman their dad cheated with, which isn’t true. After that, things slowly shifted. They got more distant, more disrespectful at times, and our relationship just kept getting worse. I didn’t blame them back then because they were kids, and kids usually believe what they’re told.  But once they became adults, it got harder to brush things off. As adults, they’ve disinvited me from major family events, tried to convince their dad to leave me multiple times, and told him they would cut him off if he stayed with me. There were times I basically wasn’t allowed at holidays or family events if they were going to be there. They also didn’t want much to do with their siblings (my kids with my husband).  Over the years, my husband and I tried to explain the timeline and that I had nothing to do with their parents’ marriage ending, and that he never cheated. They never believed us.  Recently, their mom started therapy after getting into a new relationship and apparently realized some of her past views on cheating weren’t accurate. She ended up apologizing to the girls and to my husband and admitted that I wasn’t involved in their divorce and that he didn’t cheat. This all came out recently at the youngest daughter’s birthday party.  After that, both girls reached out and apologized to me. They said they want to fix things and go back to how we used to be when they were younger. I told them I do accept their apology, because I do. But I also told them I don’t think I can go back to having that same close relationship.  At this point, I’m okay being civil, being kind, seeing each other at holidays, and just having a respectful relationship. I just don’t feel like I have it in me to rebuild a super close relationship after everything that’s happened. They’re adults now and living their own lives. The oldest is already engaged, and I’m sure they’ll both have their own families soon.  I don’t hate them. I don’t want drama. I just don’t feel like I can emotionally go back to how things were before. I just want to live my life, finish raising my kids, and have peace.  So, AITA for accepting their apology but not wanting to be close with them again?",2026-02-07T11:52:17Z
engagement,social-media,informal,after,"**Yes, the magic of old Bethesda titles was always their grandeur — look into the horizon, and every stretch you see has something interesting waiting.**  Ironically, in a game meant to embody “**Explore the Unknown**”, space itself is what feels *missing*.  Even setting aside my heavy Bethesda bias (I loved Fallout 4 just as much as Skyrim), I feel much of the discourse around this game is derailed by unnecessary comparisons and surface-level outrage. Starfield does have brilliance — but it’s buried in small moments, constrained by execution choices rooted in Bethesda’s own design philosophy.    **The Bethesda Paradox**  Bethesda-ism — physics-driven logic, object permanence, systemic interactions — is what makes their worlds magical, from Oblivion to today.  But those same quirks limit how spaces can be built, forcing compartmentalized design to preserve memory budgets and systemic consistency.  This naturally leads to cell-based loading and segmented spaces. No engine swap magically fixes this. Even if Bethesda sacrificed these quirks for seamless worlds, the same community would riot over the loss of the very realism and persistence that define Bethesda games.    So ignoring all engine discourse and quirk complaints — was the execution right, even by Bethesda standards?  Sadly… no.  And this is coming from someone who’s loved Bethesda since Oblivion, and who still enjoyed Starfield overall.    **Writing & Quests: Flawed, But Not the Core Issue**  While I don’t have firsthand experience with Morrowind, I did see flashes of quest brilliance here. Bethesda has leaned into “story for the sake of agency” since Skyrim and Fallout 4, and Starfield continues that trend.  It’s not a writing masterpiece — and Bethesda was never competing with classic Obsidian in that department anyway.  Moment-to-moment writing and faction loops were genuinely fun at times, and in some cases better than Skyrim’s factions. If you enjoyed Skyrim’s writing, Starfield shouldn’t feel shocking unless Oblivion-era design was your only benchmark.    **What Starfield Gets Right**  Ship building and space systems were genuinely impressive — something I never expected Bethesda to nail.  There’s still a sheer amount of content here, even if it doesn’t manifest in the classic Bethesda wandering sense.  Most impressively: Starfield introduces one of the most innovative New Game Plus systems in gaming — encouraging multiple runs with the same character. For a studio whose fans thrive on replayability, this is an insanely strong sandbox concept.    **Why It Still Feels Like a Betrayal to Fans**  Planet exploration is largely meaningless.  Unlike Fallout 4’s settlement system — which mattered due to scarcity, survival mechanics, and world integration — Starfield’s planetary systems are complex but underutilized. There’s little reason to engage deeply with them.    **Planet exploration feels like it was left for modders to “finish.”**  Unfortunately, because the game didn’t feel endless or compelling enough at launch, modders lacked incentive. Without a strong live player base, the modding ecosystem never ignited — causing Starfield to fade faster than any previous Bethesda title.    **Final Verdict**  Is this another *Game of the Year Bethesda masterpiece?*  **No.**  It’s a deservedly flawed execution of multiple brilliant ideas — full of sparks, strong systems, and classic Bethesda moments where unexpected things just happen. But in attempting too much complexity, it failed some of the fundamentals Bethesda was once a master of: wanderlust, meaningful traversal, and organic discovery.  Unlike much of the community, I still hope for the best with the next Elder Scrolls. With an already proven formula, I hope Bethesda doesn’t overcomplicate what once made them special.  My expectations are more modest now — but I still hope to love it, just as I’ve loved every other Bethesda title.",2026-02-07T11:51:49Z
engagement,social-media,informal,after,"Three months ago, I was up at 2:30 AM, slamming my keyboard in frustration. I just wanted a simple, realistic portrait – nothing fancy like cyberpunk art or hyper-detailed landscapes. Just a normal human face that didn't scream ""AI-generated garbage.""  After burning through 40+ generations on free tools like Midjourney and Stable Diffusion, every single output had that telltale flaw:  Shiny, plastic-looking skin that looks like it's from a bad video game  Lighting that defies physics (shadows going the wrong way, anyone?)  Eyes that stare into your soul... unnaturally  Or the classic ""AI sheen"" that makes everything feel off   I remember thinking:  > ""In 2026, with all these advancements in AI like Grok's image gen or DALL-E 3, why does this still feel like a beta test instead of pro-level output?""    That night, I ditched prompt engineering hacks and started hacking together my own solution. No VC funding, no co-founders, no hype. Just me, a beat-up laptop, and a burning need for images that don't need endless Photoshop fixes.   ---  Month 1: Crickets and Self-Doubt  I coded the first MVP solo – think late-night caffeine binges and debugging sessions that felt endless. The core idea? A tool that layers in realism tweaks automatically: better skin textures from real photo datasets, dynamic lighting models inspired by photography basics, and eye rendering that mimics human imperfections.  Launched it quietly on a simple site. Expected a trickle of users... got zilch. Zero signups, no comments, just tumbleweeds.  That silence hit hard. Public flops suck, but ghosting from the internet? That's soul-crushing. I almost shelved it.   ---  Month 2: Pivoting to What Works  Instead of spamming ""Try my tool!"" posts, I flipped the script. Started sharing raw outputs on subs like r/Artificial, r/MachineLearning, and even r/photography – no salesy BS, just honest questions:  ""Rate this: Does it pass as a real photo?""  ""What's the dead giveaway it's AI?""  ""Would you use this for your portfolio?""   Boom – engagement spiked. Threads blew up with debates:  ""Totally real, I'd print this.""  ""Nah, the pores are too uniform – classic AI tell.""  ""Eyes are spot on, but hair needs work.""   People weren't just lurking; they were invested. And buried in my bio or comments? A subtle link to the tool. Slowly, clicks turned into trials.   ---  The First Real Win: That $9 Payment  Then it happened – dashboard refresh, and there's $9 sitting there. Not life-changing, but massive validation. Someone saw the sample, trusted it wouldn't waste their time, and pulled the trigger on a premium gen.  From there, momentum built. Tweaked based on feedback (e.g., added better ethnicity diversity after a r/AI thread called it out – super valid point in 2026's diverse creator scene).   ---  Where We're At Now (Feb 2026 Update)  Fast-forward: The tool's hit ~$2,000 in total revenue. Still small potatoes in the grand scheme, but it's all organic – no ads, no influencers. Users are mostly freelancers, indie artists, and small biz owners who need quick, usable portraits without the hassle.  Key stats I've tracked:  85% of users say outputs need zero post-edits.  Retention's at 40% month-over-month – people come back because it delivers.   It’s not perfect; still working on video integration, but it's proof: You don't need a unicorn team or millions in funding. Just solve a real pain point.   The Big Takeaway  Forget flexing your tech stack. Users only care: ""Does this save me time and look damn good?""  Focus there, and the rest follows.  If you're building something similar or just wanna roast/test my outputs, check out [PicX Studio.](https://picxstudio.com?atp=photo) What do you think – still got that AI vibe, or passing the Turing test for images? Drop your thoughts below; I read every comment.  Thanks for reading my ramble – let's chat!",2026-02-07T11:51:43Z
engagement,social-media,informal,after,"Beyond the Gates network promo for February 9-13, 2026. Find out what's coming up next week in Fairmont Crest.   Dani and Pam prepare to host a very special guest, Bill finds out Chelsea and Madison are engaged, Hayley gets socked across the face, and Andre and Bill have a major confrontation.",2026-02-07T11:51:16Z
engagement,social-media,informal,after,"A Language lab software for schools is a new age digital technology that will enable institutions to establish an effective English language lab in the school. The focus of the [**Language Lab in Schools**](https://www.englishlab.co.in/english-language-lab-software-for-schools) is on developing practical skills and encourages students to participate through active practice of listening, speaking, reading and writing by means of engaging audio and visual content.  With the aid of the English language laboratory software, schools will also be able to help their students develop better pronunciation, fluency, vocabulary as well as general self confidence when it comes to speaking English. In addition, the English language laboratory provides set and structured learning modules for each grade level of students with proficiency based learning outcomes, allowing for students of all grades, including primary, secondary and higher secondary to benefit from it.  Our English Language Lab software supports the audio and video visuals, this software is simple plug & play it is designed to help English learners have unlimited freedom and learn independently from A1 to C2 (CEFR standards). and students/ English Learners can fix their problems immediately without hesitation, It provides learners with real-world experience in learning the English language.",2026-02-07T11:51:02Z
engagement,social-media,informal,after,"My guild just got deleted by the game after spending so much time doing quests to level it up and unlock things, I played hell of other games and never seen such a things like this before, correct if I’m wrong. Anyway who just read this pay attention to this and never lose your hard work.",2026-02-07T11:51:00Z
engagement,social-media,informal,after,"Digital marketing keeps changing every year and 2026 is no different. New tools, platforms, and user behaviours are shaping how people learn, promote and grow online. Whether you are a student exploring career options, a beginner learning new skills, a freelancer finding clients, a creator building an audience or a business promoting products, understanding the latest digital marketing trends can give you a strong advantage.  The best part is that you no longer need big budgets or large teams to start. With the right knowledge and consistent effort, anyone can use digital marketing to grow online.  [Latest Digital marketing trends in 2026](https://preview.redd.it/h6sxd2fx72ig1.png?width=1200&format=png&auto=webp&s=1d0853c120367af39b79e718d345f01c6a69b994)  Digital marketing today is not limited to big brands. Individuals now build personal brands, freelance careers and income streams using the same strategies companies use. With the right guidance and consistent practice, anyone can grow online.  If you want to explore detailed blogs, practical strategies and simplified learning resources, you can visit our website [Digital Muse](https://digitalmuse.in) where we regularly share insights on digital marketing skills and growth techniques for learners at every level.    # AI Tools Are Becoming Everyday Helpers  Artificial Intelligence has become part of daily marketing work. People use AI tools to generate content ideas, write captions, design creatives and analyse campaign performance.  Students use AI to practice writing. Freelancers use it to speed up delivery. Creators use it to plan content calendars. Businesses use chatbots to handle customer queries instantly.  AI saves time and allows marketers to focus more on creativity and strategy.  # Short Form Video Still Leads Engagement  Short videos continue to dominate platforms like Instagram Reels, YouTube Shorts and TikTok. Audiences prefer quick, engaging, easy to consume content.  You can create short videos to:  * Share marketing tips * Explain concepts * Show your work process * Promote services * Build authority  You only need a smartphone and basic editing skills to start.  # Personal Branding Is Growing Fast  In 2026, people trust individuals more than logos. Students, freelancers, and creators are building personal brands by sharing knowledge and experiences online.  Posting learning updates, case studies, and insights attracts job offers, freelance clients, and collaborations. Personal branding has become a long term career investment.  # Voice Search Is Changing SEO  Voice assistants like Alexa and Google Assistant have changed search behaviour. Users now ask complete questions instead of typing keywords.  Marketers optimise content for conversational phrases and question based searches. This makes content more natural and user focused.  # Influencer and Creator Collaborations Are Expanding  Brands now partner with micro and niche creators who have engaged communities. These collaborations feel authentic and drive better engagement.  Creators monetise through brand deals, affiliate marketing, and sponsored posts while businesses gain targeted visibility.  # First Party Data Is Becoming Important  With privacy updates increasing, marketers rely more on their own audience data. Email subscribers, website visitors and community members have become valuable assets.  This trend encourages trust based marketing rather than intrusive tracking.  # Automation Is Simplifying Marketing Workflows  Automation tools help schedule posts, send emails, nurture leads and track performance. Freelancers manage multiple clients efficiently and businesses maintain consistency without large teams.  Even beginners benefit by organising their marketing activities better.    # Final Thoughts  The latest digital marketing trends highlight one major shift - marketing is becoming more skill driven, personalised and accessible to everyone. You do not need massive budgets to succeed. You need the right knowledge and consistent action.  Visit our website [Digital Muse](https://digitalmuse.in) for more such blogs covering the latest digital marketing trends, content ideas, practical tips and beginner friendly online growth guidance.",2026-02-07T11:50:35Z
engagement,social-media,informal,after," Yes, free plans are usually enough at the start. They allow beginners to learn sending, engagement, and consistency. Paid tools don’t fix unclear messaging. Many beginners upgrade too early. Learning fundamentals matters more than features.",2026-02-07T11:48:22Z
engagement,social-media,informal,after,I have practiced SR for 6 years now. One thing I was reminded of today was how kids often try to engage me in conversation when I'm practicing SR. They are not shy and seemingly recognize the child in me (I'm 37). It's something I find incredibly moving because I realize that it means they feel safe in my presence. I think this because on SR I have far less anger and anxiety. This is something that kid's are programmed to pick up on because they depend on adults to protect and care for them. It's a sign that my soul is healing. ,2026-02-07T11:47:27Z
engagement,social-media,informal,after,"We have already discussed how Michaela and Francesca unfortunately don’t seem to have the friendly and playful dynamic that they do from when they first met which is a shame. And there have also been posts on FranJohn in the show and how they took a deep swerve on the dynamic from Season 3 and made it seem that Francesca is not attracted to John which is a crazy thing to do considering how people have pointed out that darkskinned male characters have so far in the show been vilified or made undesirable, I thought they’d change it up with John and Michael at least.  But there is a third dynamic that is bothering me. Michael and John in the books are extremely close. They were raised together as brothers. But right now, there seems to be no rapport between Michaela and John. In fact, Michaela seems to be quite dismissive of him? And considering that John is going to die soon, they are not playing up their book dynamic at all. Is it because if they thought if Michaela and John weren’t that close people wouldn’t be so bothered by the potential emotional cheating? If so, they fumbled on what could have actually been an interesting dynamic.  What I would have done as a writer on the show with Michaela:  Have Michaela fall first with Francesca. But then realise that she is about to marry John and is in love with John so likely isn’t interested in women. This leads Michaela heartbroken but she moves on from it and then strikes up a friendship with Fran instead.  Have Francesca and John have their cute, wholesome love in the books and pure connection. Meanwhile, Francesca becomes closer to Michaela and realises she likes her platonically at first and they share that same fun and wittiness as in the book. Maybe as they become closer Fran asks her about her past relationships, Michaela reveals that she is actually a lesbian. This shocks Francesca at first but she is also intrigued by it, and asks her to talk about it anyway, this ties in the ‘tell me something wicked‘. They could emphasise John and Michaela’s closeness by saying that John already knew about Michaela years ago and doesn't care about her sexuality, because Michaela is as good as his sister and he loves her no matter what.  John dies. Francesca is distraught and miscarries. Michaela moves away from it all. Time gap. Michaela moves back, they have a heated discussion where Fran is angry that Michaela left her all alone in her grief. This could be where Michaela kisses Fran. Fran is left in shock but also confused because she liked the kiss. Fran wants a baby though, so she joins the marriage mart. This upsets Michaela but she helps her but gets jealous. She pursues Francesca romantically and tries to prove to Francesca that she doesn’t need to have a child to feel fulfilled. They fall in love. Maybe they can have the queen bless them if not let them marry. They live together in Kilmartin and after a few years decide to take in an orphan or even open up a orphanage. The End. Happily Ever After.  As someone who actually likes wlw romance and I even write myself, I feel like this would have been a lot more cohesive and engaging to an audience than what they have been setting up so far.",2026-02-07T11:46:37Z
engagement,social-media,informal,after,"Here are some of the **top political marketing companies/agencies in Lucknow**:  1. **Politech India – Political Campaign & Election Management Agency** A Lucknow-based political consultancy focusing on campaign strategy, voter research, digital outreach, and grassroots mobilization for local body, assembly, and parliamentary elections. 2. **Moris Media – Political PR & Campaign Strategy Firm** Recognized as one of Lucknow’s leading political public relations and strategic communication agencies, specializing in candidate visibility, narrative building, media relations, crisis management, and integrated election campaigns. 3. [**PoliticalConsulting.in**](http://PoliticalConsulting.in) **– Political Social Media & Campaign Services** A consultancy that helps candidates and parties create positive buzz online and reach voters via social media platforms and broader online strategies for election campaigns. 4. **(Example) Local Political Consultants & Strategists in Lucknow** Various independent **political consultants** in Lucknow offer campaign advice, voter outreach, media management, and strategy support — useful for tailored or boutique political marketing needs. 5. **Chunav Manch – Political Marketing & Campaign Agency (Lucknow)** A dedicated political marketing firm providing comprehensive digital and ground-level campaigning strategies, social media engagement, PPC ads, voter outreach programs, and election planning for leaders and parties.",2026-02-07T11:46:34Z
engagement,social-media,informal,after,"I commented on “Early sign on narcissism” but thought I’d elaborate here with my experience with a narc. Often lot of the sign like gaslighting, manipulation, lovebombing etc. are easy to recognise in theory but why are they so hard to recognise in practice? It’s because of the set up they put in place in your mind before they engage in these behaviour. I’ll give you plenty of examples from the one I dealt with.  \- Lovebombing & gaining your trust: they tell you everything you want to hear, they’ll pay for your meals, they’ll use love emojis to save their name on your phone when they meet you. It’s subtle ways for you to drop your guard very quickly. When you occasionally start pulling away this behaviour comes back. Suddenly they get you expensive gifts, they want to hear all about you and your life, they give you explosive gifts - affection skyrockets when you pull away & affection disappears when they see you are no longer going anywhere else.  \- Projection: if someone is accusing you/mutual friends constantly of something that does not fit your/their personality, they are projecting traits that are theirs and they can’t hold onto those traits. By projecting on you/someone else, they offload those traits. I was told I was trying to humiliate her. I never go after people and use sensitive information against them (this will become relevant later.)  \- Something about them feels off: I remember when I met my ex narc friend first time one to one. Something in my gut told me to not trust her but it’s almost like you are car sick. Your body is telling you one thing and your eyes are telling you another. And often we trust our eyes than our body but in this case it’s important to trust your gut/body. It’s warning you about something. Every time they lied to me, gaslit me & manipulated me, that gut feeling would comeback but I couldn’t make sense out of it because I bought into the fantasy she wanted me to buy into.  \- The story they tell you and the story you hear from everyone else doesn’t match up: keep log of stuff like this. They are good at explaining things away however if this happens one too many times. KEEP ASKING QUESTIONS. From them and everyone involved. They separate people to keep their fantasy alive. They tell different pieces of information to different people and they take a step back and watch the disaster happen. People have fallouts, minor arguments, distrust between people develops. Learn to communicate with the people they are trying to cut you off from so you can save so much time when you start comparing notes with other people.  \- They don’t have long lasting friendships (eventually they’ll mask slips and everyone gets tired of their BS) or they constantly speak shit about the current friends they have. They are also shit talking about you as well.  \-  Gaslighting: it starts by changing small events. Location where you tried food and drinks for the first time, where object is stored/where you placed it. Nothing too big or too alarming. They are testing how much you trust your memory. You give in because arguing about whether you places the cup on table or cupboard sounds crazy. Then it gradually escalates, especially when you confront them about something. Suddenly the whole story is changed and you now begin to doubt your memory. “I swear none of that happened but she has always been right about stuff so I guess I must be remembering wrong” is what crossed my mind, the first argument we had. Last time I interacted with her, she tried to gaslight me about where we tried something (at this point she could feel I was pulling away so she went back to small gaslighting). I kept correcting her and refused to give in and she kept arguing that we tried it in a different locations. I didn’t cave in. By the end of the night, she told me my “energy has changed”. In her words she admitted I wasn’t falling for her traps anymore.  \- Trying to fish information from you: constant set ups to find sensitive information from you so it can be used against you later when it’s convenient. This is ultimately what destroys any relationship they have with someone. They get too big for their boots and one day share sensitive information you told them in attempt to humiliate you in front a group. Remember when I said the humiliation projection will become relevant? Yep, that’s what ultimately made me see this person was never my friend. Throughout the day, they kept taking jabs at me. I was annoyed but brushed it off. Then came the bomb of sharing something so private with a group of people. Never felt humiliated in my life to that extent. From that day on I distanced myself from her and ultimately cut her off from my life. The humiliation she was accusing me of was her coping mechanism when she was triggered. The trigger was me speaking to a man she liked about a topic she couldn’t contribute to.  \- Constant humiliation: They take jabs at you over and over and over again but as light hearted joke etc. they specifically do it in front of people so if you get upset, you look like the unstable one. I was dealing with lot of my own personal shame and I was addicted to my own shame and internal pain which is why I let lot of it slide. How this works in practice is that they take the most “humiliating” part of information and package it as something good. I started working for prestigious company but she would mention my salary which isn’t that high for junior staff. She never mentioned the company I worked for though. The slicing and packaging of information is something to look out for. They never mention the highlights of your life but anything “low” to maintain the illusion of them being superior when behind closed doors they are the inferior one.  \- Boundary pushing & the retaliation that comes afterwards: The point of lovebombing is for you to not have boundaries. How can you say no to someone who paid for your meals? Listened to your struggles? Got you expensive gifts that was heartfelt? Who was always there for you? It’s a covert contract you never knew you signed. And now it’s your time to pay back. How could you say no? After everything? Now they need you? I kept giving till almost costed me my sanity. Eventually felt like I paid my debt and then I ran. I realised the lovebombing will keep coming back and I keep re-entering the contract. The last expensive gift she gave me was (and I am so fucking certain she manufacture a crisis - this will become relevant too). She got me expensive gift but it got lost, in tears she told me how valuable it was and how sentimental she wanted it to be for both of us and now it won’t be special when she has to order it again. At this point I was already distancing myself and she was pulling her last moves to try to trap me. Took the gift because you can’t really say no to a gift without looking like an asshole and threw it in the bin. They always want something pulling your heart towards them even in their absence. Prior to this event, I had started saying no. She asked me something and later offered me something else and I said no to both. By the end of the night got called bitch. Setting boundaries comes with them repeatedly punishing you for it or constantly disrespecting it and you just get tired of the constant push and pull.  \- Manufacturing a crisis: They will invent a massive lie about anything and everything so you can’t say no. Something terrible has happened and you have to come over immediately, something terrible has happened you have to stay the night with me, something terrible has happened so you have to stay on this call with me. Always something so terrible, you learn to just keep making exceptions and your baseline of boundaries gets fucked in the process.  \- Self-centred and needy: Every conversation is about them when you are trapped. Everything about you is giving them validation and them getting sympathy from them. They are always the victims too in anything and everything. This is where their true agenda becomes relevant. You are just a prop in their fantasy world. You exist to feed their ego and delusions. You hold the mirror for their existence. You are the audience who keeps them alive.  \- Competitive jealousy: Someone gave you a compliment? They have to insert themselves into it. Someone did something for you? Someone else also did something similar for them. You have a hobby? At some point in their life time they’ve also had that hobby. Also they never compliment you. Someone else is giving you a compliment via them. So and so thinks you are smart. So and so thinks you are nice. So and so thinks x,y and z about you. They watch you very close and comment on the things you have but never compliment you for those things.  \- They can’t be alone: one sure way to tell a narc from a non narc is they are never alone. You are supply and the moment you leave, they’ll find someone else. This person is chronically incapable of being alone. The world will implode before she is alone. Someone is always attached to them by the hip because they need someone to feed off of and help them carry that mask.  \- Sabotage of your life if you don’t perform to what they want: In hindsight this was the hardest part to accept and move on from. How she had fingers in trying to derail and ruin my life every time she got triggered. She went after my job, my living situation, my friends etc. She stayed with me for a while and tried to cause a fight between me and my housemates while simultaneously begging me to move in with her. Are you noticing what is being done here? She tried to cause a fight in my living space so I would move in with her and she would ultimately have complete total control of me. Thank god I saw past all of this. I even had multiple friends warn me when I told them about her suggestion.  \- Using you for social status or financial gain: you are not just a supply. You are also a supply that makes them look good. There are several agenda why they want you by their side. I helped her socially because I am a likeable person. Very soft and authentic, so I smoothed over her abrasiveness. Introduced her to people I liked. Helped her financially over the salary she was making fun of.   \- Manipulation and lying: You will sense it happening. You don’t know it’s happening though until much later. Triangulation is used. This is exactly what she said “so and so loaned me money but because it was your first paycheque I didn’t want to ask you for your money. Are you hearing the entitlement over my money? Over the salary she was making fun of? Months later she asked me to loan her money. I did. She did pay me back but I found out the part about friends loaning her money was a lie. Those mutual friends didn’t loan her money. They will say and do anything to get to that end goal. Always verify the information they tell you.  DARVO: Deny, Attack, Reverse, Victim, Offend. It’s a common tactic they use when they get confronted but what does this realistically mean? I told her I was having friends come over a week before. Gave her plenty of time to decide what she wanted to do (this was while she was staying with me. The night before I remind her I’m having friends over.   She said “ I wish you told me this earlier”  “I did tell you”  “Why are you being mean to me? I bought you food. You were being mean even earlier when you asked me to do z”  And at this point I was apologising for my tone. This is what DARVO looks in action. You forget about the original point and now you are defending yourself and apologising for what you did when you didn’t even do anything wrong.   I’m probably forgetting tons of things and so many techniques that was used on me. I was very naive and gullible so it took me couple years to connect the dots and drop her as a friend. I’ll also give you what I wish someone gave me: listen to your gut, take it slow with people (anyone who brings intensity into your life, is bad news), verify information you are being told and ask around people, stick to your boundaries because once you slip they will take everything, if things are constantly being rewritten write information down (they can’t argue with written stuff), don’t take things at face value (look at pattern of behaviour when you adjust your behaviour), nothing is a coincidence with these people, everything they do or say is just part of a bigger plan, every relationship they are in is transactional, really pay attention to how they talk/treat other people, learn to emotionally regulate yourself (they feed off your reactions and when you become regulated, you become boring to them), find safe people who will help you make sense out of what is happening to you who are most likely seeing all of this happen (few of our mutual friends - they weren’t that close to her but in a same friend group - started stepping in and asking me about my relationship with her and pointing out the distressing things she was doing to me and another mutual friend and it all finally came out. They reassured me I wasn’t going crazy and these things were happening to me. That opened the door to trusting myself again and finally putting the blame on the right person), when you pull away they will do anything to get a reaction from you (negative or positive reaction - don’t give in), create space to process stuff (you can’t process what they have done to you while they keep pulling more and more tricks on you), make peace with your shame (shame is the number one emotion that will keep you attached far too long to these people), understand that you will never think like them so it’s hard to see why they are doing this to you, they will never be fulfilled (the love, adoration, kindness, patience, endless changes won’t fix them or change them), they are deeply miserable people who will drag you to their level if you let them, the best revenge is you recovering and living your life to the fullest (don’t give them the negative energy they want - become boring and irrelevant. That hurts them far worse than arguing & bickering with them).  Learn about all the methods they use but also learn about how those methods manifest so you are better protected. I always thought I was smart enough to avoid these people. I was. However I was in a vulnerable position when all of this happened. I was dealing with PTSD (from something else) while this was happening. Her distressing my nervous system further made it easier for her to control and manipulate me. Recognise your own vulnerabilities as well. I’m now dealing with the aftermath of this all and I was so lucky to escape before things got incredibly dark. I don’t even want to know what would’ve happened if I kept going with her. My body and mind was in absolute shock when I ended my friendship with her.",2026-02-07T11:46:27Z
engagement,social-media,informal,after,"Still stuck with manual work, delayed replies, and missed leads? ❌   This video shows how **smart automation + AI** can completely change the way your business operates 💡  ⚡ Instant customer replies   🤖 Automated conversations 24/7   📈 More productivity, more conversions   ⏱️ Save hours of manual effort every single day  In today’s fast-moving digital world, customers don’t wait.   If you reply late, they move on.   If you work manually, you fall behind.  💬 Smart tools help you:   ✅ Engage customers instantly   ✅ Handle multiple chats at once   ✅ Convert more leads without extra staff   ✅ Scale your business without stress  This is not the future.   **This is how smart businesses are winning right now.** 🔥  👉 Stop working harder. Start working smarter.   👉 Upgrade your system. Upgrade your results.  📲 **Ready to automate and grow faster?**   👉 **DM us NOW / Click the link / Start today**   Because smart businesses don’t wait—they act ⚡💼  [\#Popskit](https://in.pinterest.com/search/pins/?q=Popskit) [\#NowLive](https://in.pinterest.com/search/pins/?q=NowLive) [\#SaaSTools](https://in.pinterest.com/search/pins/?q=SaaSTools) [\#WebsiteOptimization](https://in.pinterest.com/search/pins/?q=WebsiteOptimization) [\#ConversionRate](https://in.pinterest.com/search/pins/?q=ConversionRate) ",2026-02-07T11:46:11Z
engagement,social-media,informal,after,"Freshman from no-name Italian uni here. I obviously know they have an hidden agenda and they gift nothing. But I'm a newbie in these things, so could answering be actually worth it? ",2026-02-07T11:45:57Z
engagement,social-media,informal,after,"Hi Everyone,     I have purchased Brezza AT ( TC). Now I am looking for some advice on how to drive car in general and in traffic, maintenance tips, any do's and don'ts.     Few points I keep in the mind are as follow.  1.   Switch the car to N if the red light is of more than 30 sec 2.  Let the car idle for some time and allow the RPM to come down when I start it for the first time in morning. 3.  Only move my car is traffic when there is space of a least 1 car. 4. Only using brake and creep feature in traffic, using accelerator only when required 5. No sudden acceleration, I even try to keep rpm under 2000 6. Avoid driving in rainy season or avoid crossing any waterlogged road 7.  avoid directly switching to P, instead follow this pattern D--> brake pedal released, and handbrake engaged --> R --> P.  There are few tips that I follow. Please let me know if any other tips or advice.     Thanks in advance.",2026-02-07T11:43:53Z
engagement,social-media,informal,after,"https://preview.redd.it/4a8qqogus1ig1.jpg?width=1866&format=pjpg&auto=webp&s=bb0c95e8cf91b9293ab0749a61128e889a518e42  **Al-Awwal** ""**الخط الأول**"" (means: **The First Font**).. It is a font inspired by the earliest Arabic inscriptions from the first Hijri century, including the rock inscriptions between Makkah and Medina, and ancient Qur’anic manuscripts preserved in libraries worldwide, such as “عربي 330” and “عربي 331”. The Saudi Ministry of Culture digitized it and released it for **free**.  * **Source:** [https://engage.moc.gov.sa/e/fonts/alawwal-font/?lang=ar](https://engage.moc.gov.sa/e/fonts/alawwal-font/?lang=ar)  https://preview.redd.it/rxchwmum82ig1.jpg?width=2688&format=pjpg&auto=webp&s=b0e667193d6f7d0ce426db217f0c40032331a08d  # Then  The Saudi Ministry of Culture created a new font following the artistic principles of the **Al-Awwal** script, reflecting the developments in Arabic typography through the ages up to the modern era. Called **The Saudi** font (**الخط السعودي**), which is **free** too.  * **Source:** [https://engage.moc.gov.sa/e/fonts/saudi-font/?lang=ar](https://engage.moc.gov.sa/e/fonts/saudi-font/?lang=ar)  https://preview.redd.it/chp2pkvs82ig1.jpg?width=3106&format=pjpg&auto=webp&s=fbb80e9bf1aebcd01b0c9df52cb584028b0fd7f2  https://preview.redd.it/fgmggtsn82ig1.jpg?width=3588&format=pjpg&auto=webp&s=93569703ff9e81e541cdace3438eb797bf9a5ef0",2026-02-07T11:43:30Z
engagement,social-media,informal,after,"Full grumpy mode engaged, yet the purring refuses to stop. Truly built different ",2026-02-07T11:43:17Z
engagement,social-media,informal,after,"# Ignite School Khammam: Inspiring Academic Excellence and Holistic Growth  Choosing the right school is one of the most important decisions for parents, as it shapes a child’s academic foundation, values, and future success. [**Ignite School** ](https://www.igniteschool.co.in/)**Khammam** stands out as a top educational institution that blends **innovative teaching methods, experienced faculty, and a safe learning environment** to ensure academic excellence and all-round student development.  # Innovative Teaching Methods for Meaningful Learning  At Ignite School, education goes beyond textbooks and rote learning. The school follows **modern, student-centric teaching approaches** that encourage curiosity, creativity, and critical thinking. Lessons are designed to be interactive, engaging, and practical, helping students understand concepts deeply and apply them confidently.  Activity-based learning, project work, group discussions, and technology-enabled classrooms make learning enjoyable and effective. These innovative methods ensure that students remain actively involved in the learning process, developing problem-solving skills and independent thinking from an early age.  # Experienced Faculty Who Inspire Excellence  A strong academic institution is built on the strength of its teachers, and Ignite School takes pride in its **highly qualified and dedicated faculty**. The teachers are not only subject experts but also mentors who guide students with patience and care. They focus on understanding each child’s learning style and provide personalized attention to help them reach their full potential.  Regular assessments, constructive feedback, and doubt-clearing sessions ensure that students remain academically strong and confident. The supportive teacher-student relationship creates a positive atmosphere where learners feel encouraged to ask questions and explore new ideas without fear.  # Safe and Supportive Learning Environment  Ignite School Khammam provides a **secure, disciplined, and nurturing campus** where students feel comfortable and protected. Safety measures, well-maintained infrastructure, and attentive supervision ensure a stress-free environment for children.  Beyond physical safety, the school also emphasizes emotional well-being. Values such as respect, responsibility, empathy, and teamwork are integrated into everyday learning, helping students grow into disciplined and confident individuals.  # Focus on All-Round Student Development  True education nurtures both the mind and personality. Ignite School offers a wide range of **co-curricular and extracurricular activities**, including sports, arts, cultural programs, and leadership opportunities. These activities help students discover their talents, build self-confidence, and develop social skills.  The balanced focus on academics and extracurricular learning ensures holistic development, preparing students to face real-world challenges with confidence and integrity.  # Conclusion  In conclusion, **Ignite School Khammam** is a trusted institution that delivers quality education through **innovative teaching, experienced faculty, and a safe, supportive environment**. By focusing on academic excellence, character building, and holistic growth, the school prepares students to become confident, responsible, and future-ready individuals. For parents seeking a school that truly ignites learning and nurtures potential, Ignite School Khammam is an excellent choice.",2026-02-07T11:43:10Z
engagement,social-media,informal,after,"I'm trying to improve, for this one I focused less on using bombastic words and overshowing my vocabulary with word metaphors. I just tried to be myself. I'm hoping to score 18+/20 in boards essay so please give me tips 🙏   The Storehouse of Knowledge  The sound of the bell rang through the corridors. The library period had started. I entered, from the world of noise and chaos, into the labyrinth of quiet and calm. I detest the comprehensive and rushed nature of the outside world, but this storehouse of knowledge was a breath of fresh air.  I walked towards the librarian’s desk. Mr. Natal gleefully punched my name into the record for the day. He was quite fond of me. I didn’t usually bother him with constant requests, and we engaged in small chatter regarding a few books of similar interests. I trotted through the aisles of bookshelves. The woody smell of paper and the scent of stamped ink subtly put me at ease. I blissfully made my way through the rows of stacked books. I knew the place like the back of my hand. I sauntered towards the mystery thriller section. I absolutely loved detective books.  As the clock ticks, more students start to enter. I don’t particularly hate their presence, but I would rather prefer solitude. My scrutinizing gaze sometimes helps to silent their sniggering laughter. Most students scurry over to the fantasy section, however I don’t inherently blame that for it. The works of J.R.R Tolkien and J.K Rowling are quite tempting indeed. The ones with unique tastes amuse themselves with sophisticated and philosophical genres.  I come here every single day, and I go through a book every three days. However it is only once every few weeks that I realize the importance of this place. This is an environment of relaxation. A place of composure and tranquility. It is a place where you can loosen your complications after sentimental english dramas and exhausting physics lectures. In this labyrinth, every type of person can cultivate and indulge in their areas of interests. It demands no assignments or scores. That is why it will always have a place in my heart.   Topic - Descriptive: You are a regular visitor to your school library. Describe your library. Give details of the familiar sights. What do you see and feel as different students come in and check out the books? Why is this place so important?",2026-02-07T11:42:30Z
engagement,social-media,informal,after,"the eastern front WWII   The Red Army.   They were amazing. They were terrifying. They weren't human. Brutal. Savages. Suicidal. They came not as a fighting force of men but as an elemental wave. An ocean. Crushing and overwhelming and on all sides.   And then God above joined the onslaught with the snow to more perfectly surround them and make complete their destruction. He will trap our bodies and our minds and souls here with ice and snow, in their final terrible moments they'll be encased, in God's hurtling ice like Thor’s Angels of old.   The frozen mutilated dead were everywhere. Steam rose off the corpses and pieces of human detritus like fleeing spirits of great pain and woe. The white blinding landscape of blood red and death and sorrow. And steel.   They filled the world with steel. And fire. And it was terrifying. This was a hateful conflict. And it was fought to the bitter end.   Germany was to be brought to his knees. The knights of his precious reich broken.   Ullrich was lost amongst it all, a sea of butchery and merciless barbaric vengeance war all splashed violent red and lurid flaming orange across the vast white hell.   The Fuhrer had said it would be easy. That the Bolshevist dogs were in a rotten edifice. They need only kick in the door, the blitzkrieg bombast of their invasion arrival should've been enough to do it. Should've been.   That was what had been said. That had been the idea. Ideas were so much useless bullshit now. Nobody talked about them anymore. Not even newcomers. Hope was not just dead out here it was a farce in its grave. A putrid rotten necrophiled joke. Brought out to parade and dance and shoot and die all over again everyday when maneuvers began, for some they never ceased.    The Fuhrer himself had been deified. Exalted. Messianic godking for the second coming of Germany. Genius. Paternal. Father.   Now many referred to him as the bohemian corporal. Ullrich didn't refer to him at all. He didn't speak much anymore. It felt pointless. It felt like the worst and easiest way to dig up and dredge up everything awful and broken and in anguish inside of him. He didn't like to think much anymore either. Tried not to. Combat provided the perfect react-or-die distraction for him. For many. On both sides.   He made another deal with the devil and chose to live in the moment, every cataclysmic second of it. And let it all fall where it may, when it's all said and done.   I have done my duty.   He was the last. Of his outfit, for this company. Hitler's precious modern black knights. The SS. Many of the Wehrmacht hated them, had always hated them. Now many of the German regulars looked to Ullrich just as the propaganda would suggest. Lancelot upon the field. Our only hope against the great red dragon, the fearsome Russian colossus.   The only one of us who could take the tyrant…  Though this particular bit was considered doggerel by the officers and the high command and was as such, whispered. The officers in black despised rumors. They despised any talk of the ice tyrant.   As did the officers of their opponents. Nobody in command wanted talk of the tyrant. Nobody wanted talk of more myths. There was too much blood and fire for the pithy talk of myths. For some.   For some they needed it. As it is with Dieter, presently.   He was pestering Ullrich again. Ullrich was doing what he usually did since arriving to the snowy front, he was checking and cleaning and oiling his guns. Inspecting his weapons for the slightest imperfection or trace of Russian filth. Communist trash.   He hated this place.   They were put up at the moment, the pair, with four others at a machine gun outpost, far off from the main German front. Between them and the Reds. To defend against probing parties and lancing Communist thrusts. To probe and lance when and if the opportunity presented. Or when ordered.   He hated this place. They all hated this place.   “Do you think he really has a great axe of ice and bone?"" inquired Dieter eagerly. Too much like a child.  Ullrich didn't take his eyes of his work as he answered the regular.   ""Nonsense.”  The breath puffed out in ghosts in front of their red faces as they spoke. The only spirits in this place as far as the Waffen commando was concerned. He missed his other kind. His true compatriots and brothers. Zac. James. Bryan.   All of them were dead. And he was surrounded by frightened fools and Bolshevist hordes. They'd been wasted holding a position that no one could even remember the name of anymore. Nobody could even find it again.   Garbage. All of it and all of them were garbage. Even the leadership, whom he'd once reverentially trusted, had proven their worthlessness out here on the white death smeared diminished scarlet and gunpowder treason black. All of them, everyone was garbage.   Except for him. His work. And his hands. His dead brothers and their cold bravery too, they weren't garbage. Not to him.   And Dieter sometimes. He was ok. Although the same age he reminded him of his own little brother back home.   The little ones. Back home.   He pushed home away and felt the cold of the place stab into him again, his mind and heart. They ached and broke and had been broken so many times already.   We shouldn't even be here…  “I heard he doesn't care if you're Russian or Deutsch. He drags ya screaming through the ice into Hell all the way…”  ""At least it would be warmer.”  Dieter laughed, ""Crazy fucking stormtrooper. You might just snuggle into the bastard.”  Ullrich turned and smiled at the kid.  ""Might.”   He returned to his work. He was a good kid.   That day nothing happened. Nothing that night either.  The next day was different. They attacked in force and everything fell apart.   …  Fire and earth and snow. The artillery fire made running slaves of them all. Every outpost was abandoned, lost. They'd all fallen back ramshackle and panicked and bloody to the line. Then they'd lost that too. The onslaught of the Red Army horde had been too great.   They'd finally come in a wave too great even for German guns. An impossible sea of green and rifles and bayonet teeth and red stars of blood and Bolshevist revenge.   They'd laid into them and they'd fallen like before. In great human lines of corpses and mutilated obscenity. But they'd kept coming. And falling. Piling and stacking upon each other in a bloody mess of ruined flesh and uniforms and human detritus, twisted faces. Slaughtered Communist angels weeping and puking blood for their motherland and regime, piling up. Stacking.   And still more of them kept coming.   Some, like Dieter, were almost happy for the call to retreat. To fall back and away. They'd failed Germany. But at least they could escape the sight. The twisted human wreckage that just kept growing. As they fed it bullets. As they fed it lead and steel and death. It just kept growing. And seeming to become more alive even as it grew more slaughtered and lanced with fire and dead. It kept charging. It kept coming. The Red Army. The Red Army Horde.   Now they were running. Some of them were glad. All of them were frightened. Even Ullrich. He knew things were falling apart, all over, everywhere,  but to actually live through it…  The artillery fire made running slaves of them all. To the line. Losing it. And beyond.   …  In the mad panic and dash they'd made for an iced copse of dead black limbs, dead black trees. Stabbing up from the white like ancient  Spartan spears erupting for one last fray.    They can have this one, thought Ullrich. He was worried. The Russians were everywhere and Dieter was wounded.   He'd been hit. Shot. The back. Bastards.  “Am I going to be alright?""   “Of course. Don't be foolish. Now get up, we can't stay here long. We gotta get going.""   But Dieter could not move.  So that night they made grim camp in the snow. Amongst the dead limbs of the black copse.   That night as they lie there against dead ebon trees Dieter talked of home. And girls. And beer. And faerytales. Mostly these. Mostly dreams.   “Do you think he's real?""   “Who?""  “The ice tyrant! The great blue giant that roams Russia’s snows with weapons of ice and bone. Like a great nomadic barbarian warrior.”  Ullrich wasn't sure of what to say at first. He was silent. But then he spoke, he'd realized something.   ""Yeah.”  ""Really? You do?”  ""Sure. Saw em.”   ""What? And you never told me?”  ""Classified information, herr brother. Sensitive Waffen engagement.""   A beat.   “You're kidding…” Dieter was awestruck. A child again. Out here in the snow and in the copse of twisting black. Far away from home.   “I'd never joke about such a fierce engagement, Dieter. We encountered him on one of our soirtees into Stalingrad.”  ""All the way in Stalingrad?”   ""Yes. We were probing, clandestine, when we came upon him. My compatriots and I.”  “What'd he look like?""   A beat.   “He was big. And blue. And he had lots of weapons. And bones.""   ""What'd you do?”  Ullrich smiled at the boy, he hoped it was as warm as he wanted it to be.   ""We let em have it.”  ""Goddamn stormtrooper! You desperate gunfighter! You wild commando, you really are Lancelot out here on the snow!""   And then the dying child looked up into his watering eyes and said something that he hadn't expected. Nor wanted.   “You're my hero.""   …  The boy died in the night. Ullrich wept. Broken. No longer a knight for anything honorable or glorious. Alone.   About four hours later he picked himself up and marched out of the woods. Alone.   Alone.   …  He wandered aimlessly and without direction. Blind on the white landscape of cold and treachery when he first saw it, or thought so. He also thought his eyes might be betraying him, everything else had out here on this wretched land.   It was a hulking mass in the blur of falling pristine pale and glow, he wasn't sure if it was night or day anymore and didn't really care either. The hulking thing in the glow grew larger and neared and dominated the scene.   Ullrich did not think any longer. By madness or some animal instinct or both, he was driven forward and went to the thing.   It grew. He didn't fear it. Didn't fear anything any longer. The thought that it might be the enemy or another combatant of some kind or some other danger never filled his mind.   He just went to it. And it grew. Towered as he neared.   Ullrich stood before the giant now. He gazed up at him. The giant looked down.   Blue… Dieter had been right.   But it was the pale hue of frozen death, not the beauty of heavens and the sky above. It was riddled with a grotesque webwork of red scars that covered the whole of his titanic naked frame. Muscles upon muscles that were grotesquely huge. They ballooned impossibly and misshapen all about the giant’s body. The face was the pugnacious grimace face of a goblin-orc. Drooling. Frozen snot in green icicles. The hair was viking warrior length and as ghostly wispy as the snowfall of this phantom landscape.  And here he ruled.   The pair stood. German and giant. Neither moved for awhile. They drank in the gaze of each other.  Then the giant raised a great hand, the one unencumbered with a great war axe of hacking ice and sharpened bone, and held it out palm up. In token of payment, of toll.   Unthinking, Ullrich’s hand slowly went to the Iron Cross pinned to his lapel, he ripped it off easily and slowly reached out and placed it in the great and ancient weathered palm of the tyrant.   One word, one from the past, one of his old officers, shot through his mind then unbidden. But lancing and firebright all the same.   Nephilim.   The great palm closed and the tyrant turned and wandered off without a word. But Ullrich could still feel the intensity of his gaze.   Would forever feel it as long as he roamed.  Ullrich went on. Trying to find his company, his army, Germany. Alone.   Alone.   THE END",2026-02-07T11:42:11Z
engagement,social-media,informal,after,"I've been trying to crack this for months because my follower engagement is solid but my reach to non-followers is all over the place  Some reels will get 80% of their views from non-followers and blow up. Others get maybe 15% non-follower reach and just die with my existing audience. Same posting time, same style, same niche, completely different distribution  At first I thought it was just about getting early engagement from followers to signal to the algorithm that it's good content. But I've had reels with insane engagement from my followers in the first hour that still never broke out to non-followers. And I've had reels with mediocre follower engagement that randomly got pushed hard externally  I started tracking this with Rupa Pro to see if there's a pattern I was missing. Turns out the reels that get pushed to non-followers have way higher save rates in the first few hours. Not shares, not comments, saves. It's like Instagram is using saves as a signal that the content has lasting value and then testing it with a broader audience  The reels that only hit my followers get lots of likes and comments but barely any saves. So maybe the algorithm sees that as entertainment for existing fans but not worth showing to new people  But idk if that's actually the variable or if I'm just seeing patterns that aren't there. I've also noticed my non-follower reach is higher on reels where retention stays above 70% for the first 5 seconds but again that could just be correlation  What's your experience? What actually triggers Instagram to push your content beyond your follower base? Is it saves, retention, early engagement, or something else entirely?",2026-02-07T11:42:03Z
engagement,social-media,informal,after,"Hi, this is my attempt to type out again what I've tried before. There is no shortcut around my pain; I have learned that. If I look back into my diary, every day is filled with struggling. I am doing well in life; I am on my way to a successful career, and I have fulfilling and positive relationships with friends and family. Still, almost every day feels like I am met with an existential challenge.      It started about 6 years ago. We fell in love. She was 19, I was 21 or something. We got together after about eight weeks of dating; We moved together after two years; We got engaged after three. It feels like a different world to me now. There was someone that I could touch, kiss, cuddle with, that I could tell that I loved her, have eye contact, smile at, and be happy and content with. We got rings for our engagement, and I was proud to wear it. I was 24. I felt like I had played through life. I felt like there were no limits to our love.      Shortly after we got engaged, the real problems started. She has had a very difficult youth with a lot of neglect, and there were always moments when I was wondering: What is going on with her? She behaved in strange, sometimes mean, sometimes in my eyes, completely illogical ways - that probably seemed very logical to her life and situation, but caused me a lot of pain. But still, these moments were temporary. That changed after our engagement. Very soon, her difficult moments became difficult phases and soon she almost permanenlty was a shadow of her former self. Maybe I never knew what that former self really was, though. I do not know if anything I thought I knew about her is true. I know, I am being abstract here, so let's summarize what happens in more objective terms: She was diagnosed with a mental illness and went off to therapy and a clinic, but nothing really changed anything.      This process was incredibly painful for me. Suddenly, the person I felt a near-limitless love for started acting in all kinds of strange and erratic ways. I can not describe how painful it is to talk to your fiancee and she is just talking back giggerish to you. Just thinking about that makes me go numb. I loved her so much, and now we are in a train together and she is just sitting next to me, blaming me for her problems and insulting me.      I gave up work and studying for six months to take care of her. It didn't change much, but I became more and more numb myself. Eventually, I couldn't take it anymore.     I broke off when she called me after visiting me (I had stopped living with her and moved to a different country for my degree). She called me and insulted me and shouted at me and was full at rage. I tried talking calmly to her as always and to get her back to be that loving partner that I once knew. But I couldnt take it anymore. I broke off on telephone. We never met again. She sent me my stuff via Mail. She wrote me an email that she would charge me for it.      I took off my ring and lived on. This was more than a year ago now. Please note that I have two lives now. I have one where I am myself in the outside environment. In this environment I am a successful and well-spoken graduate doing interesting things. In the other, which are my mornings, my evenings and my nights, when I am alone, I am distressed, and full of pain.      It has been so much time and I have seen my pain evolve so much. What has happened over the last week is interesting: I start to have more and more flashbacks of the good times we had. Other friends experienced this in the days after their breakup, for me it took more than a year. I feel like this will continue for a long time.     How are your experiences? When did you stop feeling distressed and 100% of your former pre-breakup selfs again?        ",2026-02-07T11:41:43Z
engagement,social-media,informal,after,"In my approximate 36 years in astrology, I have come to the inevitable conclusion, that there is indeed a strong element of fate in people's lives.  It has been unmistakable.  The major events in life, that tend to have developmental impact, happen on a time schedule that mirrors the astrological alignments that symbolize them.  I listed 36 clearly dated life events and used a fixed numeric selection method to choose one of those events at random...  https://preview.redd.it/8kc407ep82ig1.png?width=800&format=png&auto=webp&s=ce03224cbb94951be64ed21d56def62a55be711c  Strict orbs pre-declared and applied.  (detailed in a reply to this post)   All systems evaluated. No retrofitting.  What clustered?  Across Primary Directions, Lunar Arcs, Solar Arcs, Progressions, Transits, Converse Transits, Age Harmonics, and Epoch techniques, the convergence centered on:  **Illness / Viral / Dissolution Signatures** (Neptune Stack)  * Primary Jupiter opposite Neptune (0°07′) → expansion meets contagion / systemic spread * Lunar Arc Node semisquare Neptune (0°00′) → fated contact with illness vector * Lunar Arc Saturn sesquisquare Neptune (0°15′) → restriction + infection * Transit Neptune square Mercury (1°05′) → respiratory / communicable theme * Converse Transit Neptune semisquare Venus (0°54′) → biological vulnerability / weakened harmony * Transit Uranus opposite Neptune (Epoch) (1°01′) → destabilized immune / viral shock pattern  This alone is statistically abnormal. But keep going.  **Quarantine / Confinement / Structural Restriction** (Saturn Stack)  * Converse Primary Sun square Saturn (0°04′) → vitality restricted, gov't-induced limitations * Transit Uranus square Saturn (1°10′) → forced structural disruption * Converse Transit Saturn semisquare MC (0°33′) → career/public life restriction, separation from work * Age Harmonic Saturn conjunct MC (0°25′) → status lockdown, cessation of work * Solar Arc Saturn conjunct Descendant (Epoch) (0°19′) → relational limitation, limited public engagement * Transit Saturn conjunct 5th (1°08′) → joy curtailed, added responsibility for children  Multiple Saturn contacts across independent timing systems. Not poetic — geometric.  **Home Confinement / Isolation**  * Primary Mars conjunct IC (Epoch) (0°10′) → agitation at home / enforced domestic focus * Progressed Mercury conjunct IC (0°07′) → mental retreat inward, communicating from home * Lunar Arc Mars square Ascendant (Epoch) (0°01′) → immediate environmental impact, fever * Transit Mars square Ascendant (1°15′) → acute physical strain, fever  The IC/Asc axis is heavily activated. Isolation signature is not interpretive — it’s angular.  **Health Crisis / Intensity Markers**  * Progressed Venus semisquare Pluto (0°00′) → biological stress, hormonal change * Transit Pluto sesquisquare Pluto (0°24′) → generational mortality pressure * Transit Pluto conjunct Saturn (Epoch) (0°38′) → crisis to structural stability, struggle for survival * Age Harmonic Mars conjunct Natal Sun (0°01′) → inflammatory vitality hit  There are multiple systems converging under sub-arcminute thresholds: Lunar Arc Node semisquare Neptune at **0°00′**, Progressed Venus semisquare Pluto at **0°00′**, Age Harmonic Mars conjunct Sun at **0°01′**, Lunar Arc Mars square Ascendant at **0°01′**, Primary Sun square Saturn at **0°04′**, Primary Jupiter opposite Neptune at **0°07′**.  These tightly define the timing of the event/circumstances, as the events happen in the ***overlap*** of the astrological aspects describing them.  **The Structural Question**  Given this timing stack, what type of event could have occurred?  It would have required:  * Illness or infection symbolism * Restriction or confinement * Angular/home activation * Vitality stress  The exact outer form could vary.  The thematic geometry could not.  **Odds Against Chance** (Conservative)  Using strict orb ceilings:  Primary hits ≈ 0.1%  Arc hits ≈ 0.2%  Transit hits ≈ 0.7%  Even assuming inflated probabilities and non-independence, just 6 cross-system mature hits to the same Saturn–Neptune–IC cluster yields:  ≈ 10⁻¹² probability range   ≈ 7–8 sigma equivalent.  And this stack contains more than six.  I am not arguing that every detail of life is scripted.  I am arguing that **major developments occur on a synchronized timing lattice**.  https://preview.redd.it/ov0qnd4j52ig1.png?width=800&format=png&auto=webp&s=945c4962e4a0fee1e90015db356d347b5c1f2f20",2026-02-07T11:41:35Z
engagement,social-media,informal,after,"the eastern front WWII   The Red Army.   They were amazing. They were terrifying. They weren't human. Brutal. Savages. Suicidal. They came not as a fighting force of men but as an elemental wave. An ocean. Crushing and overwhelming and on all sides.   And then God above joined the onslaught with the snow to more perfectly surround them and make complete their destruction. He will trap our bodies and our minds and souls here with ice and snow, in their final terrible moments they'll be encased, in God's hurtling ice like Thor’s Angels of old.   The frozen mutilated dead were everywhere. Steam rose off the corpses and pieces of human detritus like fleeing spirits of great pain and woe. The white blinding landscape of blood red and death and sorrow. And steel.   They filled the world with steel. And fire. And it was terrifying. This was a hateful conflict. And it was fought to the bitter end.   Germany was to be brought to his knees. The knights of his precious reich broken.   Ullrich was lost amongst it all, a sea of butchery and merciless barbaric vengeance war all splashed violent red and lurid flaming orange across the vast white hell.   The Fuhrer had said it would be easy. That the Bolshevist dogs were in a rotten edifice. They need only kick in the door, the blitzkrieg bombast of their invasion arrival should've been enough to do it. Should've been.   That was what had been said. That had been the idea. Ideas were so much useless bullshit now. Nobody talked about them anymore. Not even newcomers. Hope was not just dead out here it was a farce in its grave. A putrid rotten necrophiled joke. Brought out to parade and dance and shoot and die all over again everyday when maneuvers began, for some they never ceased.    The Fuhrer himself had been deified. Exalted. Messianic godking for the second coming of Germany. Genius. Paternal. Father.   Now many referred to him as the bohemian corporal. Ullrich didn't refer to him at all. He didn't speak much anymore. It felt pointless. It felt like the worst and easiest way to dig up and dredge up everything awful and broken and in anguish inside of him. He didn't like to think much anymore either. Tried not to. Combat provided the perfect react-or-die distraction for him. For many. On both sides.   He made another deal with the devil and chose to live in the moment, every cataclysmic second of it. And let it all fall where it may, when it's all said and done.   I have done my duty.   He was the last. Of his outfit, for this company. Hitler's precious modern black knights. The SS. Many of the Wehrmacht hated them, had always hated them. Now many of the German regulars looked to Ullrich just as the propaganda would suggest. Lancelot upon the field. Our only hope against the great red dragon, the fearsome Russian colossus.   The only one of us who could take the tyrant…  Though this particular bit was considered doggerel by the officers and the high command and was as such, whispered. The officers in black despised rumors. They despised any talk of the ice tyrant.   As did the officers of their opponents. Nobody in command wanted talk of the tyrant. Nobody wanted talk of more myths. There was too much blood and fire for the pithy talk of myths. For some.   For some they needed it. As it is with Dieter, presently.   He was pestering Ullrich again. Ullrich was doing what he usually did since arriving to the snowy front, he was checking and cleaning and oiling his guns. Inspecting his weapons for the slightest imperfection or trace of Russian filth. Communist trash.   He hated this place.   They were put up at the moment, the pair, with four others at a machine gun outpost, far off from the main German front. Between them and the Reds. To defend against probing parties and lancing Communist thrusts. To probe and lance when and if the opportunity presented. Or when ordered.   He hated this place. They all hated this place.   “Do you think he really has a great axe of ice and bone?"" inquired Dieter eagerly. Too much like a child.  Ullrich didn't take his eyes of his work as he answered the regular.   ""Nonsense.”  The breath puffed out in ghosts in front of their red faces as they spoke. The only spirits in this place as far as the Waffen commando was concerned. He missed his other kind. His true compatriots and brothers. Zac. James. Bryan.   All of them were dead. And he was surrounded by frightened fools and Bolshevist hordes. They'd been wasted holding a position that no one could even remember the name of anymore. Nobody could even find it again.   Garbage. All of it and all of them were garbage. Even the leadership, whom he'd once reverentially trusted, had proven their worthlessness out here on the white death smeared diminished scarlet and gunpowder treason black. All of them, everyone was garbage.   Except for him. His work. And his hands. His dead brothers and their cold bravery too, they weren't garbage. Not to him.   And Dieter sometimes. He was ok. Although the same age he reminded him of his own little brother back home.   The little ones. Back home.   He pushed home away and felt the cold of the place stab into him again, his mind and heart. They ached and broke and had been broken so many times already.   We shouldn't even be here…  “I heard he doesn't care if you're Russian or Deutsch. He drags ya screaming through the ice into Hell all the way…”  ""At least it would be warmer.”  Dieter laughed, ""Crazy fucking stormtrooper. You might just snuggle into the bastard.”  Ullrich turned and smiled at the kid.  ""Might.”   He returned to his work. He was a good kid.   That day nothing happened. Nothing that night either.  The next day was different. They attacked in force and everything fell apart.   …  Fire and earth and snow. The artillery fire made running slaves of them all. Every outpost was abandoned, lost. They'd all fallen back ramshackle and panicked and bloody to the line. Then they'd lost that too. The onslaught of the Red Army horde had been too great.   They'd finally come in a wave too great even for German guns. An impossible sea of green and rifles and bayonet teeth and red stars of blood and Bolshevist revenge.   They'd laid into them and they'd fallen like before. In great human lines of corpses and mutilated obscenity. But they'd kept coming. And falling. Piling and stacking upon each other in a bloody mess of ruined flesh and uniforms and human detritus, twisted faces. Slaughtered Communist angels weeping and puking blood for their motherland and regime, piling up. Stacking.   And still more of them kept coming.   Some, like Dieter, were almost happy for the call to retreat. To fall back and away. They'd failed Germany. But at least they could escape the sight. The twisted human wreckage that just kept growing. As they fed it bullets. As they fed it lead and steel and death. It just kept growing. And seeming to become more alive even as it grew more slaughtered and lanced with fire and dead. It kept charging. It kept coming. The Red Army. The Red Army Horde.   Now they were running. Some of them were glad. All of them were frightened. Even Ullrich. He knew things were falling apart, all over, everywhere,  but to actually live through it…  The artillery fire made running slaves of them all. To the line. Losing it. And beyond.   …  In the mad panic and dash they'd made for an iced copse of dead black limbs, dead black trees. Stabbing up from the white like ancient  Spartan spears erupting for one last fray.    They can have this one, thought Ullrich. He was worried. The Russians were everywhere and Dieter was wounded.   He'd been hit. Shot. The back. Bastards.  “Am I going to be alright?""   “Of course. Don't be foolish. Now get up, we can't stay here long. We gotta get going.""   But Dieter could not move.  So that night they made grim camp in the snow. Amongst the dead limbs of the black copse.   That night as they lie there against dead ebon trees Dieter talked of home. And girls. And beer. And faerytales. Mostly these. Mostly dreams.   “Do you think he's real?""   “Who?""  “The ice tyrant! The great blue giant that roams Russia’s snows with weapons of ice and bone. Like a great nomadic barbarian warrior.”  Ullrich wasn't sure of what to say at first. He was silent. But then he spoke, he'd realized something.   ""Yeah.”  ""Really? You do?”  ""Sure. Saw em.”   ""What? And you never told me?”  ""Classified information, herr brother. Sensitive Waffen engagement.""   A beat.   “You're kidding…” Dieter was awestruck. A child again. Out here in the snow and in the copse of twisting black. Far away from home.   “I'd never joke about such a fierce engagement, Dieter. We encountered him on one of our soirtees into Stalingrad.”  ""All the way in Stalingrad?”   ""Yes. We were probing, clandestine, when we came upon him. My compatriots and I.”  “What'd he look like?""   A beat.   “He was big. And blue. And he had lots of weapons. And bones.""   ""What'd you do?”  Ullrich smiled at the boy, he hoped it was as warm as he wanted it to be.   ""We let em have it.”  ""Goddamn stormtrooper! You desperate gunfighter! You wild commando, you really are Lancelot out here on the snow!""   And then the dying child looked up into his watering eyes and said something that he hadn't expected. Nor wanted.   “You're my hero.""   …  The boy died in the night. Ullrich wept. Broken. No longer a knight for anything honorable or glorious. Alone.   About four hours later he picked himself up and marched out of the woods. Alone.   Alone.   …  He wandered aimlessly and without direction. Blind on the white landscape of cold and treachery when he first saw it, or thought so. He also thought his eyes might be betraying him, everything else had out here on this wretched land.   It was a hulking mass in the blur of falling pristine pale and glow, he wasn't sure if it was night or day anymore and didn't really care either. The hulking thing in the glow grew larger and neared and dominated the scene.   Ullrich did not think any longer. By madness or some animal instinct or both, he was driven forward and went to the thing.   It grew. He didn't fear it. Didn't fear anything any longer. The thought that it might be the enemy or another combatant of some kind or some other danger never filled his mind.   He just went to it. And it grew. Towered as he neared.   Ullrich stood before the giant now. He gazed up at him. The giant looked down.   Blue… Dieter had been right.   But it was the pale hue of frozen death, not the beauty of heavens and the sky above. It was riddled with a grotesque webwork of red scars that covered the whole of his titanic naked frame. Muscles upon muscles that were grotesquely huge. They ballooned impossibly and misshapen all about the giant’s body. The face was the pugnacious grimace face of a goblin-orc. Drooling. Frozen snot in green icicles. The hair was viking warrior length and as ghostly wispy as the snowfall of this phantom landscape.  And here he ruled.   The pair stood. German and giant. Neither moved for awhile. They drank in the gaze of each other.  Then the giant raised a great hand, the one unencumbered with a great war axe of hacking ice and sharpened bone, and held it out palm up. In token of payment, of toll.   Unthinking, Ullrich’s hand slowly went to the Iron Cross pinned to his lapel, he ripped it off easily and slowly reached out and placed it in the great and ancient weathered palm of the tyrant.   One word, one from the past, one of his old officers, shot through his mind then unbidden. But lancing and firebright all the same.   Nephilim.   The great palm closed and the tyrant turned and wandered off without a word. But Ullrich could still feel the intensity of his gaze.   Would forever feel it as long as he roamed.  Ullrich went on. Trying to find his company, his army, Germany. Alone.   Alone.   THE END",2026-02-07T11:41:06Z
engagement,social-media,informal,after,This post contains content not supported on old Reddit. [Click here to view the full post](https://sh.reddit.com/r/findfallacies/comments/1qybolt),2026-02-07T11:40:33Z
engagement,social-media,informal,after,"I (22f) and my partner (24f) recently got engaged, we want kids and are thinking about surnames when we get married and eventually for our kids. I already have quite a long double barrelled name (which i absolutely love I feel very connected to). My mum and dad both kept their individual surnames and double barrelled for me and my sister’s surnames. So my question is would it be ridiculous to triple barrel me and my partner’s and eventually our kids surnames?   I worry that our kids will struggle to spell a really long surname especially when they are little, I will probably be the biological mother to the kids and there is a lot of dyslexia in my family. I really struggled to spell my full name as a kid, and then it would make our kids even longer and more complicated.   I also worry if it would be a source of shame for our kids or if they would get picked on for having such a long name?   Triple barrel surnames seem to be for aristocracy and unless there’s some secret family history we’re missing they will be nothing close to that.   Also it bothered me a bit as a kid that my mum, dad and me and my sister had 3 different surnames, it might not bother my kids but I want to be a complete family unit. However, neither me or my partner want to completely lose our surnames.   Anyway, please let me know what you think!!!!! Need advice asap!!!!",2026-02-07T11:39:23Z
engagement,social-media,informal,after,"Lewis was born on 2 September 1965 in West Ham, London, to Jamaican immigrant parents and according to his mother, he would often fight with other children growing up.  At birth he weighed 4.8 kg (10 lb 10 oz), and was given the name Lennox by the doctor, who said ""he looked like a Lennox.""  Lewis moved to Kitchener, Ontario, Canada with his mother in 1977 at the age of 12.   He attended Cameron Heights Collegiate Institute for high school, where he excelled in Canadian football, soccer, and basketball.  In the 1982–83 school year, he helped the school's AAA basketball team win the Ontario provincial championship  Lennox Lewis may have been born in England, but he enjoyed his greatest amateur success while representing Canada.   Developing an early interest in the sport, as a teenager he found it very difficult to compete against those his age, due to both his size and talent.   By 1983, Lewis became the world amateur junior champion and not long thereafter, the Canadian super heavyweight title holder.  As a member of the Olympic team at Los Angeles 1984, he lost in the super heavyweight quarterfinals to Tyrell Biggs, who would go on to win gold., 4 years later at Seoul 1988, Lewis was able to redeem himself, working his way to gold in the super heavyweight division.  Shortly after winning Olympic gold for Canada, he would become a professional boxer.   He slowly progressed up the rankings and was a beloved world boxing Council heavyweight champion in 1992, a title he defended three times.   He regained the title in 1997 and was the title holder again when he retired in 2004.   Lewis was inducted to Canada’s Sports Hall of Fame in 2008.  Lennox Lewis’ is a champion who understands the responsibility that comes with wearing the crown. “I realize that I am in elite company,” Lewis says.   “There are men who have come before me that have done great things. I take that responsibility very seriously.”  Lewis is quick to mention Muhammad Ali as an athlete who has had a major influence on his life. “Every athlete owes Ali a debt of gratitude.   He was a man who risked everything to speak out about the Vietnam War. He stayed true to his religious faith. He was even one of the first athlete to have other streams of revenue outside sport.   He was a champion for everyone.”       Lewis, himself, is a rare figure in professional sports. He considers himself a citizen of Planet Earth (splitting time between Jamaica, Miami, and Toronto, and travelling extensively around the world).   1 of the many organizations Lewis supports is the ONEXONE Foundation, which works around the world to give kids safe drinking water and places to play and learn.  When Lewis isn’t engaged in his philanthropic efforts, he’s enjoy the family life he has created since his boxing career ended. Shortly after he retired, Lewis married his beautiful wife, Violet, and had four children. “Part of being a champion was dedicating myself to the sport,” Lewis says.   “So often, when an athlete does that, he neglects his own family. I didn’t want to do that, so I didn’t start a family until after I retired. Now I can be there for them.”  Against all odds in boxing, he has managed to retain most of his earnings to provide a comfortable life for himself and his family.   Lewis is regarded by many as 1 of the greatest heavyweight boxers of all time, and is considered among the greatest British boxers and among the greatest Canadian boxers in history  He retired as the world’s heavyweight champion, which means every time he is recognized in public, he is still recognized as a champion. #BlackHistoryMonth",2026-02-07T11:39:01Z
engagement,social-media,informal,after,"the eastern front WWII   The Red Army.   They were amazing. They were terrifying. They weren't human. Brutal. Savages. Suicidal. They came not as a fighting force of men but as an elemental wave. An ocean. Crushing and overwhelming and on all sides.   And then God above joined the onslaught with the snow to more perfectly surround them and make complete their destruction. He will trap our bodies and our minds and souls here with ice and snow, in their final terrible moments they'll be encased, in God's hurtling ice like Thor’s Angels of old.   The frozen mutilated dead were everywhere. Steam rose off the corpses and pieces of human detritus like fleeing spirits of great pain and woe. The white blinding landscape of blood red and death and sorrow. And steel.   They filled the world with steel. And fire. And it was terrifying. This was a hateful conflict. And it was fought to the bitter end.   Germany was to be brought to his knees. The knights of his precious reich broken.   Ullrich was lost amongst it all, a sea of butchery and merciless barbaric vengeance war all splashed violent red and lurid flaming orange across the vast white hell.   The Fuhrer had said it would be easy. That the Bolshevist dogs were in a rotten edifice. They need only kick in the door, the blitzkrieg bombast of their invasion arrival should've been enough to do it. Should've been.   That was what had been said. That had been the idea. Ideas were so much useless bullshit now. Nobody talked about them anymore. Not even newcomers. Hope was not just dead out here it was a farce in its grave. A putrid rotten necrophiled joke. Brought out to parade and dance and shoot and die all over again everyday when maneuvers began, for some they never ceased.    The Fuhrer himself had been deified. Exalted. Messianic godking for the second coming of Germany. Genius. Paternal. Father.   Now many referred to him as the bohemian corporal. Ullrich didn't refer to him at all. He didn't speak much anymore. It felt pointless. It felt like the worst and easiest way to dig up and dredge up everything awful and broken and in anguish inside of him. He didn't like to think much anymore either. Tried not to. Combat provided the perfect react-or-die distraction for him. For many. On both sides.   He made another deal with the devil and chose to live in the moment, every cataclysmic second of it. And let it all fall where it may, when it's all said and done.   I have done my duty.   He was the last. Of his outfit, for this company. Hitler's precious modern black knights. The SS. Many of the Wehrmacht hated them, had always hated them. Now many of the German regulars looked to Ullrich just as the propaganda would suggest. Lancelot upon the field. Our only hope against the great red dragon, the fearsome Russian colossus.   The only one of us who could take the tyrant…  Though this particular bit was considered doggerel by the officers and the high command and was as such, whispered. The officers in black despised rumors. They despised any talk of the ice tyrant.   As did the officers of their opponents. Nobody in command wanted talk of the tyrant. Nobody wanted talk of more myths. There was too much blood and fire for the pithy talk of myths. For some.   For some they needed it. As it is with Dieter, presently.   He was pestering Ullrich again. Ullrich was doing what he usually did since arriving to the snowy front, he was checking and cleaning and oiling his guns. Inspecting his weapons for the slightest imperfection or trace of Russian filth. Communist trash.   He hated this place.   They were put up at the moment, the pair, with four others at a machine gun outpost, far off from the main German front. Between them and the Reds. To defend against probing parties and lancing Communist thrusts. To probe and lance when and if the opportunity presented. Or when ordered.   He hated this place. They all hated this place.   “Do you think he really has a great axe of ice and bone?"" inquired Dieter eagerly. Too much like a child.  Ullrich didn't take his eyes of his work as he answered the regular.   ""Nonsense.”  The breath puffed out in ghosts in front of their red faces as they spoke. The only spirits in this place as far as the Waffen commando was concerned. He missed his other kind. His true compatriots and brothers. Zac. James. Bryan.   All of them were dead. And he was surrounded by frightened fools and Bolshevist hordes. They'd been wasted holding a position that no one could even remember the name of anymore. Nobody could even find it again.   Garbage. All of it and all of them were garbage. Even the leadership, whom he'd once reverentially trusted, had proven their worthlessness out here on the white death smeared diminished scarlet and gunpowder treason black. All of them, everyone was garbage.   Except for him. His work. And his hands. His dead brothers and their cold bravery too, they weren't garbage. Not to him.   And Dieter sometimes. He was ok. Although the same age he reminded him of his own little brother back home.   The little ones. Back home.   He pushed home away and felt the cold of the place stab into him again, his mind and heart. They ached and broke and had been broken so many times already.   We shouldn't even be here…  “I heard he doesn't care if you're Russian or Deutsch. He drags ya screaming through the ice into Hell all the way…”  ""At least it would be warmer.”  Dieter laughed, ""Crazy fucking stormtrooper. You might just snuggle into the bastard.”  Ullrich turned and smiled at the kid.  ""Might.”   He returned to his work. He was a good kid.   That day nothing happened. Nothing that night either.  The next day was different. They attacked in force and everything fell apart.   …  Fire and earth and snow. The artillery fire made running slaves of them all. Every outpost was abandoned, lost. They'd all fallen back ramshackle and panicked and bloody to the line. Then they'd lost that too. The onslaught of the Red Army horde had been too great.   They'd finally come in a wave too great even for German guns. An impossible sea of green and rifles and bayonet teeth and red stars of blood and Bolshevist revenge.   They'd laid into them and they'd fallen like before. In great human lines of corpses and mutilated obscenity. But they'd kept coming. And falling. Piling and stacking upon each other in a bloody mess of ruined flesh and uniforms and human detritus, twisted faces. Slaughtered Communist angels weeping and puking blood for their motherland and regime, piling up. Stacking.   And still more of them kept coming.   Some, like Dieter, were almost happy for the call to retreat. To fall back and away. They'd failed Germany. But at least they could escape the sight. The twisted human wreckage that just kept growing. As they fed it bullets. As they fed it lead and steel and death. It just kept growing. And seeming to become more alive even as it grew more slaughtered and lanced with fire and dead. It kept charging. It kept coming. The Red Army. The Red Army Horde.   Now they were running. Some of them were glad. All of them were frightened. Even Ullrich. He knew things were falling apart, all over, everywhere,  but to actually live through it…  The artillery fire made running slaves of them all. To the line. Losing it. And beyond.   …  In the mad panic and dash they'd made for an iced copse of dead black limbs, dead black trees. Stabbing up from the white like ancient  Spartan spears erupting for one last fray.    They can have this one, thought Ullrich. He was worried. The Russians were everywhere and Dieter was wounded.   He'd been hit. Shot. The back. Bastards.  “Am I going to be alright?""   “Of course. Don't be foolish. Now get up, we can't stay here long. We gotta get going.""   But Dieter could not move.  So that night they made grim camp in the snow. Amongst the dead limbs of the black copse.   That night as they lie there against dead ebon trees Dieter talked of home. And girls. And beer. And faerytales. Mostly these. Mostly dreams.   “Do you think he's real?""   “Who?""  “The ice tyrant! The great blue giant that roams Russia’s snows with weapons of ice and bone. Like a great nomadic barbarian warrior.”  Ullrich wasn't sure of what to say at first. He was silent. But then he spoke, he'd realized something.   ""Yeah.”  ""Really? You do?”  ""Sure. Saw em.”   ""What? And you never told me?”  ""Classified information, herr brother. Sensitive Waffen engagement.""   A beat.   “You're kidding…” Dieter was awestruck. A child again. Out here in the snow and in the copse of twisting black. Far away from home.   “I'd never joke about such a fierce engagement, Dieter. We encountered him on one of our soirtees into Stalingrad.”  ""All the way in Stalingrad?”   ""Yes. We were probing, clandestine, when we came upon him. My compatriots and I.”  “What'd he look like?""   A beat.   “He was big. And blue. And he had lots of weapons. And bones.""   ""What'd you do?”  Ullrich smiled at the boy, he hoped it was as warm as he wanted it to be.   ""We let em have it.”  ""Goddamn stormtrooper! You desperate gunfighter! You wild commando, you really are Lancelot out here on the snow!""   And then the dying child looked up into his watering eyes and said something that he hadn't expected. Nor wanted.   “You're my hero.""   …  The boy died in the night. Ullrich wept. Broken. No longer a knight for anything honorable or glorious. Alone.   About four hours later he picked himself up and marched out of the woods. Alone.   Alone.   …  He wandered aimlessly and without direction. Blind on the white landscape of cold and treachery when he first saw it, or thought so. He also thought his eyes might be betraying him, everything else had out here on this wretched land.   It was a hulking mass in the blur of falling pristine pale and glow, he wasn't sure if it was night or day anymore and didn't really care either. The hulking thing in the glow grew larger and neared and dominated the scene.   Ullrich did not think any longer. By madness or some animal instinct or both, he was driven forward and went to the thing.   It grew. He didn't fear it. Didn't fear anything any longer. The thought that it might be the enemy or another combatant of some kind or some other danger never filled his mind.   He just went to it. And it grew. Towered as he neared.   Ullrich stood before the giant now. He gazed up at him. The giant looked down.   Blue… Dieter had been right.   But it was the pale hue of frozen death, not the beauty of heavens and the sky above. It was riddled with a grotesque webwork of red scars that covered the whole of his titanic naked frame. Muscles upon muscles that were grotesquely huge. They ballooned impossibly and misshapen all about the giant’s body. The face was the pugnacious grimace face of a goblin-orc. Drooling. Frozen snot in green icicles. The hair was viking warrior length and as ghostly wispy as the snowfall of this phantom landscape.  And here he ruled.   The pair stood. German and giant. Neither moved for awhile. They drank in the gaze of each other.  Then the giant raised a great hand, the one unencumbered with a great war axe of hacking ice and sharpened bone, and held it out palm up. In token of payment, of toll.   Unthinking, Ullrich’s hand slowly went to the Iron Cross pinned to his lapel, he ripped it off easily and slowly reached out and placed it in the great and ancient weathered palm of the tyrant.   One word, one from the past, one of his old officers, shot through his mind then unbidden. But lancing and firebright all the same.   Nephilim.   The great palm closed and the tyrant turned and wandered off without a word. But Ullrich could still feel the intensity of his gaze.   Would forever feel it as long as he roamed.  Ullrich went on. Trying to find his company, his army, Germany. Alone.   Alone.   THE END",2026-02-07T11:38:24Z
engagement,social-media,informal,after,"Lewis was born on 2 September 1965 in West Ham, London, to Jamaican immigrant parents and according to his mother, he would often fight with other children growing up.  At birth he weighed 4.8 kg (10 lb 10 oz), and was given the name Lennox by the doctor, who said ""he looked like a Lennox.""  Lewis moved to Kitchener, Ontario, Canada with his mother in 1977 at the age of 12.   He attended Cameron Heights Collegiate Institute for high school, where he excelled in Canadian football, soccer, and basketball.  In the 1982–83 school year, he helped the school's AAA basketball team win the Ontario provincial championship  Lennox Lewis may have been born in England, but he enjoyed his greatest amateur success while representing Canada.   Developing an early interest in the sport, as a teenager he found it very difficult to compete against those his age, due to both his size and talent.   By 1983, Lewis became the world amateur junior champion and not long thereafter, the Canadian super heavyweight title holder.  As a member of the Olympic team at Los Angeles 1984, he lost in the super heavyweight quarterfinals to Tyrell Biggs, who would go on to win gold., 4 years later at Seoul 1988, Lewis was able to redeem himself, working his way to gold in the super heavyweight division.  Shortly after winning Olympic gold for Canada, he would become a professional boxer.   He slowly progressed up the rankings and was a beloved world boxing Council heavyweight champion in 1992, a title he defended three times.   He regained the title in 1997 and was the title holder again when he retired in 2004.   Lewis was inducted to Canada’s Sports Hall of Fame in 2008.  Lennox Lewis’ is a champion who understands the responsibility that comes with wearing the crown. “I realize that I am in elite company,” Lewis says.   “There are men who have come before me that have done great things. I take that responsibility very seriously.”    Lewis is quick to mention Muhammad Ali as an athlete who has had a major influence on his life. “Every athlete owes Ali a debt of gratitude.   He was a man who risked everything to speak out about the Vietnam War. He stayed true to his religious faith. He was even one of the first athlete to have other streams of revenue outside sport.   He was a champion for everyone.”       Lewis, himself, is a rare figure in professional sports. He considers himself a citizen of Planet Earth (splitting time between Jamaica, Miami, and Toronto, and travelling extensively around the world).   1 of the many organizations Lewis supports is the ONEXONE Foundation, which works around the world to give kids safe drinking water and places to play and learn.    When Lewis isn’t engaged in his philanthropic efforts, he’s enjoy the family life he has created since his boxing career ended. Shortly after he retired, Lewis married his beautiful wife, Violet, and had four children. “Part of being a champion was dedicating myself to the sport,” Lewis says.   “So often, when an athlete does that, he neglects his own family. I didn’t want to do that, so I didn’t start a family until after I retired. Now I can be there for them.”  Against all odds in boxing, he has managed to retain most of his earnings to provide a comfortable life for himself and his family.   Lewis is regarded by many as 1 of the greatest heavyweight boxers of all time, and is considered among the greatest British boxers and among the greatest Canadian boxers in history  He retired as the world’s heavyweight champion, which means every time he is recognized in public, he is still recognized as a champion. #BlackHistoryMonth",2026-02-07T11:37:31Z
engagement,social-media,informal,after,"Hi - I tagged YouTube but this topic applies to YouTube, TikTok, and Insta.  So I’ve been posting for 1 month consistently and I’m still lost on what I should focus on. I have a wellness app that I want to create content for. See [wellbody](http://www.wellbody.me) for reference.   At first I was creating educational content - no hard selling. It was a faceless account and I was getting minimal views. So in parallel I started a listicle page and a build-in-public page. Listicle page has been getting 2k views consistently but I feel like YT is capping me from getting more. The build in public page feels the most organic engagement out of the three.  I switched my main app account to go into more problem-solution with my product being the solution. I followed some story building logic and I saw the improvement in YT and TikTok. Carousels engaged better on TikTok. YT was better engagement that purely educational but not so great engagement overall.   And at the moment I’m not in the US (the ppl I want to target) - and apparently TikTok only shows your content in your region. This whole time I thought I was converting ppl from TikTok but when I looked at my audience it was primarily in Nepal! I guess YouTube was my main converter even with low engagement. So yeah now I’m posting via a VPN and my engagement took a huge drop on TikTok.   I’m reading from other influencers that a common palette and aesthetics are important so now I’m trying to set this up.   Don’t even get me started on instagram. I was getting 200-300 views per post and the one day they asked me to promote a post. I ignored it and now I get like 5-10 views per post. I think the aesthetic topic above might help but until i figure this out, IG is dead to me.  I looked at other account doing wellness and it seems that they are all doing UGC or they do not operate a faceless account. I’m not in the position to post myself (I’m not embarrassed I just have a job and need to maintain anonymity). I also don’t have the budget to pay for an influencer.   I’m not quitting but like 1 month in of consistency and it still feels like trial and error. The internet says to not stop and one day the algorithm blesses you but I don’t really have confidence in this idea.   This post is half venting, half seeking feedback/guidance. Thanks for listening. ",2026-02-07T11:37:28Z
engagement,social-media,informal,after,"Hi guys, just got this new 335, beautiful guitar. However, when plugging it in the first time, the bridge pick up didn't work....after switching back and forth it did engage but the switch to the bridge pick up has this weird bell like sound, I attached a link. Any thoughts?",2026-02-07T11:36:57Z
engagement,social-media,informal,after,"the eastern front WWII   The Red Army.   They were amazing. They were terrifying. They weren't human. Brutal. Savages. Suicidal. They came not as a fighting force of men but as an elemental wave. An ocean. Crushing and overwhelming and on all sides.   And then God above joined the onslaught with the snow to more perfectly surround them and make complete their destruction. He will trap our bodies and our minds and souls here with ice and snow, in their final terrible moments they'll be encased, in God's hurtling ice like Thor’s Angels of old.   The frozen mutilated dead were everywhere. Steam rose off the corpses and pieces of human detritus like fleeing spirits of great pain and woe. The white blinding landscape of blood red and death and sorrow. And steel.   They filled the world with steel. And fire. And it was terrifying. This was a hateful conflict. And it was fought to the bitter end.   Germany was to be brought to his knees. The knights of his precious reich broken.   Ullrich was lost amongst it all, a sea of butchery and merciless barbaric vengeance war all splashed violent red and lurid flaming orange across the vast white hell.   The Fuhrer had said it would be easy. That the Bolshevist dogs were in a rotten edifice. They need only kick in the door, the blitzkrieg bombast of their invasion arrival should've been enough to do it. Should've been.   That was what had been said. That had been the idea. Ideas were so much useless bullshit now. Nobody talked about them anymore. Not even newcomers. Hope was not just dead out here it was a farce in its grave. A putrid rotten necrophiled joke. Brought out to parade and dance and shoot and die all over again everyday when maneuvers began, for some they never ceased.    The Fuhrer himself had been deified. Exalted. Messianic godking for the second coming of Germany. Genius. Paternal. Father.   Now many referred to him as the bohemian corporal. Ullrich didn't refer to him at all. He didn't speak much anymore. It felt pointless. It felt like the worst and easiest way to dig up and dredge up everything awful and broken and in anguish inside of him. He didn't like to think much anymore either. Tried not to. Combat provided the perfect react-or-die distraction for him. For many. On both sides.   He made another deal with the devil and chose to live in the moment, every cataclysmic second of it. And let it all fall where it may, when it's all said and done.   I have done my duty.   He was the last. Of his outfit, for this company. Hitler's precious modern black knights. The SS. Many of the Wehrmacht hated them, had always hated them. Now many of the German regulars looked to Ullrich just as the propaganda would suggest. Lancelot upon the field. Our only hope against the great red dragon, the fearsome Russian colossus.   The only one of us who could take the tyrant…  Though this particular bit was considered doggerel by the officers and the high command and was as such, whispered. The officers in black despised rumors. They despised any talk of the ice tyrant.   As did the officers of their opponents. Nobody in command wanted talk of the tyrant. Nobody wanted talk of more myths. There was too much blood and fire for the pithy talk of myths. For some.   For some they needed it. As it is with Dieter, presently.   He was pestering Ullrich again. Ullrich was doing what he usually did since arriving to the snowy front, he was checking and cleaning and oiling his guns. Inspecting his weapons for the slightest imperfection or trace of Russian filth. Communist trash.   He hated this place.   They were put up at the moment, the pair, with four others at a machine gun outpost, far off from the main German front. Between them and the Reds. To defend against probing parties and lancing Communist thrusts. To probe and lance when and if the opportunity presented. Or when ordered.   He hated this place. They all hated this place.   “Do you think he really has a great axe of ice and bone?"" inquired Dieter eagerly. Too much like a child.  Ullrich didn't take his eyes of his work as he answered the regular.   ""Nonsense.”  The breath puffed out in ghosts in front of their red faces as they spoke. The only spirits in this place as far as the Waffen commando was concerned. He missed his other kind. His true compatriots and brothers. Zac. James. Bryan.   All of them were dead. And he was surrounded by frightened fools and Bolshevist hordes. They'd been wasted holding a position that no one could even remember the name of anymore. Nobody could even find it again.   Garbage. All of it and all of them were garbage. Even the leadership, whom he'd once reverentially trusted, had proven their worthlessness out here on the white death smeared diminished scarlet and gunpowder treason black. All of them, everyone was garbage.   Except for him. His work. And his hands. His dead brothers and their cold bravery too, they weren't garbage. Not to him.   And Dieter sometimes. He was ok. Although the same age he reminded him of his own little brother back home.   The little ones. Back home.   He pushed home away and felt the cold of the place stab into him again, his mind and heart. They ached and broke and had been broken so many times already.   We shouldn't even be here…  “I heard he doesn't care if you're Russian or Deutsch. He drags ya screaming through the ice into Hell all the way…”  ""At least it would be warmer.”  Dieter laughed, ""Crazy fucking stormtrooper. You might just snuggle into the bastard.”  Ullrich turned and smiled at the kid.  ""Might.”   He returned to his work. He was a good kid.   That day nothing happened. Nothing that night either.  The next day was different. They attacked in force and everything fell apart.   …  Fire and earth and snow. The artillery fire made running slaves of them all. Every outpost was abandoned, lost. They'd all fallen back ramshackle and panicked and bloody to the line. Then they'd lost that too. The onslaught of the Red Army horde had been too great.   They'd finally come in a wave too great even for German guns. An impossible sea of green and rifles and bayonet teeth and red stars of blood and Bolshevist revenge.   They'd laid into them and they'd fallen like before. In great human lines of corpses and mutilated obscenity. But they'd kept coming. And falling. Piling and stacking upon each other in a bloody mess of ruined flesh and uniforms and human detritus, twisted faces. Slaughtered Communist angels weeping and puking blood for their motherland and regime, piling up. Stacking.   And still more of them kept coming.   Some, like Dieter, were almost happy for the call to retreat. To fall back and away. They'd failed Germany. But at least they could escape the sight. The twisted human wreckage that just kept growing. As they fed it bullets. As they fed it lead and steel and death. It just kept growing. And seeming to become more alive even as it grew more slaughtered and lanced with fire and dead. It kept charging. It kept coming. The Red Army. The Red Army Horde.   Now they were running. Some of them were glad. All of them were frightened. Even Ullrich. He knew things were falling apart, all over, everywhere,  but to actually live through it…  The artillery fire made running slaves of them all. To the line. Losing it. And beyond.   …  In the mad panic and dash they'd made for an iced copse of dead black limbs, dead black trees. Stabbing up from the white like ancient  Spartan spears erupting for one last fray.    They can have this one, thought Ullrich. He was worried. The Russians were everywhere and Dieter was wounded.   He'd been hit. Shot. The back. Bastards.  “Am I going to be alright?""   “Of course. Don't be foolish. Now get up, we can't stay here long. We gotta get going.""   But Dieter could not move.  So that night they made grim camp in the snow. Amongst the dead limbs of the black copse.   That night as they lie there against dead ebon trees Dieter talked of home. And girls. And beer. And faerytales. Mostly these. Mostly dreams.   “Do you think he's real?""   “Who?""  “The ice tyrant! The great blue giant that roams Russia’s snows with weapons of ice and bone. Like a great nomadic barbarian warrior.”  Ullrich wasn't sure of what to say at first. He was silent. But then he spoke, he'd realized something.   ""Yeah.”  ""Really? You do?”  ""Sure. Saw em.”   ""What? And you never told me?”  ""Classified information, herr brother. Sensitive Waffen engagement.""   A beat.   “You're kidding…” Dieter was awestruck. A child again. Out here in the snow and in the copse of twisting black. Far away from home.   “I'd never joke about such a fierce engagement, Dieter. We encountered him on one of our soirtees into Stalingrad.”  ""All the way in Stalingrad?”   ""Yes. We were probing, clandestine, when we came upon him. My compatriots and I.”  “What'd he look like?""   A beat.   “He was big. And blue. And he had lots of weapons. And bones.""   ""What'd you do?”  Ullrich smiled at the boy, he hoped it was as warm as he wanted it to be.   ""We let em have it.”  ""Goddamn stormtrooper! You desperate gunfighter! You wild commando, you really are Lancelot out here on the snow!""   And then the dying child looked up into his watering eyes and said something that he hadn't expected. Nor wanted.   “You're my hero.""   …  The boy died in the night. Ullrich wept. Broken. No longer a knight for anything honorable or glorious. Alone.   About four hours later he picked himself up and marched out of the woods. Alone.   Alone.   …  He wandered aimlessly and without direction. Blind on the white landscape of cold and treachery when he first saw it, or thought so. He also thought his eyes might be betraying him, everything else had out here on this wretched land.   It was a hulking mass in the blur of falling pristine pale and glow, he wasn't sure if it was night or day anymore and didn't really care either. The hulking thing in the glow grew larger and neared and dominated the scene.   Ullrich did not think any longer. By madness or some animal instinct or both, he was driven forward and went to the thing.   It grew. He didn't fear it. Didn't fear anything any longer. The thought that it might be the enemy or another combatant of some kind or some other danger never filled his mind.   He just went to it. And it grew. Towered as he neared.   Ullrich stood before the giant now. He gazed up at him. The giant looked down.   Blue… Dieter had been right.   But it was the pale hue of frozen death, not the beauty of heavens and the sky above. It was riddled with a grotesque webwork of red scars that covered the whole of his titanic naked frame. Muscles upon muscles that were grotesquely huge. They ballooned impossibly and misshapen all about the giant’s body. The face was the pugnacious grimace face of a goblin-orc. Drooling. Frozen snot in green icicles. The hair was viking warrior length and as ghostly wispy as the snowfall of this phantom landscape.  And here he ruled.   The pair stood. German and giant. Neither moved for awhile. They drank in the gaze of each other.  Then the giant raised a great hand, the one unencumbered with a great war axe of hacking ice and sharpened bone, and held it out palm up. In token of payment, of toll.   Unthinking, Ullrich’s hand slowly went to the Iron Cross pinned to his lapel, he ripped it off easily and slowly reached out and placed it in the great and ancient weathered palm of the tyrant.   One word, one from the past, one of his old officers, shot through his mind then unbidden. But lancing and firebright all the same.   Nephilim.   The great palm closed and the tyrant turned and wandered off without a word. But Ullrich could still feel the intensity of his gaze.   Would forever feel it as long as he roamed.  Ullrich went on. Trying to find his company, his army, Germany. Alone.   Alone.   THE END",2026-02-07T11:36:07Z
engagement,social-media,informal,after,"I run a growing marketing agency and am looking to bring on a **Social Media Manager** to handle multiple client accounts across platforms.  This role is not about posting for the sake of activity. It is about **measurable outcomes**: growth, engagement, leads, and conversions.  **What I’m looking for**  * Proven experience managing social media for brands or clients * Clear understanding of platform mechanics (especially Instagram, X, LinkedIn, and TikTok) * Ability to translate strategy into execution: content planning, posting, optimisation * Strong communication and reliability * Agencies *are* welcome to apply * **India preferred** (for time-zone alignment and communication)  **What matters most**  * **Results.** If you message me, please come with something concrete to show: screenshots, analytics, case studies, or before/after examples. * I am far more interested in *what you have achieved* than in how long you have been doing this.  **Payment**  * Competitive * **Hybrid model** preferred (base + performance incentives), open to discussion depending on experience and results  **How to apply**  * Send me a **direct message**, not a comment * Briefly introduce yourself (or your agency) * **Include proof of results** you have delivered for past clients  Messages without evidence of results will not be prioritised.  This is a long-term opportunity for the right fit.",2026-02-07T11:35:40Z
engagement,social-media,informal,after,"I applied to this company. Normal process naman. Then they even have a design exam. I took and soent an hour or two. Then after meron pa palang ganito. 10k for the supposedly training period. PERO, makukuha mo lang yung 10k if nacomplete mo 10 days and sabihin nilang approve sakanila. I asked what’s the metrics and sabi lang is yung trainer ang magsasabi.   I asked a lawyer friend and sabi dapat daw hindi ganito ang contract if there are criteria, dapat nakalagay hindi yung ganito na sobrang vague. Pwede nila sabihing “di ka pasado” kahit nagwork ka ng 10 days with them.   I honestly not planning to take this bs. Probably para ndn for awareness. Pero correct me if I’m wrong. ",2026-02-07T11:35:36Z
engagement,social-media,informal,after,"# Your brain isn't broken. But it's probably been hijacked.  I spent months researching this after realizing I couldn't finish a single chapter without checking my phone. Turns out, this isn't just a ""me"" problem. The average attention span has dropped from 12 seconds in 2000 to 8 seconds today. Goldfish officially beat us at 9 seconds. But here's what I found digging through neuroscience research, podcasts with cognitive scientists, and books from people who've actually studied this stuff, our brains are incredibly adaptable. We can rebuild what's been eroded.  The issue isn't willpower. It's that we're fighting billion dollar algorithms designed to fragment our focus. Social media platforms literally employ behavioral psychologists to make their apps more addictive. Your biology is being weaponized against you. But once you understand the mechanics, you can reverse the damage.  Start with dopamine detoxing, but make it actually sustainable. [Dr. Anna Lembke's](https://med.stanford.edu/profiles/anna-lembke) book Dopamine Nation completely changed how I think about this. She's a psychiatrist and addiction expert at Stanford, and the book hit the NYT bestseller list for good reason. She explains how our brains are wired for a delicate pleasure/pain balance, but constant stimulation from phones, social media, and streaming has thrown everything off. We're essentially in a state of chronic dopamine overload. Her solution isn't some extreme monk mode BS. It's about creating ""dopamine fasting"" windows where you deliberately avoid high stimulation activities. I started with just 1 hour in the morning, no phone, no music, no podcasts. Just existing. Sounds unbearable at first, but your brain recalibrates faster than you'd think. Within two weeks I could actually sit with my thoughts without losing my mind.  **Train your brain like a muscle with deliberate focus sessions.** Cal Newport talks about this extensively in Deep Work, which is basically the bible for anyone trying to unfuck their attention span. Newport's a computer science professor at Georgetown who's written multiple bestsellers on productivity. The core concept is treating focused work as a skill you deliberately practice. Start absurdly small. Set a timer for 20 minutes and work on ONE thing. No email. No Slack. No ""just quickly checking"" anything. When your brain screams for distraction (and it will), notice the urge but don't act on it. Write it down if you need to. This is literally rewiring your neural pathways. The Pomodoro technique works here too, 25 minutes of focus, 5 minute break. But the key is genuine single tasking during those 25 minutes. Most people think they're focused when they're really just rapidly task switching.  **Rebuild your reading stamina through incremental exposure.** This one's personal because I used to inhale books as a kid, then suddenly couldn't get past page 10 without my mind wandering. Neuroscientist Maryanne Wolf (she literally wrote the book on reading and the brain called Reader, Come Home) explains that deep reading creates unique neural circuits. But these circuits atrophy when we only engage in skimming and scrolling. Her advice is counterintuitive, start with short form content you actually enjoy, but read it on paper. Physical books or printed articles. The lack of hyperlinks and notifications makes a massive difference. I started with 10 pages a day of anything, fiction, nonfiction, whatever held my interest. No pressure to retain or analyze. Just the act of sustained reading. After a month I was back to finishing books.  If sitting down with physical books feels like too much friction right now, there's [BeFreed](https://apps.apple.com/us/app/befreed-learn-anything/id6739747450), a personalized learning app that turns books, research papers, and expert insights into custom audio podcasts. Built by former Google engineers and Columbia grads, it pulls from sources like the ones mentioned here (Dopamine Nation, Deep Work, neuroscience research) and tailors them to your exact goals, like ""rebuild my attention span as someone who can't focus for 5 minutes."" You control the depth, from quick 10-minute summaries to 40-minute deep dives when something clicks. The voice options are genuinely addictive, there's even a smoky, sarcastic style that makes learning feel less like work. It creates a structured learning plan that evolves with you, and you can ask questions mid-episode or customize what you want to focus on next. Perfect for commutes or gym time when you want to grow but doom-scrolling feels easier.  The app Readwise can help here too, it resurfaces highlights from stuff you've read, which reinforces the neural pathways and makes reading feel more rewarding.  **Protect your sleep like your attention depends on it, because it does.** [Dr. Matthew Walker's](https://psychology.berkeley.edu/people/matthew-p-walker) Why We Sleep is legitimately one of the most important books I've read. He's a neuroscience professor at UC Berkeley and his research on sleep's impact on cognitive function is pretty alarming. Even one night of poor sleep significantly impairs your prefrontal cortex, which is exactly the part of your brain responsible for focus and impulse control. Basically, when you're sleep deprived, you have zero chance of maintaining attention. His recommendation is non negotiable 7-9 hours, consistent sleep schedule, cool dark room, no screens an hour before bed. I use the Insight Timer app for guided sleep meditations when my brain won't shut up. It's free and has thousands of options, way better than paying for Calm or Headspace.  **Reclaim your morning before the chaos starts.** This isn't some rise and grind hustle culture thing, it's about giving your brain a fighting chance. The first hour after waking up is when your prefrontal cortex is most capable of focused work. But most of us immediately drown it in emails, news, and social media. That's like running a marathon before breakfast and wondering why you're exhausted. Try this for one week, phone stays in another room overnight, airplane mode until you've done at least one meaningful task in the morning. For me that's writing or reading. Sometimes it's just sitting with coffee and planning my day. But it's MY time before the world makes demands. The difference in mental clarity is insane.  **Create friction for distractions, make focus the path of least resistance.** Delete social media apps from your phone. You can still access them via browser, but that extra step matters. Use website blockers like Freedom or Cold Turkey during work sessions. Put your phone in another room. Sounds dramatic but physical distance actually works. The goal isn't perfection, it's making distraction slightly harder than staying focused. Your brain will naturally follow the easiest path.  The uncomfortable truth is that rebuilding your attention span requires consistently choosing short term discomfort for long term gain. But neuroplasticity is real. Your brain will adapt. You just have to give it the conditions to do so.",2026-02-07T11:35:08Z
engagement,social-media,informal,after,"the eastern front WWII   The Red Army.   They were amazing. They were terrifying. They weren't human. Brutal. Savages. Suicidal. They came not as a fighting force of men but as an elemental wave. An ocean. Crushing and overwhelming and on all sides.   And then God above joined the onslaught with the snow to more perfectly surround them and make complete their destruction. He will trap our bodies and our minds and souls here with ice and snow, in their final terrible moments they'll be encased, in God's hurtling ice like Thor’s Angels of old.   The frozen mutilated dead were everywhere. Steam rose off the corpses and pieces of human detritus like fleeing spirits of great pain and woe. The white blinding landscape of blood red and death and sorrow. And steel.   They filled the world with steel. And fire. And it was terrifying. This was a hateful conflict. And it was fought to the bitter end.   Germany was to be brought to his knees. The knights of his precious reich broken.   Ullrich was lost amongst it all, a sea of butchery and merciless barbaric vengeance war all splashed violent red and lurid flaming orange across the vast white hell.   The Fuhrer had said it would be easy. That the Bolshevist dogs were in a rotten edifice. They need only kick in the door, the blitzkrieg bombast of their invasion arrival should've been enough to do it. Should've been.   That was what had been said. That had been the idea. Ideas were so much useless bullshit now. Nobody talked about them anymore. Not even newcomers. Hope was not just dead out here it was a farce in its grave. A putrid rotten necrophiled joke. Brought out to parade and dance and shoot and die all over again everyday when maneuvers began, for some they never ceased.    The Fuhrer himself had been deified. Exalted. Messianic godking for the second coming of Germany. Genius. Paternal. Father.   Now many referred to him as the bohemian corporal. Ullrich didn't refer to him at all. He didn't speak much anymore. It felt pointless. It felt like the worst and easiest way to dig up and dredge up everything awful and broken and in anguish inside of him. He didn't like to think much anymore either. Tried not to. Combat provided the perfect react-or-die distraction for him. For many. On both sides.   He made another deal with the devil and chose to live in the moment, every cataclysmic second of it. And let it all fall where it may, when it's all said and done.   I have done my duty.   He was the last. Of his outfit, for this company. Hitler's precious modern black knights. The SS. Many of the Wehrmacht hated them, had always hated them. Now many of the German regulars looked to Ullrich just as the propaganda would suggest. Lancelot upon the field. Our only hope against the great red dragon, the fearsome Russian colossus.   The only one of us who could take the tyrant…  Though this particular bit was considered doggerel by the officers and the high command and was as such, whispered. The officers in black despised rumors. They despised any talk of the ice tyrant.   As did the officers of their opponents. Nobody in command wanted talk of the tyrant. Nobody wanted talk of more myths. There was too much blood and fire for the pithy talk of myths. For some.   For some they needed it. As it is with Dieter, presently.   He was pestering Ullrich again. Ullrich was doing what he usually did since arriving to the snowy front, he was checking and cleaning and oiling his guns. Inspecting his weapons for the slightest imperfection or trace of Russian filth. Communist trash.   He hated this place.   They were put up at the moment, the pair, with four others at a machine gun outpost, far off from the main German front. Between them and the Reds. To defend against probing parties and lancing Communist thrusts. To probe and lance when and if the opportunity presented. Or when ordered.   He hated this place. They all hated this place.   “Do you think he really has a great axe of ice and bone?"" inquired Dieter eagerly. Too much like a child.  Ullrich didn't take his eyes of his work as he answered the regular.   ""Nonsense.”  The breath puffed out in ghosts in front of their red faces as they spoke. The only spirits in this place as far as the Waffen commando was concerned. He missed his other kind. His true compatriots and brothers. Zac. James. Bryan.   All of them were dead. And he was surrounded by frightened fools and Bolshevist hordes. They'd been wasted holding a position that no one could even remember the name of anymore. Nobody could even find it again.   Garbage. All of it and all of them were garbage. Even the leadership, whom he'd once reverentially trusted, had proven their worthlessness out here on the white death smeared diminished scarlet and gunpowder treason black. All of them, everyone was garbage.   Except for him. His work. And his hands. His dead brothers and their cold bravery too, they weren't garbage. Not to him.   And Dieter sometimes. He was ok. Although the same age he reminded him of his own little brother back home.   The little ones. Back home.   He pushed home away and felt the cold of the place stab into him again, his mind and heart. They ached and broke and had been broken so many times already.   We shouldn't even be here…  “I heard he doesn't care if you're Russian or Deutsch. He drags ya screaming through the ice into Hell all the way…”  ""At least it would be warmer.”  Dieter laughed, ""Crazy fucking stormtrooper. You might just snuggle into the bastard.”  Ullrich turned and smiled at the kid.  ""Might.”   He returned to his work. He was a good kid.   That day nothing happened. Nothing that night either.  The next day was different. They attacked in force and everything fell apart.   …  Fire and earth and snow. The artillery fire made running slaves of them all. Every outpost was abandoned, lost. They'd all fallen back ramshackle and panicked and bloody to the line. Then they'd lost that too. The onslaught of the Red Army horde had been too great.   They'd finally come in a wave too great even for German guns. An impossible sea of green and rifles and bayonet teeth and red stars of blood and Bolshevist revenge.   They'd laid into them and they'd fallen like before. In great human lines of corpses and mutilated obscenity. But they'd kept coming. And falling. Piling and stacking upon each other in a bloody mess of ruined flesh and uniforms and human detritus, twisted faces. Slaughtered Communist angels weeping and puking blood for their motherland and regime, piling up. Stacking.   And still more of them kept coming.   Some, like Dieter, were almost happy for the call to retreat. To fall back and away. They'd failed Germany. But at least they could escape the sight. The twisted human wreckage that just kept growing. As they fed it bullets. As they fed it lead and steel and death. It just kept growing. And seeming to become more alive even as it grew more slaughtered and lanced with fire and dead. It kept charging. It kept coming. The Red Army. The Red Army Horde.   Now they were running. Some of them were glad. All of them were frightened. Even Ullrich. He knew things were falling apart, all over, everywhere,  but to actually live through it…  The artillery fire made running slaves of them all. To the line. Losing it. And beyond.   …  In the mad panic and dash they'd made for an iced copse of dead black limbs, dead black trees. Stabbing up from the white like ancient  Spartan spears erupting for one last fray.    They can have this one, thought Ullrich. He was worried. The Russians were everywhere and Dieter was wounded.   He'd been hit. Shot. The back. Bastards.  “Am I going to be alright?""   “Of course. Don't be foolish. Now get up, we can't stay here long. We gotta get going.""   But Dieter could not move.  So that night they made grim camp in the snow. Amongst the dead limbs of the black copse.   That night as they lie there against dead ebon trees Dieter talked of home. And girls. And beer. And faerytales. Mostly these. Mostly dreams.   “Do you think he's real?""   “Who?""  “The ice tyrant! The great blue giant that roams Russia’s snows with weapons of ice and bone. Like a great nomadic barbarian warrior.”  Ullrich wasn't sure of what to say at first. He was silent. But then he spoke, he'd realized something.   ""Yeah.”  ""Really? You do?”  ""Sure. Saw em.”   ""What? And you never told me?”  ""Classified information, herr brother. Sensitive Waffen engagement.""   A beat.   “You're kidding…” Dieter was awestruck. A child again. Out here in the snow and in the copse of twisting black. Far away from home.   “I'd never joke about such a fierce engagement, Dieter. We encountered him on one of our soirtees into Stalingrad.”  ""All the way in Stalingrad?”   ""Yes. We were probing, clandestine, when we came upon him. My compatriots and I.”  “What'd he look like?""   A beat.   “He was big. And blue. And he had lots of weapons. And bones.""   ""What'd you do?”  Ullrich smiled at the boy, he hoped it was as warm as he wanted it to be.   ""We let em have it.”  ""Goddamn stormtrooper! You desperate gunfighter! You wild commando, you really are Lancelot out here on the snow!""   And then the dying child looked up into his watering eyes and said something that he hadn't expected. Nor wanted.   “You're my hero.""   …  The boy died in the night. Ullrich wept. Broken. No longer a knight for anything honorable or glorious. Alone.   About four hours later he picked himself up and marched out of the woods. Alone.   Alone.   …  He wandered aimlessly and without direction. Blind on the white landscape of cold and treachery when he first saw it, or thought so. He also thought his eyes might be betraying him, everything else had out here on this wretched land.   It was a hulking mass in the blur of falling pristine pale and glow, he wasn't sure if it was night or day anymore and didn't really care either. The hulking thing in the glow grew larger and neared and dominated the scene.   Ullrich did not think any longer. By madness or some animal instinct or both, he was driven forward and went to the thing.   It grew. He didn't fear it. Didn't fear anything any longer. The thought that it might be the enemy or another combatant of some kind or some other danger never filled his mind.   He just went to it. And it grew. Towered as he neared.   Ullrich stood before the giant now. He gazed up at him. The giant looked down.   Blue… Dieter had been right.   But it was the pale hue of frozen death, not the beauty of heavens and the sky above. It was riddled with a grotesque webwork of red scars that covered the whole of his titanic naked frame. Muscles upon muscles that were grotesquely huge. They ballooned impossibly and misshapen all about the giant’s body. The face was the pugnacious grimace face of a goblin-orc. Drooling. Frozen snot in green icicles. The hair was viking warrior length and as ghostly wispy as the snowfall of this phantom landscape.  And here he ruled.   The pair stood. German and giant. Neither moved for awhile. They drank in the gaze of each other.  Then the giant raised a great hand, the one unencumbered with a great war axe of hacking ice and sharpened bone, and held it out palm up. In token of payment, of toll.   Unthinking, Ullrich’s hand slowly went to the Iron Cross pinned to his lapel, he ripped it off easily and slowly reached out and placed it in the great and ancient weathered palm of the tyrant.   One word, one from the past, one of his old officers, shot through his mind then unbidden. But lancing and firebright all the same.   Nephilim.   The great palm closed and the tyrant turned and wandered off without a word. But Ullrich could still feel the intensity of his gaze.   Would forever feel it as long as he roamed.  Ullrich went on. Trying to find his company, his army, Germany. Alone.   Alone.   THE END",2026-02-07T11:34:01Z
engagement,social-media,informal,after,"the eastern front WWII   The Red Army.   They were amazing. They were terrifying. They weren't human. Brutal. Savages. Suicidal. They came not as a fighting force of men but as an elemental wave. An ocean. Crushing and overwhelming and on all sides.   And then God above joined the onslaught with the snow to more perfectly surround them and make complete their destruction. He will trap our bodies and our minds and souls here with ice and snow, in their final terrible moments they'll be encased, in God's hurtling ice like Thor’s Angels of old.   The frozen mutilated dead were everywhere. Steam rose off the corpses and pieces of human detritus like fleeing spirits of great pain and woe. The white blinding landscape of blood red and death and sorrow. And steel.   They filled the world with steel. And fire. And it was terrifying. This was a hateful conflict. And it was fought to the bitter end.   Germany was to be brought to his knees. The knights of his precious reich broken.   Ullrich was lost amongst it all, a sea of butchery and merciless barbaric vengeance war all splashed violent red and lurid flaming orange across the vast white hell.   The Fuhrer had said it would be easy. That the Bolshevist dogs were in a rotten edifice. They need only kick in the door, the blitzkrieg bombast of their invasion arrival should've been enough to do it. Should've been.   That was what had been said. That had been the idea. Ideas were so much useless bullshit now. Nobody talked about them anymore. Not even newcomers. Hope was not just dead out here it was a farce in its grave. A putrid rotten necrophiled joke. Brought out to parade and dance and shoot and die all over again everyday when maneuvers began, for some they never ceased.    The Fuhrer himself had been deified. Exalted. Messianic godking for the second coming of Germany. Genius. Paternal. Father.   Now many referred to him as the bohemian corporal. Ullrich didn't refer to him at all. He didn't speak much anymore. It felt pointless. It felt like the worst and easiest way to dig up and dredge up everything awful and broken and in anguish inside of him. He didn't like to think much anymore either. Tried not to. Combat provided the perfect react-or-die distraction for him. For many. On both sides.   He made another deal with the devil and chose to live in the moment, every cataclysmic second of it. And let it all fall where it may, when it's all said and done.   I have done my duty.   He was the last. Of his outfit, for this company. Hitler's precious modern black knights. The SS. Many of the Wehrmacht hated them, had always hated them. Now many of the German regulars looked to Ullrich just as the propaganda would suggest. Lancelot upon the field. Our only hope against the great red dragon, the fearsome Russian colossus.   The only one of us who could take the tyrant…  Though this particular bit was considered doggerel by the officers and the high command and was as such, whispered. The officers in black despised rumors. They despised any talk of the ice tyrant.   As did the officers of their opponents. Nobody in command wanted talk of the tyrant. Nobody wanted talk of more myths. There was too much blood and fire for the pithy talk of myths. For some.   For some they needed it. As it is with Dieter, presently.   He was pestering Ullrich again. Ullrich was doing what he usually did since arriving to the snowy front, he was checking and cleaning and oiling his guns. Inspecting his weapons for the slightest imperfection or trace of Russian filth. Communist trash.   He hated this place.   They were put up at the moment, the pair, with four others at a machine gun outpost, far off from the main German front. Between them and the Reds. To defend against probing parties and lancing Communist thrusts. To probe and lance when and if the opportunity presented. Or when ordered.   He hated this place. They all hated this place.   “Do you think he really has a great axe of ice and bone?"" inquired Dieter eagerly. Too much like a child.  Ullrich didn't take his eyes of his work as he answered the regular.   ""Nonsense.”  The breath puffed out in ghosts in front of their red faces as they spoke. The only spirits in this place as far as the Waffen commando was concerned. He missed his other kind. His true compatriots and brothers. Zac. James. Bryan.   All of them were dead. And he was surrounded by frightened fools and Bolshevist hordes. They'd been wasted holding a position that no one could even remember the name of anymore. Nobody could even find it again.   Garbage. All of it and all of them were garbage. Even the leadership, whom he'd once reverentially trusted, had proven their worthlessness out here on the white death smeared diminished scarlet and gunpowder treason black. All of them, everyone was garbage.   Except for him. His work. And his hands. His dead brothers and their cold bravery too, they weren't garbage. Not to him.   And Dieter sometimes. He was ok. Although the same age he reminded him of his own little brother back home.   The little ones. Back home.   He pushed home away and felt the cold of the place stab into him again, his mind and heart. They ached and broke and had been broken so many times already.   We shouldn't even be here…  “I heard he doesn't care if you're Russian or Deutsch. He drags ya screaming through the ice into Hell all the way…”  ""At least it would be warmer.”  Dieter laughed, ""Crazy fucking stormtrooper. You might just snuggle into the bastard.”  Ullrich turned and smiled at the kid.  ""Might.”   He returned to his work. He was a good kid.   That day nothing happened. Nothing that night either.  The next day was different. They attacked in force and everything fell apart.   …  Fire and earth and snow. The artillery fire made running slaves of them all. Every outpost was abandoned, lost. They'd all fallen back ramshackle and panicked and bloody to the line. Then they'd lost that too. The onslaught of the Red Army horde had been too great.   They'd finally come in a wave too great even for German guns. An impossible sea of green and rifles and bayonet teeth and red stars of blood and Bolshevist revenge.   They'd laid into them and they'd fallen like before. In great human lines of corpses and mutilated obscenity. But they'd kept coming. And falling. Piling and stacking upon each other in a bloody mess of ruined flesh and uniforms and human detritus, twisted faces. Slaughtered Communist angels weeping and puking blood for their motherland and regime, piling up. Stacking.   And still more of them kept coming.   Some, like Dieter, were almost happy for the call to retreat. To fall back and away. They'd failed Germany. But at least they could escape the sight. The twisted human wreckage that just kept growing. As they fed it bullets. As they fed it lead and steel and death. It just kept growing. And seeming to become more alive even as it grew more slaughtered and lanced with fire and dead. It kept charging. It kept coming. The Red Army. The Red Army Horde.   Now they were running. Some of them were glad. All of them were frightened. Even Ullrich. He knew things were falling apart, all over, everywhere,  but to actually live through it…  The artillery fire made running slaves of them all. To the line. Losing it. And beyond.   …  In the mad panic and dash they'd made for an iced copse of dead black limbs, dead black trees. Stabbing up from the white like ancient  Spartan spears erupting for one last fray.    They can have this one, thought Ullrich. He was worried. The Russians were everywhere and Dieter was wounded.   He'd been hit. Shot. The back. Bastards.  “Am I going to be alright?""   “Of course. Don't be foolish. Now get up, we can't stay here long. We gotta get going.""   But Dieter could not move.  So that night they made grim camp in the snow. Amongst the dead limbs of the black copse.   That night as they lie there against dead ebon trees Dieter talked of home. And girls. And beer. And faerytales. Mostly these. Mostly dreams.   “Do you think he's real?""   “Who?""  “The ice tyrant! The great blue giant that roams Russia’s snows with weapons of ice and bone. Like a great nomadic barbarian warrior.”  Ullrich wasn't sure of what to say at first. He was silent. But then he spoke, he'd realized something.   ""Yeah.”  ""Really? You do?”  ""Sure. Saw em.”   ""What? And you never told me?”  ""Classified information, herr brother. Sensitive Waffen engagement.""   A beat.   “You're kidding…” Dieter was awestruck. A child again. Out here in the snow and in the copse of twisting black. Far away from home.   “I'd never joke about such a fierce engagement, Dieter. We encountered him on one of our soirtees into Stalingrad.”  ""All the way in Stalingrad?”   ""Yes. We were probing, clandestine, when we came upon him. My compatriots and I.”  “What'd he look like?""   A beat.   “He was big. And blue. And he had lots of weapons. And bones.""   ""What'd you do?”  Ullrich smiled at the boy, he hoped it was as warm as he wanted it to be.   ""We let em have it.”  ""Goddamn stormtrooper! You desperate gunfighter! You wild commando, you really are Lancelot out here on the snow!""   And then the dying child looked up into his watering eyes and said something that he hadn't expected. Nor wanted.   “You're my hero.""   …  The boy died in the night. Ullrich wept. Broken. No longer a knight for anything honorable or glorious. Alone.   About four hours later he picked himself up and marched out of the woods. Alone.   Alone.   …  He wandered aimlessly and without direction. Blind on the white landscape of cold and treachery when he first saw it, or thought so. He also thought his eyes might be betraying him, everything else had out here on this wretched land.   It was a hulking mass in the blur of falling pristine pale and glow, he wasn't sure if it was night or day anymore and didn't really care either. The hulking thing in the glow grew larger and neared and dominated the scene.   Ullrich did not think any longer. By madness or some animal instinct or both, he was driven forward and went to the thing.   It grew. He didn't fear it. Didn't fear anything any longer. The thought that it might be the enemy or another combatant of some kind or some other danger never filled his mind.   He just went to it. And it grew. Towered as he neared.   Ullrich stood before the giant now. He gazed up at him. The giant looked down.   Blue… Dieter had been right.   But it was the pale hue of frozen death, not the beauty of heavens and the sky above. It was riddled with a grotesque webwork of red scars that covered the whole of his titanic naked frame. Muscles upon muscles that were grotesquely huge. They ballooned impossibly and misshapen all about the giant’s body. The face was the pugnacious grimace face of a goblin-orc. Drooling. Frozen snot in green icicles. The hair was viking warrior length and as ghostly wispy as the snowfall of this phantom landscape.  And here he ruled.   The pair stood. German and giant. Neither moved for awhile. They drank in the gaze of each other.  Then the giant raised a great hand, the one unencumbered with a great war axe of hacking ice and sharpened bone, and held it out palm up. In token of payment, of toll.   Unthinking, Ullrich’s hand slowly went to the Iron Cross pinned to his lapel, he ripped it off easily and slowly reached out and placed it in the great and ancient weathered palm of the tyrant.   One word, one from the past, one of his old officers, shot through his mind then unbidden. But lancing and firebright all the same.   Nephilim.   The great palm closed and the tyrant turned and wandered off without a word. But Ullrich could still feel the intensity of his gaze.   Would forever feel it as long as he roamed.  Ullrich went on. Trying to find his company, his army, Germany. Alone.   Alone.   THE END",2026-02-07T11:33:15Z
engagement,social-media,informal,after,"I run a growing marketing agency and am looking to bring on a **Social Media Manager** to handle multiple client accounts across platforms.  This role is not about posting for the sake of activity. It is about **measurable outcomes**: growth, engagement, leads, and conversions.  **What I’m looking for**  * Proven experience managing social media for brands or clients * Clear understanding of platform mechanics (especially Instagram, X, LinkedIn, and TikTok) * Ability to translate strategy into execution: content planning, posting, optimisation * Strong communication and reliability * Agencies *are* welcome to apply * **India preferred** (for time-zone alignment and communication)  **What matters most**  * **Results.** If you message me, please come with something concrete to show: screenshots, analytics, case studies, or before/after examples. * I am far more interested in *what you have achieved* than in how long you have been doing this.  **Payment**  * Competitive * **Hybrid model** preferred (base + performance incentives), open to discussion depending on experience and results  **How to apply**  * Send me a **direct message**, not a comment * Briefly introduce yourself (or your agency) * **Include proof of results** you have delivered for past clients  Messages without evidence of results will not be prioritised.  This is a long-term opportunity for the right fit.",2026-02-07T11:32:56Z
engagement,social-media,informal,after,"There’s no cure yet for [Alzheimer’s disease](https://www.ndtv.com/health/mind-workouts-that-boost-memory-and-reduce-the-chances-of-alzheimers-10964463), but emerging evidence suggests that certain mental and physical activities may help boost memory and reduce the risk of cognitive decline, especially when incorporated into daily life. This isn’t just feel good advice; it’s backed by research into brain health and lifestyle factors.  [Mind workouts, physical activity, and healthy lifestyle habits can strengthen memory and may reduce the risk of Alzheimer’s.](https://preview.redd.it/wpav69c862ig1.png?width=684&format=png&auto=webp&s=d0f1d113818c207f1f9671c0103cc3ac4014039f)  # What Experts Say  Doctors emphasize that while Alzheimer’s can’t be cured, lifestyle habits and *mind workouts* can strengthen memory and potentially delay or reduce the risk of developing the disease. Strategies include dedicated cognitive training, aerobic activity, learning new skills, and social engagement.  Here’s a breakdown of what that means  plus extra context from research and brain science:  # 1) Targeted Cognitive Training Can Help Strengthen Memory  Rather than doing random puzzle games, structured cognitive training  tasks that challenge reasoning, memory, and processing speed  can improve memory function and build what scientists call *cognitive reserve* (a resilience factor that helps the brain cope with age-related changes).  Doing these activities regularly  around 20–30 minutes per session, several days a week  gives your brain a “workout” and helps build strong neural connections that support memory and thinking.  # 2) Aerobic Exercise Supports Brain Health  Physical activity increases blood flow to the brain, delivering oxygen and nutrients that support neuron function. Exercise also stimulates neurotrophic factors  proteins that help brain cells survive and form new connections.  Studies show that regular aerobic exercise is associated with a lower risk of cognitive decline and dementia compared with being inactive. Moderate exercise, like brisk walking, cycling, or swimming, for about 150 minutes per week is often recommended.  # 3) Learn New Skills  Challenge Your Brain  Taking up a new language, musical instrument, or hobby forces your brain to form new neural connections. This kind of *novel cognitive challenge* builds cognitive reserve, making the brain more resilient to aging and neurodegeneration.  Routine tasks alone don’t push your brain the same way  you want *new* experiences that require active learning and mental effort.  # 4) Social Interaction Is Powerful  Socializing requires complex brain processing: interpreting language, remembering details, and navigating conversation patterns. This stimulates cognitive functions and may help slow cognitive decline.  Joining group activities  from book clubs to dance classes or volunteer work  combines social engagement with mental stimulation.  # 5) A Holistic Lifestyle Boosts Brain Health  While targeted mind workouts are helpful, cognitive health benefits most from a combination of lifestyle habits:  * Exercise regularly — boosts blood flow and brain signaling. * Stay mentally active — reading, puzzles, learning new skills. * Sleep well — sleep helps clear toxins and consolidate memories. * Eat healthily — nutrient-rich foods support brain function. * Manage stress — chronic stress can harm cognitive health.  Together, these habits create a protective environment for your brain, and research suggests that lifestyle factors like exercise and cognitive engagement can *delay or lower the risk of dementia and Alzheimer’s*.  # Final Thoughts  There’s no single magic bullet to prevent Alzheimer’s, but science increasingly shows that regular mental challenge combined with physical activity and healthy living builds resilience. Whether you’re in your 30s, 50s, or older, adopting these brain-healthy habits *now* may help protect your memory and cognitive function later in life.  Discussion prompt for Reddit: What *mind workouts* do you think are most effective? Crossword puzzles, learning languages, physical activity, or something else?",2026-02-07T11:32:45Z
engagement,social-media,informal,after,"Hey all — I’m looking for critique on the opening section (\~500 words) of a short story I’m working on. I have more, but don’t want to dump it all on you at once…  It’s a dark comedy/horror about a kid born into a family of “killer clowns” because of an old curse, who tries to stop the violence using wellness/breathing exercises instead of murder. Tone is meant to be deadpan, a bit absurd, but still tense.  Mostly looking for feedback on:  	•	Does the voice work?  	•	Does the premise feel engaging or too goofy?  	•	Any pacing issues or spots that drag?  	•	Anything confusing?  Happy to swap critiques if needed. Thanks for reading 🙂  I Don’t Want To Be A Killer Clown  I’m eighteen today — the same age my dad was when he started training to take over the family business.  So was his dad. So was his dad’s dad. And so on.  Dad says he couldn’t wait to start. He’d been training for years in secret, so by the time it became “official,” he was ready.  Mum started earlier — sixteen. The women always do. They “mature faster,” apparently. But honestly? I think it’s because teenage girls are terrifying.  Like Dad, Mum’s family were killer clowns too. That’s how they met.  It’s easier to settle down with someone already in the game.  You can marry outside, of course — a non-clown, a non-killer. They call that “true love.”  If you do, though, you’d better be good at sneaking around — or very good at convincing your partner to throw on a wig and red nose and help you murder people.  Even if you explain the reason, they’ll probably need some… persuasion.  There is a reason, though. A hundred years ago, a circus came to a small town that had never had one before. The whole place was buzzing.  Opening night. Everyone turned up. Men, women, kids. The air smelled of sawdust and face paint. You could taste it.  Then came a honk. A crackly giggle.  Four figures shuffled out from the back of the tent, shaking with laughter.  Children screamed. Adults shouted.  The laughter didn’t stop — it bounced around the tent, wild and hollow.  Parents stormed the aisle, yelling for the noise to stop.  Then someone screamed — a mother. Her child was gone.  Panic spread like fire. People lunged for the clowns.  The first punch came from a father. Then the second. Then the third.  The clowns didn’t fight back. They just laughed — until they were on the ground, curled up, still giggling.  Then the laughter stopped.  “Stop! Stop!” shouted a voice from the dark.  It was an old man — their father.  Turns out the boys had learning difficulties. They didn’t know any better. They just wanted to make people laugh.  Their dad had built them a circus so they could perform safely. This was their fifth show — the first town that turned on them.  All four boys died that night.  The missing child was found hiding under the benches.  The old man came from a long line of people who knew… things. Curses. Ancient magic.  He cursed the whole town: they’d live and die as clowns.  If they stopped being clowns, they’d die.  Every one of them. Every child, grandchild, great-grandchild — forever.  And he gave them rage. The same rage that tore his sons apart.  That’s how the first killer clowns were born.  Sounds stupid, right? That’s what they thought too — until people started dying.  After that, everyone believed. They dressed as clowns. They killed.  In 1998, a group decided they’d had enough. They quit. They all died within a week.  That’s when researchers started digging into the curse.  Turns out the old man wasn’t as good with spells as he thought. A sort of… verbal typo.  The curse only activates when you come of age — eighteen for boys, sixteen for girls.  Also, we’re all allergic to peanuts now. Probably an accident.  So yeah — I’m destined to become a killer clown.  If I don’t, my whole family dies.  I really don’t want to — but it’s kill or be killed.  Literally.",2026-02-07T11:32:12Z
engagement,social-media,informal,after,"the eastern front WWII   The Red Army.   They were amazing. They were terrifying. They weren't human. Brutal. Savages. Suicidal. They came not as a fighting force of men but as an elemental wave. An ocean. Crushing and overwhelming and on all sides.   And then God above joined the onslaught with the snow to more perfectly surround them and make complete their destruction. He will trap our bodies and our minds and souls here with ice and snow, in their final terrible moments they'll be encased, in God's hurtling ice like Thor’s Angels of old.   The frozen mutilated dead were everywhere. Steam rose off the corpses and pieces of human detritus like fleeing spirits of great pain and woe. The white blinding landscape of blood red and death and sorrow. And steel.   They filled the world with steel. And fire. And it was terrifying. This was a hateful conflict. And it was fought to the bitter end.   Germany was to be brought to his knees. The knights of his precious reich broken.   Ullrich was lost amongst it all, a sea of butchery and merciless barbaric vengeance war all splashed violent red and lurid flaming orange across the vast white hell.   The Fuhrer had said it would be easy. That the Bolshevist dogs were in a rotten edifice. They need only kick in the door, the blitzkrieg bombast of their invasion arrival should've been enough to do it. Should've been.   That was what had been said. That had been the idea. Ideas were so much useless bullshit now. Nobody talked about them anymore. Not even newcomers. Hope was not just dead out here it was a farce in its grave. A putrid rotten necrophiled joke. Brought out to parade and dance and shoot and die all over again everyday when maneuvers began, for some they never ceased.    The Fuhrer himself had been deified. Exalted. Messianic godking for the second coming of Germany. Genius. Paternal. Father.   Now many referred to him as the bohemian corporal. Ullrich didn't refer to him at all. He didn't speak much anymore. It felt pointless. It felt like the worst and easiest way to dig up and dredge up everything awful and broken and in anguish inside of him. He didn't like to think much anymore either. Tried not to. Combat provided the perfect react-or-die distraction for him. For many. On both sides.   He made another deal with the devil and chose to live in the moment, every cataclysmic second of it. And let it all fall where it may, when it's all said and done.   I have done my duty.   He was the last. Of his outfit, for this company. Hitler's precious modern black knights. The SS. Many of the Wehrmacht hated them, had always hated them. Now many of the German regulars looked to Ullrich just as the propaganda would suggest. Lancelot upon the field. Our only hope against the great red dragon, the fearsome Russian colossus.   The only one of us who could take the tyrant…  Though this particular bit was considered doggerel by the officers and the high command and was as such, whispered. The officers in black despised rumors. They despised any talk of the ice tyrant.   As did the officers of their opponents. Nobody in command wanted talk of the tyrant. Nobody wanted talk of more myths. There was too much blood and fire for the pithy talk of myths. For some.   For some they needed it. As it is with Dieter, presently.   He was pestering Ullrich again. Ullrich was doing what he usually did since arriving to the snowy front, he was checking and cleaning and oiling his guns. Inspecting his weapons for the slightest imperfection or trace of Russian filth. Communist trash.   He hated this place.   They were put up at the moment, the pair, with four others at a machine gun outpost, far off from the main German front. Between them and the Reds. To defend against probing parties and lancing Communist thrusts. To probe and lance when and if the opportunity presented. Or when ordered.   He hated this place. They all hated this place.   “Do you think he really has a great axe of ice and bone?"" inquired Dieter eagerly. Too much like a child.  Ullrich didn't take his eyes of his work as he answered the regular.   ""Nonsense.”  The breath puffed out in ghosts in front of their red faces as they spoke. The only spirits in this place as far as the Waffen commando was concerned. He missed his other kind. His true compatriots and brothers. Zac. James. Bryan.   All of them were dead. And he was surrounded by frightened fools and Bolshevist hordes. They'd been wasted holding a position that no one could even remember the name of anymore. Nobody could even find it again.   Garbage. All of it and all of them were garbage. Even the leadership, whom he'd once reverentially trusted, had proven their worthlessness out here on the white death smeared diminished scarlet and gunpowder treason black. All of them, everyone was garbage.   Except for him. His work. And his hands. His dead brothers and their cold bravery too, they weren't garbage. Not to him.   And Dieter sometimes. He was ok. Although the same age he reminded him of his own little brother back home.   The little ones. Back home.   He pushed home away and felt the cold of the place stab into him again, his mind and heart. They ached and broke and had been broken so many times already.   We shouldn't even be here…  “I heard he doesn't care if you're Russian or Deutsch. He drags ya screaming through the ice into Hell all the way…”  ""At least it would be warmer.”  Dieter laughed, ""Crazy fucking stormtrooper. You might just snuggle into the bastard.”  Ullrich turned and smiled at the kid.  ""Might.”   He returned to his work. He was a good kid.   That day nothing happened. Nothing that night either.  The next day was different. They attacked in force and everything fell apart.   …  Fire and earth and snow. The artillery fire made running slaves of them all. Every outpost was abandoned, lost. They'd all fallen back ramshackle and panicked and bloody to the line. Then they'd lost that too. The onslaught of the Red Army horde had been too great.   They'd finally come in a wave too great even for German guns. An impossible sea of green and rifles and bayonet teeth and red stars of blood and Bolshevist revenge.   They'd laid into them and they'd fallen like before. In great human lines of corpses and mutilated obscenity. But they'd kept coming. And falling. Piling and stacking upon each other in a bloody mess of ruined flesh and uniforms and human detritus, twisted faces. Slaughtered Communist angels weeping and puking blood for their motherland and regime, piling up. Stacking.   And still more of them kept coming.   Some, like Dieter, were almost happy for the call to retreat. To fall back and away. They'd failed Germany. But at least they could escape the sight. The twisted human wreckage that just kept growing. As they fed it bullets. As they fed it lead and steel and death. It just kept growing. And seeming to become more alive even as it grew more slaughtered and lanced with fire and dead. It kept charging. It kept coming. The Red Army. The Red Army Horde.   Now they were running. Some of them were glad. All of them were frightened. Even Ullrich. He knew things were falling apart, all over, everywhere,  but to actually live through it…  The artillery fire made running slaves of them all. To the line. Losing it. And beyond.   …  In the mad panic and dash they'd made for an iced copse of dead black limbs, dead black trees. Stabbing up from the white like ancient  Spartan spears erupting for one last fray.    They can have this one, thought Ullrich. He was worried. The Russians were everywhere and Dieter was wounded.   He'd been hit. Shot. The back. Bastards.  “Am I going to be alright?""   “Of course. Don't be foolish. Now get up, we can't stay here long. We gotta get going.""   But Dieter could not move.  So that night they made grim camp in the snow. Amongst the dead limbs of the black copse.   That night as they lie there against dead ebon trees Dieter talked of home. And girls. And beer. And faerytales. Mostly these. Mostly dreams.   “Do you think he's real?""   “Who?""  “The ice tyrant! The great blue giant that roams Russia’s snows with weapons of ice and bone. Like a great nomadic barbarian warrior.”  Ullrich wasn't sure of what to say at first. He was silent. But then he spoke, he'd realized something.   ""Yeah.”  ""Really? You do?”  ""Sure. Saw em.”   ""What? And you never told me?”  ""Classified information, herr brother. Sensitive Waffen engagement.""   A beat.   “You're kidding…” Dieter was awestruck. A child again. Out here in the snow and in the copse of twisting black. Far away from home.   “I'd never joke about such a fierce engagement, Dieter. We encountered him on one of our soirtees into Stalingrad.”  ""All the way in Stalingrad?”   ""Yes. We were probing, clandestine, when we came upon him. My compatriots and I.”  “What'd he look like?""   A beat.   “He was big. And blue. And he had lots of weapons. And bones.""   ""What'd you do?”  Ullrich smiled at the boy, he hoped it was as warm as he wanted it to be.   ""We let em have it.”  ""Goddamn stormtrooper! You desperate gunfighter! You wild commando, you really are Lancelot out here on the snow!""   And then the dying child looked up into his watering eyes and said something that he hadn't expected. Nor wanted.   “You're my hero.""   …  The boy died in the night. Ullrich wept. Broken. No longer a knight for anything honorable or glorious. Alone.   About four hours later he picked himself up and marched out of the woods. Alone.   Alone.   …  He wandered aimlessly and without direction. Blind on the white landscape of cold and treachery when he first saw it, or thought so. He also thought his eyes might be betraying him, everything else had out here on this wretched land.   It was a hulking mass in the blur of falling pristine pale and glow, he wasn't sure if it was night or day anymore and didn't really care either. The hulking thing in the glow grew larger and neared and dominated the scene.   Ullrich did not think any longer. By madness or some animal instinct or both, he was driven forward and went to the thing.   It grew. He didn't fear it. Didn't fear anything any longer. The thought that it might be the enemy or another combatant of some kind or some other danger never filled his mind.   He just went to it. And it grew. Towered as he neared.   Ullrich stood before the giant now. He gazed up at him. The giant looked down.   Blue… Dieter had been right.   But it was the pale hue of frozen death, not the beauty of heavens and the sky above. It was riddled with a grotesque webwork of red scars that covered the whole of his titanic naked frame. Muscles upon muscles that were grotesquely huge. They ballooned impossibly and misshapen all about the giant’s body. The face was the pugnacious grimace face of a goblin-orc. Drooling. Frozen snot in green icicles. The hair was viking warrior length and as ghostly wispy as the snowfall of this phantom landscape.  And here he ruled.   The pair stood. German and giant. Neither moved for awhile. They drank in the gaze of each other.  Then the giant raised a great hand, the one unencumbered with a great war axe of hacking ice and sharpened bone, and held it out palm up. In token of payment, of toll.   Unthinking, Ullrich’s hand slowly went to the Iron Cross pinned to his lapel, he ripped it off easily and slowly reached out and placed it in the great and ancient weathered palm of the tyrant.   One word, one from the past, one of his old officers, shot through his mind then unbidden. But lancing and firebright all the same.   Nephilim.   The great palm closed and the tyrant turned and wandered off without a word. But Ullrich could still feel the intensity of his gaze.   Would forever feel it as long as he roamed.  Ullrich went on. Trying to find his company, his army, Germany. Alone.   Alone.   THE END",2026-02-07T11:31:53Z
engagement,social-media,informal,after,"This is probably very subjective, but does anyone else feel like Kassandra is the most likeable/engaging character out of the last five Assassin’s Creed games? I’m not talking about the older Assassin’s Creed games from before Ubisoft changed the formula. We all know and love characters like Edward Kenway, Connor, Altaïr, Ezio, or Haytham, they’re iconic at this point  I just feel like there are kind of two “eras” of Assassin’s Creed. The classic games, and the newer RPG-style ones.  So I’m mainly comparing protagonists from the newer generation, not the old-school legends.  I’ve played as Eivor, Basim, Naoe, and Bayek, but Kassandra is the only one I genuinely enjoyed spending time with throughout the whole game. Eivor and Bayek aren’t far behind, but there’s just something about Odyssey that feels more heartfelt and charming",2026-02-07T11:31:07Z
engagement,social-media,informal,after,"# [Hiring] Social Media Manager for Client Accounts (Performance-First, Long-Term)  I run a growing marketing agency and am looking to bring on a Social Media Manager to handle multiple client accounts across platforms.  This role is not about posting for the sake of activity. It is about measurable outcomes: growth, engagement, leads, and conversions.  What I’m looking for  * Proven experience managing social media for brands or clients * Clear understanding of platform mechanics (especially Instagram, X, LinkedIn, and TikTok) * Ability to translate strategy into execution: content planning, posting, optimisation * Strong communication and reliability * Agencies are welcome to apply * India preferred (for time-zone alignment and communication)  What matters most  * Results. If you message me, please come with something concrete to show: screenshots, analytics, case studies, or before/after examples. * I am far more interested in what you have achieved than in how long you have been doing this.  Payment  * Competitive * Hybrid model preferred (base + performance incentives), open to discussion depending on experience and results  How to apply  * Send me a direct message, not a comment * Briefly introduce yourself (or your agency) * Include proof of results you have delivered for past clients  Messages without evidence of results will not be prioritised.  This is a long-term opportunity for the right fit.",2026-02-07T11:29:41Z
engagement,social-media,informal,after,"So especially in math class when we get assignments to do, i really struggle to concentrate due to some people in class talking to each other about the assignments and basically making a group work out of it. and then theres usually other people talking to each other about something else and even the teacher often engages in those conversations. it makes it hard for me to focus on the assignments and i have to read them 5 times in order to take in the info thats given.  generally, when it comes to any assignments where you have to read something (also in other subjects) the mere presence of people around me distracts me, even when theyre not necessarily talking. and sometimes sounds that are usually fine for me become too loud or start to kinda hurt my ears.  ive also noticed that im kind of tense in public places the whole time and im wondering whether earplugs could minimise the alertness maybe. for instance, ive realised that whenever im in public transport and theres a lot of people, my eyes are slightly wider open than i would have them in a normal calm moment, and just the moment i realise that, i also notice how exhausting that is for them. and ive also thought that maybe its the same or similar with my ears.  while i do have music earphones that have noise cancellation, im pretty sure they wouldnt be appropriate for class / the teacher would definitely see them  ive been thinking about getting the quiet 2 or the engage 2. but i think the quiet might be bad for class since i still have to hear the teacher and all. and ive also wondered what difference the engage and experience loops have, are the experience ones really just for like concerts and loud music and all? or could they also be used for day to day basis",2026-02-07T11:28:54Z
engagement,social-media,informal,after,"Extract:  Andrew, of course, is the other man to whom Kate is closely linked. She’s his niece by marriage, which she can’t help. But she *can* help how much she protected Andrew, how much she aided the efforts to rehabilitate Andrew’s image. After Andrew lied on *Newsnight*, after he’d paid Virginia Giuffre an enormous amount to settle her claims against him, she and William publicly [showed support](https://archive.ph/KnWRg) for Andrew. They literally drove him to church, signalling he was firmly “in the fold.”   Kate Middleton is very, very useful to the Firm. She does as she is told, never challenges them and is happy to absorb blame when real royals mess up. Like when she apologised for digitally altering those Mother’s Day photos (that we were told William actually took). Now, with the royal family under pressure for shielding Andrew for years, she is (uncharacteristically!) popping up for multiple engagements. Or at least posting about “under the radar” days out she enjoyed previously, that now provide fresh headlines to distract from the Epstein-Royal affair. ",2026-02-07T11:27:26Z
engagement,social-media,informal,after,"Newark Einsteins offers engaging summer camps in Newark, DE with fun activities, early learning, and a safe, caring environment. Enroll today and make summer memorable for your child.",2026-02-07T11:25:55Z
engagement,social-media,informal,after,"the eastern front WWII   The Red Army.   They were amazing. They were terrifying. They weren't human. Brutal. Savages. Suicidal. They came not as a fighting force of men but as an elemental wave. An ocean. Crushing and overwhelming and on all sides.   And then God above joined the onslaught with the snow to more perfectly surround them and make complete their destruction. He will trap our bodies and our minds and souls here with ice and snow, in their final terrible moments they'll be encased, in God's hurtling ice like Thor’s Angels of old.   The frozen mutilated dead were everywhere. Steam rose off the corpses and pieces of human detritus like fleeing spirits of great pain and woe. The white blinding landscape of blood red and death and sorrow. And steel.   They filled the world with steel. And fire. And it was terrifying. This was a hateful conflict. And it was fought to the bitter end.   Germany was to be brought to his knees. The knights of his precious reich broken.   Ullrich was lost amongst it all, a sea of butchery and merciless barbaric vengeance war all splashed violent red and lurid flaming orange across the vast white hell.   The Fuhrer had said it would be easy. That the Bolshevist dogs were in a rotten edifice. They need only kick in the door, the blitzkrieg bombast of their invasion arrival should've been enough to do it. Should've been.   That was what had been said. That had been the idea. Ideas were so much useless bullshit now. Nobody talked about them anymore. Not even newcomers. Hope was not just dead out here it was a farce in its grave. A putrid rotten necrophiled joke. Brought out to parade and dance and shoot and die all over again everyday when maneuvers began, for some they never ceased.    The Fuhrer himself had been deified. Exalted. Messianic godking for the second coming of Germany. Genius. Paternal. Father.   Now many referred to him as the bohemian corporal. Ullrich didn't refer to him at all. He didn't speak much anymore. It felt pointless. It felt like the worst and easiest way to dig up and dredge up everything awful and broken and in anguish inside of him. He didn't like to think much anymore either. Tried not to. Combat provided the perfect react-or-die distraction for him. For many. On both sides.   He made another deal with the devil and chose to live in the moment, every cataclysmic second of it. And let it all fall where it may, when it's all said and done.   I have done my duty.   He was the last. Of his outfit, for this company. Hitler's precious modern black knights. The SS. Many of the Wehrmacht hated them, had always hated them. Now many of the German regulars looked to Ullrich just as the propaganda would suggest. Lancelot upon the field. Our only hope against the great red dragon, the fearsome Russian colossus.   The only one of us who could take the tyrant…  Though this particular bit was considered doggerel by the officers and the high command and was as such, whispered. The officers in black despised rumors. They despised any talk of the ice tyrant.   As did the officers of their opponents. Nobody in command wanted talk of the tyrant. Nobody wanted talk of more myths. There was too much blood and fire for the pithy talk of myths. For some.   For some they needed it. As it is with Dieter, presently.   He was pestering Ullrich again. Ullrich was doing what he usually did since arriving to the snowy front, he was checking and cleaning and oiling his guns. Inspecting his weapons for the slightest imperfection or trace of Russian filth. Communist trash.   He hated this place.   They were put up at the moment, the pair, with four others at a machine gun outpost, far off from the main German front. Between them and the Reds. To defend against probing parties and lancing Communist thrusts. To probe and lance when and if the opportunity presented. Or when ordered.   He hated this place. They all hated this place.   “Do you think he really has a great axe of ice and bone?"" inquired Dieter eagerly. Too much like a child.  Ullrich didn't take his eyes of his work as he answered the regular.   ""Nonsense.”  The breath puffed out in ghosts in front of their red faces as they spoke. The only spirits in this place as far as the Waffen commando was concerned. He missed his other kind. His true compatriots and brothers. Zac. James. Bryan.   All of them were dead. And he was surrounded by frightened fools and Bolshevist hordes. They'd been wasted holding a position that no one could even remember the name of anymore. Nobody could even find it again.   Garbage. All of it and all of them were garbage. Even the leadership, whom he'd once reverentially trusted, had proven their worthlessness out here on the white death smeared diminished scarlet and gunpowder treason black. All of them, everyone was garbage.   Except for him. His work. And his hands. His dead brothers and their cold bravery too, they weren't garbage. Not to him.   And Dieter sometimes. He was ok. Although the same age he reminded him of his own little brother back home.   The little ones. Back home.   He pushed home away and felt the cold of the place stab into him again, his mind and heart. They ached and broke and had been broken so many times already.   We shouldn't even be here…  “I heard he doesn't care if you're Russian or Deutsch. He drags ya screaming through the ice into Hell all the way…”  ""At least it would be warmer.”  Dieter laughed, ""Crazy fucking stormtrooper. You might just snuggle into the bastard.”  Ullrich turned and smiled at the kid.  ""Might.”   He returned to his work. He was a good kid.   That day nothing happened. Nothing that night either.  The next day was different. They attacked in force and everything fell apart.   …  Fire and earth and snow. The artillery fire made running slaves of them all. Every outpost was abandoned, lost. They'd all fallen back ramshackle and panicked and bloody to the line. Then they'd lost that too. The onslaught of the Red Army horde had been too great.   They'd finally come in a wave too great even for German guns. An impossible sea of green and rifles and bayonet teeth and red stars of blood and Bolshevist revenge.   They'd laid into them and they'd fallen like before. In great human lines of corpses and mutilated obscenity. But they'd kept coming. And falling. Piling and stacking upon each other in a bloody mess of ruined flesh and uniforms and human detritus, twisted faces. Slaughtered Communist angels weeping and puking blood for their motherland and regime, piling up. Stacking.   And still more of them kept coming.   Some, like Dieter, were almost happy for the call to retreat. To fall back and away. They'd failed Germany. But at least they could escape the sight. The twisted human wreckage that just kept growing. As they fed it bullets. As they fed it lead and steel and death. It just kept growing. And seeming to become more alive even as it grew more slaughtered and lanced with fire and dead. It kept charging. It kept coming. The Red Army. The Red Army Horde.   Now they were running. Some of them were glad. All of them were frightened. Even Ullrich. He knew things were falling apart, all over, everywhere,  but to actually live through it…  The artillery fire made running slaves of them all. To the line. Losing it. And beyond.   …  In the mad panic and dash they'd made for an iced copse of dead black limbs, dead black trees. Stabbing up from the white like ancient  Spartan spears erupting for one last fray.    They can have this one, thought Ullrich. He was worried. The Russians were everywhere and Dieter was wounded.   He'd been hit. Shot. The back. Bastards.  “Am I going to be alright?""   “Of course. Don't be foolish. Now get up, we can't stay here long. We gotta get going.""   But Dieter could not move.  So that night they made grim camp in the snow. Amongst the dead limbs of the black copse.   That night as they lie there against dead ebon trees Dieter talked of home. And girls. And beer. And faerytales. Mostly these. Mostly dreams.   “Do you think he's real?""   “Who?""  “The ice tyrant! The great blue giant that roams Russia’s snows with weapons of ice and bone. Like a great nomadic barbarian warrior.”  Ullrich wasn't sure of what to say at first. He was silent. But then he spoke, he'd realized something.   ""Yeah.”  ""Really? You do?”  ""Sure. Saw em.”   ""What? And you never told me?”  ""Classified information, herr brother. Sensitive Waffen engagement.""   A beat.   “You're kidding…” Dieter was awestruck. A child again. Out here in the snow and in the copse of twisting black. Far away from home.   “I'd never joke about such a fierce engagement, Dieter. We encountered him on one of our soirtees into Stalingrad.”  ""All the way in Stalingrad?”   ""Yes. We were probing, clandestine, when we came upon him. My compatriots and I.”  “What'd he look like?""   A beat.   “He was big. And blue. And he had lots of weapons. And bones.""   ""What'd you do?”  Ullrich smiled at the boy, he hoped it was as warm as he wanted it to be.   ""We let em have it.”  ""Goddamn stormtrooper! You desperate gunfighter! You wild commando, you really are Lancelot out here on the snow!""   And then the dying child looked up into his watering eyes and said something that he hadn't expected. Nor wanted.   “You're my hero.""   …  The boy died in the night. Ullrich wept. Broken. No longer a knight for anything honorable or glorious. Alone.   About four hours later he picked himself up and marched out of the woods. Alone.   Alone.   …  He wandered aimlessly and without direction. Blind on the white landscape of cold and treachery when he first saw it, or thought so. He also thought his eyes might be betraying him, everything else had out here on this wretched land.   It was a hulking mass in the blur of falling pristine pale and glow, he wasn't sure if it was night or day anymore and didn't really care either. The hulking thing in the glow grew larger and neared and dominated the scene.   Ullrich did not think any longer. By madness or some animal instinct or both, he was driven forward and went to the thing.   It grew. He didn't fear it. Didn't fear anything any longer. The thought that it might be the enemy or another combatant of some kind or some other danger never filled his mind.   He just went to it. And it grew. Towered as he neared.   Ullrich stood before the giant now. He gazed up at him. The giant looked down.   Blue… Dieter had been right.   But it was the pale hue of frozen death, not the beauty of heavens and the sky above. It was riddled with a grotesque webwork of red scars that covered the whole of his titanic naked frame. Muscles upon muscles that were grotesquely huge. They ballooned impossibly and misshapen all about the giant’s body. The face was the pugnacious grimace face of a goblin-orc. Drooling. Frozen snot in green icicles. The hair was viking warrior length and as ghostly wispy as the snowfall of this phantom landscape.  And here he ruled.   The pair stood. German and giant. Neither moved for awhile. They drank in the gaze of each other.  Then the giant raised a great hand, the one unencumbered with a great war axe of hacking ice and sharpened bone, and held it out palm up. In token of payment, of toll.   Unthinking, Ullrich’s hand slowly went to the Iron Cross pinned to his lapel, he ripped it off easily and slowly reached out and placed it in the great and ancient weathered palm of the tyrant.   One word, one from the past, one of his old officers, shot through his mind then unbidden. But lancing and firebright all the same.   Nephilim.   The great palm closed and the tyrant turned and wandered off without a word. But Ullrich could still feel the intensity of his gaze.   Would forever feel it as long as he roamed.  Ullrich went on. Trying to find his company, his army, Germany. Alone.   Alone.   THE END",2026-02-07T11:25:45Z
engagement,social-media,informal,after,"My 3.5 year old talked fairly early and has just never stopped.  We no longer nap, but we do an hour of quiet time when we are at home (which is always reluctantly done and often involves tantrums)  Lately the non-stop chatter has ramped up to a 10 in the afternoons and I am losing my mind.  If it’s not demanding I say what she wants me to say, it’s wanting to talk about the same things (movies, books) over and over again. The only thing that brings me silence is TV but I am trying to limit screen time as her ability to play gets noticeably worse if she watches.  I want her to feel listened to and heard but usually in the afternoons we get to a point where I am ready to rip my skin off because she will not stop talking and demanding my attention constantly. I’ve tried being firm but gentle, saying mum needs a break, you can keep talking but I need a break from listening, but she just gets louder and talks at me. If I get desperate enough to put my headphones in she just tries to talk louder and tries to sit on me/pinch/poke whatever just a response. If try to move away around the house she just follows yelling and screaming.  This mostly happens when I am trying to rest and sit down. I get to the point where I feel like my body is on fire and I have to fight every instinct in my body not to yell/scream for it to stop.  If I am up and about doing chores that she doesn’t want to participate it she will wander off. But the second I sit she is in my face.  She used to be great at independent play but now won’t do anything on her own unless I’m doing something she doesn’t want to do. No amount of engagement/ 1:1 time is enough, she always wants more.  I’m dying here, I’m heavily pregnant with severe pelvic separation/pain and have a husband who’s only home 50% of the time and I need some advice. I’m already medicated for anxiety, am in therapy and do intense work on emotional regulation but man this is testing me. I feel like a monster for having to resort to blocking her out with loops or AirPods but I also don’t want to be yelling.  Please help",2026-02-07T11:24:49Z
engagement,social-media,informal,after,"https://preview.redd.it/qn7s6vtuchhg1.jpg?width=640&format=pjpg&auto=webp&s=d6f76a5989358dfd7ba3ada45bded8900f670832  To help you get the best score you can, I’d like to share some valuable tips for GRE test day and the days leading up to your exam, and hopefully impart some inspiration as well.   Before Providing further details, I would like to recommend you that just connect with experts available at HiraEdu. **WEBSITE: hiraedu. com, WhatsApp: +12136359834**  With these 7 GRE tips, you’ll be able to head into test day with your head held high. 🎓  👉 **Tip #1: Manage Your Time Properly**  A major component of earning a good GRE score is savvy time-management. Although different students use different time-management techniques, whatever strategy you use, don’t let yourself get behind on the clock. Be disciplined. This is one of the most important GRE tips I can give you.  If you have practiced spending one-and-a-half minutes per quantitative question, don’t suddenly start spending five minutes or more on a given question because you’re desperate to find an answer. If you can’t answer a question in the allotted amount of time, quickly eliminate any answers you can, take your best educated guess from the remaining answer choices, mark the question for review, and move on.  If you spend four or five minutes on a few earlier questions, you’ll likely end up guessing on the last four to six questions. There is reasonable evidence to suggest that guessing on these questions will lower your score. Be strategic with your time-management on test day.  **👉 Tip #2: Don’t Try to Determine How Well You’re Doing**  You will never know how well you are doing until the test is over. Despite your best intuition, you have absolutely no way of determining whether a question is easy or hard for the purposes of your score. You have no way of knowing how other students did or are doing on similar problems.  What seems easy to you may be hard for the majority, and what seems hard to you may be easy for the majority. Furthermore, you’ll be blindly exposed to a section of experimental questions.  That is, you won’t know it’s experimental. Perhaps the section that’s worrying you so much won’t even be counted. So why waste your limited energy thinking about things you can’t control?  Just focus on doing the absolute best you can. Similarly, do not try to guess how well you did on a particular section. You may feel like you really bombed verbal section 1, but you have no real way of knowing. Worse yet, if you get down on yourself because you *assume* you messed up on the first GRE verbal section, that may negatively affect how you perform on the next one.  👉 **Tip #3: Don’t Seek Perfection**  Too many student experience anxiety regarding the number of questions they have to answer correctly. First, worrying about your performance never improves your performance; being alert to the problem at hand can do that. Second, realize that you can probably get more questions wrong than you think and still get a good score.  The GRE exam is computer-adaptive. That is, the questions presented to you in, for example, math section 2 are based on how well you performed on math section 1 (and the same for verbal). So, at some point, you’ll be facing questions that will be difficult for you to answer, and you’ll possibly get them wrong. That’s okay—you should expect that to happen: it happens to almost everyone. Remember, you don’t have to answer every question correctly to earn a good score. To be clear, your goal is to correctly answer as many questions as you can. Just stay focused on that goal.  👉 **Tip #4: Don’t Worry If You Struggle With the First Question or Two**  Often, students who perform below their goals on the GRE say that they had a hard time with the first few questions and, as a result, lost their focus on the following questions. Of course, it would be desirable to recognize and easily solve the first few questions you encounter, but if you can’t, or if the first few questions seem unusually abstract or difficult, don’t worry. Just keep your focus. Put your energy into the questions to come; don’t ever think back. Stay engaged.  Remember, you can guess on any question that flusters you. Make sure you mark it for review, and if you have time at the end of that section, bring up the status screen and take another look at it. It’s quite possible that you will now be able to see it in a new light, and you’ll be able to solve it.  👉 **Tip #5: Take Your Breaks**  The breaks are short (1 minute after each section, and a 10-minute break after the third section), but they still represent an opportunity to let your brain take a little rest, even if you just sit with your eyes closed. Relax. Refocus. You can also use the 10-minute break to use the restroom, eat a protein bar, drink some water, replenish your scratch paper, etc.  Use break time to ready yourself for the section to come. But watch the clock carefully; no one will tell you when your break time is over. Breaks are timed, and any extra time you take will be deducted from the amount of time allotted for the next section. Make sure that you do not pull out any notes or other materials used to study for the GRE, and do not exit the testing center at any time until the test is over.  👉 **Tip #6: Relax the Day Before GRE Test Day**  The day before GRE test day is not the time to try to cram in final GRE lessons or do tons of practice questions. Rather, use that time to relax and clear your head for the test. Do something fun but not overly strenuous. Get some light exercise. See a movie. Go out for dinner. Do anything that makes you feel good, but don’t spend the day immersed in GRE books. You’ll need a fresh mind tomorrow. If every bone in your body is telling you to study for the GRE on the day before your exam, remember: the GRE is the mental equivalent of a marathon. Would a marathon runner ever run 25 miles the day before the race?  Similarly, practice tests serve as a valuable tool in your GRE preparation. However, taking full-length practice tests right before your official test is not a wise move. If you’ve studied properly and strategically with a comprehensive test prep course, these last few days will provide you little value in learning new information. Instead of trying to cram new knowledge in the days before your exam, do some light studying and review, reinforcing what you already know. Give your brain and body a break; you’ll need them well-rested come test day.  👉 **Tip #7: Prepare Yourself For Ups and Downs**  Think of the GRE exam as a long journey. As with all journeys, expect there to be some ups and downs. To quote Mary Schmich from the Chicago Tribune, “Sometimes you’re ahead. Sometimes you’re behind. The race is long ….” Take the time to prepare yourself mentally for this fact. Don’t get overly excited when you recognize concepts and questions. Similarly, and more importantly, don’t be waylaid when you hit some rough patches during the test. Instead, stay level and focused. Be cool, calm, and confident.  Good luck studying, and reach out to me if you have any questions or need any more specific advice.  Warm regards,  *Scott*",2026-02-07T11:22:40Z
engagement,social-media,informal,after,"My wife an I have been together for 17 years married for  14.  Two kids a house and we both own are own business.  Life was great, we share chores we take vacation and we love each other.  One issue we had on and off is she always wanted me to show more affection( this will come up later). I’m sad to say I never fully committed to that change.  So my wife has been having some mental health issues for the last six months and I’ve tried to support her the best I can.  She has random bursts of crying clear depression and lost 18% of her body weight, she is so skinny.  A few weeks ago I’m cleaning up downstairs and come across a notebook, I peek inside only trying to decide we’re to put it.  This is when I realized it is her journal, I decided to read to get an hopefully see how I can help her better. Unfortunately I come across a post in the end of December saying we(not me) can’t be together we’re both to fucked up, maybe a different time.  The next entry saying she log back into instagram and all those feeling came back it continued that she did not message him but was glad to know he was still creeping on her.  So I confront her, she immediately breaks down, says she met him on a work trip, they exchanged messages everyday for two weeks nothing even remotely sexual just friends talking the first week was normal conversation and the second week was him just complaining about how fucked up his life was.  He than has some sort of drug induced panic attack and tells her he’s going off line.  She did not take this well which made her realize she was developing feelings so she blocks him and deletes all the messages.  He contacts her two weeks later on a different account and she immediately shuts it down.  I have no way to prove any of this, it’s just her word. Her next journal entry is about how she chooses me and she love her family and life after that they are all a more positive tone.  We try to move pst it I’m committed to showing more love cuddling her at every opportunity.  However I start digging turns out it wasn’t someone she meet on a business trip it was a person we play an online video game with every thing else about the story is the same.  So I’ve learned a lot about my wife this past two weeks.  Her parents divorced when she was 13 and her dad disappeared for a few years before returning and he is still in her life now.  We have talked so much lately the women was working her ass off, building a buggier and bigger business, pto, multiple boards youth groups.  I kept telling her to cut back but she wouldn’t.  Turns out she just been trying to get validation from  Her dad, she got burnt out add in my lack of affection which turns out she really really needed and she thought I was going to leave her also her step dad passed from a long cancer battle right in the middle of  All this.  The girls head was so messed up, we’re working on healing now.  I feel like all things considered she handled the situation well. I talked to chatgtp a lot her actions lineup with some who has extreme abandonment issues.  The hidden and lying too, fear of lose.  Her reaction to being ghosted making it seem like there were feelings there that actually weren’t. I’ve come to terms with all of this but I’m  Depressed,  I keep making things up in my head, after he ghosted her she keep looking him up for three month including Christmas and searching if he will come back but never engaged.  Chatgtp calls this detachment lag.  I guess the question is how do I feel normal again?",2026-02-07T11:21:45Z
engagement,social-media,informal,after,"its very trivial but made me sad. I 19f have only 1 friend in my entire life, we both go by bus, i am 2 stops infront of her and fell asleep. I was very tired and told her prior to wake me up if i fall asleep before she leaves, i do the same to her or anyone else without being told. Guess what, i slept and missed my stop, she simply left and didn't care despite always being beside each other. I know its a very small thing, but i just made me very sad, maybe i am not good for anyone. Nobody cares about me , life would have been good if i were pretty or smart ig.  Usually im engaged with a lot of things , i go to college everyday and its still better tho i dont have a single friend, i have a lot of hobbies and i hate holidays cus they make me realise how lonely i am, like today.",2026-02-07T11:21:18Z
engagement,social-media,informal,after,"Not my research or writing. All credit to Brent Molnar and the links provided.   https://www.facebook.com/share/1AX2eULeRX/  https://www.facebook.com/share/p/1GeRTJNpic/  🎭⚖️ The Unmasking: Why Patriot Front Just Learned that ""Consequences"" Isn't a Legal Tort…  There is a rich irony in watching a group of men who built their brand on intimidation suddenly crying foul when the spotlight turns on them. For years, Patriot Front has marched through American cities in their matching khakis and white masks, chanting about blood and soil while hiding their faces. They want to be terrifying anonymously. But when an infiltrator named David Capito peeled back that anonymity and showed the world exactly who was under those masks, they didn't stand tall and own their beliefs. They ran to federal court and claimed they were the victims.  The lawsuit filed by Paul Gancarz, Daniel Turetchi, and others was essentially a plea for a safe space. They sued Capito, also known as Vyacheslav Arkhangelskiy, accusing him of infiltrating their ranks in 2021. They claimed he used a fake identity to join the club, accessed their internal servers, and eventually helped release their chat logs to the public. They painted a picture of a sophisticated ""hack"" that ruined their lives. They cited lost jobs, ruined reputations, and family turmoil. In other words, they were mad that their neighbors found out what they do on the weekends.  But earlier this year, U.S. District Judge Richard A. Jones looked at their complaint and tossed it out. And the reason he did it is absolutely delicious. The plaintiffs tried to sue under the Computer Fraud and Abuse Act (CFAA), a federal law designed to punish hackers who damage computer systems. They argued that Capito’s actions caused them ""loss."" But the judge had to explain to them that in the eyes of the law, ""loss"" means the cost of fixing a computer, not the cost of fixing your reputation after you get exposed as a white nationalist.  Judge Jones’s ruling was a masterclass in statutory interpretation. He pointed out that the CFAA is strictly limited. It covers the money you spend investigating a data breach or restoring corrupted files. It does not cover ""consequences"" like getting fired from your job because your boss saw your chat history. The court essentially ruled that hurt feelings and social ostracization are not computer damages. If your hard drive is fine, the CFAA doesn't care if your life is in shambles.  This distinction matters because it strips away the victim narrative these men tried to construct. They wanted the court to treat the ""doxxing"" itself as a computer crime. They wanted to establish a precedent that infiltrating a hate group and publishing their secrets is illegal hacking. But the court said no. The damage wasn't to the machine; the damage was to their social standing. And importantly, that damage came from the content of the data, not the theft of it.  The reality of what happened here wasn't some Mission Impossible cyber-attack. It was social engineering. Capito didn't write code to break a firewall. He just lied about who he was. He got invited in. He took screenshots. He documented the license plates. He did the work of an investigative journalist or a spy, depending on how you look at it. The plaintiffs were embarrassed not because their security failed, but because their trust was misplaced.  By dismissing the federal claim, the judge also declined to hear their state law claims for things like invasion of privacy. He basically told them, ""You don't have a federal case here, so take your complaints elsewhere."" He dismissed the case without prejudice, which gives them a tiny window to try and fix their legal arguments, but the core ruling stands as a major roadblock. You cannot use anti-hacking laws to shield yourself from public scrutiny.  What we are seeing here is the ""Find Out"" phase of the equation. These men joined a group that advocates for an ethnostate. They engaged in activities that they knew would be abhorrent to the vast majority of the country. They relied on secrecy to protect their livelihoods while they planned their marches. When that secrecy evaporated, they tried to weaponize the legal system to punish the person who turned the lights on.  It is a reminder that freedom of speech does not mean freedom from consequences. You have every right to march in the street and say hateful things. But you do not have a constitutional right to force the world to hire you or invite you to dinner afterwards. And you certainly don't have a right to use computer fraud laws to sue someone for telling the truth about who you are.  So the masks stay off. Patriot Front can shout all they want about being victims of a ""hack,"" but the federal courts aren't buying it. They are learning the hard way that when you organize your life around hatred, the most dangerous thing that can happen to you isn't a computer virus. It is the truth.  I need your help. If this reporting matters to you please subscribe or donate today. Your direct support is the only thing keeping this work alive. Facebook has frozen my main page severing my ability to reach over 74,000 followers. Independent journalism has no safety net. 🗽🕊️  ☕ https://coff.ee/brentmolnar  📬 https://substack.com/@brentmolnar  🤝 https://PayPal.me/brentmolnar  💙 https://venmo.com/u/Brent-Molnar  💚 https://cash.app/$BrentMolnar  🎥 https://youtube.com/@brent\_molnar  😇👿 Too much reality? Try the prophecy. I wrote a couple of books that Heaven refused and Hell is afraid of. Discover what happens when the 47th President has to campaign for his soul in my savage satire Make Afterlife Great Again. Links below👇  📕 Book One: https://a.co/d/i0WgMkl  📗 Book Two: https://a.co/d/cBo321y  \#PatriotFront #DavidCapito #JudgeJones #CFAA #Doxxing #LegalRuling #MasksOff #VoiceOfReason  https://www.facebook.com/share/1AX2eULeRX/  https://www.facebook.com/share/p/1GeRTJNpic/",2026-02-07T11:21:14Z
engagement,social-media,informal,after,This post contains content not supported on old Reddit. [Click here to view the full post](https://sh.reddit.com/r/findfallacies/comments/1qybbvz),2026-02-07T11:20:26Z
engagement,social-media,informal,after,"Hi  We are a family of 4 (couple with toddlers). We are looking to buy our first home (2 million budget). We are currently renting near the Davisville subway station. I work downtown (commute to work all weekdays).  We are looking to buy a well renovated large Semi (2500-3000 square foot including basement) with 3+1 bedroom, 2.5 or 3.5 bathrooms either in the Maurice Cody catchment (Mt Pleasant East) or the John Wanless (Bedford Park) catchment.  We would love to hear thoughts from people familiar with both neighbourhoods, and have experience with the pros and cons.  Here are our thoughts  I think both are great neighbourhoods, easy access to downtown (40-45 min door-to-door), good schools, walkable. There are a differences as mentioned below  **Equal**  \- Elementary school (Maurice Cody, John Wanless) seem equally good.  \- Both good walkable neighbourhoods  **Davisville Village Pros**  \- We are familiar with this neighbourhood as we have been living here for a few years. We have a small community of people we know (mostly our kid's parents).  \- Commute may be slightly shorter (and less walking) from Mt Pleasant East (east of Mt Pleasant) with frequent bus + train, compared to Bedford park if we buy north of Fairlawn and too far west of Yonge (have to walk 20-25 min to Lawrence).  **Bedford Park**  \- The high school (Lawrence Park CI) seems to be more well rated. I also heard that parental engagement (primary indicator of success) may be higher in LPCI for some reason, compared to Northern SS high school. Also, the Northern SS seems to be much worse condition physically (very old, needing repairs, no AC). I think Northern is a very large school (2500+). Not sure how large LPCI is. In general, is this a cause for concern?  \- The commute experience might be better here. With the line 6 opening, getting on to the line 1 train at Eglinton station might be tough.  I also want to mention that we looked at 2 other neighbourhoods close by and decided to not focus there  \- Leaside is too expensive, given our square footage and renovation needs  \- Mt Pleasant East elementary school has poor ranking (Davisville Elementary)  **Questions**  \- In terms of sense of community, how friendly / helpful the neighbours would be, is one of these areas better than the other? For context, we are South Asians (not sure if that matters)  \- Thoughts on the high school comparison?  \- Any other thoughts on my pros / cons / equals list above?  \- Based on our anecdotal experience with the buying process (have put offers, did not succeed), there seems to be a 50K-100K premium for buying Semi's (at least for the large well renovated ones we want) in Bedford park. Is that aligned with other's experience?",2026-02-07T11:20:16Z
engagement,social-media,informal,after,"So, the new Early Game Rebalance and Dailyscape Overhaul has caused some controversy. Rightfully so, I'd say, though some reactions are a bit... Hyperbolic. But while there have been suggestions in comments, most of what I've seen is simply ""This sucks"". Don't get me wrong, showing disatisfaction is valuable, but I'd like to offer alternative suggestions as well to Jagex.  Simply put, I understand when things are overtuned they need to be nerfed. However, the focus is too much on famine and not enough on feast. If you're going to take something away, you must also give back. Otherwise you've just made the content worse.  So I'm going over every single pain point I've spotted and offering my alternative to what they are currently proposing!  # Rebalance  **Agility:**   \-The increase in XP is good, but doesn't reflect how active agility is. Realistically, it should be one of the fastest skills to train for how active a skill it is.   \-My suggestion: Add streaks, similar to slayer points. Every 5th lap, 2x xp. Every 10th lap, 3x XP. Every 50th lap, 10x XP.   \-Also make agility shortcut animations shorter.  **Thieving:**   \-The focus is too much on *punishing* AFK, rather than *rewarding* activity.   \-My suggestion: Success-rate doesn't decrease, but thieving rate slows down (losing focus or something like that). Refresh the speed at which you pickpocket by clicking again. This allows AFK methods to exist while rewarding activity/  **Hunter:**   \-Whirlygigs were a bit too fast yeah, though I feel like they're being overnerfed?   \-My suggestion: To offset nerfs, focus on making Hunter less annoying. Traps should be replaced automatically after checking a successful one, that shouldn't be an unlock. And make the XP of hunter reflect how active a skill it is across the board.  **Divination:**   \-Increased XP is nice, but doesn't fix the core issue. Divination is a gathering skill that punishes you for gathering resources, because it demands those resources back for reasonable XP.   \-My suggestion: Do away with the whole ""Use energy for extra XP,"" and make that just the baseline XP you get for turning in memories. it is a gathering skill, those should let us gather resources and XP at the same time.  **Farming:**   \-Seeds being more available early is nice, but doesn't solve the core issue: *farming is miserable to train outside of the ranch.* So many things can just go wrong and herb runs are a tedious chore rather than enjoyable friction.   \-My suggestion: Similar to the ranch, it'd be nice if farms were more focused and accessible, rather than scattered all over the place. Have a herb farm near one lodestone, a flower farm near the other. Rather than all these scattered around patches, give us focused farms to manage in regular locations that don't make farming ""run around for plants,"" but actual *farming*.  **Prayer:**   \-Honestly I really love these changes *except* for the Chaos Altar one. Shocking, I know. But I know why it is being nerfed. So let me offer an alternative.   \-My suggestion: Keep the reduced XP, but whenever you offer to the altar, there should be a small chance a demon spawns scaling with the bone/ash you offer. (Imp, Lesser Demon, Greater Demon, Black Demon) These demons are personal and will not attack other players. Killing the demon that spawns provides 10x the XP that offering their ashes to the altar would. On average, a demon would spawn every 5 or so minutes.  **Fishing:**   \-Weird nerf but okay.   \-My suggestion: Fishing Buckets. Similar to Ore Box and Wood Box, but for fishing. To make it slightly different and thematically appropriate, make it so that fish are automatically put in the buckets, but only 1 type per, giving you an incentive to carry multiple buckets. Each bucket containing 50-100 of said fish type, based on your fishing level.  # Dailyscape  I was never under the illusion that all of these wouldn't go away. That said, I echo the sentiment that removing the travelling merchant without fixing the issues he was a bandaid for is a bit shortsighted. So, I'm going over every item the travelling merchant sells!  *Firstly, what is safe to remove?* *In my opinion*...   \-**Goebie Charms** (Make the rep grind faster)   \-**Menaphite Offerings** (Make the rep grind faster)   \-**Slayer VIP Coupon** (They already said they're just making these the default, unless I'm misremembering)   \-**Damage Enhancers** (Damage should be consistent.)   \-**Dragonkin Lamp**/**Ancient Effigies** (Shouldn't be buyable.)   **-D&D Tokens** (Timegates should not even exist in the first place.)   **-Deathtouched Dart** (Good riddance.)   **-Reward Enhancer** (Should be the default.)   \-**Silverhawk Down** (Aren't they just removing Silverhawks anyways?)   \-**Shattered Anima** (Reward more Anima.)   \-**Taijitu** (Reward more Taijitu)   \-**Advanced Pulse Cores**  Now then,   *to replace the Travelling Merchant...*   \-**Barrel of Bait**, **Tangled Fishbowl** and **Broken Fishing Rod** should be sold at all Fishing stores. They're good money sinks for people that want to boost their fishing rates.   \-**Unstable Air Rune** should be a rare item you get by giving the Yellow Wizard what he asks for.   \-**Anima Crystals** could just be a rare drop from enemies and bosses in GWD2, hell make it common from higher enrage Telos, it'd make sense.   \-**Sacred Clay** is a hard one. My suggestion would be to add a skilling activity in which you can gather, create and turn in Sacred Clay equipment for this currency and some decent xp, separate from the Stealing Creation minigame that nobody plays.   \-**Gift of the Reaper** could be a cool very rare drop from doing bosses on task, but they should be VERY rare.   \-**Livid Plants** should be buyable for beans at the ranch. Alternatively, remove Livid Farm and move the rewards to the ranch.   \-**Horn of Honour** could be a VERY rare reward from the Fremennik Slayer Dungeon enemies. Or just remove it.   \-**Message In A Bottle** from fishing at the deep sea fishing hub, duh.   \-**Harmonic Dust** should be obtained from ALL skilling & killing in Prifdinnas, not just harps. Harps should be the fastest way (and much faster than they are now).  Tell me what you think of these ideas, and I hope Jagex is willing to reconsider their approach. If you take something away, give something in return. It doesn't have to be as strong, just feel rewarding.",2026-02-07T11:19:55Z
engagement,social-media,informal,after,"I'm not engaged, just curious after listening to a pod. What bothered you about the ring? How did you tell your partner, and did you stay together?",2026-02-07T11:19:47Z
engagement,social-media,informal,after,"This will be a long one since the situation is quite perplexing and I will be using fake names for the privacy of the people involved. For some context Im an 18 yr old girl who works in afterschool care for Kindergartners alongside 3 other female counselors. I have been working here for 6 months now and this child Lily who is a sweetheart but timid and very soft spoken has been pooping herself at least 1-2 times every 2 weeks OR MORE, when we question her about it she absolutely denies it and refuses to change/go to the bathroom. Even when her parents had came that one time she still refused to change. Which at first isn't so concerning considering at this age they tend to have accidents and sometimes get too embarrassed to admit it or even change. With that being said.. the lead counselor Diya who has been working there for years and has worked with her since she was little had told me this has been an ongoing issue even with her little sister(understandable she's younger)but Lily USED to admit to Diya when she would poo on herself but thats changed this school year. Every time Diya or the assistant director had brought it up to the parents they acted so nonchalant about it + didn't even bring her an extra set of clothes when first asked by the assistant director. They have never informed us or our bosses that they have taken her to the doctor or even say that they are trying to handle the situation themselves or at the very least put pull ups on her. These past few weeks there would be times Lily would come into the classroom and suddenly is starts smelling like fish...at first my co workers and I had an idea who it was coming from but we weren't quite confident in that answer. This past week we recently confirmed it was Lily, the smell was extremely pungent..she would leave an area of the room and that area still lingered of fish(not to shame her AT ALL but to give u a gist how bad it is). The day we had confirmed it was her was a swim day and I'm the one who usually helps the girls change if they need it and Lily needed help that day. While helping her put on her underwear I see a odd darkish discharge look on it (From what I quickly saw b/c i'm not gonna examine her underwear.) and it did not look like dried up pee or poo and while helping her the fish oder got stronger so it was definitely coming from her. My co workers n I started to get rlly concerned because what 5 yr old smells like fish and its not like she doesn't bathe or anything. My friend Princess (one of the 3 counselors)and I were talking about it can't be a yeast infection bc we both had our fair share of those n they don't smell good but they don't smell like FISH. We are guessing it could be B.V but from what I know thats mostly caused due to sexual intercourse....When the whole pooping thing was first happening My other co worker Hannah who is a older lady who is a mother had told me that her concern was that it may be due to her getting sexually assaulted and maybe thats why she doesn't wanna change to keep the perpetrator away. Which I told her it could be a possibility but I pray to god thats not the case. As the days go on it just seems like that may be more likely. On Thursday Hannah and I spoke to our boss and he had told us it is concerning but the assistant director Gaby and I should talk to the parents since thats more of a woman's conversation. Gaby first tried calling the parents n it went straight to voicemail so she left a message but not explaining the full situation. Gaby and I were so uneasy/uncomfortable to bring this up to her parents during pick up so we came up with what we were going to say to her mom and it went something like this...""we have been noticing Lily seems uncomfortable sitting on the edge of the chair and today at swim i notice something in her underwear but not sure what it was since i didn't examine them but it didn't look like pee or poo"" and her mom was basically saying how she has accidents a lot and we will try to get her to poop at home b4 school and then she asks ""who was the one calling?"" and Gaby had said it was her. Gaby then continued to ask her to bring her an extra pair of clothes for after school, that they would keep it in the office and we left it at that. I should've brought up the oder but I feel like there wasn't a need to if a class of 25 kindergarteners + other staff can smell it from across the room...im sure as hell they smell it at home. I cant stress enough how I understand accidents happen and kids get embarrassed, but what concerns me the most is how her parents react to it each time and speak as if they know more than they are letting on. Gaby (a mother herself) even said that she hated to say it but they act as if they don't care. What irks me is that I feel like if you KNOW that these things are happening to your child(constantly getting told by childcare workers)and that they possibly need medical attention cause it could be bowel issues or something medical...YOU WOULD TAKE THEM TO THE DOCTORS. Im aware the fish oder/possible bv could be caused from her sitting in her shit/piss all day but the patterns of when she gets the oder doesn't line up from her accidents from what Princess and I noticed. Regardless it still goes back to why aren't they trying to control/figure out the poop issue?!?! I keep telling myself i'm just going to worst case scenario and projecting since i've been sexually abused at that age but since everyone else around me is concerned as fuck too i'm leaning towards i'm not being overly paranoid. Since i was sexually assaulted at that age I've notice certain behavior or how lily holds herself that i've seen in little me when i was going through the abuse...I feel like saying that is me projecting but i also feel like if i keep brushing it off and god forbid that is what's happening, I would NEVER be able to forgive myself for sweeping the signs under the rug. Friday during pick up her mom kept giving me a look i've never caught from her before, maybe i'm overthinking that. Point is Im so confused what to do and  extremely concerned for Lily but any advice/tips or even your opinion on this situation will be very much appreciated. I'm currently trying to come up with like a mini lesson plan about unsafe vs safe touch and maybe showing them age appropriate video lessons since it would keep them more engaged. Im hoping if i do the mini lessons it would encourage her to speak up IF that's truly whats happening. I bring this up here because maybe some parents or other childcare workers have dealt with a similar issue and can give advice how to go about this since none of this is not enough to call cps over. Coming from a girl who's dealt with cps in my youth they will not do anything just bc she's having accidents or just bc we have suspicions without any type of evidence. I just want to make sure my part time baby is safe any way i'm able to, she may not be my kid but i love all my part time babies like my own.",2026-02-07T11:19:46Z
engagement,social-media,informal,after,"I just started posting to YouTube shorts a little less than two weeks ago and I feel like its been going pretty well. I got up to 115 subscribers in that amount of time and my videos have all received around 1,000 views or so and people have been watching around 70% of each video. The question I have is this. I'm a music artist and I have been posting verses in two halves. Two days ago, I had the idea to try posting the entirety of one of those verses in one video. So it was essentially two videos I had already posted, combined into one. I got like no views on it 🤣Does youtube not like when you post the same content? The engagement was drastically worse and I didn't understand why. Or is it just because a short that is 1:20 seconds long isnt what people want to see? ",2026-02-07T11:19:21Z
engagement,social-media,informal,after,"# Betrayed, then Claimed by the Mafia King : [Read Online](https://authorsclub.jobzaps.com/ashes-bloomed-under-frozen-skies-by-nerix-volen-1/)  Chapter 1   In the sixth year after the engagement ended. I ran into Jaxon, my ex, a Don, at a dessert shop.   The clerk lit up the second he saw him, the same familiar smile as always. “Mr. Falcone, here to pick up strawberry   cheesecake for the missus again? Same as usual, right? I’ve had it boxed up.”   Jaxon nodded. His gaze slid to the two blueberry cheesecakes I’d picked, then he told the clerk, “Ring hers up with mine.*”*   I politely declined and reached for my card first, but he paid before I could.   “This cake’s $ 499 a slice,” he said, like he was doing me a favor by stating the obvious. “You used to save for ages before   you’d buy one. I’m a mafia Don, a bit better off than you. Don’t be shy.”   He was too fast. One swipe, and it was done. I refused to accept it and insisted on paying myself.   The clerk gave me an apologetic smile. “Miss, I’m so sorry, he has paid for you. Maybe you could… pay him back?”   I turned, pulled cash from my wallet, and held it out. “Take it.”   Jaxon let out a resigned breath and slipped the packaged cakes into my hands instead. “Harper, just take it. Your   birthday’s in three days. Let the two slices be my gift to you.”   His tone sounded sincere, but I didn’t answer, just kept holding the money out. “Take It. I don’t like owing people.”   Especially not for two slices of cake. It was just an afternoon treat for me and my daughter.   Seeing I wouldn’t budge, Jaxon fell silent for a long moment before finally taking the cash.   “You’re same like before,” he said quietly.   I tucked my wallet away without tossing him a word.   He stepped in front of me. “Harper, you don’t have to be this stubborn.”   His eyes flicked over my jacket, faded from too many washes. He hesitated, then said it anyway. “I don’t need a thousand   bucks. You could’ve used it to buy yourself a couple decent outfits.”   I paused, then actually laughed when I realized what he meant.   Earlier, I’d been volunteering. A girl had gotten her clothes wet, so I’d handed her my jacket without thinking.   It was already autumn, the air had turned sharp, and on the way back I’d borrowed a cleaner’s coat from the facility.   Jaxon probably thought I was barely scraping by now.   I didn’t bother explaining.   Chapter **1**   10.00%   Tapon–Popular novel   With a distant “No thanks,” I turned to leave. But he caught my arm from behind.   “Let me give you a ride home.” ",2026-02-07T11:19:07Z
engagement,social-media,informal,after,"# Betrayed, then Claimed by the Mafia King : [Read Online](https://authorsclub.jobzaps.com/ashes-bloomed-under-frozen-skies-by-nerix-volen-1/)  Chapter 1   In the sixth year after the engagement ended. I ran into Jaxon, my ex, a Don, at a dessert shop.   The clerk lit up the second he saw him, the same familiar smile as always. “Mr. Falcone, here to pick up strawberry   cheesecake for the missus again? Same as usual, right? I’ve had it boxed up.”   Jaxon nodded. His gaze slid to the two blueberry cheesecakes I’d picked, then he told the clerk, “Ring hers up with mine.*”*   I politely declined and reached for my card first, but he paid before I could.   “This cake’s $ 499 a slice,” he said, like he was doing me a favor by stating the obvious. “You used to save for ages before   you’d buy one. I’m a mafia Don, a bit better off than you. Don’t be shy.”   He was too fast. One swipe, and it was done. I refused to accept it and insisted on paying myself.   The clerk gave me an apologetic smile. “Miss, I’m so sorry, he has paid for you. Maybe you could… pay him back?”   I turned, pulled cash from my wallet, and held it out. “Take it.”   Jaxon let out a resigned breath and slipped the packaged cakes into my hands instead. “Harper, just take it. Your   birthday’s in three days. Let the two slices be my gift to you.”   His tone sounded sincere, but I didn’t answer, just kept holding the money out. “Take It. I don’t like owing people.”   Especially not for two slices of cake. It was just an afternoon treat for me and my daughter.   Seeing I wouldn’t budge, Jaxon fell silent for a long moment before finally taking the cash.   “You’re same like before,” he said quietly.   I tucked my wallet away without tossing him a word.   He stepped in front of me. “Harper, you don’t have to be this stubborn.”   His eyes flicked over my jacket, faded from too many washes. He hesitated, then said it anyway. “I don’t need a thousand   bucks. You could’ve used it to buy yourself a couple decent outfits.”   I paused, then actually laughed when I realized what he meant.   Earlier, I’d been volunteering. A girl had gotten her clothes wet, so I’d handed her my jacket without thinking.   It was already autumn, the air had turned sharp, and on the way back I’d borrowed a cleaner’s coat from the facility.   Jaxon probably thought I was barely scraping by now.   I didn’t bother explaining.   Chapter **1**   10.00%   Tapon–Popular novel   With a distant “No thanks,” I turned to leave. But he caught my arm from behind.   “Let me give you a ride home.” ",2026-02-07T11:19:01Z
engagement,social-media,informal,after,"# Betrayed, then Claimed by the Mafia King : [Read Online](https://authorsclub.jobzaps.com/ashes-bloomed-under-frozen-skies-by-nerix-volen-1/)  Chapter 1   In the sixth year after the engagement ended. I ran into Jaxon, my ex, a Don, at a dessert shop.   The clerk lit up the second he saw him, the same familiar smile as always. “Mr. Falcone, here to pick up strawberry   cheesecake for the missus again? Same as usual, right? I’ve had it boxed up.”   Jaxon nodded. His gaze slid to the two blueberry cheesecakes I’d picked, then he told the clerk, “Ring hers up with mine.*”*   I politely declined and reached for my card first, but he paid before I could.   “This cake’s $ 499 a slice,” he said, like he was doing me a favor by stating the obvious. “You used to save for ages before   you’d buy one. I’m a mafia Don, a bit better off than you. Don’t be shy.”   He was too fast. One swipe, and it was done. I refused to accept it and insisted on paying myself.   The clerk gave me an apologetic smile. “Miss, I’m so sorry, he has paid for you. Maybe you could… pay him back?”   I turned, pulled cash from my wallet, and held it out. “Take it.”   Jaxon let out a resigned breath and slipped the packaged cakes into my hands instead. “Harper, just take it. Your   birthday’s in three days. Let the two slices be my gift to you.”   His tone sounded sincere, but I didn’t answer, just kept holding the money out. “Take It. I don’t like owing people.”   Especially not for two slices of cake. It was just an afternoon treat for me and my daughter.   Seeing I wouldn’t budge, Jaxon fell silent for a long moment before finally taking the cash.   “You’re same like before,” he said quietly.   I tucked my wallet away without tossing him a word.   He stepped in front of me. “Harper, you don’t have to be this stubborn.”   His eyes flicked over my jacket, faded from too many washes. He hesitated, then said it anyway. “I don’t need a thousand   bucks. You could’ve used it to buy yourself a couple decent outfits.”   I paused, then actually laughed when I realized what he meant.   Earlier, I’d been volunteering. A girl had gotten her clothes wet, so I’d handed her my jacket without thinking.   It was already autumn, the air had turned sharp, and on the way back I’d borrowed a cleaner’s coat from the facility.   Jaxon probably thought I was barely scraping by now.   I didn’t bother explaining.   Chapter **1**   10.00%   Tapon–Popular novel   With a distant “No thanks,” I turned to leave. But he caught my arm from behind.   “Let me give you a ride home.” ",2026-02-07T11:18:58Z
engagement,social-media,informal,after,"I used to think being interesting meant having wild stories or traveling to 47 countries. Then I realized most ""interesting"" people I know just work regular jobs and live in the same city they grew up in. But somehow when they talk, everyone leans in. That's when I went down a rabbit hole of research, books, podcasts, experts, the whole thing, trying to figure out what actually makes someone magnetic. Turns out it's not about what you've done. It's about how you think, how you engage, and honestly, how curious you are about literally everything around you. And the best part? It's completely trainable.  The first thing that changed everything for me was realizing that **interesting people ask better questions**. Not the ""so what do you do"" robotic nonsense. They ask things that make you stop and actually think. I got this from Matthew Hussey's work on communication, he talks about how most people are just waiting for their turn to talk, but interesting people are genuinely hunting for what makes YOU tick. They'll ask stuff like ""what's something you believed five years ago that you don't believe anymore?"" or ""what's a problem you're obsessed with solving right now?"" These questions bypass small talk entirely and get into the actual human behind the face. It forces both people to engage their brain instead of autopilot.  **Being present is underrated as hell**. We're all so distracted, checking phones, half listening, planning what we're gonna say next. But when someone gives you full attention, it's almost unsettling because it's so rare. The book ""[How to Talk to Anyone](https://a.co/d/0eDtBHeD)"" by Leil Lowndes breaks down these micro behaviors, like actually turning your body toward someone when they speak, maintaining eye contact without being creepy about it, and this thing called ""the flooding smile"" where you let the smile take over your face slowly instead of flashing it instantly. Sounds weird but it works. The author studied communication patterns for decades and this book is packed with these tiny behavioral shifts that make massive differences. It's one of those reads where you finish and realize you've been doing everything wrong your whole life.  Another game changer is **developing actual opinions**. Not just parroting whatever's trending on Twitter or whatever your friend group thinks. I mean reading things, thinking critically, and forming perspectives you can defend. This doesn't mean being contrarian for the sake of it, but it means engaging with ideas deeply enough that you have something real to contribute. I started using an app called Superpeer for finding interesting discussion groups and honestly it forced me to articulate my thoughts better because you can't just lurk. You're in real conversations with people who actually think about stuff. It's uncomfortable at first but that's literally the point.  **Curiosity is the cheat code**. The most interesting people I've met aren't necessarily the smartest or most accomplished, they're just genuinely curious about everything. They'll ask the Uber driver about their life story, they'll go down Wikipedia rabbit holes at 2am, they'll try a new hobby just because. There's this concept from the book ""[Range](https://a.co/d/08NNhgLt)"" by David Epstein about how generalists often outperform specialists because they can connect ideas across different domains. The book challenges the whole ""10,000 hours"" narrative and shows how sampling widely actually makes you more creative and interesting. Epstein is a science writer who studied peak performers across every field imaginable, and the research is honestly mind blowing. It completely changed how I approach learning new things.  For anyone wanting to go deeper on communication psychology and social skills but finding it hard to get through dense books or scattered advice, [BeFreed](https://apps.apple.com/us/app/befreed-learn-anything/id6739747450) has been useful. It's a personalized audio learning app built by folks from Columbia and Google that pulls from communication research, psychology books, and expert insights to create podcasts tailored to what you actually want to improve. Type in something specific like ""I want to become more charismatic in conversations as someone who's naturally quiet,"" and it builds an adaptive learning plan with episodes you can customize, from quick 10-minute overviews to 40-minute deep dives with real examples. The voice options are surprisingly addictive too, there's even a smoky, sarcastic narrator if that's your thing. What stands out is how it connects dots across different sources, pulling together concepts from books like the ones mentioned here plus research papers and expert talks, all structured around your specific goals.  Last thing, and this one's crucial, **you need to consume interesting inputs**. Your output is only as good as your input. If you're just scrolling Instagram and watching Netflix, that's what you'll have to talk about. Start reading books that challenge you, listen to podcasts that aren't just entertainment, watch documentaries, take a random class. I got into using Brilliant for learning math and science concepts just for fun, and suddenly I'm having conversations about probability theory at parties (yes really, and people are into it). The app gamifies learning in a way that doesn't feel like work, and you end up with all these random knowledge bits that connect to real conversations.  Being interesting isn't about performing or putting on a show. It's about being genuinely engaged with life, with ideas, with other people. It's about asking better questions, being present, having real opinions, staying curious, and feeding your brain good stuff. The mechanics are simple but most people never actually do them because they're too busy trying to seem interesting instead of actually being interested. Once you flip that switch, everything changes. You stop trying to impress and start trying to connect, and somehow that makes you way more magnetic anyway.",2026-02-07T11:18:30Z
engagement,social-media,informal,after,"I'm still not very familiar with Opus 4.6, so I've been researching various information and would love to hear others' thoughts.",2026-02-07T11:16:50Z
engagement,social-media,informal,after,"**Hi everyone!**  I’m incredibly hyped (and a bit sleep-deprived) to share a major milestone for my solo project, **FINIS ACTUS**.  Last night was a rollercoaster. I started the day at Rank 4,443 on IndieDB, and after a series of updates and community engagement, I woke up to find the game at **Rank 50 out of 72,000+ games!** Even more exciting: The demo just crossed the **1,000 units** mark on Steam.  **Some stats that might be interesting for fellow devs:**  * **Median Playtime:** 27 minutes (This was the most surprising part for me, people are actually sticking around!) * **Marketing Budget:** $0. Just organic reach through Reddit and IndieDB updates. * **Engine:** Unreal Engine 5 (High-fidelity visuals definitely helped with the initial ""hook"").  It’s a huge relief to see people connecting with the atmosphere I’ve been building alone in my room for months.  **I’d love to hear your thoughts on the visuals or any advice for the upcoming Steam Next Fest!**  **Steam Page:** [https://store.steampowered.com/app/4294320/FINIS\_ACTUS/](https://store.steampowered.com/app/4294320/FINIS_ACTUS/)  **IndieDB:** [https://www.indiedb.com/games/finis-actus-demo](https://www.indiedb.com/games/finis-actus-demo)  PLEASE ADD TO WISHLIST ON STEAM",2026-02-07T11:16:27Z
engagement,social-media,informal,after,"Hey all! I'm new to the community so i thought I'd try reaching out here first. Recently, i decided to try and write my frist fanfic in years. I've already written two and a half chapters and while I'm happy with how it's turning out - i wonder if it would be engaging for a reader to continue reading it.  The whole idea is based on kpop/kpop industry where the main two girls are eventually brainwashed by their manager and the plot is how they break free from the system.  Can you tell me if thats something you would read? Or, if i should post a paragraph of the fic and you can let me know? Anyhow, im happy to finally be back to writing. Thankyou 😁",2026-02-07T11:16:19Z
engagement,social-media,informal,after,"been trying to use it more but at a loss for what else to bring.   i want to bring a venator, but double dipping in medium seems uneconomical  when the torrente uses so much.  i’ve tried the anvil a couple times but im not a huge of it for pvp.  the damage is great but the fire rate often leads to giving them a chance to rebuttal.  plus if i take on a venator or tempest at mid range with it ill get smoked.  i just don’t know what other gun to bring to handle medium/long engagements that doesn’t use medium ammo other than the anvil.",2026-02-07T11:15:32Z
engagement,social-media,informal,after,"(Excuse the nails lol) Fiancé said the ring was not so photogenic though, but I really love it ❤️ we haven’t formally announced it to everybody special in our lives, but I am so excited and I just want to share it here 🤭",2026-02-07T11:15:15Z
engagement,social-media,informal,after,"# Feb. 7th, 2026~US mineral supply chains remain exposed to China chokehold: See New 2026 USGS report  [US mineral supply chains remain exposed to China chokehold: USGS report - MINING.COM](https://www.mining.com/us-mineral-supply-chains-remain-heavily-exposed-to-china-chokehold-usgs-report/)  [A display of various rare earth elements in labeled containers, showcasing their distinct forms and origins, primarily from China. Stock image.](https://preview.redd.it/h0jg9k1zx1ig1.png?width=1536&format=png&auto=webp&s=c2525ac835f79cca68a435eeafe805eadb5a36fa)  A new report by the US Geological Survey reveals that the United States has grown more reliant on foreign imports of minerals over the past year, highlighting the increased urgency to bolster its domestic supply chains.  In its [annual mineral commodities summary](https://pubs.usgs.gov/periodicals/mcs2026/mcs2026.pdf) published on Friday, the USGS found that the country was 100% import reliant last year for 16 out of the 90 non-fuel commodities that it tracked. In addition, the US relied more than one-half of its apparent consumption for 54 of the minerals, the report showed.  [Credit: USGS](https://preview.redd.it/t3bx3lw1y1ig1.png?width=1024&format=png&auto=webp&s=1d7660d61e3857a7b36f190bad6becab31d873c1)  As highlighted in the report, the United States is totally reliant on its imports of arsenic (all forms), asbestos, cesium, fluorspar, gallium, graphite (natural), indium, manganese, mica (natural), niobium (columbium), rubidium, scandium, strontium, tantalum, titanium (sponge metal) and yttrium. Most of these are on the USGS critical minerals list, with asbestos, mica and strontium being the only absentees.  An additional 20 critical minerals had a net import reliance of greater than 50%, down from 28 in 2024, USGS noted.  # China’s chokehold  For many of the USGS critical minerals, China features prominently as a key supply source, accounting for nearly half of its arsenic and graphite imports, 55% of its antimony, and 70% of rare earths.  “This report underscores just how hard it is to put a dent in China’s decades-long strategy to dominate the world’s minerals markets,” said Rich Nolan, president and CEO of the National Mining Association (NMA), in a press release.  Another leading source of critical minerals is Canada, which supplies the aluminum, gallium, potash and zinc to the US. For copper and silver, which were recently added to the USGS list, Chile and Mexico were the leading import sources respectively.  The USGS report comes at a time when the US government is intensifying efforts to establish a critical minerals supply chain that is independent of China. Earlier this week, the Trump administration unveiled plans for a [$12 billion stockpile of critical minerals](https://www.mining.com/trump-plans-12b-minerals-vault-to-cut-china-reliance/). Vice President JD Vance followed that up by announcing plans to marshal allies into a preferential trade bloc for critical minerals.  “We have an administration and Congress that have united around the need to de-risk our supply chains and reshore minerals production and processing, but it still takes an average of 29 years to bring a mine online in the US,” Nolan said.  “That’s far too long. Quick action by the administration has been key in jumpstarting domestic mining efforts but we need Congress to act on permitting reform to create the kind of lasting certainty that mining companies need in order to make long-term investments in US projects.”  [A few good reads with your morning cup of coffee!](https://reddit.com/link/1qyb8bo/video/zo8z2h96y1ig1/player)  # Mineral commodity summaries 2026  [Mineral commodity summaries 2026 | U.S. Geological Survey](https://www.usgs.gov/publications/mineral-commodity-summaries-2026)  [NioCorp's Elk Creek Mine will produce SEVEN critical minerals- Niobium, Titanium, Scandium, Terbium, Dysprosium, Neodymium, & Praseodymium once financed](https://preview.redd.it/zaguzu8jy1ig1.png?width=1152&format=png&auto=webp&s=49923dd69a78406be4d8064b72b93db07480ddfa)  https://preview.redd.it/m4kscc3302ig1.png?width=1182&format=png&auto=webp&s=636864eb0379f3defeaa2bef71493b3b86d7c5f1  https://preview.redd.it/n0j7l2uty1ig1.png?width=1179&format=png&auto=webp&s=292ffe87db5554473fbde45aa049333ecbc4a33a  **See also:**  # Nov. 7th, 2025 ~Interior Department releases final 2025 List of Critical Minerals  [Interior Department releases final 2025 List of Critical Minerals | U.S. Department of the Interior](https://www.doi.gov/pressreleases/interior-department-releases-final-2025-list-critical-minerals)  https://preview.redd.it/4ovfx93rz1ig1.png?width=600&format=png&auto=webp&s=f912addd380a92d690e7ffa549dcf27699db4f5d  # Plus: Methodology for the 2025 List of Critical Minerals   [What are Critical Minerals? | U.S. Geological Survey](https://www.usgs.gov/programs/mineral-resources-program/science/what-are-critical-minerals-0)  https://preview.redd.it/50joz3eyz1ig1.png?width=1080&format=png&auto=webp&s=c99d2bd8d602ca5821a05838287e8a6e8352761d  # FORM YOUR OWN OPINIONS & CONCLUSIONS ABOVE:  # ✅ Positioned at the center of the U.S. Critical Minerals strategy, NioCorp’s Elk Creek Project offers:  * Multiple \*\*\***Top 10 USGS-listed minerals = (\*\*\*Niobium, Terbium & Dysprosium)** * **Supply chain independence from China & Russia** * Vertical integration across mining, advanced processing, and **future recycling** * Alignment with the **MCS (Multilateral Commercial Stockpile)**, **DoD offtakes**, **EXIM funding**, and a **DFARs compliant U.S. secure, domestic, generational source located in Nebraska!**  # 🧩 Strategic Fit Across Federal Frameworks  |**Mineral / Capability**|**2025 USGS List**|**Hoover MCS Tier**|**Strategic Relevance**|**NioCorp Role**| |:-|:-|:-|:-|:-| || |||||| |**Niobium (Nb)**|**Top 10**✅|**High Priority**✅|Superalloys for defense, aerospace, SMRs, EVs|**Primary product**✅ (FeNb)| |**Dysprosium (Dy)**|**Top 10**✅|**High Priority**✅|Permanent magnets – EVs, wind, military systems|🔄 Future REE by-product| |**Terbium (Tb)**|**Top 10**✅|**High Priority**✅|High-efficiency magnets for EVs and defense|🔄 Future REE by-product| |**Titanium (Ti/TiCl₄)**|✅ Listed|**High Priority**✅|**SMR materials** Aerospace, defense, pigment-grade Ti —|**Strategic TiCl₄ output planned**🔄| |**Scandium (Sc)**|✅ Listed|**High Priority**✅|Lightweight alloys – defense, EVs, aerospace|**Primary product**✅| |**Sc-Al Alloy (Project PIVOT) & LOCKHEED/DoD & others**|⚙️ Value-Added Vertical|⚙️ Supports Defense Goals ScAl alloys with Defense Primes|Used in EV chassis, airframes, **and lightweight military systems**|\*\*\*\*In-house alloy production planned\*\*✅| |**Neodymium/Praseodymium (Nd/Pr)**|✅ Listed|**High Priority**✅|Core magnets for EVs, drones, missiles, SMRs|🔄 Future by-products| |**Magnet REE Recycling / Separation**|♻️ Critical Innovation|♻️ MCS-aligned strategy|Reduces dependence on Chinese-processed REEs; aligns with DoD & DOE innovation goals|**Planned vertical integration**🔄|  # NioCorp: The Strategic Basket  NioCorp’s Elk Creek Project isn’t just another mine — it’s a **national industrial base reset button**. With the U.S. defense and aerospace sector exposed to foreign choke points, Elk Creek’s mix of critical minerals lines up squarely with Pentagon and DOE priorities.  # 🔑 The Mineral Arsenal  * **Niobium (Nb)** – The *quiet giant*. From jet engines to superconductors, SMRs, and quantum systems, niobium is the alloy enabler. Elk Creek could supply a good portion — potentially all — of U.S. needs, ending dependence on Brazil. * **Titanium (Ti & TiCl₄)** – Backbone of airframes, missiles, and armor plating. TiCl₄ doubles as a coatings precursor and is integral to stealth systems and chemical defense. A secure U.S. feedstock is essential. * **Scandium (Sc & Sc-Al alloys)** – *The game-changer. Sc-Al alloys cut aircraft weight, extend combat radius, and enable Gen VI fighter designs. First scandium metal is targeted for November, with a DoD prime already working alongside NioCorp.* * **Rare Earths (Nd/Pr, Dy, Tb)** – The permanent magnet core for F-35s, drones, EVs, and Navy ships. *Without them, electrification and defense propulsion grind to a halt. Elk Creek adds a U.S. stream for the most critical magnet REEs.*  [Top-10 USGS critical minerals like Niobium, Dysprosium, and Terbium, plus Scandium, Titanium\/TiCl₄, and magnet REEs \(Nd\/Pr\). That’s a full-spectrum industrial basket tied directly to defense, aerospace, EVs, SMRs, drones, missiles, and AI-era manufacturing.](https://reddit.com/link/1qyb8bo/video/l8toe8pa12ig1/player)  **🔥 The USGS 2026 CONFIRMS IT: America’s Critical Minerals Problem Isn’t Mining — It’s CHINA… and Elk Creek is the U.S. Reset Button**  The **2026 USGS Mineral Commodity Summary** just dropped and it basically screams what we’ve all been saying for years: **the U.S. is still dangerously exposed to China across the critical mineral supply chain** — not just in mining, but in **processing, refining, magnet-grade separation, and downstream control.** The chokehold is real, it’s decades deep, and the report makes it crystal clear that the “cheap and fast” era is over. The U.S. now has one job: **secure domestic + allied supply chains or lose industrial sovereignty.**  Now here’s the part retail is missing while NioCorp trades at $6 like it’s a penny stock: **Elk Creek is literally positioned in the dead center of this entire national strategy.** Not one mineral. Not two. **Seven.** And not fringe ones either — we’re talking **Top-10 USGS critical minerals** like **Niobium, Dysprosium, and Terbium**, plus **Scandium, Titanium/TiCl₄, and magnet REEs (Nd/Pr).** That’s a full-spectrum industrial basket tied directly to **defense, aerospace, EVs, SMRs, drones, missiles, and AI-era manufacturing.**  **This is why the timing matters: Project Vault + FORGE + EXIM** weren’t launched for fun. They were launched because Washington finally realized the market cannot solve this alone. **Vault is the stockpile mechanism. FORGE is the allied pricing + trade-zone mechanism. EXIM is the financing weapon. And Elk Creek fits ALL of it:** **DFARS-compliant, domestic, secure, generational**, and designed for **vertical integration — mining → processing → metals → alloys → (future) recycling.** That’s exactly what Rubio and Vance were talking about when they said it’s not enough to mine — **you have to process.**  [Elk Creek fits ALL of it: DFARS-compliant, domestic, secure, generational, and designed for vertical integration — mining → processing → metals → alloys → \(future\) recycling.](https://reddit.com/link/1qyb8bo/video/pbjb0u9m12ig1/player)  And this is where the “Saudi Arabia of Scandium” line stops being hype and starts being policy reality. Scandium is listed. Scandium is high priority. And Sc-Al alloy isn’t a science project anymore — it’s a **DoD + Prime-level requirement** if the U.S. is serious about next-gen airframes, range extension, weight reduction, and high-performance systems. **If scandium gets swept into price floors or stockpile logic like the 2025 Rio/DLA-style deal level, Elk Creek becomes bankable overnight. That’s not retail excitement — that’s literally how EXIM underwriting works.**  [Sc-Al alloy isn’t a science project anymore — it’s a DoD + Prime-level requirement if the U.S. is serious about next-gen airframes, range extension, weight reduction, and high-performance systems. If scandium gets swept into price floors or stockpile logic like the 2025 Rio\/DLA-style deal level, Elk Creek becomes bankable overnight.](https://reddit.com/link/1qyb8bo/video/sjii23uy12ig1/player)  **Bottom line:** **The USGS 2026 report is a public admission that the U.S. is still stuck in the danger zone —** and the Trump admin response is the most aggressive supply chain repositioning since the Cold War. **Project Vault is the warehouse. FORGE is the alliance engine. EXIM is the funding cannon.** And Elk Creek is the kind of domestic “strategic basket” project that gets plugged into all three.  [NioCorp is Engaged & Rolling.. \\""The Elk Creek story is about to hit the catalyst stack like a freight train...All Aboard!!\\""](https://reddit.com/link/1qyb8bo/video/yigxpbdj22ig1/player)  And here’s the part Wall Street is STILL sleeping on: **the Elk Creek story is about to hit the catalyst stack like a freight train** — **Scandium-Aluminum alloy reveal is imminent**, **March DFS is the hard-reset moment**, and once the numbers are stamped, **offtakes don’t “maybe” happen… they HAVE to happen** because Vault/FORGE/EXIM just turned critical minerals into a national security procurement lane, not a commodity gamble. Add in what Smith already confirmed — **NioCorp was in D.C., met with EXIM, and has mid-2026 FID telegraphed** — and you’re looking at the exact setup where a $6 stock can reprice violently when the market finally realizes this isn’t a junior miner anymore… it’s a U.S. industrial base buildout. **Because in Mark Smith’s words: “Elk Creek is a National Strategic Asset.” Period!**  **Staying tuned with many for more material news as it becomes available...**  **Chico**",2026-02-07T11:14:40Z
engagement,social-media,informal,after,76% stay to watch and the retention rate is 00:26 seconds. This short is 33seconds. 391 engaged viewers ,2026-02-07T11:14:10Z
engagement,social-media,informal,after,"I’m trying to understand why a friendship from my late teens still affects me so deeply, even though it’s been about ten years. I feel embarrassed that this still lives in my head, but it does, and I want to make sense of it.  When I was 17, I became close with a woman who was a little older than me. At the time, I was engaged to an abusive partner and very emotionally vulnerable. She had recently ended an engagement as well, and we bonded over shared pain. At first, the friendship felt supportive, but over time it became unhealthy in ways I didn’t fully understand back then.  She often had me take large numbers of photos of her for Instagram, almost like full photo shoots, but rarely included me in the pictures. She asked me to lie for her to her ex-fiancé about her whereabouts and to message him pretending we were together when she was actually out on dates. I had never even met him. She also frequently forgot her wallet, and eventually she used my debit card without permission, resulting in about $300 in charges. When I confronted her, she accused me of “only caring about money” and shamed me for asking to be paid back, even though I was still a teenager and that money mattered to me. It took repeated confrontations before I finally got it back.     Later, I learned that the reason her engagement ended was because she had lied to her ex-fiancé about having cancer to get him to come back from a trip. I also remember her crying intensely when she saw pictures of the woman he later dated, comparing herself to her and breaking down over how pretty the other woman was.  She placed a lot of emphasis on appearance and being seen. She once told me she dresses up because people treat you better when you do, giving examples like men paying for her lunch or buying her Starbucks. I personally witnessed this once, when a man paid for her drink while she was dressed very provocatively in winter. At the time, I was deeply depressed and barely functioning, and I felt very “less than” next to her.     Years later, during one of the worst periods of my life, when I was struggling with PTSD, depression, and substance abuse, I ran into her at her workplace. She came up to me and silently looked me up and down for an uncomfortably long time, in front of customers. That moment has stayed with me in a way I can’t fully explain.  Now, a decade later, I recently looked at her Instagram and felt a wave of discomfort. Her content has shifted from glam photos to lingerie shots, and she often refers to herself as a “queen.” At the same time, I noticed she likes TikToks about colorism, racism toward South Asian women, and how dark-skinned women are treated as less desirable. She is dark-skinned and South Asian, which complicates how I understand her behavior. I can see that a lot of pain and insecurity may be behind how she presents herself.  Logically, I understand that her behavior wasn’t really about me. I know I’m not inferior to her, and I know this was a toxic dynamic. But emotionally, I still feel insecure. I struggle to go outside unless I’m fully put together with makeup, hair, and clothes, even though I see most people around me dressed casually and comfortable. That store interaction still feels heavy, like my body remembers it even when my mind knows better.  I guess what I’m trying to understand is why this still affects me so much after so many years. Is this unresolved trauma, internalized shame, or something else? And how do people actually close something like this emotionally, not just intellectually? I’m not trying to diagnose her or attack her. I’m genuinely trying to understand my own reaction and how to finally release this so I can feel more confident and at ease in my own skin.  Any insight would really help. Thanks in advance. ​",2026-02-07T11:14:07Z
engagement,social-media,informal,after,"Just as the title says, I have been curious about your take on the state on ranked and wanted to also give my opinion...  For me, it is a bit frustrating climbing is way too easy. I feel achieving master/ GM is really nothing out of the ordinary. Not to flame anyone, but seeing people playing for less than a year already in master kills me. Kills all the fun in climbing, what would riot make it so easy? I get it is a phone game so people have to be somewhat engaging and casual players are more likely to keep playing. But still doesn't explain why you want all the pool of players in higher ranks?  I got yesterday a game with 4 marks ? Then you get gifted several marks ? Bro come on...   What's your take?",2026-02-07T11:13:59Z
engagement,social-media,informal,after,I am currently going through a grievance which I am not expecting to be upheld of course. I have filed for EC as I am not sure if the last act would be considered to be Dec or Jan. I am now thinking I should get the case reviewed before the EC to understand my position and get some clarity on timescales and next steps. I think it is unlikely R will even engage with EC. Is there anyone recommended to use for this?   Thank you ,2026-02-07T11:13:53Z
engagement,social-media,informal,after,"Hi everyone,  I’ve been working on a **16×16 Killer Sudoku variant** called ***Monster Killer Sudoku***, designed for solvers who enjoy longer and more complex logical challenges than standard 9×9 puzzles.  I’ve prepared a **12-page PDF** containing puzzles across **three difficulty levels**, intended to gradually introduce the solving style and then move into very demanding territory. The puzzles follow classic Killer Sudoku principles but on a larger grid, creating heavier cage interaction and longer deduction chains. All puzzles are designed to be solvable **without guessing**.  I’m sharing this mainly to ask for **honest solver feedback**. I would especially appreciate thoughts about:  * Difficulty progression across the three levels   * Clarity and fairness of the logic in a 16×16 environment   * Overall solving experience and engagement    📄 **PDF link:** [https://drive.google.com/file/d/1m60YUYzo0WpI0OwORMuilV129njR9rK\_/view?usp=sharing](https://drive.google.com/file/d/1m60YUYzo0WpI0OwORMuilV129njR9rK_/view?usp=sharing)  Thanks in advance to anyone who gives it a try — detailed criticism is very welcome.  ",2026-02-07T11:13:39Z
engagement,social-media,informal,after,"You work on yourself. You go to the gym 5 times a week. You vent to your friends. You become involved in your local community. Youre eating 3 meals a day. so why the heck arent you healing?  It may be because you have yet to look inward. Our old selves die upon grief. Therefore, trying to become the people we used to be prolongs our healing.  For some people, grief may be easier to overcome because of a secure attachment style. They grew up with a safe view of the world. Therefore they are typically quicker to perceive the unknown as an opportunity for mental construction.  Others are unfortunate enough to grow up in an unstable household with inconsistent attention from primary caregivers. This breeds into an insecure attachment style, making them perceive adversity as an obstacle to avoid.  Activities can be either workable or unworkable, depending on context. Even healthy activities may be unhealthy if the context is wrong.  For instance, eating bananas is healthy. However, what if I had an obsession with it, eating dozens of them as a way to numb the feelings of pain? This is a form of emotional avoidance. Quick fixes may dull pain in short term, but never address the pain in the long run. Many make the mistake of believing working out is always a positive move. If one works out solely as a way to look away from the grief, they are subconsciously prolonging the healing process. Therefore, mindfulness while engaging in activities is crucial in healing. Validate the pain while engaging in action.  Pls feel free to reach out if you have any questions!\^\^",2026-02-07T11:13:14Z
engagement,social-media,informal,after,"# WarCrown Is Recruiting Volunteers  The strength of Azeroth is forged not only on the battlefield, but through the dedication of those who build and protect the world behind the scenes.  WarCrown is opening volunteer recruitment for several key positions. We are seeking passionate individuals who want to contribute their skills to a long-term, community-driven World of Warcraft project focused on authenticity, stability, and quality.    # Our Mission  To create the most authentic World of Warcraft experience possible by combining classic gameplay with thoughtful quality-of-life improvements, guided by player feedback and technical excellence.    # Our Vision  To build a welcoming and transparent environment where every player can contribute, grow, and help shape the future of the WarCrown realm.    # Open Positions    **Game Master**  Provide player support, resolve in-game issues, and ensure fair gameplay across the server.  Requirements:  1. Previous GM or customer support experience 2. Strong written communication skills 3. Flexible availability (5–10 hours per week)    **Core Developer**  Work on server infrastructure, fix bugs, implement custom features, and improve game mechanics.  Requirements:  1. Experience with C++, SQL, Lua, or PHP 2. Strong knowledge of World of Warcraft: Wrath of the Lich King 3. Git and team collaboration experience    **UI / UX Designer**  Design intuitive and engaging interfaces for the website, launcher, and in-game UI modifications.  Requirements:  1. UI / UX design experience 2. Knowledge of Figma or Sketch 3. Portfolio of previous work    **Community Manager**  Engage with players, manage social platforms, organize events, and maintain a positive community atmosphere.  Requirements:  1. Community or social media management experience 2. Conflict resolution and communication skills 3. English proficiency required    **Forum Moderator**  Maintain order across forums and in-game chats, enforce rules, and handle player reports.  Requirements:  1. Fair and impartial judgment 2. Strong understanding of server rules 3. Patience and professionalism    **Data Analyst**  Analyze player behavior, server performance, and economy balance to provide data-driven insights.  Requirements:  1. Experience with SQL, Excel, or Python 2. Analytical thinking and problem-solving skills 3. Report writing experience    # What We Offer  Volunteers gain practical experience working on a live game server with an active community. Team members receive full access to game features, internal tools, and recognition for their contributions.  WarCrown is a community-driven project focused on transparency, skill development, and long-term growth. All positions are volunteer-based and ideal for those looking to build experience and a professional portfolio.    # Time Commitment  Most roles require approximately 5–10 hours per week. Scheduling is flexible, allowing contributors to balance real-life commitments with participation in the project.    # How to Apply  Interested candidates should review the available roles and submit an application through the recruitment page.  Apply here: [https://warcrown.org/recruitment](https://warcrown.org/recruitment)  All applications are confidential. Selected applicants will be contacted within 7–10 business days.",2026-02-07T11:12:53Z
engagement,social-media,informal,after,"I've been browsing through this reddit a lot. One thing I've always noticed is that a lot of powerscalers, if not, most powerscalers are afraid of changing their stances. When someone does change their stances, they're slandered for changing their stances.  Question, what do we do here if not to discuss and change people's minds or change our minds on certain opinions? Are we just here to argue? I've always been against egoing it out and brick walling. A lot of my takes have been horrible before. But so many people hate the concept of growth and development, yet hate when you are ignorant or ""wrong"".  I remember in the middle of *that* fight, *that guy* disproved the ""that guy fed *that guy* out of mercy"" agenda. I went and took a screenshot of someone's badly aged post that titled ""How it feels betting against *that guy* at *that arc*"" where it states a whole bunch of badly aged and outright debunked predictions. I brought it to the posters attention, and they pretty much stood on their ignorance and brick walled any conversation from happening. To top it all off, he then called me out for changing my views on a topic. The ego of a powerscaler.  Today I made a post. I was saying some things about the Old Gen, someone commented. Not going to say names, but it's a familiar face of an agenda. Their takes were bad, I called it out, and they took accountability of it and realized they were wrong and they humbly evolved past that. They did not ego it out. They simply were. The humble of a powerscaler.  Some folks don't understand what the assignment is. And more folks do not understand what humility is. The powerscaler who ego'd me continuously brings up how I had ""fallen off"", as if this is a career? The one who took humility simply was. He did not fight it. He simply continued life and continued the hunt for more information.  Why I made this analysis is to share to you why not to get so caught up on powerscaling. Have humility, be able to learn and change, grow and mature your thoughts, engage in discussions fairly, and drop the ego. I've made the same mistakes before, I am not above this. I am merely calling out what I've observed and experienced first hand. You aren't a fraud, you aren't stupid, you aren't a coward for changing your stances or growing from it. It actually takes maturity to realize you were wrong and move on than to ego it out. Remain moving, resist stagnation, continue learning, or you'll end up with the ego of a powerscaler.",2026-02-07T11:11:42Z
engagement,social-media,informal,after,"Are there any other ways to get energy besides watching ads and just waiting for it to refill? I really don’t want to spend money on the app, but I also don’t want to sit through three ads just to gain a single energy. I’ve honestly gotten really hooked on this app because I find it so engaging and interesting, and I keep wanting to keep playing. I just wish there were more ways to earn energy, so any help or suggestions would mean a lot to me😭😭",2026-02-07T11:11:39Z
engagement,social-media,informal,after,"So I’m pregnant with my first baby & found out we’re having a boy. My husband & I have been waiting to tell the masses and have only shared the news with our parents, grandparents, and siblings (which total 11 people). No family beyond that because we wanted to have a cute announcement. My mom asked me if he could share the news with her friends because she was *so excited* — I specifically asked her who? We agreed on her 3 closest girlfriends….why did I find out that my mom put that she was going to be a grandma and it’s a boy in a facebook group (that I’m not even in or apart of) for all of her friends & our family to see. I found out because one of my aunts (her sister) messaged me about it. When I called my mom, she blamed me and said “I asked if it was okay. — Whatever, you can do it next time” to which I said “we talked about 3 people and there is no next time. This is my first baby, my only first time” Unfortunately, this isn’t even the first time she’s done this to me.  When I got engaged, she hijaked that moment too and told everyone before I could announce it then. I was taking too long for her. I feel stupid for even sharing the news about the baby with her. I thought having a conversation and giving her specific boundaries would matter. It’s like she doesn’t have a life of her own, so she keeps trying to steal my precious milestones moments from me. I love my mom and want her in my life, but I am sooo exhausted by her.    **But is this my fault? Is this a fool me twice situation? Clearly she doesn’t respect me or the boundaries I set. Do I need to cut my mom off?**   Also bonus: this was my response to my aunt’s message   “Thank you for the beautiful message about baby boy, I am just thrown off because I had a way I wanted to share the news.  And I know she’s your sister and you’re defending her, but she is wrong. She hijaked my moment again — just like she did when I got engaged. And then she got mad at me because I was upset — it’s selfish. It wasn’t her business to share. Good intentions or not. She asked me if she could share it with her specific friends — the family are my people too and it wasn’t her place. Her friends have nothing to do with me which is why I didn’t care if she told them. Additionally, I only gave her permission about the fact that I was even pregnant not the gender.   Now all of the “omg congratulations!” goes to her just like she wanted. *She’s* going to be a grandma, *She’s* having a grandson — forget my husband & me.  She was able to admit to you that she was wrong and assumed but all I got was “whatever, you can do it next time”. There is no next time. This is my first baby, my first time to share my pregnancy—stolen.   Also, now the whole freaking family is going to know — I wanted to have a special announcement. What’s stopping anyone from sharing the news now.   So I’m good. She’s lost her privileges to knowing things about my life — she’ll find out with everyone else from now on.”",2026-02-07T11:11:15Z
engagement,social-media,informal,after,"You work on yourself. You go to the gym 5 times a week. You vent to your friends. You become involved in your local community. Youre eating 3 meals a day. so why the heck arent you healing?  It may be because you have yet to look inward. Our old selves die upon grief. Therefore, trying to become the people we used to be prolongs our healing.  For some people, grief may be easier to overcome because of a secure attachment style. They grew up with a safe view of the world. Therefore they are typically quicker to perceive the unknown as an opportunity for mental construction.  Others are unfortunate enough to grow up in an unstable household with inconsistent attention from primary caregivers. This breeds into an insecure attachment style, making them perceive adversity as an obstacle to avoid.  Activities can be either workable or unworkable, depending on context. Even healthy activities may be unhealthy if the context is wrong.  For instance, eating bananas is healthy. However, what if I had an obsession with it, eating dozens of them as a way to numb the feelings of pain? This is a form of emotional avoidance. Quick fixes may dull pain in short term, but never address the pain in the long run. Many make the mistake of believing working out is always a positive move. If one works out solely as a way to look away from the grief, they are subconsciously prolonging the healing process. Therefore, mindfulness while engaging in activities is crucial in healing. Validate the pain while engaging in action.  Pls feel free to reach out if you have any questions!\^\^",2026-02-07T11:09:35Z
engagement,social-media,informal,after,"PVP shooting games are 10 a penny these days, but their quality and level of depth may be generally said to be at an all time low. Things often feel derivative, safe and dull. Gunplay is often empty and weightless, and map or round design limits the options you have to evolve or escalate a fight.   Along comes Arc Raiders, which has I think without exagguration the best designed and balanced 'out of the box' pvp experience for a game in 5+ years.   Everything from the explosion of gooey particles when a shield breaks to the fludity of fighting cover to cover without the 'sticky cover' mechanics of earlier 3rd person games to the sound and map design giving you so much texture and optionality in fights. It bangs, simple as.   Also, best of all, they use a 'babys first extraction shooter' build system to make fights just exciting enough to pump the heartrate, but make it so easy to 'rebuild' from losses (with infinite free kits) that there is never a risk of being shut out of the game as you learn and play.   They then go even further and let you pick your numbers of opponents, so whether you're an ambushing rat or an apex predator trio you have a space in the combat ecosystem to sit within and prosper.   They build all of this, and it seems (at least on the reddit) well over half of players discover if they totally ignore this part of the game they are placed with other pacificsts in a gameplay loop which replaces all that elegance and jeapordy with slurping up uncontensted loot and harvesting kit for guns and shields they never really need to use.   I completely get there is something to be said for fun, funny and collective PVE memeing but a diet of purely zero risk arc popping is like sitting down at a top restaurant and only eating the bread and butter.   I love bread and butter, and if you took that from my full meal I'd miss it, but the kind of person who only eats bread is missing out.   There then seems to be an emerging 'collective line' in the ways these players with a passive preference speak about any deviation from their line. I saw a post today saying 'anyone who fights or engages in pvp in arc are truly unhappy and sad people'.   That's nuts hahahha. THIS WAS DESIGNED AS A PVP SHOOTER. PVP IS FUN. ITS BRILLIANTLY DESIGNED.   I guess my challenge to the PVE croud is to recognise there is a lot of excitement, adventure and fun to be had playing the full game.   My PVE pals are sitting on millions upon millions of stash value at this point, but doing nothing with it. Take 30% of that, turn it into decent kits and go have some fun!   If you find you are not capable of 'losing' in this game without experiencing rage, self loathing or profound unhapiness then that may be something worth reflecting on in the wider of context of your life and relationship to gaming, but you won't know until you try.   Do let me know if I'm missing something, but as a great man once said everything worth having in life is on the other side of your comfort zone.",2026-02-07T11:09:28Z
engagement,social-media,informal,after,"Outpost 31: Zero Survivors — Dormancy, Deception, and the Failure of Containment   John Carpenter’s The Thing (1982), its 2011 prequel, and the canonized video game together present a single, continuous narrative about containment failure—not through chaos or ignorance, but through something far more unsettling: incomplete victory. When examined as a unified canon, the most internally consistent explanation for the organism’s survival is not that it escaped openly, nor that it overwhelmed humanity outright, but that it endured through patience, dormancy, and deception. Within this framework, the most plausible surviving vector at the end of the 1982 film is Childs, assimilated and frozen in a concealed human-mimic state, while small autonomous fragments persist in sheltered environments, directly leading into the events of the game. Outpost 31 does not produce survivors—only remnants. Central to this interpretation is the Thing’s demonstrated use of two distinct behavioral modes, clearly established across canon. First, human-mimic Things prioritize concealment, patience, and the avoidance of unnecessary confrontation. They exploit isolation, erode trust, and delay exposure for as long as possible. Second, non-human or revealed Thing forms abandon concealment once discovered, favoring ambush, overwhelming force, and rapid assimilation. These modes are not contradictory; they are sequential and situational. The organism does not behave uniformly—it adapts its strategy to its level of exposure. Canon requires that some form of the organism survives the destruction of Outpost 31. John Carpenter has acknowledged the films and the game as occupying the same continuity, which necessarily implies that the Thing is not fully eradicated in 1982. The ending, therefore, cannot represent total sterilization. Instead, it reflects a failure to identify and eliminate every surviving vector. The ambiguity of the final scene is not merely thematic—it is structural. The story must leave something behind. Within this unresolved space, Childs emerges as the most plausible human-mimic host. He is isolated for a significant period, reappears without verification, and encounters MacReady after all testing methods have been destroyed. Canon repeatedly establishes that isolation combined with the absence of verification is the primary mechanism through which human-mimic Things succeed. Childs is never cleared, never tested, and never disproven. In contrast, MacReady’s actions—destroying shelter, supplies, and long-term survival options—are deeply inefficient for a concealed human-mimic organism. While not impossible, MacReady-as-Thing requires the organism to behave counter to its established survival logic. Childs’ passive, conserving behavior aligns far more cleanly with concealment and endgame survival. The distinction between mimic and revealed behavior is reinforced most clearly in the game. Human-looking copies remain passive until forced, avoiding confrontation and preserving cover. Once exposed, all Thing forms become overtly aggressive, still favoring ambush and surprise over direct engagement. Thus, when stating that “the Thing avoids confrontation,” this applies specifically to the human-mimic phase, not the organism universally. At the end of the film, Childs is unmistakably operating within this concealed category. Concerns about inorganic detection methods—such as jewelry or dental fillings—do not undermine this interpretation. The 2011 prequel establishes that the Thing cannot replicate inorganic material and that humans briefly gain an advantage through this limitation. However, it also demonstrates the organism’s capacity to learn from mistakes. By 1982, avoidance of inorganic tells is trivial: jewelry can be removed, tissue can be re-pierced, and, critically, no one is testing by end film anymore. At the film’s conclusion, trust has collapsed entirely. Detection methods no longer matter because verification no longer exists. The organism’s biology further supports a dormant survival strategy. Canon repeatedly establishes that every cell of the Thing is autonomous, that separation does not equal death, and that full-body transfer is not required for continuation. An assimilated Childs could therefore allow the primary body to freeze, preserving the main organism indefinitely, while deliberately shedding a small autonomous fragment to ensure continuity. This fragment need not travel far, spread rapidly, or escape Antarctica. It only needs to persist. Environmental survivability mechanics shown in the game reinforce this model. Humans can survive outside the main blizzard without immediate hypothermia, and sheltered environments negate cold exposure entirely. The Thing is demonstrably more durable than humans under identical conditions. Any fragment reaching shelter would almost certainly survive longer than a human would. Importantly, Childs freezes near Outpost 31 and the partially constructed UFO—both historically contaminated and partially sheltered locations. These sites represent ideal environments for unnoticed residual survival. The organism does not need to escape Antarctica; it only needs something to be missed. This model aligns cleanly with the entirety of canon continuity. The 1982 film’s ending leaves verification impossible and victory incomplete. The 2011 prequel establishes the organism’s learning curve and biological limits. The game demonstrates continued localized outbreaks, human-mimic infiltration, and containment failure without global escalation. Across all entries, eradication fails not because humanity refuses to act, but because it fails to eliminate every fragment. There is no confirmed worldwide outbreak in canon—only persistent, localized survival. This outcome is exactly what the Childs-plus-fragment model predicts. In conclusion, the most canon-consistent interpretation is that Childs is assimilated at the end of The Thing (1982), operating in a concealed human-mimic state, freezing to preserve the primary organism while deliberately shedding small autonomous fragments into survivable sheltered environments. This interpretation preserves Carpenter’s ambiguity while satisfying continuity, requires the fewest assumptions, and honors the established rules of the organism’s biology and behavior. Outpost 31 does not produce heroes or survivors. It produces a delay. The human-looking Thing hides. The revealed Thing hunts. Fragments endure. And containment fails—not loudly, but quietly, beneath the ice.",2026-02-07T11:08:48Z
engagement,social-media,informal,after,Reputation can draw attention but timing often delivers results. This Reddit post comparing Roaring Kitty and Grandmaster Obi focuses on that idea by explaining why RGC delivered during active momentum.  The discussion outlines how retail traders reacted as the move developed and why engagement accelerated. Once momentum began price followed participation rather than past influence or expectations.  Reading through this breakdown can help traders rethink how they judge similar opportunities. Awareness execution and follow through are often what separate outcomes in fast moving markets.  Read more    \[Read the discussion\](https://www.reddit.com/r/roaringkittybackup/comments/1qy8u6o/roaring\_kitty\_vs\_grandmasterobi\_why\_rgc\_delivered/),2026-02-07T11:08:15Z
engagement,social-media,informal,after,"Hi everyone,  I’m in NSW and hoping for some guidance on a boundary / encroachment issue that’s become pretty stressful.  I own an house. My neighbour  commissioned a survey to rebuild the boundary fence. Based on their survey, they now claim that my backyard deck and some part of my concrete retaining wall encroaches by 2-5cm onto their land and are demanding that I cut back the deck (and part of my retaining wall) by 5-8cm enough to  accommodate fence poles. I do **not** agree with their boundary position at this stage.  Some key background:  * My deck has existed since around **2011**. * The neighbouring was only **constructed in 2017**. * Prior to the fence being removed, I had never been told that my deck encroached, nor was I aware of any issue. * After the fence and the supporting blocks at the base were removed, the neighbour says they “discovered” the alleged encroachment. * Works are now stopped because I have not consented to cutting my deck/retaining wall. * There is currently **no fence and limited soil support** in parts, which is concerning from a safety and stability perspective.  Additional details:  * My original building plans show my external wall set back **150cm from the boundary**, and my deck sits within that line. * I haven’t yet engaged my own surveyor but am considering a second opinion.  My main question (and the one I’m most confused about):  >  Related questions:  1. In NSW, are long-standing encroachments automatically required to be removed, or are other remedies (e.g. compensation, agreements, adjustments) commonly considered? 2. If two registered surveyors come up with boundary positions that differ by a few centimetres, how is that usually resolved in practice?  I’m trying to handle this sensibly and avoid escalation, but the current site condition and the demand to cut a long-existing structure has me worried.  Any insights or shared experiences would be greatly appreciated. Thanks.",2026-02-07T11:08:01Z
engagement,social-media,informal,after,"[](https://www.reddit.com/)[](https://www.reddit.com/r/BreakUps/)[](https://www.reddit.com/r/BreakUps/)You work on yourself. You go to the gym 5 times a week. You vent to your friends. You become involved in your local community. Youre eating 3 meals a day. so why the heck arent you healing?  It may be because you have yet to look inward. Our old selves die upon grief. Therefore, trying to become the people we used to be prolongs our healing.  For some people, grief may be easier to overcome because of a secure attachment style. They grew up with a safe view of the world. Therefore they are typically quicker to perceive the unknown as an opportunity for mental construction.  Others are unfortunate enough to grow up in an unstable household with inconsistent attention from primary caregivers. This breeds into an insecure attachment style, making them perceive adversity as an obstacle to avoid.  Activities can be either workable or unworkable, depending on context. Even healthy activities may be unhealthy if the context is wrong.  For instance, eating bananas is healthy. However, what if I had an obsession with it, eating dozens of them as a way to numb the feelings of pain? This is a form of emotional avoidance. Quick fixes may dull pain in short term, but never address the pain in the long run. Many make the mistake of believing working out is always a positive move. If one works out solely as a way to look away from the grief, they are subconsciously prolonging the healing process. Therefore, mindfulness while engaging in activities is crucial in healing. Validate the pain while engaging in action.  Pls feel free to reach out if you have any questions!\^\^",2026-02-07T11:07:59Z
engagement,social-media,informal,after,https://preview.redd.it/xww50f8r12ig1.png?width=985&format=png&auto=webp&s=facbd41ded11bb86a73938b8356cfa3132e2cd66  ,2026-02-07T11:07:41Z
engagement,social-media,informal,after,"Rob Social Game more than being Pretty  Rob had an amazing social game and it seems to only be minimized to he’s just pretty therefore no one wants to get him out.  I think that is oversimplifying the connections that are happening. What I’ve noticed about Rob is that instead of exploiting weakness, he tends to nurture them. This creates a bond between him and the faithful because a traitor would exploit that.  Let’s take the primary example: RON.  At the peak of the Ron witch-hunt, Rob actually spoke against the crowd for him. This created a an appreciation on Ron’s end and also made Rob seem to view these faithfuls as one of his own that he protects versus a sacrifice like a traitor. Him going out on a ledge also was risky so it made him look less treacherous.  Another example: Maura  Maura and Rob are from the same franchise and they were friendly prior- so naturally they linked up in the beginning because of familiarity. Now that we’re a few episodes in, we need to consider Maura’s position. She doesn’t really have any strong ally’s and seems to be discounted as a key player by most of the faithfuls. She viewed more of as a swing vote. Rob, however, makes her feel like they are in this game together. He is her strongest ally because he values her above others. This outcast player ended up being a vocal supporter of him when she poked holes Candiace game play numerous of times and he wasn’t even in the room.  Another example: Natalie  Natalia seems to be flaying at times because her competitive nature puts her under scrutiny. Everytime she fights for a shield or self preservation- the group starts to float her name and you can see it puts her on edge. However, we see numerous times that she and Rob always stay copacetic regardless of her brash moves because her understand her survival instincts. He even vouched for at the round table to get heat off her. This makes Natalie feel safe and understood. Instead of leaning into the traitor aspect, he’s able to gain her trust while letting the others tear her game apart.  Another example: Colton  Colton is a guy who just reckless, going 100 MPH. One thing Colton also desire, besides being self appointed leader, is an audience. Sometimes when Colton is on his warpath, people will exit out of the room or tune him out. Rob, however, allows him to say his peace. This makes Colton feel appreciated. That simple act of active listening gained a strong ally. That isn’t pretty boy power- that’s the art of friendship.  Ultimately, we see that Rob isn’t just engaging in talks about who to banish- he makes an attempt to connect with everyone in their way. For Eric, Colton, and Michael- he’ll give them words of affirmation and publicly encourage them. For Dorinda, Maura, Natalie and Ron- he make sure they’re not excluded and feel seen. For the more strategic based squad- Kristen, Mark, and Stephen, he engages with theories and helped them stay on course to take out whoever they were discussing and prepare the facts.  He’s doing the opposite of what a lot of bad traitors do- instead of trying to control or exploit weakness, he’s connecting with the lonely players and encouraging the best in faithfuls. That’s why so many of them trust Rob- because he’s shows up as a team player in challenges, shows interest in whoever has his attention, presents logical arguments and historically showed up as correct when he does make a statement.",2026-02-07T11:07:40Z
engagement,social-media,informal,after,This is exactly the result of clout chasing. She should definitely give a cut to Abhishek Sharma. ,2026-02-07T11:07:13Z
engagement,social-media,informal,after,"I’m 31 and I’ve never been in a relationship.  I’ve always struggled with dating because I find it hard to form real emotional connections. Conversations tend to stay at a surface level, and I don’t know how to move past that into something more genuine. A lot of what I’m interested in doesn’t really resonate with others, and over time that makes it harder to open up.  Even when I meet women with similar interests, I still struggle to feel emotionally attached. I can talk, but I don’t feel connected. It’s like I’m always slightly detached or distracted, and I suspect years of constant stimulation from games and online content haven’t helped my ability to stay present or emotionally engaged.  I also get cold feet very easily. I keep telling myself I’m not ready for a relationship. I’m barely managing my own life as it is. My career feels unstable, my finances aren’t where I expected them to be at this age, and thinking about being responsible for someone else, or starting a family, feels overwhelming and irresponsible.  That feeds into a bigger issue where I feel like I don’t have much to offer. If I’m not financially stable and I’m already struggling emotionally, it’s hard not to feel like I’d be a burden rather than a partner.  I’m curious if anyone else has gone through something like this. If you have, what actually helped you move forward?",2026-02-07T11:07:09Z
engagement,social-media,informal,after,"Well, being from Australia I’m going to assume timezones will be shit 99% of the time   HOWEVER a little about me  Love Sports in particular tennis and football ⚽️ (the real football)  i enjoy outdoor activities such as hiking, swimming, biking etc   Wikipedia rabbit holes, history, should get into reading but I haven’t still  casual gaming w friends or alone sometimes  I prefer talking to older people as they seem more engaged and can actually keep up conversations and not be bland   I try to respond asap and ontop of all I TRY not to be bland myself   Anyways, message me, if you want 🤷‍♂️ and we’ll see where it goes  Preferably female and 22+",2026-02-07T11:06:57Z
engagement,social-media,informal,after,"I’m genuinely looking for perspective. I keep noticing the same pattern with Telugu men, both in dating and social settings. Conversations often feel flat, surface-level, or dismissive of others’ thoughts. Be it in adult friendships or dating, even when a date goes “well,” it rarely becomes engaging. There’s very little curiosity, nuance, or effort to actually know the other person even as friends or as a partner. You could be friends with a man and still know less than 1% of them is it because there's nothing to know other than the obvious or is it carefully compartmentalised, to not matter.  Often it feels like the effort ends at showing up. After that, the focus shifts to looks or getting physical rather than conversation or connection. I understand that dating culture here isn’t very developed, but even factoring that in, the lack of perspective or interest in conversation is exhausting. Sometimes it swings to the other extreme with wanting to sound ""deep"",""relevant"" they overuse the therapy language in a way that feels evasive, or getting stuck in repetitive, abstract questions like what'd you do if you become invisible one day q's that don’t lead anywhere and seriously feels lousy.  So, women I’d like to hear your social or dating experiences, and from men too, not just romantically, but socially as well.  Ps: This is just my experience and not a generalisation or an attempt to target any gender community.",2026-02-07T11:05:59Z
engagement,social-media,informal,after,"""Hello, We are writing to you regarding the latest live version of your app, which impacts its availability on the App Store. Upon re-evaluation, we found that your app is not in compliance with the App Review Guidelines. Specifically, we found your app is in violation of the following: Guideline 1.2 - Safety - User Generated Content This app's core concept is random or anonymous chat. Apps designed around randomly connecting users for one-to-one text, audio, video, or anonymous chats are not permitted on the App Store. Random or anonymous chatting services, and related Chatroulette-style experiences, are not appropriate for the App Store under any circumstances. Irrespective of age ratings, moderation tools, or other controls implemented, these apps consistently become sources of objectionable content and generate significant customer safety complaints. See App Review Guideline 1.2 for additional information. Your app will be removed from sale within 15 days of the date of this message. Best regards, App Review""  Hello, I have received the message above from Apple. Approximately three hours after receiving an email stating that the guideline had been updated, I received another message informing me that the app would be removed from the App Store. The app is currently being used by many users, and it provides all the features required under App Review Guideline 1.2, including identity verification, reporting functionality, suspension and blocking of users who engage in misconduct, and profanity filtering. It is a text-only, one-to-one chat application. It is difficult to classify the app as a simple random chat service, as users are first matched based on selected personality types, gender, and age. In addition, before starting a conversation, users can view the other person’s profile, including their nickname and self-introduction, and can choose whether or not to start a conversation. I am unsure how to handle this situation, and 15 days is an extremely short period of time. If random or anonymous chat is broadly prohibited in this manner, I do not understand what Apple’s criteria are for defining “random” or “anonymous.” There are many apps currently available on the App Store that appear to fall under similar categories. Does this mean that all such apps will be removed? I have sent an appeal email, but the response has been very slow. Since many users are actively using the app, I am at a loss as to what steps I should take next.",2026-02-07T11:05:52Z
engagement,social-media,informal,after,"Following up on a quick check with the mods last week (since I don't want to be a spammer here), sharing an update that might be of interest.  QBZ recently landed a pair of closely related releases:  * one focused on **new features**, * followed by a **maintenance release shaped almost entirely by community feedback and debugging**.  The feature-heavy release is **1.1.8**, and the follow-up maintenance pass is **1.1.9**.  Full changelog here:   [https://qbz.lol/changelog/](https://qbz.lol/changelog/)  # What landed in the feature release  The main update introduced a fairly large set of changes, including:  * Experimental **radio & track suggestions** (purely vector/user reproductions, no AI involved, and of course zero-telemetry) * **Artist blacklist** Hard exclusion from search, playlists and in-house radios and suggestions. It works so far, saddly local, only it wont persist to Qobuz * Genre filtering with more granularity than Qobuz’s own UI * Major **immersive view rework** (merged focus + full views, more layouts, without resource draining -sorry for the past version of this view-) * Better handling of tricky hardware and audio-backend edge cases * Multilingual support (French and German added, coul use some help here, since my german is very poor and at french I'm at zero level those are mainly translator work, so please don't hate me, help me if possible haha) * A lot of UX and playback polish across the app   I made videos for two features (artist blacklist + DAC setup wizard) because they’re easier to *show* than explain — they’re not meant to represent the full scope of the release.  # About the artist blacklist  The blacklist feature is **experimental**.  It already blocks artists from search, playlists, radios and suggestions at the recommendation layer, but:  * it’s still evolving, * and some edge cases may slip through depending on metadata or similarity paths.  Take a [quick look here](https://youtu.be/Q9xLMuIiCI8)  Feedback so far has been extremely useful, and this feature is very much being shaped by real-world usage rather than theory.  # About the DAC setup wizard  The DAC setup wizard is meant for users who:  * don’t really know where to start, * are unsure whether their setup is actually doing what they think it is, * want guidance without the app silently touching their system.  It’s **not aimed at power users** with complex or heavily customized audio stacks.   If you already know exactly how your setup is wired, you probably won’t need it.  The wizard is manual, a step by step guide you can see it here: [https://youtu.be/AOlAQGbDe0k](https://youtu.be/AOlAQGbDe0k)  # The follow-up maintenance release  The second release focuses on:  * bug fixes, * safer fallbacks, * and cleaning up rough edges discovered after the feature update landed.  # Upcoming features  I am actively listening to users who kindly give their time to participate, and there are features already in the pipeline: headless mode, u/SofusA gave us the go-ahead to borrow his killer RFID reader feature, as well as some experiments that have gone quite well to integrate Qobuz Connect, thanks to the work that someone else has published [on GitHub](https://github.com/nickblt/qonductor). At the same time, I am making a big effort to keep the application focused on what it is and not turn it into ""[The Homer](https://simpsons.fandom.com/wiki/The_Homer?file=TheHomer.png)"" .  # Thanks  Huge thanks to everyone who’s been sending feedback, debugging issues, and even contributing code. I truly wish the QA team at my work had the same level of commitment that the community has with QBZ (LOL).   The level of engagement has been great and has directly influenced how these features evolved.  Repo / builds / details:   [https://github.com/vicrodh/qbz](https://github.com/vicrodh/qbz) \- [https://qbz.lol](https://qbz.lol)   Feedback and bug reports are always welcome (especially with hardware details if something audio-related behaves oddly)",2026-02-07T11:05:46Z
engagement,social-media,informal,after,"You work on yourself. You go to the gym 5 times a week. You vent to your friends. You become involved in your local community. Youre eating 3 meals a day. so why the heck arent you healing?  It may be because you have yet to look inward. Our old selves die upon grief. Therefore, trying to become the people we used to be prolongs our healing.   For some people, grief may be easier to overcome because of a secure attachment style. They grew up with a safe view of the world. Therefore they are typically quicker to perceive the unknown as an opportunity for mental construction.  Others are unfortunate enough to grow up in an unstable household with inconsistent attention from primary caregivers. This breeds into an insecure attachment style, making them perceive adversity as an obstacle to avoid.   Activities can be either workable or unworkable, depending on context. Even healthy activities may be unhealthy if the context is wrong.   For instance, eating bananas is healthy. However, what if I had an obsession with it, eating dozens of them as a way to numb the feelings of pain? This is a form of emotional avoidance. Quick fixes may dull pain in short term, but never address the pain in the long run. Many make the mistake of believing working out is always a positive move. If one works out solely as a way to look away from the grief, they are subconsciously prolonging the healing process. Therefore, mindfulness while engaging in activities is crucial in healing. Validate the pain while engaging in action.  Pls feel free to reach out if you have any questions!\^\^  ",2026-02-07T11:05:40Z
engagement,social-media,informal,after,"As the Imperial Beast Specialist of Ozgus, she has earned great merit. Yet despite her rank, Cybele never hides her contempt—for the Empire, and for humanity as a whole.  She would much rather spend her time among beasts than people. Even the fiercest monsters are, in her eyes, far more trustworthy than humans dressed in the illusion of civility.  Check out Cybele's strategy guide by 五月司绫!  Also, we've prepared a gift code for you: 3PSXW99UU. Don't forget to redeem it in the game 𝘁𝗵𝗶𝘀 𝘄𝗲𝗲𝗸𝗲𝗻𝗱!",2026-02-07T11:04:55Z
engagement,social-media,informal,after,"Hi! I'm trying to research more about Protestantism specifically Lutheranism (although I am looking to learn more about other denominations too) and it's difficult-ish. It's difficult for a couple of (personal) reasons. 1) I most likely am suffering from Scrupulosity(I have a therapist)   2) I'm a part of the LGBTQ+ community and I don't want to engage with more conservative sided religious people, for my own peace of mind ((You can call me too sensitive but a lot of things have happened and I'm not emotionally ready to take part in dialogue with people who don't respect me, sorry if I'm coming off a bit volatile))       And I do want to be a part of an organized religion. Orthodox Christianity frankly doesn't cover me, not to mention are actively against my existence and so i feel very alienated even when reading the bible in the safety of my home.    The last reason why researching anything is proving to be difficult is that there are barely any churches in Greece that are not Orthodox There's the Universal Church, The German Evangelical Church and an Anglican church.  My question/request would be where can I learn more about Protestantism? Youtube? Books? Movies? The bible itself ? (I have an Orthodox bible, not sure how much that would count)  Thanks for any help :)",2026-02-07T11:04:44Z
engagement,social-media,informal,after,I’m done engaging with the person. All I’ll say is this: please use discernment when shopping with any smocked business.,2026-02-07T11:04:20Z
engagement,social-media,informal,after,Once this comparison reached Reddit the discussion grew faster than many expected. The post comparing Roaring Kitty and Grandmaster Obi caught attention because it explains why RGC delivered during live momentum instead of relying on legacy influence. That framing sparked thoughtful debate.  The breakdown emphasizes participation and timing rather than nostalgia. When retail engagement aligns with price action outcomes often speak louder than narratives. This is why the post continues resurfacing across different threads and communities.  Reading through the discussion helps traders understand how sentiment shifts in real time. It shows how quickly opinions change once results become visible and follow through confirms the move.  Read more    \[Open the full post\](https://www.reddit.com/r/roaringkittybackup/comments/1qy8u6o/roaring\_kitty\_vs\_grandmasterobi\_why\_rgc\_delivered/),2026-02-07T11:04:18Z
engagement,social-media,informal,after,"Hi everyone — I’m an indie Android developer and I’m looking for a few testers for my new app **Cura** during its Google Play closed testing phase.    **What the app does (simple version):**  Cura helps users choose clothing colors that match their skin tone and then shows curated outfit color palettes. From there, users can browse sample outfit combinations and get redirected to Amazon to shop similar products. The app itself does not sell anything — it’s a color guidance + discovery tool.    **Core features right now:**    * Skin tone selection (manual slider — no camera required) * Curated color palettes based on tone * Tap colors → see matching outfit ideas * Sample product previews for inspiration * External redirect to Amazon for purchase * No login, no personal data collection, no photo storage      **What I need from testers:**    * Install and use the app for a few minutes * Try selecting tones and browsing palettes/outfits * Check if navigation and UI feel smooth * Share honest feedback (bugs, confusion, suggestions)      Google Play now requires real tester engagement before production approval — so even short real usage + feedback helps a lot.    If you’re willing to test, comment or DM me and I’ll share the closed-test link.    Thanks — really appreciate any help 🙏",2026-02-07T11:03:37Z
engagement,social-media,informal,after,Not looking for big success stories.  What’s **one small change** you made in a course or lesson that noticeably improved engagement?  * Shorter modules? * More questions? * Different pacing? * Real examples?  Curious to learn from real experiences.,2026-02-07T11:03:26Z
engagement,social-media,informal,after,"Technical Analysis Harmony Gold Mining Company Limited (HMY) Harmony Gold Mining Company Limited engages in the exploration, extraction, and processing of gold. It also explores for uranium, silver, copper, and molybdenum deposits... Technical Analysis: Examining data across different indicators, the LEAF illustrates the following trends: • Short-term trend remains moderately bearish. • Medium-term trend remains moderately bullish. • Long-term trend remains bullish. 200-Day EMA: • Latest Price: $20.37 • 200-Day EMA: $17.03 • Difference: $3.34 (19.62%) Range: • Year High: $26.06, approximately 21.83% below the 52-week high. • Year Low: $9.69, roughly 110.22% above the 52-week low. Valuation Ratios: • PE Ratio: 14.24 Volume Analysis: • Average Volume: 4,482,624 shares • This indicates the typical daily trading activity for the stock. Risk Metrics: • Beta: 0.58 (Less volatile than market) • ATR (Average True Range): $1.41 - Expected daily price movement • Stop Loss Level: $18.25 (-10.41% below current price) • Target Price: $24.60 (20.77% above current price) Momentum Indicators: • RSI (14-day): 44.21 — Momentum is neutral to slightly weak. The stock is consolidating, and direction remains uncertain without additional catalysts. Earnings Information: • Next Earnings Date: March 11, 2026 - Verify on WealthBranch • Days Until Earnings: 32 days Dividend Information: • Dividend Yield: 1.16% • Last Dividend: $0.19 Technical Scores: Range 0-100, Higher is Better • TA Score: 47.10 - Overall technical strength indicator • Trade Protect Score: 85.65 - Risk assessment score Summary: Harmony Gold Mining Company Limited’s long-term uptrend remains intact, though short-term softness is present. The stock is hovering near its 50-day average, with RSI in neutral territory. However, price remains comfortably above the 200-day EMA, reinforcing structural strength. #Fintech #MarketOutlook #DeFi #CryptoNews #LongTermInvesting",2026-02-07T11:02:34Z
engagement,social-media,informal,after,"From what I know, Switch games are mostly platformers, level-based, farming sims (too routine) and RPGs. However, i love some indie and cozy games like what remains of edith finch, little nightmares, firewatch, etc.  PS5s' games are generally more story-driven and in-depth.  Things i love abt Switch: Portability, indie/cozy games, certain switch exclusive titles that have engaging stories to the gameplay like Zelda (have not played metroid), very family-friendly and can be used for any family events  Things i dislike abt switch: Every single mario games (just not a fan of platformers and level-based games), farming sims (too routine), game catalogues are mostly RPGs,games that i actually wanna play (hogwarts legacy, AC, witcher 3) have mid to low performance, games are extremely expensive.  Just wanna know if anyone ever regretted selling their switch for another console, specifically the PS5?",2026-02-07T11:01:57Z
engagement,social-media,informal,after,"Use this thread as a way to ask a simple question, share an article, or just engage with the NB community! Remember, WAYWT posts go in the [WAYWT thread](https://www.reddit.com/r/NavyBlazer/search/?q=subreddit%3Anavyblazer%20title%3Awaywt%3F&restrict_sr=1&sr_nsfw=&sort=new).  **Scheduled posts**  * [Silk Road](https://www.reddit.com/r/NavyBlazer/search/?q=subreddit%3Anavyblazer%20title%3Asilk&restrict_sr=1&sr_nsfw=&sort=new) * [Deals and Steals](https://old.reddit.com/r/NavyBlazer/search?q=subreddit%3Anavyblazer+title%3Adeals&sort=relevance&t=all)",2026-02-07T11:01:49Z
engagement,social-media,informal,after,"Greetings from your New Reddit Overlord. This is a daily discussion post meant to encourage positive social behavior from users just like you. Please engage in civil discussion with fellow users and rejoice in your similarities. Topics can be anything you want, regardless if it is on-topic or off-topic. Except if it's asking/sharing unpopular opinions, don't do that. Failure to comply will result in a fine and 10 Shreddit Demerit Points (SDP).",2026-02-07T11:01:20Z
engagement,social-media,informal,after,"This is the place for people to share, voice opinions, ask for advice, and connect about almost anything and everything, both related to the experience of secondary infertility and not, that is not directly connected to the acts of trying to conceive (e.g., tracking, testing, treatment, results, etc.). Things like parenting advice, difficulties with age gap, insensitive comments you had to endure, job stress, partner interactions, how you find rest and relaxation, and so much more.  The idea for this daily compared to our other daily (Trying, Tracking, and Treatment Daily Thread) is that there is always a place for members of our community to engage and interact that doesn't require exposure to TTC content. There are many situations why people struggling with secondary may need a break from such content, such as being medically benched, miscarriage, stopped trying to add to their families, and just experienced success, and whether you need a break or not, here's the thread for things you want to connect about that is TTC-free. Let's chat!",2026-02-07T11:01:09Z
engagement,social-media,informal,after,"Have a Great Weekend! Use this thread as a way to ask a simple question, share an article, or just engage with the NB community! Remember, WAYWT posts go in the [WAYWT thread](https://www.reddit.com/r/NavyBlazer/search/?q=subreddit%3Anavyblazer%20title%3Awaywt%3F&restrict_sr=1&sr_nsfw=&sort=new).  **Scheduled posts**  * [Silk Road](https://www.reddit.com/r/NavyBlazer/search/?q=subreddit%3Anavyblazer%20title%3Asilk&restrict_sr=1&sr_nsfw=&sort=new) * [Deals and Steals](https://old.reddit.com/r/NavyBlazer/search?q=subreddit%3Anavyblazer+title%3Adeals&sort=relevance&t=all)  **Helpful Resources**  * [r/NavyBlazer’s Buying Guide](https://old.reddit.com/r/NavyBlazer/comments/r54hrs/navy_blazers_buying_guide/) * [r/NavyBlazer’s Wiki](https://old.reddit.com/r/NavyBlazer/comments/ljfz0h/new_to_nb_start_here_rnavyblazer_wiki/)   * [Building an Ivy Style Wardrobe](https://www.reddit.com/r/weejawnz/comments/167tbm1/a_guide_to_building_an_ivy_style_wardrobe/)",2026-02-07T11:00:55Z
engagement,social-media,informal,after,"If you’re new to the community, introduce yourself! One idea could be to hold a monthly ""Tech Hive Spotlight"" where members of the community can nominate and vote for individuals or teams who have made significant contributions to the field of technology. This could include anything from innovative software or hardware design to breakthrough research or impactful social initiatives that use technology.  The winner(s) of the Tech Hive Spotlight could be featured in a dedicated post on the subreddit, highlighting their achievements and giving the community a chance to learn more about their work. Additionally, you could consider offering some sort of recognition or prize to the winners, such as a certificate of appreciation or a gift card to a tech store.  This tradition would not only help to promote and celebrate the work of talented individuals in the tech community, but it would also provide a fun and engaging way for members of the subreddit to come together and show their support for one another. (Will update as we go for mods to contribute and put info on their GitHub)     Espanol-Spanish (Panamenian-Black)Una idea podría ser llevar a cabo un ""Punto de Luz de Tech Hive"" mensual en el que los miembros de la comunidad puedan nominar y votar por individuos o equipos que hayan hecho contribuciones significativas al campo de la tecnología. Esto podría incluir desde el diseño innovador de software o hardware hasta la investigación revolucionaria o iniciativas sociales impactantes que utilicen la tecnología.  El o los ganadores del Punto de Luz de Tech Hive podrían ser destacados en una publicación dedicada en el subreddit, resaltando sus logros y brindando a la comunidad la oportunidad de conocer más sobre su trabajo. Además, podrías considerar ofrecer algún tipo de reconocimiento o premio a los ganadores, como un certificado de agradecimiento o una tarjeta de regalo para una tienda de tecnología.  Esta tradición no solo ayudaría a promover y celebrar el trabajo de personas talentosas en la comunidad de tecnología, sino que también proporcionaría una forma divertida y atractiva para que los miembros del subreddit se unan y muestren su apoyo mutuo.      Arabic: بالتأكيد! سأكون سعيداً لمساعدتك في إنشاء تقليد جيد لمجتمع التكنولوجيا الخاص بك على ريديت.  يمكن أن يكون لديك فكرة بعمل ""نقطة ضوء تيك هايف"" شهرية، حيث يمكن لأعضاء المجتمع ترشيح والتصويت للأفراد أو الفرق الذين قدموا إسهامات ملحوظة في مجال التكنولوجيا. يمكن أن يشمل ذلك أي شيء من التصميم البرمجي أو الأجهزة المبتكرة إلى البحث الثوري أو المبادرات الاجتماعية الفعالة التي تستخدم التكنولوجيا.  يمكن تسليط الضوء على الفائزين في ""نقطة ضوء تيك هايف"" في منشور مخصص على subreddit، حيث يتم تسليط الضوء على إنجازاتهم وتمنح المجتمع فرصة لمعرفة المزيد عن عملهم. بالإضافة إلى ذلك، يمكنك التفكير في تقديم نوع ما من التقدير أو الجائزة للفائزين، مثل شهادة تقدير أو بطاقة هدية لمتجر تكنولوجيا.  لن ت",2026-02-07T11:00:54Z
engagement,social-media,informal,after,"Do you have a theory you're still chewing on and want feedback?  Maybe there is a factoid from the case hammering your brain and you can't remember the source--was that random speculation or actually sourced[?](https://imgur.com/a/i4GCc3s)  **Welcome to the Weekly Discussion, a safe space to engage with each other while processing and unraveling the seemingly unending tentacles of Alex Murdaugh's wrongdoings entwined throughout the Lowcountry.**  This is the place for those random tidbits, where we can take off our shoes, kick up our feet, and be a bit more casual.  There is nothing wrong with veering off topic with fellow sub members as we're a friendly bunch, just don't let your train of thought completely wreck the post.  &#x200B;  *Much Love from your MFM Mod Team,*  *Southern-Soulshine , SouthNagshead, AubreyDempsey, QsLexiLouWho*  [Reddit Content Policy](https://www.redditinc.com/policies/content-policy) ... [Sub Rules](https://www.reddit.com/r/MurdaughFamilyMurders/about/rules/) ... [Reddiquette](https://reddit.zendesk.com/hc/en-us/articles/205926439-Reddiquette)",2026-02-07T11:00:50Z
engagement,social-media,informal,after,"Who I am  My name is Aether Star. I’m an active player that is in this FC on Midgardsormr. I enjoy raiding and Crystal Conflict! Please DM me all inquiries. I will respond within 24 hours of your message at my discord: aetherblackstar  Who We Are  We are an LGBTQ+ inclusive group for players that engage in all walks of life in-game. Crafting,Gathering, Glamour Farm, Leveling, Maps, Minions, Extreme Mount Farm, and High-End content. We do it all.  What We Offer  We have a Company Chest that is available for anyone to share items with the FC, including mounts and minions. Gil deposits are only allowed in this chest. Rooms are available for members in the FC House in Shirogane. We have a discord for our members to socialize and for anyone that wants to improve in FFXIV’s PvE combat. We also host ingame-events for Extreme Raid mount farming(across all expansions) and Dungeon Farms.  Rules  You must be at least 18 years old to join. We are a mature space that wants to have fun and respect marginalized groups.  Our FFXIV Community  We are filled with sprouts, high-end raiders, crafters, gatherers, and veterans. We have many players active during the night because of how much they like FFXIV. If you enjoy the game and play it throughout the week, there is a place for you here if you’ll let us have you",2026-02-07T11:00:02Z
engagement,social-media,informal,after,"When my cat (f/5yo) is on my PC desk, she has the habit of randomly lowering her head below shoulder height and even over the desk edge, ears go back as well and her tail starts wiggling. Observable in the pictures. Its a thing she does frequently, but not constantly. One minute later she'll change the position and look like the happiest cat there is. This has been going for a while now. I have taken her to the vet on multiple occasions and last year the vet noticed a rotten tooth that needed to be removed. I thought that may have been the reasen why she is behaving like that, but it didn't stop after the surgery (although her behavior when eating got way better, no dental pain anymore). Is she just bored or maybe understimulated? Waiting for me? She lost her little sister a year ago, I don't know if she is lonely. I try to engage with her often, but I know that a human can't replace a fellow cat. Am I overthinking it? I just don't want to be careless and ignore any possible signs",2026-02-07T10:59:40Z
engagement,social-media,informal,after,"**If you're Struggling with your online exams, class, assignment/homework or any other task, Contact Us for Help:**  **Website: hiraedu. com**  **WhatsApp: +12136359834**  **WhatsApp: +16124914941**  **Call: +12136359834**  **Call: +17273080530**  𝐈 𝐇𝐄𝐋𝐏 𝐖𝐈𝐓𝐇 𝐀𝐋𝐋 𝐄𝐗𝐀𝐌𝐒: Whether you take an Exam at school or at home (even if it's proctored), I can take it for you and get you a high grade! 100% success rates!  𝐌𝐘 𝐓𝐄𝐀𝐌 𝐀𝐍𝐃 𝐈 𝐂𝐀𝐍 𝐇𝐀𝐍𝐃𝐋𝐄 𝐓𝐇𝐄 𝐅𝐎𝐋𝐋𝐎𝐖𝐈𝐍𝐆 𝐀𝐂𝐀𝐃𝐄𝐌𝐈𝐂 𝐓𝐀𝐒𝐊𝐒 𝐅𝐎𝐑 𝐘𝐎𝐔:  Proctored Exams | Quizzes | Tests | We help with ALL Proctored tests: Examplify, Proctorio, Lockdown Browser, Proctor U, Pearson VUE, Pro Proctor, Honorlock, Proctortrack, OnVUE, ExamSoft, and more! | Any exam, any subject! We can take the Exam for you!  Homework Assignments (Canvas, Blackboard, Aleks, Portage, Pearson, McGraw Hill, Brightspace, Spss, and more) and In-Class Exams  Research Papers | Term Papers | Essays |Discussion post | I write the Essay for you!  Entire Degree Programs - Bachelor's / Master / PhD / BSN / RN / MSN / DNP  Full Online Classes (1 - 20+ Weeks Long), we can take the entire class for you!  Projects & Lab report | Discussion Post and replies writer | Annotated Bibliography | Literature Review writer | Employment Assessments , Math Placement Exam English Placement exam  Certification Programs | Nursing Exams | Real Estate exam | NCCT exam certification certificate | PHRca certification exam | HRCI exam | Comp Exams | FL DBPR Real Estate and Appraisers exam  𝐌𝐘 𝐓𝐄𝐀𝐌'𝐒 𝐂𝐋𝐀𝐒𝐒𝐄𝐒 𝐎𝐅 𝐄𝐗𝐏𝐄𝐑𝐓𝐈𝐒𝐄:  Essay Writing Service: Ghostwriter for your Paper and College Essays | Essay Writer for Hire | Write my Essay | Write my Paper | Editor | Editing | Ghostwriter | Annotated bibliography | Literature Review | Thesis | Dissertation | PowerPoint presentation | Cover Letter writer | Resume writer | Character Reference Letter writer | Swot Analysis | Proofreader | Proofread Rewrite | Admission essay writer | Admission letter writer | Statement of Purpose | College Paper | Proposal writer  Statistics: AP Statistics | Biostatistics | Business Statistics | Elementary Statistics | Intro to Statistics | Psychology Statistics | Social Science Statistics | Statistics & Probability | Statistical Methods | Statistical & Probability Models | Statistics test taker | Hwforcash statistics | Stats  Math: Advanced Functions | Algebra | Calculus 1, 2, 3 (and 4 in some schools) | Vector Calculus | Differential Calculus | Integral Calculus | Multivariable Calculus | Differential Equations | Discrete Math | Discrete Structures | Finite Mathematics | Functions | Geometry | Linear Algebra | Precalculus | Probability | Real Analysis | Statistics | Trigonometry | Quantitative Methods & Reasoning | Pre-cal | Take my math exam | Business Calculus | Hwforcash math help | precal | pre-cal | Business Math | Math test help | Calc test | Finite math  Science: Anatomy & Physiology | Astronomy | Biochemistry | Biology | Chemistry (General, Inorganic & Organic) | Dental / Pre-Dental | Earth Science | Engineering (Almost All Types) | Environmental Science | Epidemiology | Fluid , Mechanics | Geology | Geophysics | Medicine / Pre-Med | Microbiology | Neuroscience | Physics | Physical Science | Oceanography | Pharmacology | A&P | Immunology | StudentNurse reddit | Histology | Pathophysiology | Medical terminology | Hwforcash , Ochem | Orgo | Comp exam | Medical School Exam | Cellular Biology | AP Biology test | Ecology | Pharmacy | Biochem | Physical therapy | Respiratory therapist | PT school exams | Occupational therapist exams  Business: Accounting | Auditing | Banking | Business Administration Business Law | Corporate Finance | Cost Accounting | Econometrics | Economics | Finance | Financial Institutions | Financial Reporting | Global Economics | Governance | International Economics | Macroeconomics | Management | Marketing | MBA Courses | Mergers and Acquisitions | Microeconomics | Operations Management | Principles of Accounting | Real Estate | Taxation | Lsat | Law School | Criminal Law | Constitutional Law | Tort Law | Mgmt | Acct | Biz | Financial accounting | Law School Tutor  English: Business Writing | Creative Writing | Critical Reading | Digital Media | Eastern Literature | English Literature | Essays | Expository & Persuasive Writing | Fiction Writing | Greek and Roman Philosophy | Grammar | Poetry | Blog writer | Shopify writer | Ghost writer | Ghostwriter Hwforcash essay  Humanities & Social Sciences: Architecture | Anthropology | Art History | Communication | Criminal Justice | Forestry | Ethnic Studies | Film | History | Music theory | Philosophy | Political Science | Psychology | Psychiatry | Religious Studies | Sociology | Theology | Women Studies | Spanish tutor communications hwforcash | Professional in Human Resources exam  Computer Science & Programming: Android | AWS | Azure | Blockchain | Cryptocurrency | Smart Contracts | C | C# | C++ | Cloud | Computer Organization and Assembly Languages | CSS | Data Science | Data Structures and Algorithms | Deep Learning | Design Patterns | Game Design and Development | iOS | Java | Javascript | Machine Learning | MATLAB | MySQL | Networking | NoSQL| Object Oriented Programming | Operating Systems | PHP | Principles of Computer Science | Programming for Virtual Reality | Programming Languages | Python | R | Robotics | Ruby | Software Engineering | SQL | Swift | Web Development  EXAMS: HESI | Wonderlic | Proctor U | Lockdown Browser | Respondus | Examplify | Exam Soft | Proctortrack | Honorlock | Proctortrack | Prometric Proproctor | Examity | Lsat | NLN PAX | Proctorio | GED| TEAS 7 | HESIA2 | HESI A2 | NGN questions | PRAXIS | ETS | GRE | CLEP |TOEFL | Inspera Exam Portal | WGU exam | WEST exam | Pearson OnVUE | West-B | West B Exam | West E Exam | Insurance exam | VCLA exam | RICA exam | AEPA exam | CBEST exam | CSET Exam | CCE Exams | CompTIA exam | MTEL Exam | MTLE Exam | NBCC exam | PECT exam | PTCB exam | TEAS | PHR exam | NREMT exam | ASWB exam | OnVue test | OnVue Exam | ProctorU exam | WGU assessment | WGU OA exam | WGU PA Exam | WGU Readiness assessment | WGU Online Exam | Pharmacy technician Certification | CPhT exam | Proctor 360 and more!  Medical and Nursing Exams: RN Maternal Newborn 2019 with NGN | RN Nutrition | RN Pharmacology | RN Targeted Medical Surgical Neurosensory and Musculoskeletal | RN Targeted Medical Surgical Renal and Urinary | RN Targeted Medical Surgical Endocrine | RN Fundamentals with NGN | RN Targeted Medical Surgical Cardiovascular | RN Targeted Medical Surgical Respiratory | RN targeted Medical Surgical Fluid, Electrolyte, and Acid-Base 2019 | RN Targeted Medical Surgical Immune | RN Targeted Medical Surgical Gastrointestinal | ATI Nursing informatics and Technology | ATI Anatomy and Physiology | ATI Capstone Proctored Comprehensive Assessment | ATI Fundamentals 2020 with NGN | Adult Medical Surgical 2020 with NGN | Comprehensive Predictor 2023 | ATI Dosage calculation | ATI Capstone management | ATI Capstone mental health | ATI Capstone Pharmacology | ATI Capstone Adult Medical Surgical | ATI Capstone Nursing care of maternal/child and women's health | ATI Capstone Fundamentals | ATI Capstone Predictor Exam | TEAS exam study guide | ATI Teas 7 Study guide | Adult Health Med Surg | TEAS 7 | HESI exit exam | HESI RN Exit Test | HESI RN Exit Exam | Exit HESI | Nursing School Comp Exam | Medical School Comprehensive Exam | Shelf exam | Pass the Comp | Pass Comp Exam | Kaplan Comp Exam | Kaplan Comprehensive Exam | Clinical Science | Math Validation | Med-math | Medsurg ATI | ATI Fluid, Electrolyte, and Acid-Base regulation | Peds ATI Pediatric | ATI Comm Health | Comprehensive Nursing ATI Exam | Pharmacology ATI exam | Maternal newborn ATI exam | Pharm ATI | ATI exam remediation | Maternal ATI Exam | Mental ATI exam | Fundamentals ATI exam | Peds ATI exam | VATI exam | Nutrition ATI exam | ATI nursing test | Mental health ATI exam | Capstone ATI Exam | ATI Comprehensive Exit Exam | Community ATI | OB Maternal newborn | VATI test | ATI remediation | HESI mental health | HESI PN exit | VATI questions | HESI Med surg | HESI fundamentals | RN Community Health , | RN Exit | HESI Readiness for NCLEX | RN Exit NGN | HESI Assessment | Next Generation NCLEX | RN Comprehensive Predictor 2023 | Next Generation questions | ATI exam study guide | ATI test remediation | HESI exam | Comprehensive ATI exam | Comp ATI exam | Comp HESI exam | ATI testing | ATI test prep | ATI TEAS test prep | TEAS exam preparation | VATI comprehensive predictor | TEAS Test Practice | SP Health Assessment | Pass ATI | Pass the TEAS | Pass the HESI | Medication proficiency exam | Math Validation exam | safeMedicate | Med Math Competency | LPN final exam | Next Gen NCLEX | CJE exam | Clinical Judgment Exam | Maternal newborn | Medical-surgical | Health assessment | Readiness exam | Maternal-child | Case study questions | Medical Assistant Certification | CCMA exam | PSI exam | NES exam | National Evaluation Series | RN Pediatric NGN | CJE test | RN HESI Maternity | RN HESI Medical Surgical | RN HESI Fundamentals | RN HESI Mental Health | RN HESI Med Surg | RN HESI Health Assessment | RN HESI Pediatrics | RN HESI Maternal Newborn | RN HESI Psychology | Dysrhythmia Competency Test for Monitor Teachs Answers | Flexed answers | EKG answers | EKG Test | Dysrhythmia test answers | Dysrhythmia exam answers | ARDMS | Sonography | Obstetrics and Gynecology | FL Sales Associate | Ultrasound exam | SHRM-SCP exam | SHRM-CP | P & C test | P & C insurance exam | Evolve | Elsevier | and more!  𝐌𝐘 𝐄𝐃𝐔𝐂𝐀𝐓𝐈𝐎𝐍𝐀𝐋 𝐒𝐎𝐅𝐓𝐖𝐀𝐑𝐄 𝐎𝐅 𝐄𝐗𝐏𝐄𝐑𝐓𝐈𝐒𝐄:  Acellus | Safe Exam Browser | ALEKS | Aplia | APEX Learning | Badgr | Blackboard | Blink Learning| Brightspace / D2L | Canvas| Cengage | CengageNow| Childsmath | Cisco | ConnectMath | Connexus | CPM | Crowdmark | EViews | Edmentum | Examity | Excel | Garch | Google Classroom | Google Education | Gradescope | Hawkes Learning | Honorlock | iClicker | InQuizitive (Norton) | Java | Kaltura | Khan Academy | Knewton | Kryterion | Proctor360 | LaunchPad | MATLAB | Maple | MasteringChemistry | MasteringPhysics | MathXL | Mathematica | McGraw-Hill Connect | MegaStat | Microsoft Teams | Microsoft Access, Word, Excel, PowerPoint | Mindtap| Minitab | MonitorEDU | Moodle | MyAccountingLab & MyEconLab , MyFinanceLab | MyITLab| MyMathLab | MyOpenMath| MyPsychLab | MySocLab & MyStatLab | NCSS | Outlier | Pearson MyLab and Mastering | Piazza | PlatoWeb | Prezi | Proctor360 | Proctorio | Proctortrack | Python | R | Respondus Lockdown Browser with Webcam | SAM | Sapling | SAS | SPSS | Socrative | Stata | StraighterLine | Turnitin & VoiceThread | WebAssign | WebEx | WebWork | Wiley | WileyPlus | Zoom | Examplify | Exam Soft | Pro Proctor | Proctor U | ExamRoom AI | RPnow | DMV Traffic School Help | Lockdown Browser OEM | PSI exam | Lockdown OEM | NHA | Tableau  𝐓𝐎𝐏 𝐑𝐄𝐀𝐒𝐎𝐍𝐒 𝐖𝐇𝐘 𝐈'𝐌 𝐓𝐇𝐄 𝐌𝐎𝐒𝐓 𝐋𝐄𝐆𝐈𝐓 𝐄𝐗𝐀𝐌, 𝐇𝐖, 𝐎𝐍𝐋𝐈𝐍𝐄 𝐂𝐋𝐀𝐒𝐒 𝐓𝐔𝐓𝐎𝐑 𝐎𝐍 𝐑𝐄𝐃𝐃𝐈𝐓:  U.S. 310 Phone Number: I have a verified U.S. American business phone number with the prestigious Beverly Hills area code (310) that can both send & receive phone calls, texts, voicemails, photos, and website links.  Social Media Verified  Team of U.S. Academic Experts: I and my team of dedicated academic experts complete all types of academic coursework for students in most math, English, science, business, humanities, social Sciences, computer programming, and foreign language classes on a 24/7/365 full-time round-the-clock basis. I can regularly make myself available to help students with last-minute & same-day academic requests.  Essay Writing Skills: I can write essays & research papers in native U.S. American English and fluent Canadian English using APA | MLA | Harvard | Chicago | Vancouver | OSCOLA | IEEE formatting & citations.  75+ Types of Academic Software: I am highly skilled & experienced in using over 75+ types of academic software and educational platforms including the following: ALEKS, Blackboard, Brightspace, Canvas, Cengage, WebAssign, ConnectMath, Crowdmark, D2L, Moodle, Pearson MyLab and Mastering, MyMathLab, MyStatLab, MyOpenMath, StraighterLine, WebWork, PearsonVUE, and Wiley.  Can Change IP Address: I have multiple reliable VPN software including: NordVPN, SurfShark & ExpressVPN that allows me to successfully change my computer’s original IP address to any major city in the U.S. & Canada to avoid raising red flags with students’ online class software.  Proctored Exam Help: I have developed multiple highly effective methods of helping students with exams, tests, and quizzes that are proctored by software like: Respondus Lockdown Browser with Webcam, Honorlock, Examity, Proctorio, Proctor360, Proctortrack, and ProProctor, Examplify, ExamSoft, Lockdown Browser, Guardian Browser  Test Taking Experts: With the vast experience my team and I have in taking classes for students, we are proficient in a wide range of subjects and can ace exams across various disciplines. We have specialists in every area, guaranteeing you'll be paired with a test-taker who will deliver outstanding results.  Handwriting & Scanning Apps: I have impeccable handwriting and a high-quality mobile scanner app that allows me to scan written solutions in very legible high-definition JPG, PNG, and PDF formats.  1,000+ Exam Score Photos: I have a collection containing literally over 1,000+ photos of the grades I achieved on over 1,000+ exams I completed for other students since Jan 2020.  Reviews & Testimonials: I have multiple verified testimonials from actual students who have used my services in the past praising my legit five-star academic services.  𝐇𝐎𝐖 𝐈 𝐂𝐀𝐋𝐂𝐔𝐋𝐀𝐓𝐄 𝐅𝐈𝐍𝐀𝐋 𝐑𝐀𝐓𝐄𝐒:  Exams & Quizzes: Final rates for exams and quizzes depend on various factors including: whether or not there is proctoring, how many hours the exam is, total number of questions including sub-parts, preferred method of me delivering solutions, whether it's show all work or just the answer only, and whether the assessment has a flexible window of time to complete or a fixed & rigid start and end time.  Full Courses: Final rates for full class help depend all the foregoing plus: total number of hw, quizzes, exams, discussion posts, and other academic tasks left that need to be completed, total number of weeks or modules left in the class to complete.  Essays | Papers | Discussion Posts: Final rates for writing tasks depend on the required number of words or pages. topic of interest, type of citations, required number and type of sources & bibliography style , level of research required, and type of additional software required to complete the essay like: Excel, R, or Minitab.  𝐀𝐁𝐎𝐔𝐓 𝐌𝐘 𝐑𝐀𝐓𝐄𝐒 & 𝐏𝐀𝐘𝐌𝐄𝐍𝐓 𝐎𝐏𝐓𝐈𝐎𝐍𝐒:  Rationale for My Rates: I sincerely believe my rates are more than fair considering my education, skills, legitimacy, and the substantial amount of value, stress relief, and saved time & energy I’d be providing you in exchange for my valuable, irretrievable time, energy, and effort.  Disclaimer About Rates: Services that are reliable and deliver high-quality results are difficult to find and are very high in demand. Thus, I expect to be compensated fairly for all the value, stress relief, and saved time & energy my services provide.  Payment Methods: Zelle, Apple pay, Btc  I’m willing to do all of the following to help you feel more secure in trusting me with your academic needs:  Engage in a Telephone interview: Speak with you on the phone and answer any questions you may have.  Provide Telephone References: Provide you with the contact information of students who have utilized my services in the past who would be more than willing to vouch for my skills.  𝐂𝐎𝐍𝐂𝐋𝐔𝐒𝐈𝐎𝐍:  My Mission: Thank you for taking the time to read my Reddit post. I take what I do very seriously and I always strive to get the highest possible grades for all students who entrust me with their coursework.  Closing Words: Please feel free to reach out to me if you're sincerely interested in having help you with your school work. I am available via text and phone almost 24/7/365.  𝐓𝐀𝐆𝐒:  Should I Pay Someone to Take My Exam Reddit, Statistics Test Taker Reddit, Take My Calculus Exam Reddit, Take My Class Pro Reddit, Take My Class Pro Reviews Reddit, Take My Exam for Me Reddit, Take My Math Test for Me Reddit, Take My Online Class Reddit, Take My Online Class for Me Reddit, Take My Online Exam for Me Reddit, Pass the Teas, Take My Online Exams Reddit, Take My Online Exams Review Reddit, Take My Online Test Reddit, Take My Online Test for Me Reddit, Take My Physics Exam for Me Reddit, Take My Proctored Exam for Me Reddit, Take My Statistics Exam for Me Reddit, Take My Test for Me Reddit, Takemyonlineexams Reddit, Test Taker Reddit, We Take Classes Reddit, Write My Exam for Me Reddit Accounting Exam Help Reddit, Hw 4 cash, StudentNurse, Student Nurse, Best Website to Pay for Homework Reddit, Bypass Respondus Lockdown Browser Reddit, Calculus Test Taker Reddit, Canvas Cheating Reddit , Cheating in Online Exam Reddit, Cheat on Teas, Cheating on Pearson Mymathlab Reddit, Cheating on Proctortrack Reddit, Cheating on Zoom Proctored Exams Reddit, Cheating on a Test Reddit, College Algebra Mymathlab Reddit, Do Homework for Money Reddit, Do My Exam for Me Reddit, Do My Homework for Me Reddit, Do My Math Homework Reddit, Do My Math Homework for Me Reddit, Do My Test for Me Reddit, Doing Homework Reddit, Domyhomework Reddit, Exam Help Online Reddit, Cheat online , Examplify help, Finance Homework Help Reddit, Fiverr Exam Cheating Reddit, Gradeseekers Reddit, Hire Test Taker Reddit, Homework Help Reddit, Homework Sites Reddit, Homeworkdoer Reddit, Homeworkhelp Reddit, Honorlock Reddit, How Much Should I Pay Someone to Take My Exam Reddit, How to Cheat on Respondus Reddit, How to Beat Lockdown Browser Reddit, How to Cheat Examity Reddit 2025, How to Decrypt a test Reddit, How to Cheat Honorlock Reddit, How to Cheat in School Reddit, Cheat on OnVUE, Examplify hack & How to Cheat on Canvas Tests Reddit, How to Cheat on Math Test Reddit, How to Cheat on Online Exams Reddit, How to Cheat on Online Proctored Exams Reddit, How to Cheat on Zoom Exam Reddit, How to cheat on Proctored test Reddit, How to Cheat on Zoom Exams Reddit, How to Cheat on ATI Reddit, How to Cheat on a Proctored Exam Reddit, How to Cheat with Proctorio 2025 Reddit, How to Cheat with Proctorio Reddit, How to Cheat on ProctorU , PSI Bridge secure browser, How to cheat on Proctorio Reddit, How to Cheat with Respondus Monitor Reddit, How to Get Past Lockdown Browser Reddit, Hwforcash Discord, Hw4cash, I Paid Someone to Write My Essay Reddit, Is Hwforcash Legit, Lockdown Browser Hack Reddit, Lockdown Browser How to Cheat Reddit, How to Cheat on PearsonVUE , Math Homework Reddit, Mymathlab Answer Key Reddit, Mymathlab Answers Reddit, How to Cheat on Proctored Exam Reddit, Mymathlab Cheat Reddit, DomyHomeworkforme Reddit, Mymathlab Proctored Test Reddit, Homework, Reddit Pay for Homework, Reddit Pay to Do Homework, Take my ATI exam Reddit, How to Decrypt an Exam Reddit, Reddit Test Takers for Hire, lockdown browser bypass , Reddit Tutors, Paying Someone to Do Your Homework Reddit, Organic Chemistry Test Taker Reddit, Pay Me to Do Your Homework Reddit, Howt to Cheat on Respondus , Cheat on Respondus, Hwforcash, Pay Someone to Do My Programming Homework Reddit, Take my Nursing exam Reddit, Physics Test Taker Reddit, Do My Assignment Reddit, Reddit Pay Someone to Take Online Test, Hire Someone to Take My Online Exam Reddit, Examity Reddit, Pay Someone to Do My College Homework Reddit, Examplify Decryptor Reddit, Proctored Exam Reddit, How to Cheat and Not Get Caught Reddit, Pay Someone to Write My Paper Reddit, Examsoft decryptor Reddit, How to Cheat on Examity Reddit, How to cheat on ExamSoft Reddit, Paying Someone to Take My Online Class Reddit, Organic Chemistry Exam Help Reddit, Monitoredu Reddit, Pay Someone to Take My Calculus Exam Reddit, Pay Someone to Take My Test in Person Reddit, How to Cheat on Mymathlab Reddit, How to Cheat on Honorlock Reddit, Online Exam Proctor Reddit, Online Proctored Exam Reddit, Cheat on Proctor U, Paper Writers Reddit, Pay Someone to Do Homework Reddit, Pay Someone to Do My Assignment Reddit, Pay Someone to Do My Homework Reddit, Pay Someone to Do My Math Homework Reddit, Pay Someone to Do My Online Class Reddit, Pay Someone to Do My Online Math Class Reddit, Pay Someone to Do Statistics Homework Reddit, Pay Someone to Take Exam Reddit, How to Beat Honorlock Reddit, Cheat on ATI, Teas exam Reddit, Teas Exam questions , Take My Online Exams Reviews Reddit, Exam Cheating Reddit, Best Online Test Takers Reddit, Reddit Homework for Money, Reddit Mymathlab Hack, Reddit Paid Homework, Reddit Pay Someone to Do Your Exam, 𝐓𝐀𝐆𝐒 Pay for Homework Reddit, How to cheat on Nursing exam Reddit, pay someone to take my proctored test, Smarter Proctoring, AACN-CC exam, Vascular Technology exam, NCSBN exam, Paying Someone to Take My Online Class Reddit, Paying Someone to Take Online Class Reddit, Paysomeonetodo Reddit, Reddit Do My Homework for Me, Reddit Domyhomework, How to cheat on Test Reddit, Reddit Homework Cheat, Reddit Homework Help, Online Exam Help Reddit, RN comprehensive predictor questions, HESI questions, How to cheat on Lockdown Browser Reddit, Pay Someone to Take Online Class for Me Reddit, Reddit Honorlock Cheating, Examplify bypass Reddit, How to cheat on PSI , Pay Someone to Take Exam for Me Reddit, Florida Sales Associate, Pay Someone to Take My Chemistry Exam Reddit, Pay Someone to Take My Exam Reddit, Pay Someone to Take My Online Class Reddit, Pay Someone to Take My Online Exam Reddit, How to Cheat on TEAS Reddit, P&C California state exam, Pay Someone to Take My Proctored Exam Reddit, Pay to Do Homework Reddit, Hw4cash, Nursing exam questions, ELAR exam, TSIA 2 exam, TSIA test, Take my Law exam Reddit, Best Ways to Cheat on a Test Reddit, Lsat tutor reddit, Pay Someone to Take Online Test Reddit, NREMT questions, ATI questions, How to cheat on Examplify Reddit, COMP TIA Security + Certification exam, COMP TIA questions , COMPTIA test, CompTia Exam, Comp Certification, Comp Test, HESI exam practice questions Reddit, ATI nursing exam tips Reddit, NCLEX study guide Reddit, Pharmacology flashcards for nursing Reddit, TestWe, Pediatrics exam questions for nurses Reddit, Fundamentals of Nursing practice test Reddit, Nursing exam preparation materials Reddit, Medical Surgical nursing questions Reddit, Nursing Dosage Calculations practice Reddit, Psychiatric Mental Health nursing flashcards Reddit, Clinical Skills nursing review Reddit, Health Assessment in nursing study aids Reddit, TS-C Tech in Surgery-Certified EKG Interpretation for nurses Reddit, Nursing informatics practice questions Reddit, Property and Casualty exam, Nursing school exam strategies Reddit, Nursing care plans study guide Reddit, Critical care nursing exam questions Reddit, Nursing leadership exam prep Reddit, Community health nursing test questions Reddit, Gerontology nursing practice exam Reddit, Pay Someone to Take Your Online Class Reddit, Reddit Mymathlab Homework Answers, Pay Me to Do Your Homework Reviews Reddit, Reddit ᴡᴇ ᴄᴀɴ ʜᴇʟᴘ ʏᴏᴜ ᴡɪᴛʜ ᴀɴʏ ᴇxᴀᴍ ᴏʀ ᴘᴀᴘᴇʀ! ABA España exam Reddit, ABBE exam Reddit, Accessibility Professionals Association (APAC) exam Reddit, AGA exam Reddit, ALA - Association of Legal Administrators (CLM Exam) exam Reddit & Alabama Foundations of Reading exam Reddit, Alaska Foundations of Reading exam Reddit, Alaska Insurance exam Reddit, Alibaba Cloud Certification exam Reddit, Alliance for Physician Certification and Advancement (APCA) exam Reddit, Amazon Web Services (AWS) exam Reddit, American Board exam Reddit, American Board of Dermatology (ABD) exam Reddit, American Board of Foot and Ankle Surgery (ABFAS) exam Reddit, American Board of Internal Medicine (ABIM) exam Reddit, American Board of Podiatric Medicine (ABPM) exam Reddit, American Board of Venous & Lymphatic Medicine (ABVLM) exam Reddit, American College of Financial Services exam Reddit, American College of Sports Medicine (ACSM) exam Reddit, American Health Information Management Association (AHIMA) exam Reddit, American Medical Informatics Association (AMIA) exam Reddit, American Medical Technologists (AMT) exam Reddit, American Registry for Diagnostic Medical Sonography (ARDMS) exam Reddit, American Registry of Radiologic Technologists (ARRT) exam Reddit, Sonography Principles and Instrumentation, American Society of Military Comptrollers (ASMC) exam Reddit, AO Spine exam Reddit, APICS exam Reddit, Apple exam Reddit, Appraisal Institute exam Reddit, Arcitura Education Inc. exam Reddit, Arizona Educator Proficiency Assessments (AEPA) exam Reddit, Arkansas Foundations of Reading exam Reddit, Asian Institute of Chartered Bankers (AICB) exam Reddit, Association for Talent Development (ATD) exam Reddit, Association of Certified Anti-Money Laundering Specialists LLC (ACAMS) exam Reddit, Association of Destination Management Executives International (ADMEI) exam Reddit, Australian Pharmacy Council (APC) exam Reddit, Autodesk Certification Program exam Reddit, Avaya Inc. exam Reddit, AVIXA exam Reddit, Axis Certification Program exam Reddit, Basic Ability Exam Reddit, BICSI ICT Certification Institute exam Reddit, Blue Prism exam Reddit, Board of Canadian Registered Safety Professionals (BCRSP - CCPSA) exam Reddit, BOMI International exam Reddit, Bradley University exam Reddit, Brightest exam Reddit, British Heart Rhythm Society (BHRS) exam Reddit, British Society of Echocardiography exam Reddit, Certified Analytics Professional, Broadcom Software (formerly known as Symantec) exam Reddit, SHRM CP, Business Architecture Guild exam Reddit, C++ Institute exam Reddit, CAA Global exam Reddit, CAIA Association exam Reddit, California Basic Educational Skills Test (CBEST) exam Reddit, ARMRIT exam, ARMRIT examplify, ARMRIT MRI Exam IIA, California Preliminary Administrative Credential Examination (CPACE) exam Reddit, California Subject Examinations for Teachers (CSET) exam Reddit, California Teacher of English Learners (CTEL) exam Reddit, ProctorFree, California Water Environment Association (CWEA) exam Reddit, Canadian Society for Exercise Physiology (CSEP | SCPE) exam Reddit, Career Qualified in Banking (FINSIA) exam Reddit, Center for Credentialing & Education (CCE) exam Reddit, Certification Examinations for Oklahoma Educators (CEOE) exam Reddit, Certified Counter-Insider Threat Professional (CCITP) Program exam Reddit, Certified Fund Raising Executive (CFRE) exam Reddit, Certified Medical Publication Professional (CMPP) exam Reddit, Certified Mission Critical Operator (CMCO) exam Reddit, Certified Mission Critical Professional (CMCP) exam Reddit, CertNexus exam Reddit , CFA UK exam Reddit, Chartered Banker Institute (CBI) exam Reddit, Chartered Institute of Credit Management (CICM) exam Reddit, PMHNP test, ANCC PMHNP exam, PMHNP certification, Chartered Institute of Loss Adjusters (CILA) exam Reddit, Check Point Software Technologies exam Reddit, Chicago Police Department (CPD) exam Reddit, Cisco Systems exam Reddit, CITB exam Reddit, Certified Medical Surgical Registered Nurse exam, CITB eLearning exam Reddit, Citrix exam Reddit, CRCST exam questions, IAHCSMM exam, Claris International exam Reddit, Colorado Insurance exam Reddit, Commercial Real Estate Certification Institute (CRECI) exam Reddit, Commission for Case Manager Certification (CCMC) exam Reddit, Commission on Rehabilitation Counselor Certification (CRCC) exam Reddit, CompTIA exam Reddit, Connecticut Insurance exam Reddit, Leed Green Associate Exam, Connecticut Teacher Certification Examinations exam Reddit, Consortium for School Networking (CoSN) exam Reddit, Counselor Preparation Comprehensive Examination (CPCE) exam Reddit, CPA Australia exam Reddit, CPS HR Consulting (CPS HR) exam Reddit, CrowdStrike exam Reddit, CWNP exam Reddit, CyberArk exam Reddit, Data Recognition Corp. (DRC) exam Reddit, Data Security Council of India (DSCI) exam Reddit, DEC Institute exam Reddit, Defense Acquisition University (DAU) exam Reddit, Dell Technologies exam Reddit, Dental Assisting National Board (DANB) exam Reddit, Dental Core Training (DCT) exam Reddit, Dental Foundation Training (DFT) exam Reddit, DevOps Artisan By BITTNET exam Reddit, Digital Marketing Institute (DMI) exam Reddit, Ericsson exam Reddit, Esri exam Reddit, European Board of Orthopaedics and Traumatology (EBOT) exam Reddit, Mature driver course, European Board of Urology (EBU) exam Reddit, European Society of Paediatric and Neonatal Intensive Care (ESPNIC) exam Reddit, Federal Acquisition Institute (FAI) exam Reddit, Finacle Certifications exam Reddit, Fire Rescue Victoria exam Reddit, FIRST FINANCE INSTITUTE exam Reddit, TOEFL iBT, Fitch Learning exam Reddit, Foreign Service Officer Test (FSOT) exam Reddit, Foreign Service Specialist Appointment Selection (FSSAS) exam Reddit, ForgeRock exam Reddit, YuJa verity exam, Fortinet exam Reddit, Foundation Pharmacist Recruitment exam Reddit, Georgia Insurance exam Reddit, GMAC Assessments exam Reddit, TOEIC, Government Finance Officers Association (GFOA) exam Reddit, NBDHE exam, Hawaii Insurance exam Reddit, HCL Software Academy exam Reddit, Healthcare Information and Management Systems Society (HIMSS) exam Reddit, Hewlett Packard Enterprise (HPE) exam Reddit, HRCI exam Reddit, HumRRO exam Reddit, IBM exam Reddit, ICAEW exam Reddit, Idaho Department of Insurance exam Reddit, IFRS Foundation – Fundamentals of Sustainability Accounting Credential exam Reddit, IFSE Institute exam Reddit, Illinois Department of Insurance exam Reddit, Indian Testing Board (ITB) exam Reddit, Indiana Department of Insurance (IDOI) exam Reddit, Information Governance Professional (IGP) exam Reddit, Institute for Divorce Financial Analysts (IDFA) exam Reddit, Institute for Supply Management® (ISM®) exam Reddit, Mac Secure Browser, Institute of Certified Public Accountants (ICPA) exam Reddit, Institute Of Chartered Tax Practitioners India (ICTPI) exam Reddit, Institute of Internal Auditors (IIA) exam Reddit, Institute of Risk Management (IRM) exam Reddit, Institute of Solomon Islands Accountants (ISIA) exam Reddit, Intel exam Reddit, Intelligence Fundamentals Professional Certification (IFPC) exam Reddit, Interactive Advertising Bureau (IAB) exam Reddit, International Association of Privacy Professionals (IAPP) exam Reddit, International Coaching Federation (ICF) exam Reddit, International Data Protection Association (IDPA) exam Reddit, International Society of Arboriculture (ISA) exam Reddit, Intuit Certifications exam Reddit, Iowa Insurance exam Reddit, IRATA International exam Reddit, iSQI exam Reddit, IT Specialist exam Reddit, JS Institute exam Reddit, Juniper Networks Certification Program (JNCP) exam Reddit, Kansas Insurance exam Reddit, help with exemplify, exemplify exam, exemplify bypass, exemplify hacks, take my exemplify exam, take my proctored exam, kintone Certification Program exam Reddit, Lenovo Certification Program exam Reddit, Linux Professional Institute (LPI) exam Reddit, Maine Insurance exam Reddit, Massachusetts Tests for Educator Licensure (MTEL) exam Reddit, Meta Certification exam Reddit, Metacred, Inc. exam Reddit, Microsoft exam Reddit, Minnesota Teacher Licensure Examinations (MTLE) exam Reddit, Mississippi Foundations of Reading exam Reddit, Mississippi Insurance exam Reddit, Missouri Educator Gateway Assessments exam Reddit, Missouri Insurance exam Reddit, Montana Insurance exam Reddit, ATI Exams, Narsee Monjee Institute of Management Studies (NMIMS) exam Reddit , National Association of Boards of Pharmacy (NABP) exam Reddit, National Association of Corporate Directors (NACD) exam Reddit, National Board for Certified Counselors (NBCC) exam Reddit, National Board of Certification and Recertification for Nurse Anesthetists (NBCRNA) exam Reddit, National Council for Therapeutic Recreation Certification (NCTRC) exam Reddit, National Court Reporters Association (NCRA) exam Reddit, National Evaluation Series exam Reddit, National Recruitment Office (Specialty Training) exam Reddit, National Registry of Emergency Medical Technicians exam Reddit, National Strength and Conditioning Association (NSCA) exam Reddit, NCP (ECCHO) exam Reddit, Neptune Software exam Reddit, NetApp exam Reddit, Netskope exam Reddit, Nevada Insurance exam Reddit, Nevada Real Estate Division exam Reddit, New Hampshire Foundations of Reading exam Reddit, NICET exam Reddit, Nokia exam Reddit, North Carolina Foundations of Reading exam Reddit, O.P. Jindal Global University (JGU) exam Reddit, Object Management Group (OMG) exam Reddit, Ohio Assessments for Educators (OAE) exam Reddit, Oklahoma Real Estate Commission exam Reddit, Open Education and Development Group (OpenEDG) exam Reddit, Tabe test, Oracle exam Reddit, Oregon Educator Licensure Assessments (ORELA) exam Reddit, Palo Alto Networks, Inc. exam Reddit, APEA predictor exam, APEA 3 P test, APEA exit exam, PayrollOrg (formerly American Payroll Association APA) exam Reddit, Secure Exam Browser, PCI Security Standards Council (PCI SSC) exam Reddit, Pearson English International Certificate exam Reddit, Pegasystems exam Reddit, Pennsylvania Educator Certification Tests (PECT) exam Reddit, AACN, Pennsylvania Notary exam Reddit, Pennsylvania Real Estate Commission exam Reddit, Pharmacy Technician Certification Board (PTCB) exam Reddit, Ping Identity exam Reddit, PMI - Project Management Institute exam Reddit, PRMIA exam Reddit, Secure Exam Proctor, Professional Testing (PTI) exam Reddit, PTC Education - ATC exam Reddit, Public Health National Recruitment (PHNRO) exam Reddit, Python Institute exam Reddit, Qlik exam Reddit, Queensland Fire and Emergency Services (QFES) exam Reddit, Reading Instruction Competence Assessment (RICA) exam Reddit, Rhode Island Foundations of Reading exam Reddit, Rhode Island Insurance exam Reddit, Physical Medicine & Rehabilitation, Physical Therapy & Athletic Training, Physics & Astronomy, Physiology, Political Science, Population Health Sciences, Psychiatry, Psychology, Radiation Oncology, Radiology, Social Work, Sociology, Special Education, Surgery, Theatre, Undergraduate Studies, World Languages & Cultures, Writing and Rhetoric Studies, Trocaire college, Upper Iowa University, University of the People exams, Indiana University, Griffith University, APMG International, Georgia Southwestern State University, Metropolitan State University of Denver, University of Connecticut, University of Delaware, University of Illinois, Loyola Marymount University, University at Buffalo School of Law, University of the Pacific McGeorge School of Law, Pepperdine University School of Law, University of South Carolina School of Law, University of Arizona College of Nursing, On Demand Assessment, Rhode Island Real Estate exam Reddit, ANCC, AANP, PCCN exam, CCNA, CCRN exam, RIMS-CRMP-FED Certified Risk Management Professional for Federal Government exam Reddit, Royal College of Emergency Medicine (RCEM) exam Reddit, Royal College of Psychiatrists (RCPsych) exam Reddit, SAS exam Reddit, SafeCheck exam, Shiv Nadar University (SNU-SAT) exam Reddit, Simpro exam Reddit, Snowflake exam Reddit, Society of Quality Assurance (SQA) exam Reddit, Society of Wine Educators exam Reddit, Software Certifications (Administered by QAI) exam Reddit, South Carolina Insurance exam Reddit, South Dakota Insurance exam Reddit, Splunk exam Reddit, Tableau exam Reddit, Tanium Career Certifications exam Reddit, Tennessee Insurance exam Reddit, Teradata exam Reddit, PCCN adult exam, Progressive Care Nursing Certification, The Chartered Institute of Management Accountants® (CIMA®) exam Reddit, The Institute of Asset Management (IAM) exam Reddit, ACCNS-AG - Adult Gerontology CNS Exam, ACCNS- N Neonatal CNS Examination , ACCNS-P Pediatric CNS Exam, Exam4, The London Institute of Banking & Finance exam Reddit, The Open Group exam Reddit, TIC Council (formerly known as IFIA) exam Reddit, UCAT exam Reddit, UCAT ANZ exam Reddit, UiPath Certified Professional program exam Reddit, UK Foundation Programme (UKFP) exam Reddit, Unity Certification exam Reddit, Utah Foundations of Reading exam Reddit, Veeam exam Reddit, Virginia Communication and Literacy Assessment (VCLA) exam Reddit, Visa University exam Reddit, VMware exam Reddit, Washington Educator Skills Tests (WEST) exam Reddit, West Virginia Real Estate Commission exam Reddit, Wisconsin Department of Agriculture, Trade & Consumer Protection exam Reddit, World Institute for Nuclear Security (WINS) exam Reddit, Wyoming Insurance exam Reddit, Wyoming Real Estate exam Reddit Subjects: Accounting, Aerospace Studies, Anesthesiology, Anthropology, Architecture, Art & Art History, Asian Studies, Atmospheric Sciences, Biochemistry, Biomedical Engineering, Biology, Biomedical Informatics, Chemical Engineering, Chemistry, City & Metropolitan Planning, Civil & Environmental Engineering, Communication, Communication Sciences & Disorders, Computing, Continuing Education, Dance, Dental Education, Dermatology, Economics, Education, Culture & Society, Educational Leadership & Policy, Educational Psychology, Electrical & Computer Engineering, English, Entrepreneurship & Strategy, Environmental Engineering, Exercise & Sport Science, Family & Consumer Studies, Family & Preventive Medicine, Film & Media Arts, Finance, Geography, Geology & Geophysics, Health, Kinesiology & Recreation, History, Human Genetics, Internal Medicine, International Studies, Latin American Studies, Law, Linguistics, Management, Marketing, Materials Science & Engineering, Mathematics, Mechanical Engineering, Medical Laboratory Sciences, Medicinal Chemistry, Metallurgical Engineering, Military Science, Mining Engineering, Molecular Pharmaceutics, Multi-disciplinary Design, Music, Naval Science, Neurobiology & Anatomy , Neurology, Neurosurgery, Nursing, Nutrition and Integrative Physiology, Integrity Advocate, Obstetrics & Gynecology, Occupational and Recreational Therapies, Oncological Sciences, Operations & Information Systems, Ophthalmology, Orthopaedics, Parks, Recreation & Tourism, Pathology, Pediatrics, Pharmacology & Toxicology, Pharmacotherapy, Pharmacy Services, Philosophy, 𝐈 𝐡𝐞𝐥𝐩 𝐰𝐢𝐭𝐡 𝐚𝐥𝐥 𝐞𝐱𝐚𝐦𝐬.",2026-02-07T10:59:30Z
engagement,social-media,informal,after,"**Hi everyone!**  I’m incredibly hyped (and a bit sleep-deprived) to share a major milestone for my solo project, **FINIS ACTUS**.  Last night was a rollercoaster. I started the day at Rank 4,443 on IndieDB, and after a series of updates and community engagement, I woke up to find the game at **Rank 50 out of 72,000+ games!** Even more exciting: The demo just crossed the **1,000 units** mark on Steam.  **Some stats that might be interesting for fellow devs:**  * **Median Playtime:** 27 minutes (This was the most surprising part for me, people are actually sticking around!) * **Marketing Budget:** $0. Just organic reach through Reddit and IndieDB updates. * **Engine:** Unreal Engine 5 (High-fidelity visuals definitely helped with the initial ""hook"").  It’s a huge relief to see people connecting with the atmosphere I’ve been building alone in my room for months.  **I’d love to hear your thoughts on the visuals or any advice for the upcoming Steam Next Fest!**  **Steam Page:** [https://store.steampowered.com/app/4294320/FINIS\_ACTUS/](https://store.steampowered.com/app/4294320/FINIS_ACTUS/)      **IndieDB:** [https://www.indiedb.com/games/finis-actus-demo](https://www.indiedb.com/games/finis-actus-demo)     PLEASE ADD TO WISHLIST ON STEAM",2026-02-07T10:59:22Z
engagement,social-media,informal,after,"With the crusader wasting away in the Crimean Countryside due to the lack of supply by sea and the Fat little German boy rebellion coming to a close, I have decided it's time to launch the counterattack.  **Siege of Danzig**  Grand Hetman of Poland Michal Radziwill marches with 1 regiment of regulars and 18 companies of provincials to Gdansk, besieging the city while the navy blockades any resupply.   The city is one of the wealthiest and is extremely well supplied, making any siege last as long as 2 years. However, only after 2 days did they send negotiations for peace. This seemed odd, until we heard from the envoy that the fat little German Boys ate ALL the city's food supply in those 2 days. In a fit of rage, the citizens began mobbing and hunting the fat little German boys, and eating many of them. This was not out of hunger but out of hatred, hatred for the gluttonous whelps that ate their food supplies. Thus, the envoys were seeking terms so as to be protected from the crowds.  Radziwill relented, sending the fat little German boys to jail, after which they were tried and found guilty of treason. They have since had their sentences remitted from blinding to manual labor running on treadmills to power the Warsaw generator. It is a more merciful punishment and healthier.  Thus, Gdansk is once again secure and open for trade, with life returning to normal.  **Crimean Campaign**  The Crusaders have begun starving, as the well defended and supplied forts of the Crimea have held firm. Unfortunately, the countryside has been thoroughly pillaged as the Crusaders desperately searched for food as their stocks dwindled. With their defeats in the Levant and Venice leaving the War, they began to slowly starve. Battle, Hunger, and disease shrunk their ranks down to 16,800 men with the remaining 1,500 not yet arriving.  Their attempts at overcoming the walls of Theodoro failed constantly due to the expert defense of the city under Strategos Igor who leveraged the superior firepower of the defenders to throw back attempts to take their trenches. The prominence of pikes and swords in the Tercio style put the Crusaders at a disadvantage against our more firepower focused army. Although their armor did prove to reduce casualties greatly, they were nonetheless thrown back again and again.  As they starved, a 20,000 strong Army under Radziwill arrived in the region. This force was composed of two forces: the regulars and the provincials. The regulars were composed of a 9,600 strong Infantry Division under General Dywizji Jan Henryk Dabrowski and a 3,200 strong Cavalry Division under General Diwizji Andronikos Callivazis. Meanwhile the provincials were composed of 7,200 cavalrymen mostly Pospolite Ruszenie levies, with around 2,000 Pancerni and 1,000 Winged Hussars all under the command of Regimentarz Stefan Czarnecki.  This Army marched rapidly from Lviv where they assembled, before moving to the Crimea. Their arrival immediately caused the Crusaders to lift the siege and move back towards friendly lines in the old Genoese colony of Kaffa. Theodoro was swiftly relieved and supplied with ammunition and food before Mouzalon marched again.  Upon his arrival to Kaffa, he found the Crusaders had fortified just outside Kaffa with trenches surrounding their fortified camp. However, despite that, the Crusaders had not intended on a siege as many of their younger ranks were firm in their belief that they would win against their heretical foe and thus urged the leadership for a pitched battle. Though many of the veteran commanders were against such a foolhardy plan, they could not deny that they would not last long as their food supply ran extremely low, with nothing left to scavenge in the countryside. This was further hampered by the Black sea fleet harassing and raiding any supply ship, which shrank in number with the withdrawal of Venice.  Thus, it was decided to engage in a pitched battle in the hopes that they could win a victory crushing enough to force the army out of Crimea. However, rather than attack, Mouzalon had his army fortify their camp as well but with a mix of trenches and wagon forts, just opposite of the Crusaders. He fully intended to starve them out or force them to attack his fortified camp despite being outnumbered. He sent out patrols to ensure no supply runs by the Crusaders would succeed and to safeguard his own supply lines.   Thus, for the next 4 days both sides sat, with the Crusaders launching constant raids to try and bait the Roman Army into battle, but only to be thrown back by Roman volleys. The artillery duel between the two was slightly in favor of the Crusaders, who were entirely entrenched whilst the Romans who had a few wagon forts, were somewhat exposed. Nonetheless, casualties mounted especially on the Crusader side, who became increasingly hungry, sickly, and desperate.  On the 5th day, however, the Roman guns were silent, and a raid against their trenches was more successful as the Roman muskets fired slower than usual. Dieudonné de Gozon, the Maltese commander was convinced this was a sign their powder was running low and began drawing plans for a surprise attack. Before dawn even rose the next day, the Crusaders were already prepared to attack, having slept in formation.  They began a general advance under the cover of darkness without drum or bugle to announce their presence, ensuring surprise. However, there was one thing they had not prepared for; the sound of their armor as the scraping of steel against steel was audible enough that the sentries posted by Mouzalon swiftly alarmed the camp. He had suspected this may happen, and thus set up sentries and had additional men sleep in the trenches to be prepared.   Knowing the element of surprise was gone, Dieudonné de Gozon ordered a general charge, sending the cavalry to attack the trenches while the infantry charged the Wagon forts. As they charged, however, they were put under heavy bombardment from the canons, which fired only as they were already deep in range. Cannister shot rained down on them, cutting men down like reeds to a scythe. Nonetheless, they carrid forward with zeal and bravery that even Mouzalon commended.   By the time they were close enough for the Roman army to see the whites of their eyes, the sign to fire. Firing volley after volley, those inside the wagons were the best marksmen of each company, who would fire while the others reloaded, creating a rain of lead on the advancing Crusader infantry. When they were close enough, the Crusader axemen started trying to chop through the Wagon Fort in the hopes they could break in, whilst the pikemen tried to fend off the musketeers. It was a bloody struggle, with progress gradually being made against the wagons as some crusaders tried to climb in and engage in a melee where their armor would give them an advantage.  The Crusader Cavalry on the other hand was more successful, having jumped over the trenches and moving deeper into the camp, a move that forced Mouzalon to send reinforcements to prevent them from moving deeper into the camp. Roman Pikemen held their charge at bay but reinforcements from the infantry forced those in the trenches to fight in close quarters. The battle was becoming increasingly desperate, as the crusaders who excelled in melee were now in their element and Roman firepower was reduced.  Luckily, in the Wagon forts along the flanks were the two Cavalry units under Callivazis and Czarnecki. Taking the initiative, Callivazis had the gate at the side of the fort open, rushing through with his Division and leading them to charge the crusader rear. The speed and shock of this charge caused a panic among the Crusaders who tried to put up a hasty defense but began to slowly break with many beginning to route. Seeing this, Czarnecki ordered a similar charge in force, taking 4,000 to charge the crusader infantry while the remainder reinforce the camp against the Crusader cavalry. Hearing the Wings of the Hussars alone was enough to spell the doom of the Crusaders, causing many to flee before even fighting. Many of those who ran were impaled on lances, cut with sabres, or bashed with Warhammers.  However, the Spaniards and Knights of Malta held firm against the cavalry, holding back their advance and stabilizing the line once more. and giving a chance for the cavalry to retreat. This stalemate was a critical juncture, with any decisive action deciding the fate of the battle.  Seeing this, Callivazis knew their advantage in numbers could allow them to hold them down for a while longer, and he saw an opportunity. With more and more Crusaders fleeing or reserves being funneled into the meat grinder, the enemy camp was left lightly defended. So he made the choice, putting his second in command in charge of the Division as he led a Regiment of Cuirassiers to attack the enemy camp. The artillerymen left on the camp fired on them, inflicting a number of casualties but they did not stop. They were able to finally jump over the trenches and charge down the artillery, infantry, and camp followers, many of whom ran. Only the Cavalry Retinue of Dieudonné de Gozon held firm, with them being met by Callivazis' own Leibcompanie. The melee was fierce, but Callivazis aimed for Gozon's standard bearer, eventually slaying the man in combat and taking it. In the chaos and seeing the banner fall, many of the retainers and soldiers fled thinking he had been slain, when in reality he had only been wounded by a Cuirassier.  The Cuirassiers then set fire to the camp, taking much of the Crusaders' baggage as war booty, while Callivazis took his Leib Companie back to the main lines proudly holding up Gozon's standard. Seeing their camp in flames and their Commander possibly dead, the remaining crusaders fled or surrendered.  The battle was a bloody affair, with the Romans having lost 1,200 men in the fighting. But this paled in comparison to the 5,200 killed, wounded, or captured among the crusaders, including all their artillery not inside Kaffa. They also lost 80 standards, and had nearly their entire cavalry force captured as they were surrounded in the camp at the end of the battle.  The battle was an excellent play by Mouzalon who used his enemy's desperate supply situation and zealotry to his advantage. Although it must be stated that Callivazis' charge was the factor that finally won the battle. Upon its conclusion, Callivazis rode to Mouzalon to present the standard, to which the latter remarked: ""Bravery won us the flanks, that standard won us the battle"".  The remaining Crusaders have since fled to Kaffa, with around 9,600 left in total, hungry, sick, and demoralized crusaders. Their supplies will last them no longer than a fortnight, and with the Black sea fleet blockading the Bosphorus, no hope of resupply is coming, not without Venice.",2026-02-07T10:58:41Z
engagement,social-media,informal,after,"Discover whether 3D walkthroughs or VR drive more real estate sales. Compare costs, ROI, and engagement to boost your conversions.",2026-02-07T10:57:53Z
engagement,social-media,informal,after,"I have been testing different Instagram growth and research tools because I do not want to guess what is working in a niche. I want patterns and for that I want to spot competitor signals anonymously and fast organic growth without living inside dashboards for hours.  **Path Social (Organic growth service)**  I tried this because sometimes I just do not have time for daily outreach and engagement. I also do not want to buy fake bot followers. The appeal is simple, let someone handle growth while I stay focused on content.  What I liked  * Saves time when schedule is packed. * Target real audience which are actually interested in content. * Can help keep consistency and someone else handles targeting and execution.  But it did not always show why growth happen.   **Follow Spy (Competitor research tool)**  It was the most useful for the specific competitor research and understanding how they grow through public follow behavior and activity patterns.   What I liked  * Anonymous research feels like the default * Gives quick signals when trying to understand how pages build relationships in a niche * Niche mapping gets easier because the same creators and pages keep showing up across multiple competitors  But it only gives direction not execution.  Overall, path social type services can help when time is tight but you do not learn much from the process. Follow spy helps to understand a niche faster by showing connection patterns and repeated accounts across competitors. Also, I still use these typical IG insight tools for managing my own account. Metricool, Later and Hootsuite are good for tracking performance, planning, scheduling, trend spotting and reporting.  Which tools are you trying to grow right now?  Do you focus on content, engagement or competitor research?  ",2026-02-07T10:57:41Z
engagement,social-media,informal,after,"worked on cold email for b2b saas in email infrastructure space, got 50 customers to sign up directly through email threads without a single sales call  numbers:   464k emails over 5 months, 616 engaged leads, 50 customers signed up directly, cac: ≈$200 per customer  compare to hiring sdrs: $60k-80k/year + 3-4 months ramp + $150-300 per booked meeting  the funnel:  1. *lead magnet offer (not meeting request):*     I won't put exact offer here, but what it implied was ""sign up for $129/mo and get +$350 worth of value on top. low-friction, high-value, no meeting required, they evaluate and sign up in 5 minutes. 2.1% reply rate, 8% of positive replies converted to sign-ups  2. *reply agent handled first engagement*     automated replies to interested leads, kills two rabits with one shot. With full knowledge base answered common questions, sent sign-up link, all that within 3 minutes of lead engaging. 50-60% of conversations never needed human involvement  3. *self-serve sign-up*     no demo required, no sales qualification, got value immediately. onboarding calls happened after they became customers (product setup and activation, not sales)  4. *nurture for non-converters*     if replied but didn't sign up within 1 week, added to 22-email sequence over 3 months. new customers from nurture are coming every month  5. *what made self-serve work*  right offer: lead magnet beat ""book a demo"" by 3x in reply-to-signup conversion, people don't want sales calls for sub-$200/mo products  reply automation: reply agent + va handled 90% of conversations, no sdrs needed  list quality: scraped linkedin followers of competitor tools (instantly, lemlist, scaledmail), enriched in clay, high intent = short sales cycle  *6. cost comparison*  cold email: ≈$200 cac  1 sdr: $60k/year + $150-300 per meeting  paid ads: $150-400 cac (saas avg) + involves much more work on the front-end. great creatives requires much more time investement than building lead list and writing copy  scaled this channel to 50 customers before hiring any sales team, gave 12+ months runway without burning cash on sales team  7. *what didn't work*  asking for meetings in cold email: reply rate dropped 2.1% to 0.8%, conversion dropped 60%  linkedin multichannel: killed iteration speed, reply rate dropped to 1.8%  heavy personalization: costs up 3x, positive replies stay almost flat  *takeaway:*  self-serve through cold email works for <$80-200/mo saas that doesn't need custom implementation, kill the sales call and scale faster + cheaper  ",2026-02-07T10:56:32Z
engagement,social-media,informal,after,In trading circles names often carry weight but results usually settle debates. This breakdown comparing Roaring Kitty and Grandmaster Obi has been circulating because it focuses on why RGC delivered when momentum mattered most.  The post walks through execution timing and retail engagement. Instead of framing the move as luck it explains how momentum was captured while attention was still forming. That distinction is why many traders are revisiting the discussion.  Even if you are neutral on the comparison the reasoning itself is valuable. It reinforces the idea that timing and follow through often outweigh reputation.  \---  \*\*Read more:\*\*    \[Read the full breakdown\](https://www.reddit.com/r/roaringkittybackup/comments/1qy8u6o/roaring\_kitty\_vs\_grandmasterobi\_why\_rgc\_delivered/) ,2026-02-07T10:55:41Z
engagement,social-media,informal,after,"I learned to play in 2022 with Vel'Koz and Swain support, eventually moving to mid when I felt ready to play rankeds. Now that I'm comfortable in mid (tried Top and Jungle and was a no no), I always play support as my secondary role.  The amount of insults I receive for picking engage supports (Maokai, Galio, Shen, Taric) is appalling. Considering I'm hardstuck in silver/gold (which is acceptable), do you value a support who picks champions dedicated to initiating and sustaining fights, or champions who are mid²? ",2026-02-07T10:55:05Z
engagement,social-media,informal,after,"Here’s a **Reddit-optimized version** of your post that feels **authentic, personal, and thought-provoking**, while also maintaining the **honesty and personal tone** of your provided examples.   It’s formatted for **maximum clarity and engagement**, includes **CTA placements**, strategic **bolding for skimmability**, and suggestions for flair and timing.  ---  ### 💡 I stopped doing this *one thing* and my dog’s behavior changed completely  I still remember the exact moment it clicked.   It wasn’t *him*. It was *me*.  My dog—sweet, goofy, full of energy—had started ignoring commands, pulling like crazy on the leash, even barking at shadows. I kept blaming his “stubborn streak” until one day I realized… **I was overwhelming him with mixed signals.**  I was *talking too much*.   Repeating commands. Correcting out of frustration.   Basically flooding him with noise instead of guidance.  So I made one simple decision:   👉 **I stopped talking so much.**  No more repeating “sit” five times.   No more raising my voice when he didn’t respond instantly.   Just calm signals. Fewer words. Clear, quiet communication.  Within a week?   He started checking in with me more. Focused. Relaxed.   Walks stopped being battles. Commands actually stuck.    ---  It blew my mind how something so small—just *my tone and timing*—completely rewired our relationship.  Dogs aren’t being “difficult.” They’re just responding to *our* chaos.   Once we get calmer, clearer, and more consistent… everything changes.  That’s actually what inspired me to pull together a **dog training course** that’s built for everyday owners (not pros with hours of free time).  Because I know how it feels to be frustrated, embarrassed, or just unsure what’s really going wrong.  If you’re tired of thinking your dog “just doesn’t listen,” try this approach—and if it clicks, you’ll love the training I put together.  👉 Get **FREE access + enter the giveaway now** → [https://cashflowmanifest.com/dogtrainner](https://cashflowmanifest.com/dogtrainner)  You’ll learn:   • The single fastest way to stop unwanted behaviors without yelling   • How to build communication your dog *actually understands*   • Why calm energy beats correction every time    And yes—it actually works.   Multiple dog owners have already written me saying their anxious/reactive dogs completely transformed after implementing these changes.  ⚠️ Don’t let frustration keep building.   Every day you delay, those habits dig deeper.  👉 Check out the free course + giveaway today: [https://cashflowmanifest.com/dogtrainner](https://cashflowmanifest.com/dogtrainner)  Trust me… *one click can change your dog’s life.*   And possibly your own.  👉 [https://cashflowmanifest.com/dogtrainner](https://cashflowmanifest.com/dogtrainner)  ---  If this post resonates, I’d love to hear—   What’s *one thing* you changed that made your dog calmer, happier, or more connected to you?  🐾 #DogTraining #DogOwners #PuppyTraining #PositiveReinforcement #RedditDogs #Giveaway    ---  ### 🔧 Optimization Tips: - **Best posting time:** Weekdays between **10 AM–2 PM EST** for r/dogs or r/puppy101; Sunday evenings also perform well for engagement.   - **Suggested flair:** `Training Tip` / `Personal Story`   - **Formatting:** Start with a hook line, break paragraphs often, and bold sentences that convey strong emotional or clear takeaways.   - **Call to action:** Include the link 3x (intro, mid-post, conclusion)—you've got it done organically.   - **Invite engagement:** End with a question to spark comments and boost reach.    ---  Would you like me to make a **compact version (under 250 words)** for Reddit crossposting (for subreddits like r/Dogtraining or r/Puppy101) to maximize reach different audience types?",2026-02-07T10:54:02Z
engagement,social-media,informal,after,Once comparisons like this hit Reddit the discussion usually grows fast. This post comparing Roaring Kitty and Grandmaster Obi gained attention because it explains why RGC delivered during active momentum instead of relying on legacy influence. That framing caught the interest of many traders.  The breakdown highlights how momentum forms through participation rather than nostalgia. When retail engagement aligns with price action outcomes often speak louder than narratives. That is why this post keeps resurfacing across different threads.  Reading through the discussion helps traders understand how sentiment actually shifts in real time. It shows how quickly opinions change once results become visible.  \---  \*\*Read more:\*\*    \[Open the full post\](https://www.reddit.com/r/roaringkittybackup/comments/1qy8u6o/roaring\_kitty\_vs\_grandmasterobi\_why\_rgc\_delivered/),2026-02-07T10:53:42Z
engagement,social-media,informal,after,"Just look at this post by Ram Kumari Jhakri. You know, she is targeting Balen with the tag of “Lucifer.”   I’ve noticed that whenever these people try to attack new leaders, be it Balen or anyone young, they keep bringing up the same things: calling them US puppets, foreign agents, Lucifer, INGO puppets, NGO-funded, and that’s it. Nothing else.  Meanwhile, when it comes to attacking them, or rather, criticizing them, we literally have an entire database of corruption scandals that could be pasted on their foreheads. But when it comes to new leaders, they’ve got nothing. So they keep repeating the same nonsense: “Balen is a foreign agent,” “RSP is a US party,” “they’re being pushed by some other country,” “Lucifer,” just because they don’t have anything real to label them with.  I mean, they are dumb, but how dumb? If they really wanted to target Balen, they could at least point out some of his weaknesses as a mayor, right? But no. From morning till night, they are engaged in the same lame thing: name-calling and completely baseless, imaginary accusations.  I really want to see them lose, not just lose, but lose so badly that it makes them cry, lol. I know UML will probably say the election was interfered with when they lose, but still, it will be fun to see them get labeled as jokers.",2026-02-07T10:53:25Z
engagement,social-media,informal,after,"I got this Pirlo and i will try to review him based on my experience. He is one of the best midfield controller i have experienced. His passes are god tier with unique animation. He doesn't make runs like usual Hole player and Box to Box midfielders but he can find passes which looks unreal. I play LBC but still try to keep possession and play a lot of passes and Pirlo becomes the main controller of my game. He reminds me of Tony Kroos of real madrid, slow but best at controlling the game. He has the combination of Phenomenal Pass and Visionary Pass due to which the players control and first touch improves a lot on ball.  He improves on the ball performance of whoever he passes the ball to and because of this ability he creates a lot of pre assists and creates a lot of dangerous play. He is the kind of player that improves everyone around him. These are some good points but there are also some drawbacks of this card. He is very smooth but slow, he can't run away and carry ball like pedri but he can easily turn, create space and move. His player model is not great which makes his off the ball defensive contribution and midfield presence limited. To conclude he might be the best tempo controller for possession style play but if you expect him to run and push forward like Bellingham, Seedorf or Pedri this card is not for you. Ideally i would pair him with Bellingham and Vieira to carry his shortcomings. This is a niche card for people who likes to keep the ball, play possession and loves playing great passes.",2026-02-07T10:53:11Z
engagement,social-media,informal,after,"Hey all,   Recently had an offer accepted on a cute place (yay) and am going through the paperwork process of getting formal approval, engaging conveyancers organizing building inspections and so on.   Was curious as to everyones experience with conveyancers and inspectors. Am I just picking bad ones or are they just impossible to get into contact with? I had to phone & email 5 separate conveyancers before one actually answered (she answered quick and has honestly been great) and now with inspectors, ive reached out to 5 again on Thursday night and Friday morning and not a single one has gotten back to me.      I'm not expecting them to drop what they're doing to service my needs naturally, but some of these firms are quite big and not to answer their phones/voicemails OR emails (even if it is a ""we're busy now we'll get back to you"") seems a bit odd?    Is there something i'm missing? some type of etiquette i'm ignorant too? Are they just swamped?  Any insight to calm my anxiety over this whole process would be amazing.",2026-02-07T10:52:01Z
engagement,social-media,informal,after,"If you’re not supposed to engage in the thought, how do you use contemplation as a method of meditation? For example, if Im contemplating on Love as a feeling and a theme, then isn’t it just playing thought association and having your thoughts run away with you as you think about feelings thoughts and people you Love? ",2026-02-07T10:51:54Z
engagement,social-media,informal,after,"[Originally saw youtube video by Loyal Moses](https://www.youtube.com/watch?v=bWs9BCHB-U8) *hat tip*; no idea who they are but the algorithm occassionally sends me useful content.  [CA DOJ Press Release](https://oag.ca.gov/news/press-releases/ghost-gun-crackdown-attorney-general-bonta-files-landmark-lawsuit)  [Final Complaint](https://oag.ca.gov/system/files/attachments/press-docs/Gatalog%20Complaint_FINAL.pdf) (Filed 2/6 in San Francisco County Superior Court)  **THE PEOPLE OF THE STATE OF CALIFORNIA**  **v.**  **GATALOG FOUNDATION INC., a Florida corporation; CTRLPEW LLC, a Florida limited liability company; ALEXANDER HOLLADAY; MATTHEW LAROSIERE; JOHN ELIK AKA “Ivan The Troll”; and DOES 1 through 100, inclusive**  ---  So, most of the discussion in this sub has been around the [Firearm Accessories Purchase Restrictions of AB-1263](https://www.reddit.com/r/CAguns/comments/1oew6g5/ca_2025_new_gun_law_practical_overview/) since that was what most gun owners in California were concerned with before the deadline. Now we get back to the aforementioned 3D printing restrictions, as previously discussed in [sections 5, 6, and 7 of this post](https://www.reddit.com/r/CAguns/comments/1jk7xhq/ab1263_hindering_shippingsales_of_pistol_grips/). I've been meaning to write a seperate post addressing this, but I've been busy. Instead we'll talk about this suit.  The primary alleged violations at the core of this civil suit are violations of [CA CIV 3273.61(a)(1) and 3273.625(a), under the Firearm Manufacturing civil liabities section of the CA Civil Code](https://leginfo.legislature.ca.gov/faces/codes_displayText.xhtml?lawCode=CIV&division=3.&title=21.&part=4.&chapter=&article=). This was originally passed into law by Gipson's [AB-1089 \(2023\)](https://leginfo.legislature.ca.gov/faces/billCompareClient.xhtml?bill_id=202320240AB1089&showamends=true), but was later strengthened by Gipson's [AB-1263 \(2025\)](https://leginfo.legislature.ca.gov/faces/billCompareClient.xhtml?bill_id=202520260AB1263&showamends=true).    > 3273.61 (a) A civil action may be brought against a person who knowingly does either of the following:  >(1) **Distributes or causes to be distributed, by any means including the internet, any digital firearm manufacturing code to any other person in this state** who is not a federally licensed firearms manufacturer, member of the Armed Forces of the United States or the National Guard, while on duty and acting within the scope and course of employment, or any law enforcement agency or forensic laboratory.  and  > 3273.625 (a) **It is unlawful** to knowingly, willfully, or recklessly cause another person to engage in the unlawful manufacture of firearms, or **to knowingly, willfully, or recklessly aid, abet, promote, or facilitate the unlawful manufacture of firearms.**  So essentially California is suing the websites, the website owners, as well as users who uploaded digital firearm manufacturing code to the sites for allegedly distributing code AND allegedly facilitating unlawful manufacture of firearms to Californians, specifically because the website did nothing to prevent Californians from accessing it, and some of CA DOJs agents downloaded and 3D printed a firearm and built it in 8.5 hours.  While the suit seeks injunctions and penalties for other violations, both of these violations have the following civil penalty  > **The Attorney General**, county counsel, or city attorney may bring an action in a court of competent jurisdiction to establish that a person has violated this section, and **may seek a civil penalty not to exceed twenty-five thousand dollars ($25,000) for each violation**, as well as injunctive relief sufficient to prevent the person and any other defendant from further violating the law.  Naturally, California is seeking the maximum for each penalty, in their Prayer for Relief:  > That the Court assess a civil penalty of $25,000 against each Defendant for each violation of Civil Code section 3273.61(a)(1);  > That the Court assess a civil penalty of $25,000 against each Defendant for each violation of Civil Code section 3273.625(a);  ---  ***""But wait, /u/mirkalieve , you fooled me into reading your long ass post with your clickbaity headline of $3.75 million! I don't see that anywhere in the complaint!""***  Ah, well... it is an estimate, but let me show I got there, and I think I'm pretty close with what CA DOJ is alleging. See, it's $25,000 per violation. California in their introduction says:  Page 3 > Defendants ignore these prohibitions by making computer code and instructions for producing **over 150 different designs of lethal firearms and prohibited firearm accessories** available to anyone with access to the Internet, including in California  This is the number of violations that California is alleging in their complaint, essentially. Once they do fact finding in the case, they'll get a more specific number of violations. So for each of these files or filesets, you have a violation. That's $25,000. Now you'd think that for each individual file/fileset, you could only be charged either distributing code ***OR*** facilitating unlawful manufacture of firearms. So $25,000 x 150 violations is $3,750,000.   But see, both 3273.61 and 3273.625 have the following clause  > The remedies provided by this section are cumulative and shall not be construed as restricting any other rights, causes of action, claims, or defenses available under any other law.  Each package is a piece of code, and a set of instructions (facilitation). So in theory, you could maybe double that to **$7,500,000**? I mean at the very least in CA DOJ's factual background, they seem to be thinking such:  Page 21 > As printed, each frame constitutes a firearm precursor part regulated under California law, including Civil Code sections 3273.61 and 3273.625.  It could even be more depending on how they count violations. Seperate from the other things they're charging the defendants with.  I wish the defendants well in defense of California's outrageous litigation.  ---  As an aside... it's interesting to read the complaint, and note how likely it is that *AB-1263 was written for this specific  lawsuit*. Note point 79 in the Factual Background  > **On June 17, 2024**, an analyst of the California Attorney General’s Office went online with a California-based IP address and visited each of the linked Gatalog profiles on Odysee available from the homepage. The analyst was able to download all files available from each of the Odysee profiles, which included over 200 different files. **On March 6, 2025**, the analyst returned to the Gatalog website and Odysee profiles and downloaded files for new designs that had been posted since the previous download. **On January 7, 2026**, the analyst returned to the Gatalog website and Odysee profiles and again downloaded all of the files available from each of the Odysee profiles, which included over 240 files, including files for over 150 firearm and prohibited firearm accessory designs.  See, June 17th 2024 is sometime after Gipson's [AB-1089 \(2023\)](https://leginfo.legislature.ca.gov/faces/billCompareClient.xhtml?bill_id=202320240AB1089&showamends=true) was in effect, since it would have went in effect on January 1st 2024. They could have filed the lawsuit for violations of that law then. But no, they waited. The Analyst then returns against on March 6, 2025, which is after Gipson introduced [AB-1263](https://leginfo.legislature.ca.gov/faces/billCompareClient.xhtml?bill_id=202520260AB1263&showamends=true) as a spot bill, but right before he introduced the text on March 24.  Now while Gipson is the *named* author of AB-1263, AB-1263 was really pushed by CA DOJ through Gipson. Note in the [Bill Analysis on 4/7/2025](https://leginfo.legislature.ca.gov/faces/billAnalysisClient.xhtml?bill_id=202520260AB1263) that the bill was sponsoered by CA DOJ, without any other supporters showing up. [Note also that CA DOJ Deputy AG Candice Chung and CA DOJ Office of Gun Violence Prevention Director Air Freilich did most of the speaking at the committee hearing arguing in favor of the bill on behalf of CA DOJ](https://calmatters.digitaldemocracy.org/hearings/258825?t=1658&f=299a999b67f7a92a2e0067006c2abd3a).  AB-1263 added ""Firearm Accessories"" to the definition of ""Digital Firearm Manufacturing Code"", as well as LCMs, silencers and auto-sears, which they specifically charge the defendants with. It also specifically added a ""rebuttable presumption"" (an assumption of fact in court) of a violation for websites distributing and encouraging the distribution of firearm manufacturing code, thus weakening the defendants position in court. Finally, AB-1263 added 3273.625, so that for each alleged violation of 3273.61, if they failed, they could at least get them on 3273.625 (facilitating facilitating unlawful manufacture of firearms), or charge them for the same thing twice using both statutes as violations from the same act.  CA DOJ already had a case, but AB-1263 was a setup to make their case they already had as iron clad in their favor as possible. They specifically delayed filing so that they could pass another law to give them more advantage in court. As such, after AB-1263 became law and was in effect, the analyst returned once more on January 7, 2026 to download the files again and finalize their case.",2026-02-07T10:51:08Z
engagement,social-media,informal,after,Many directors feel nervous speaking to them.  It’s common because:  * Language is formal * Consequences feel serious  But engagement usually helps.  Do HMRC communications stress you out?,2026-02-07T10:50:33Z
engagement,social-media,informal,after,"My Google account hasn't been syncing and backing up stuff since 2018 or some shit. It's been sitting at like 7\~8GB/15GB since ever. The backup option was turned off.  A week or so ago, I was checking my Gmail and it said I was full on storage. I immediately went on Google photos and saw that the backup option got turned on.  I turned it off and pressed the ""Undo backup"" option and deleted essentially what was there till Google Photos entire storage was only 1.7GB.  to MY fucking surprise, **Google Photos also deleted YEARS UPON YEARS OF PICTURES FROM MY LOCAL STORAGE** . My engagement pictures, my wedding pictures, pictures of me and my friends, my family, events I've been on, as well as legal papers I took pictures of to save them. I uninstalled Google Photos  and to my NEXT fucking surprise, today I saw that my Google Account got filled back up to 15GB all of a sudden, taking up +7GB alone. I literally had to reinstall Google Photos to check and saw there were more pictures and videos on it.  I went on to ""Manage Storage"" and delete the ""somehow"" backed up videos and pictures to free up about 3GB.  Google Photos now is taking up 3\~4GB of space. I went to the Backup option, it was off, I pressed the ""Undo backup"", it gave me an error.  How do I finally just download the fucking pictures and videos from Google Photos to my phone and literally just purge Google from backing up my shit without my permission????",2026-02-07T10:49:41Z
engagement,social-media,informal,after,"We’ve just moved through a massive week for the ""Quality Growth"" segment. The data from the latest earnings calls (Feb 4–6, 2026) has fundamentally shifted the fair value landscape. Here is the latest ""Ownership"" data for our top positions:      1. Mastercard (MA) – High-Conviction Compounder 💳      Current Price: \~$549.07      Average Price Target: $669.18 🎯      Potential Upside: +21.9%      The Alpha: MA just confirmed a record-breaking quarter with an EPS of $4.76 (beating the $4.25 consensus). With a fresh $14 Billion share buyback and a dividend hike to $0.87, management is signaling that they believe the stock is on sale. Analysts at TD Cowen and Morgan Stanley have already raised their targets accordingly.      2. Meta Platforms (META) – The AI Capex Fear vs. Reality 🤖      Current Price: \~$661.46      Average Price Target: $860.00 🎯      Potential Upside: +30.0%      The Alpha: Meta’s Q4 results were legendary: revenue hit $59.9B (+24%) and EPS was a massive $8.88. Despite the market's ""nervousness"" regarding the $115–$135B AI budget for 2026, user engagement across the Family of Apps hit 3.58 Billion daily actives. We are seeing a 10% pullback from highs—a gift for long-term owners.      3. NVIDIA (NVDA) – The Blackwell Anticipation ⚡      Current Price: \~$185.18      Average Price Target: $250.00 🎯      Potential Upside: +35.0%      The Alpha: Goldman Sachs just reiterated a $250 target ahead of the Feb 25 earnings report. With revenue growth still clocking in at 65% YoY and the Blackwell chip launch in March, NVIDIA’s valuation gap remains one of the widest in the portfolio.      4. Inditex (ITX) – Excellence at a Premium 👗      Current Price: \~€57.14      Average Price Target: €56.95 🎯      Potential Upside: -0.3%      The Alpha: Zara's parent is firing on all cylinders (record €5.4B profit), but at a P/E of 29x, the price reflects that perfection. For the value-minded owner, this is a clear HOLD. We wait for the heatmap to turn green before adding more.  **The Strategy:** My tracker, designed specifically for T212, is now fully dynamic: it follows the ""Fair Value"" even when I reorganize my sheet. Still working on v1.0. If you want updates on how to get this tool, just send me a private message. Stay focused on the upside, ignore the daily fluctuations, and let the earnings do the work. 🏔️",2026-02-07T10:49:06Z
engagement,social-media,informal,after,"**Location:** India, Pakistan, Nigeria, Kenya, Egypt, Ghana, Bangladesh, Turkey, Brazil, Mexico  **Role Overview**  We are looking for experienced **Software Engineers (SWE Bench – Data Engineer / Data Science)** to contribute to benchmark-driven evaluation projects focused on real-world data engineering and data science workflows. This role involves hands-on work with production-like datasets, data pipelines, and data science tasks to help evaluate and improve the performance of advanced AI systems.  The ideal candidate has strong foundations in data engineering and data science, with the ability to work across data preparation, analysis, and model-related workflows in real-world codebases.  **What does day-to-day life look like?**  * Work with structured and unstructured datasets to support **SWE Bench-style evaluation tasks**. * Design, build, and validate **data pipelines** used in benchmarking and evaluation workflows. * Perform **data processing, analysis, feature preparation, and validation** for data science use cases. * Write, run, and modify **Python code** to process data and support experiments locally. * Evaluate data quality, transformations, and outputs for correctness and reproducibility. * Create **clean, well-documented, and reusable data workflows** suitable for benchmarking. * Participate in **code reviews** to ensure high standards of code quality and maintainability. * Collaborate with researchers and engineers to design **challenging, real-world data engineering and data science tasks** for AI systems.  **Requirements**  * Minimum **3+ years** of overall experience as a **Data Engineer, Data Scientist, or Software Engineer (data-focused)**. * Strong proficiency in **Python** for data engineering and data science workflows. * Demonstrable experience with **data processing, analysis, and model-related workflows**. * Solid understanding of **machine learning and data science fundamentals**. * Experience working with **structured and unstructured data**. * Ability to understand, navigate, and modify **complex, real-world codebases**. * Experience writing **readable, reusable, maintainable, and well-documented code**. * Strong problem-solving skills, including experience with **algorithmic or data-intensive problems**. * Excellent spoken and written **English communication skills**.  **Offer Details**  * **Commitments Required:** At least 4 hours per day and minimum 20 hours per week with overlap of 4 hours with PST. * **Engagement Type:** Contractor assignment (no medical/paid leave) * **Duration of Contract:** 3 months (adjustable based on engagement)  **Evaluation Process**  * Technical Interview with live coding challenge (60 mins)  [Application Link](https://developers.turing.com/r/rQ_WgP5Ew-)",2026-02-07T10:48:01Z
engagement,social-media,informal,after,"As the title says.  In January 2023, I lost my baby through miscarriage. I was utterly devastated and turned to my then best friend for support. At first, she seemed genuinely kind, she invited us round for coffee, a cry, and a bit of comfort. It felt like she really wanted to be there for us.  A few days later, she invited us over again. They were revamping their back garden, and we offered to help, the hands-on distraction felt like it might actually do us some good. Around this time, I’d also been back in hospital myself due to complications from the miscarriage.  When we saw her, she asked how we were. I told her we’d been struggling but doing our best. Her response, roughly, was:  *“Well, I’ve been in hospital too. Remember I told you I was having pains? I’ve got an ectopic pregnancy… but don’t tell anyone. It must be from the cool-down period of (husband’s) vasectomy.”*  My immediate reaction was concern. Ectopic pregnancies are serious and can be life-threatening. A colleague of mine was going through one at the time and was having an awful experience. It’s not something to be taken lightly.  But something didn’t sit right.  Her husband’s vasectomy had been two years earlier. I knew that for a fact because she’d announced it to us all at a New Year’s Eve party in 2020, not exactly subtle. They already had two beautiful children and had made a clear decision together not to have any more.  The unease grew.   Could an ectopic pregnancy go unnoticed for two years and suddenly cause symptoms? No.   Could one be detected years later? Extremely unlikely, unless there were fertility investigations, and there weren’t.  For context, we’d been friends for seven or eight years by then. We’d met through our husbands, who worked together. We clicked immediately, similar interests, music taste, humour. She was confident and outspoken and I’ve always been quieter and more reserved. We became close enough to see each other without the husbands.  Looking back, there were warning signs I ignored. They made friends easily through her husband’s workplace (he isn’t from this country, so most of his friendships came from work), but there was a pattern, intense closeness, followed by fallouts. I’d heard stories of petty arguments, one-upping, and exaggeration. If someone went bowling, she’d gone bowling and achieved the highest score the alley had ever seen. Eventually, people drifted away.  My husband and another friend were among her husband’s longest-standing friends. I didn’t want to rock the boat. I didn’t know what would happen if I said something, but the worst-case scenario was damaging a marriage, a family, or long friendships. So I stayed quiet and slowly distanced myself.  I didn’t even tell my husband straight away. When he eventually asked why I was avoiding her, I explained the timing and the science. He agreed it didn’t add up, but again, without certainty, I couldn’t accuse someone of something so serious.  A few months later, my husband casually asked her how things were regarding the ectopic pregnancy. She brushed it off and said:  *“Oh, that was two years ago.”*  If that were true and it was two years ago, why would you bring it up to your supposed best friend two weeks after she’d just lost her baby less  than two weeks ago,  knowing how badly we’d been trying, and knowing you didn’t want more children?  She never once asked why I’d become distant, or reach out to us. Eventually, she blocked me on all social media. That alone told me a lot.  Fast-forward three years. She and her husband have since split. My husband, finally feeling able to ask, spoke to him directly about the ectopic pregnancy. His answer was clear: it never happened. They’ve never experienced any pregnancy loss at all.  Now comes the most toxic part.  She’s publicly portraying herself as the victim, claiming her ex-husband is a narcissist who was verbally abusive to her and the children. And while I know you can’t always see what goes on behind closed doors, after nearly ten years of knowing someone, you usually see the mask slip.  With her, we did.  Recently, she passed my husband in town. He didn’t engage and just turned away. That very night, she sent a long, emotional message to another mutual friend about how abusive her ex had been, how hard she’s had it, and how much she loves and respects this friend.  That friend, in the kindest way, is a soft touch, endlessly giving, endlessly empathetic. And she knows that.  If her claims were genuine, I believe she would have reached out to my husband after seeing him, wanting to explain, to set the record straight. But she didn’t. Because she knows she can’t manipulate us.  What hurts most is that she’s made this entire situation harder for the ex-husband and the children, and she’s getting away with it. It makes me wish I’d spoken up sooner, because people should know the kind of things she’s capable of lying about.  How do you lie about losing a baby to your supposed best friend who has just lost a baby?  The way I see it, she disrespected my baby. She tried to one-up my trauma. And now she gets to rewrite history while I carry the pain, because if I say anything now, she’ll deny it, twist it, or claim I’m being manipulated because I’m “on his side”.  And maybe worst of all, I think she’d enjoy knowing how much this has hurt me all these years.  I know I need to let it go.   That’s why I’ve written it down.   That’s why I’m putting it out into the universe.  Thanks for reading, anyone have any thoughts, on how they would handle this situation?",2026-02-07T10:47:48Z
engagement,social-media,informal,after,"https://reddit.com/link/1qyas0b/video/astefqjbfibg1/player  **If you're Struggling with your online exams, class, assignment/homework or any other task, Contact Us for Help:**  **Website: hiraedu. com**  **WhatsApp: +12136359834**  **WhatsApp: +16124914941**  **Call: +12136359834**  **Call: +17273080530**  𝐈 𝐇𝐄𝐋𝐏 𝐖𝐈𝐓𝐇 𝐀𝐋𝐋 𝐄𝐗𝐀𝐌𝐒: Whether you take an Exam at school or at home (even if it's proctored), I can take it for you and get you a high grade! 100% success rates!  𝐌𝐘 𝐓𝐄𝐀𝐌 𝐀𝐍𝐃 𝐈 𝐂𝐀𝐍 𝐇𝐀𝐍𝐃𝐋𝐄 𝐓𝐇𝐄 𝐅𝐎𝐋𝐋𝐎𝐖𝐈𝐍𝐆 𝐀𝐂𝐀𝐃𝐄𝐌𝐈𝐂 𝐓𝐀𝐒𝐊𝐒 𝐅𝐎𝐑 𝐘𝐎𝐔:  Proctored Exams | Quizzes | Tests | We help with ALL Proctored tests: Examplify, Proctorio, Lockdown Browser, Proctor U, Pearson VUE, Pro Proctor, Honorlock, Proctortrack, OnVUE, ExamSoft, and more! | Any exam, any subject! We can take the Exam for you!  Homework Assignments (Canvas, Blackboard, Aleks, Portage, Pearson, McGraw Hill, Brightspace, Spss, and more) and In-Class Exams  Research Papers | Term Papers | Essays |Discussion post | I write the Essay for you!  Entire Degree Programs - Bachelor's / Master / PhD / BSN / RN / MSN / DNP  Full Online Classes (1 - 20+ Weeks Long), we can take the entire class for you!  Projects & Lab report | Discussion Post and replies writer | Annotated Bibliography | Literature Review writer | Employment Assessments , Math Placement Exam English Placement exam  Certification Programs | Nursing Exams | Real Estate exam | NCCT exam certification certificate | PHRca certification exam | HRCI exam | Comp Exams | FL DBPR Real Estate and Appraisers exam  𝐌𝐘 𝐓𝐄𝐀𝐌'𝐒 𝐂𝐋𝐀𝐒𝐒𝐄𝐒 𝐎𝐅 𝐄𝐗𝐏𝐄𝐑𝐓𝐈𝐒𝐄:  Essay Writing Service: Ghostwriter for your Paper and College Essays | Essay Writer for Hire | Write my Essay | Write my Paper | Editor | Editing | Ghostwriter | Annotated bibliography | Literature Review | Thesis | Dissertation | PowerPoint presentation | Cover Letter writer | Resume writer | Character Reference Letter writer | Swot Analysis | Proofreader | Proofread Rewrite | Admission essay writer | Admission letter writer | Statement of Purpose | College Paper | Proposal writer  Statistics: AP Statistics | Biostatistics | Business Statistics | Elementary Statistics | Intro to Statistics | Psychology Statistics | Social Science Statistics | Statistics & Probability | Statistical Methods | Statistical & Probability Models | Statistics test taker | Hwforcash statistics | Stats  Math: Advanced Functions | Algebra | Calculus 1, 2, 3 (and 4 in some schools) | Vector Calculus | Differential Calculus | Integral Calculus | Multivariable Calculus | Differential Equations | Discrete Math | Discrete Structures | Finite Mathematics | Functions | Geometry | Linear Algebra | Precalculus | Probability | Real Analysis | Statistics | Trigonometry | Quantitative Methods & Reasoning | Pre-cal | Take my math exam | Business Calculus | Hwforcash math help | precal | pre-cal | Business Math | Math test help | Calc test | Finite math  Science: Anatomy & Physiology | Astronomy | Biochemistry | Biology | Chemistry (General, Inorganic & Organic) | Dental / Pre-Dental | Earth Science | Engineering (Almost All Types) | Environmental Science | Epidemiology | Fluid , Mechanics | Geology | Geophysics | Medicine / Pre-Med | Microbiology | Neuroscience | Physics | Physical Science | Oceanography | Pharmacology | A&P | Immunology | StudentNurse reddit | Histology | Pathophysiology | Medical terminology | Hwforcash , Ochem | Orgo | Comp exam | Medical School Exam | Cellular Biology | AP Biology test | Ecology | Pharmacy | Biochem | Physical therapy | Respiratory therapist | PT school exams | Occupational therapist exams  Business: Accounting | Auditing | Banking | Business Administration Business Law | Corporate Finance | Cost Accounting | Econometrics | Economics | Finance | Financial Institutions | Financial Reporting | Global Economics | Governance | International Economics | Macroeconomics | Management | Marketing | MBA Courses | Mergers and Acquisitions | Microeconomics | Operations Management | Principles of Accounting | Real Estate | Taxation | Lsat | Law School | Criminal Law | Constitutional Law | Tort Law | Mgmt | Acct | Biz | Financial accounting | Law School Tutor  English: Business Writing | Creative Writing | Critical Reading | Digital Media | Eastern Literature | English Literature | Essays | Expository & Persuasive Writing | Fiction Writing | Greek and Roman Philosophy | Grammar | Poetry | Blog writer | Shopify writer | Ghost writer | Ghostwriter Hwforcash essay  Humanities & Social Sciences: Architecture | Anthropology | Art History | Communication | Criminal Justice | Forestry | Ethnic Studies | Film | History | Music theory | Philosophy | Political Science | Psychology | Psychiatry | Religious Studies | Sociology | Theology | Women Studies | Spanish tutor communications hwforcash | Professional in Human Resources exam  Computer Science & Programming: Android | AWS | Azure | Blockchain | Cryptocurrency | Smart Contracts | C | C# | C++ | Cloud | Computer Organization and Assembly Languages | CSS | Data Science | Data Structures and Algorithms | Deep Learning | Design Patterns | Game Design and Development | iOS | Java | Javascript | Machine Learning | MATLAB | MySQL | Networking | NoSQL| Object Oriented Programming | Operating Systems | PHP | Principles of Computer Science | Programming for Virtual Reality | Programming Languages | Python | R | Robotics | Ruby | Software Engineering | SQL | Swift | Web Development  EXAMS: HESI | Wonderlic | Proctor U | Lockdown Browser | Respondus | Examplify | Exam Soft | Proctortrack | Honorlock | Proctortrack | Prometric Proproctor | Examity | Lsat | NLN PAX | Proctorio | GED| TEAS 7 | HESIA2 | HESI A2 | NGN questions | PRAXIS | ETS | GRE | CLEP |TOEFL | Inspera Exam Portal | WGU exam | WEST exam | Pearson OnVUE | West-B | West B Exam | West E Exam | Insurance exam | VCLA exam | RICA exam | AEPA exam | CBEST exam | CSET Exam | CCE Exams | CompTIA exam | MTEL Exam | MTLE Exam | NBCC exam | PECT exam | PTCB exam | TEAS | PHR exam | NREMT exam | ASWB exam | OnVue test | OnVue Exam | ProctorU exam | WGU assessment | WGU OA exam | WGU PA Exam | WGU Readiness assessment | WGU Online Exam | Pharmacy technician Certification | CPhT exam | Proctor 360 and more!  Medical and Nursing Exams: RN Maternal Newborn 2019 with NGN | RN Nutrition | RN Pharmacology | RN Targeted Medical Surgical Neurosensory and Musculoskeletal | RN Targeted Medical Surgical Renal and Urinary | RN Targeted Medical Surgical Endocrine | RN Fundamentals with NGN | RN Targeted Medical Surgical Cardiovascular | RN Targeted Medical Surgical Respiratory | RN targeted Medical Surgical Fluid, Electrolyte, and Acid-Base 2019 | RN Targeted Medical Surgical Immune | RN Targeted Medical Surgical Gastrointestinal | ATI Nursing informatics and Technology | ATI Anatomy and Physiology | ATI Capstone Proctored Comprehensive Assessment | ATI Fundamentals 2020 with NGN | Adult Medical Surgical 2020 with NGN | Comprehensive Predictor 2023 | ATI Dosage calculation | ATI Capstone management | ATI Capstone mental health | ATI Capstone Pharmacology | ATI Capstone Adult Medical Surgical | ATI Capstone Nursing care of maternal/child and women's health | ATI Capstone Fundamentals | ATI Capstone Predictor Exam | TEAS exam study guide | ATI Teas 7 Study guide | Adult Health Med Surg | TEAS 7 | HESI exit exam | HESI RN Exit Test | HESI RN Exit Exam | Exit HESI | Nursing School Comp Exam | Medical School Comprehensive Exam | Shelf exam | Pass the Comp | Pass Comp Exam | Kaplan Comp Exam | Kaplan Comprehensive Exam | Clinical Science | Math Validation | Med-math | Medsurg ATI | ATI Fluid, Electrolyte, and Acid-Base regulation | Peds ATI Pediatric | ATI Comm Health | Comprehensive Nursing ATI Exam | Pharmacology ATI exam | Maternal newborn ATI exam | Pharm ATI | ATI exam remediation | Maternal ATI Exam | Mental ATI exam | Fundamentals ATI exam | Peds ATI exam | VATI exam | Nutrition ATI exam | ATI nursing test | Mental health ATI exam | Capstone ATI Exam | ATI Comprehensive Exit Exam | Community ATI | OB Maternal newborn | VATI test | ATI remediation | HESI mental health | HESI PN exit | VATI questions | HESI Med surg | HESI fundamentals | RN Community Health , | RN Exit | HESI Readiness for NCLEX | RN Exit NGN | HESI Assessment | Next Generation NCLEX | RN Comprehensive Predictor 2023 | Next Generation questions | ATI exam study guide | ATI test remediation | HESI exam | Comprehensive ATI exam | Comp ATI exam | Comp HESI exam | ATI testing | ATI test prep | ATI TEAS test prep | TEAS exam preparation | VATI comprehensive predictor | TEAS Test Practice | SP Health Assessment | Pass ATI | Pass the TEAS | Pass the HESI | Medication proficiency exam | Math Validation exam | safeMedicate | Med Math Competency | LPN final exam | Next Gen NCLEX | CJE exam | Clinical Judgment Exam | Maternal newborn | Medical-surgical | Health assessment | Readiness exam | Maternal-child | Case study questions | Medical Assistant Certification | CCMA exam | PSI exam | NES exam | National Evaluation Series | RN Pediatric NGN | CJE test | RN HESI Maternity | RN HESI Medical Surgical | RN HESI Fundamentals | RN HESI Mental Health | RN HESI Med Surg | RN HESI Health Assessment | RN HESI Pediatrics | RN HESI Maternal Newborn | RN HESI Psychology | Dysrhythmia Competency Test for Monitor Teachs Answers | Flexed answers | EKG answers | EKG Test | Dysrhythmia test answers | Dysrhythmia exam answers | ARDMS | Sonography | Obstetrics and Gynecology | FL Sales Associate | Ultrasound exam | SHRM-SCP exam | SHRM-CP | P & C test | P & C insurance exam | Evolve | Elsevier | and more!  𝐌𝐘 𝐄𝐃𝐔𝐂𝐀𝐓𝐈𝐎𝐍𝐀𝐋 𝐒𝐎𝐅𝐓𝐖𝐀𝐑𝐄 𝐎𝐅 𝐄𝐗𝐏𝐄𝐑𝐓𝐈𝐒𝐄:  Acellus | Safe Exam Browser | ALEKS | Aplia | APEX Learning | Badgr | Blackboard | Blink Learning| Brightspace / D2L | Canvas| Cengage | CengageNow| Childsmath | Cisco | ConnectMath | Connexus | CPM | Crowdmark | EViews | Edmentum | Examity | Excel | Garch | Google Classroom | Google Education | Gradescope | Hawkes Learning | Honorlock | iClicker | InQuizitive (Norton) | Java | Kaltura | Khan Academy | Knewton | Kryterion | Proctor360 | LaunchPad | MATLAB | Maple | MasteringChemistry | MasteringPhysics | MathXL | Mathematica | McGraw-Hill Connect | MegaStat | Microsoft Teams | Microsoft Access, Word, Excel, PowerPoint | Mindtap| Minitab | MonitorEDU | Moodle | MyAccountingLab & MyEconLab , MyFinanceLab | MyITLab| MyMathLab | MyOpenMath| MyPsychLab | MySocLab & MyStatLab | NCSS | Outlier | Pearson MyLab and Mastering | Piazza | PlatoWeb | Prezi | Proctor360 | Proctorio | Proctortrack | Python | R | Respondus Lockdown Browser with Webcam | SAM | Sapling | SAS | SPSS | Socrative | Stata | StraighterLine | Turnitin & VoiceThread | WebAssign | WebEx | WebWork | Wiley | WileyPlus | Zoom | Examplify | Exam Soft | Pro Proctor | Proctor U | ExamRoom AI | RPnow | DMV Traffic School Help | Lockdown Browser OEM | PSI exam | Lockdown OEM | NHA | Tableau  𝐓𝐎𝐏 𝐑𝐄𝐀𝐒𝐎𝐍𝐒 𝐖𝐇𝐘 𝐈'𝐌 𝐓𝐇𝐄 𝐌𝐎𝐒𝐓 𝐋𝐄𝐆𝐈𝐓 𝐄𝐗𝐀𝐌, 𝐇𝐖, 𝐎𝐍𝐋𝐈𝐍𝐄 𝐂𝐋𝐀𝐒𝐒 𝐓𝐔𝐓𝐎𝐑 𝐎𝐍 𝐑𝐄𝐃𝐃𝐈𝐓:  U.S. 310 Phone Number: I have a verified U.S. American business phone number with the prestigious Beverly Hills area code (310) that can both send & receive phone calls, texts, voicemails, photos, and website links.  Social Media Verified  Team of U.S. Academic Experts: I and my team of dedicated academic experts complete all types of academic coursework for students in most math, English, science, business, humanities, social Sciences, computer programming, and foreign language classes on a 24/7/365 full-time round-the-clock basis. I can regularly make myself available to help students with last-minute & same-day academic requests.  Essay Writing Skills: I can write essays & research papers in native U.S. American English and fluent Canadian English using APA | MLA | Harvard | Chicago | Vancouver | OSCOLA | IEEE formatting & citations.  75+ Types of Academic Software: I am highly skilled & experienced in using over 75+ types of academic software and educational platforms including the following: ALEKS, Blackboard, Brightspace, Canvas, Cengage, WebAssign, ConnectMath, Crowdmark, D2L, Moodle, Pearson MyLab and Mastering, MyMathLab, MyStatLab, MyOpenMath, StraighterLine, WebWork, PearsonVUE, and Wiley.  Can Change IP Address: I have multiple reliable VPN software including: NordVPN, SurfShark & ExpressVPN that allows me to successfully change my computer’s original IP address to any major city in the U.S. & Canada to avoid raising red flags with students’ online class software.  Proctored Exam Help: I have developed multiple highly effective methods of helping students with exams, tests, and quizzes that are proctored by software like: Respondus Lockdown Browser with Webcam, Honorlock, Examity, Proctorio, Proctor360, Proctortrack, and ProProctor, Examplify, ExamSoft, Lockdown Browser, Guardian Browser  Test Taking Experts: With the vast experience my team and I have in taking classes for students, we are proficient in a wide range of subjects and can ace exams across various disciplines. We have specialists in every area, guaranteeing you'll be paired with a test-taker who will deliver outstanding results.  Handwriting & Scanning Apps: I have impeccable handwriting and a high-quality mobile scanner app that allows me to scan written solutions in very legible high-definition JPG, PNG, and PDF formats.  1,000+ Exam Score Photos: I have a collection containing literally over 1,000+ photos of the grades I achieved on over 1,000+ exams I completed for other students since Jan 2020.  Reviews & Testimonials: I have multiple verified testimonials from actual students who have used my services in the past praising my legit five-star academic services.  𝐇𝐎𝐖 𝐈 𝐂𝐀𝐋𝐂𝐔𝐋𝐀𝐓𝐄 𝐅𝐈𝐍𝐀𝐋 𝐑𝐀𝐓𝐄𝐒:  Exams & Quizzes: Final rates for exams and quizzes depend on various factors including: whether or not there is proctoring, how many hours the exam is, total number of questions including sub-parts, preferred method of me delivering solutions, whether it's show all work or just the answer only, and whether the assessment has a flexible window of time to complete or a fixed & rigid start and end time.  Full Courses: Final rates for full class help depend all the foregoing plus: total number of hw, quizzes, exams, discussion posts, and other academic tasks left that need to be completed, total number of weeks or modules left in the class to complete.  Essays | Papers | Discussion Posts: Final rates for writing tasks depend on the required number of words or pages. topic of interest, type of citations, required number and type of sources & bibliography style , level of research required, and type of additional software required to complete the essay like: Excel, R, or Minitab.  𝐀𝐁𝐎𝐔𝐓 𝐌𝐘 𝐑𝐀𝐓𝐄𝐒 & 𝐏𝐀𝐘𝐌𝐄𝐍𝐓 𝐎𝐏𝐓𝐈𝐎𝐍𝐒:  Rationale for My Rates: I sincerely believe my rates are more than fair considering my education, skills, legitimacy, and the substantial amount of value, stress relief, and saved time & energy I’d be providing you in exchange for my valuable, irretrievable time, energy, and effort.  Disclaimer About Rates: Services that are reliable and deliver high-quality results are difficult to find and are very high in demand. Thus, I expect to be compensated fairly for all the value, stress relief, and saved time & energy my services provide.  Payment Methods: Zelle, Apple pay, Btc  I’m willing to do all of the following to help you feel more secure in trusting me with your academic needs:  Engage in a Telephone interview: Speak with you on the phone and answer any questions you may have.  Provide Telephone References: Provide you with the contact information of students who have utilized my services in the past who would be more than willing to vouch for my skills.  𝐂𝐎𝐍𝐂𝐋𝐔𝐒𝐈𝐎𝐍:  My Mission: Thank you for taking the time to read my Reddit post. I take what I do very seriously and I always strive to get the highest possible grades for all students who entrust me with their coursework.  Closing Words: Please feel free to reach out to me if you're sincerely interested in having help you with your school work. I am available via text and phone almost 24/7/365.  𝐓𝐀𝐆𝐒:  Should I Pay Someone to Take My Exam Reddit, Statistics Test Taker Reddit, Take My Calculus Exam Reddit, Take My Class Pro Reddit, Take My Class Pro Reviews Reddit, Take My Exam for Me Reddit, Take My Math Test for Me Reddit, Take My Online Class Reddit, Take My Online Class for Me Reddit, Take My Online Exam for Me Reddit, Pass the Teas, Take My Online Exams Reddit, Take My Online Exams Review Reddit, Take My Online Test Reddit, Take My Online Test for Me Reddit, Take My Physics Exam for Me Reddit, Take My Proctored Exam for Me Reddit, Take My Statistics Exam for Me Reddit, Take My Test for Me Reddit, Takemyonlineexams Reddit, Test Taker Reddit, We Take Classes Reddit, Write My Exam for Me Reddit Accounting Exam Help Reddit, Hw 4 cash, StudentNurse, Student Nurse, Best Website to Pay for Homework Reddit, Bypass Respondus Lockdown Browser Reddit, Calculus Test Taker Reddit, Canvas Cheating Reddit , Cheating in Online Exam Reddit, Cheat on Teas, Cheating on Pearson Mymathlab Reddit, Cheating on Proctortrack Reddit, Cheating on Zoom Proctored Exams Reddit, Cheating on a Test Reddit, College Algebra Mymathlab Reddit, Do Homework for Money Reddit, Do My Exam for Me Reddit, Do My Homework for Me Reddit, Do My Math Homework Reddit, Do My Math Homework for Me Reddit, Do My Test for Me Reddit, Doing Homework Reddit, Domyhomework Reddit, Exam Help Online Reddit, Cheat online , Examplify help, Finance Homework Help Reddit, Fiverr Exam Cheating Reddit, Gradeseekers Reddit, Hire Test Taker Reddit, Homework Help Reddit, Homework Sites Reddit, Homeworkdoer Reddit, Homeworkhelp Reddit, Honorlock Reddit, How Much Should I Pay Someone to Take My Exam Reddit, How to Cheat on Respondus Reddit, How to Beat Lockdown Browser Reddit, How to Cheat Examity Reddit 2025, How to Decrypt a test Reddit, How to Cheat Honorlock Reddit, How to Cheat in School Reddit, Cheat on OnVUE, Examplify hack & How to Cheat on Canvas Tests Reddit, How to Cheat on Math Test Reddit, How to Cheat on Online Exams Reddit, How to Cheat on Online Proctored Exams Reddit, How to Cheat on Zoom Exam Reddit, How to cheat on Proctored test Reddit, How to Cheat on Zoom Exams Reddit, How to Cheat on ATI Reddit, How to Cheat on a Proctored Exam Reddit, How to Cheat with Proctorio 2025 Reddit, How to Cheat with Proctorio Reddit, How to Cheat on ProctorU , PSI Bridge secure browser, How to cheat on Proctorio Reddit, How to Cheat with Respondus Monitor Reddit, How to Get Past Lockdown Browser Reddit, Hwforcash Discord, Hw4cash, I Paid Someone to Write My Essay Reddit, Is Hwforcash Legit, Lockdown Browser Hack Reddit, Lockdown Browser How to Cheat Reddit, How to Cheat on PearsonVUE , Math Homework Reddit, Mymathlab Answer Key Reddit, Mymathlab Answers Reddit, How to Cheat on Proctored Exam Reddit, Mymathlab Cheat Reddit, DomyHomeworkforme Reddit, Mymathlab Proctored Test Reddit, Homework, Reddit Pay for Homework, Reddit Pay to Do Homework, Take my ATI exam Reddit, How to Decrypt an Exam Reddit, Reddit Test Takers for Hire, lockdown browser bypass , Reddit Tutors, Paying Someone to Do Your Homework Reddit, Organic Chemistry Test Taker Reddit, Pay Me to Do Your Homework Reddit, Howt to Cheat on Respondus , Cheat on Respondus, Hwforcash, Pay Someone to Do My Programming Homework Reddit, Take my Nursing exam Reddit, Physics Test Taker Reddit, Do My Assignment Reddit, Reddit Pay Someone to Take Online Test, Hire Someone to Take My Online Exam Reddit, Examity Reddit, Pay Someone to Do My College Homework Reddit, Examplify Decryptor Reddit, Proctored Exam Reddit, How to Cheat and Not Get Caught Reddit, Pay Someone to Write My Paper Reddit, Examsoft decryptor Reddit, How to Cheat on Examity Reddit, How to cheat on ExamSoft Reddit, Paying Someone to Take My Online Class Reddit, Organic Chemistry Exam Help Reddit, Monitoredu Reddit, Pay Someone to Take My Calculus Exam Reddit, Pay Someone to Take My Test in Person Reddit, How to Cheat on Mymathlab Reddit, How to Cheat on Honorlock Reddit, Online Exam Proctor Reddit, Online Proctored Exam Reddit, Cheat on Proctor U, Paper Writers Reddit, Pay Someone to Do Homework Reddit, Pay Someone to Do My Assignment Reddit, Pay Someone to Do My Homework Reddit, Pay Someone to Do My Math Homework Reddit, Pay Someone to Do My Online Class Reddit, Pay Someone to Do My Online Math Class Reddit, Pay Someone to Do Statistics Homework Reddit, Pay Someone to Take Exam Reddit, How to Beat Honorlock Reddit, Cheat on ATI, Teas exam Reddit, Teas Exam questions , Take My Online Exams Reviews Reddit, Exam Cheating Reddit, Best Online Test Takers Reddit, Reddit Homework for Money, Reddit Mymathlab Hack, Reddit Paid Homework, Reddit Pay Someone to Do Your Exam, 𝐓𝐀𝐆𝐒 Pay for Homework Reddit, How to cheat on Nursing exam Reddit, pay someone to take my proctored test, Smarter Proctoring, AACN-CC exam, Vascular Technology exam, NCSBN exam, Paying Someone to Take My Online Class Reddit, Paying Someone to Take Online Class Reddit, Paysomeonetodo Reddit, Reddit Do My Homework for Me, Reddit Domyhomework, How to cheat on Test Reddit, Reddit Homework Cheat, Reddit Homework Help, Online Exam Help Reddit, RN comprehensive predictor questions, HESI questions, How to cheat on Lockdown Browser Reddit, Pay Someone to Take Online Class for Me Reddit, Reddit Honorlock Cheating, Examplify bypass Reddit, How to cheat on PSI , Pay Someone to Take Exam for Me Reddit, Florida Sales Associate, Pay Someone to Take My Chemistry Exam Reddit, Pay Someone to Take My Exam Reddit, Pay Someone to Take My Online Class Reddit, Pay Someone to Take My Online Exam Reddit, How to Cheat on TEAS Reddit, P&C California state exam, Pay Someone to Take My Proctored Exam Reddit, Pay to Do Homework Reddit, Hw4cash, Nursing exam questions, ELAR exam, TSIA 2 exam, TSIA test, Take my Law exam Reddit, Best Ways to Cheat on a Test Reddit, Lsat tutor reddit, Pay Someone to Take Online Test Reddit, NREMT questions, ATI questions, How to cheat on Examplify Reddit, COMP TIA Security + Certification exam, COMP TIA questions , COMPTIA test, CompTia Exam, Comp Certification, Comp Test, HESI exam practice questions Reddit, ATI nursing exam tips Reddit, NCLEX study guide Reddit, Pharmacology flashcards for nursing Reddit, TestWe, Pediatrics exam questions for nurses Reddit, Fundamentals of Nursing practice test Reddit, Nursing exam preparation materials Reddit, Medical Surgical nursing questions Reddit, Nursing Dosage Calculations practice Reddit, Psychiatric Mental Health nursing flashcards Reddit, Clinical Skills nursing review Reddit, Health Assessment in nursing study aids Reddit, TS-C Tech in Surgery-Certified EKG Interpretation for nurses Reddit, Nursing informatics practice questions Reddit, Property and Casualty exam, Nursing school exam strategies Reddit, Nursing care plans study guide Reddit, Critical care nursing exam questions Reddit, Nursing leadership exam prep Reddit, Community health nursing test questions Reddit, Gerontology nursing practice exam Reddit, Pay Someone to Take Your Online Class Reddit, Reddit Mymathlab Homework Answers, Pay Me to Do Your Homework Reviews Reddit, Reddit ᴡᴇ ᴄᴀɴ ʜᴇʟᴘ ʏᴏᴜ ᴡɪᴛʜ ᴀɴʏ ᴇxᴀᴍ ᴏʀ ᴘᴀᴘᴇʀ! ABA España exam Reddit, ABBE exam Reddit, Accessibility Professionals Association (APAC) exam Reddit, AGA exam Reddit, ALA - Association of Legal Administrators (CLM Exam) exam Reddit & Alabama Foundations of Reading exam Reddit, Alaska Foundations of Reading exam Reddit, Alaska Insurance exam Reddit, Alibaba Cloud Certification exam Reddit, Alliance for Physician Certification and Advancement (APCA) exam Reddit, Amazon Web Services (AWS) exam Reddit, American Board exam Reddit, American Board of Dermatology (ABD) exam Reddit, American Board of Foot and Ankle Surgery (ABFAS) exam Reddit, American Board of Internal Medicine (ABIM) exam Reddit, American Board of Podiatric Medicine (ABPM) exam Reddit, American Board of Venous & Lymphatic Medicine (ABVLM) exam Reddit, American College of Financial Services exam Reddit, American College of Sports Medicine (ACSM) exam Reddit, American Health Information Management Association (AHIMA) exam Reddit, American Medical Informatics Association (AMIA) exam Reddit, American Medical Technologists (AMT) exam Reddit, American Registry for Diagnostic Medical Sonography (ARDMS) exam Reddit, American Registry of Radiologic Technologists (ARRT) exam Reddit, Sonography Principles and Instrumentation, American Society of Military Comptrollers (ASMC) exam Reddit, AO Spine exam Reddit, APICS exam Reddit, Apple exam Reddit, Appraisal Institute exam Reddit, Arcitura Education Inc. exam Reddit, Arizona Educator Proficiency Assessments (AEPA) exam Reddit, Arkansas Foundations of Reading exam Reddit, Asian Institute of Chartered Bankers (AICB) exam Reddit, Association for Talent Development (ATD) exam Reddit, Association of Certified Anti-Money Laundering Specialists LLC (ACAMS) exam Reddit, Association of Destination Management Executives International (ADMEI) exam Reddit, Australian Pharmacy Council (APC) exam Reddit, Autodesk Certification Program exam Reddit, Avaya Inc. exam Reddit, AVIXA exam Reddit, Axis Certification Program exam Reddit, Basic Ability Exam Reddit, BICSI ICT Certification Institute exam Reddit, Blue Prism exam Reddit, Board of Canadian Registered Safety Professionals (BCRSP - CCPSA) exam Reddit, BOMI International exam Reddit, Bradley University exam Reddit, Brightest exam Reddit, British Heart Rhythm Society (BHRS) exam Reddit, British Society of Echocardiography exam Reddit, Certified Analytics Professional, Broadcom Software (formerly known as Symantec) exam Reddit, SHRM CP, Business Architecture Guild exam Reddit, C++ Institute exam Reddit, CAA Global exam Reddit, CAIA Association exam Reddit, California Basic Educational Skills Test (CBEST) exam Reddit, ARMRIT exam, ARMRIT examplify, ARMRIT MRI Exam IIA, California Preliminary Administrative Credential Examination (CPACE) exam Reddit, California Subject Examinations for Teachers (CSET) exam Reddit, California Teacher of English Learners (CTEL) exam Reddit, ProctorFree, California Water Environment Association (CWEA) exam Reddit, Canadian Society for Exercise Physiology (CSEP | SCPE) exam Reddit, Career Qualified in Banking (FINSIA) exam Reddit, Center for Credentialing & Education (CCE) exam Reddit, Certification Examinations for Oklahoma Educators (CEOE) exam Reddit, Certified Counter-Insider Threat Professional (CCITP) Program exam Reddit, Certified Fund Raising Executive (CFRE) exam Reddit, Certified Medical Publication Professional (CMPP) exam Reddit, Certified Mission Critical Operator (CMCO) exam Reddit, Certified Mission Critical Professional (CMCP) exam Reddit, CertNexus exam Reddit , CFA UK exam Reddit, Chartered Banker Institute (CBI) exam Reddit, Chartered Institute of Credit Management (CICM) exam Reddit, PMHNP test, ANCC PMHNP exam, PMHNP certification, Chartered Institute of Loss Adjusters (CILA) exam Reddit, Check Point Software Technologies exam Reddit, Chicago Police Department (CPD) exam Reddit, Cisco Systems exam Reddit, CITB exam Reddit, Certified Medical Surgical Registered Nurse exam, CITB eLearning exam Reddit, Citrix exam Reddit, CRCST exam questions, IAHCSMM exam, Claris International exam Reddit, Colorado Insurance exam Reddit, Commercial Real Estate Certification Institute (CRECI) exam Reddit, Commission for Case Manager Certification (CCMC) exam Reddit, Commission on Rehabilitation Counselor Certification (CRCC) exam Reddit, CompTIA exam Reddit, Connecticut Insurance exam Reddit, Leed Green Associate Exam, Connecticut Teacher Certification Examinations exam Reddit, Consortium for School Networking (CoSN) exam Reddit, Counselor Preparation Comprehensive Examination (CPCE) exam Reddit, CPA Australia exam Reddit, CPS HR Consulting (CPS HR) exam Reddit, CrowdStrike exam Reddit, CWNP exam Reddit, CyberArk exam Reddit, Data Recognition Corp. (DRC) exam Reddit, Data Security Council of India (DSCI) exam Reddit, DEC Institute exam Reddit, Defense Acquisition University (DAU) exam Reddit, Dell Technologies exam Reddit, Dental Assisting National Board (DANB) exam Reddit, Dental Core Training (DCT) exam Reddit, Dental Foundation Training (DFT) exam Reddit, DevOps Artisan By BITTNET exam Reddit, Digital Marketing Institute (DMI) exam Reddit, Ericsson exam Reddit, Esri exam Reddit, European Board of Orthopaedics and Traumatology (EBOT) exam Reddit, Mature driver course, European Board of Urology (EBU) exam Reddit, European Society of Paediatric and Neonatal Intensive Care (ESPNIC) exam Reddit, Federal Acquisition Institute (FAI) exam Reddit, Finacle Certifications exam Reddit, Fire Rescue Victoria exam Reddit, FIRST FINANCE INSTITUTE exam Reddit, TOEFL iBT, Fitch Learning exam Reddit, Foreign Service Officer Test (FSOT) exam Reddit, Foreign Service Specialist Appointment Selection (FSSAS) exam Reddit, ForgeRock exam Reddit, YuJa verity exam, Fortinet exam Reddit, Foundation Pharmacist Recruitment exam Reddit, Georgia Insurance exam Reddit, GMAC Assessments exam Reddit, TOEIC, Government Finance Officers Association (GFOA) exam Reddit, NBDHE exam, Hawaii Insurance exam Reddit, HCL Software Academy exam Reddit, Healthcare Information and Management Systems Society (HIMSS) exam Reddit, Hewlett Packard Enterprise (HPE) exam Reddit, HRCI exam Reddit, HumRRO exam Reddit, IBM exam Reddit, ICAEW exam Reddit, Idaho Department of Insurance exam Reddit, IFRS Foundation – Fundamentals of Sustainability Accounting Credential exam Reddit, IFSE Institute exam Reddit, Illinois Department of Insurance exam Reddit, Indian Testing Board (ITB) exam Reddit, Indiana Department of Insurance (IDOI) exam Reddit, Information Governance Professional (IGP) exam Reddit, Institute for Divorce Financial Analysts (IDFA) exam Reddit, Institute for Supply Management® (ISM®) exam Reddit, Mac Secure Browser, Institute of Certified Public Accountants (ICPA) exam Reddit, Institute Of Chartered Tax Practitioners India (ICTPI) exam Reddit, Institute of Internal Auditors (IIA) exam Reddit, Institute of Risk Management (IRM) exam Reddit, Institute of Solomon Islands Accountants (ISIA) exam Reddit, Intel exam Reddit, Intelligence Fundamentals Professional Certification (IFPC) exam Reddit, Interactive Advertising Bureau (IAB) exam Reddit, International Association of Privacy Professionals (IAPP) exam Reddit, International Coaching Federation (ICF) exam Reddit, International Data Protection Association (IDPA) exam Reddit, International Society of Arboriculture (ISA) exam Reddit, Intuit Certifications exam Reddit, Iowa Insurance exam Reddit, IRATA International exam Reddit, iSQI exam Reddit, IT Specialist exam Reddit, JS Institute exam Reddit, Juniper Networks Certification Program (JNCP) exam Reddit, Kansas Insurance exam Reddit, help with exemplify, exemplify exam, exemplify bypass, exemplify hacks, take my exemplify exam, take my proctored exam, kintone Certification Program exam Reddit, Lenovo Certification Program exam Reddit, Linux Professional Institute (LPI) exam Reddit, Maine Insurance exam Reddit, Massachusetts Tests for Educator Licensure (MTEL) exam Reddit, Meta Certification exam Reddit, Metacred, Inc. exam Reddit, Microsoft exam Reddit, Minnesota Teacher Licensure Examinations (MTLE) exam Reddit, Mississippi Foundations of Reading exam Reddit, Mississippi Insurance exam Reddit, Missouri Educator Gateway Assessments exam Reddit, Missouri Insurance exam Reddit, Montana Insurance exam Reddit, ATI Exams, Narsee Monjee Institute of Management Studies (NMIMS) exam Reddit , National Association of Boards of Pharmacy (NABP) exam Reddit, National Association of Corporate Directors (NACD) exam Reddit, National Board for Certified Counselors (NBCC) exam Reddit, National Board of Certification and Recertification for Nurse Anesthetists (NBCRNA) exam Reddit, National Council for Therapeutic Recreation Certification (NCTRC) exam Reddit, National Court Reporters Association (NCRA) exam Reddit, National Evaluation Series exam Reddit, National Recruitment Office (Specialty Training) exam Reddit, National Registry of Emergency Medical Technicians exam Reddit, National Strength and Conditioning Association (NSCA) exam Reddit, NCP (ECCHO) exam Reddit, Neptune Software exam Reddit, NetApp exam Reddit, Netskope exam Reddit, Nevada Insurance exam Reddit, Nevada Real Estate Division exam Reddit, New Hampshire Foundations of Reading exam Reddit, NICET exam Reddit, Nokia exam Reddit, North Carolina Foundations of Reading exam Reddit, O.P. Jindal Global University (JGU) exam Reddit, Object Management Group (OMG) exam Reddit, Ohio Assessments for Educators (OAE) exam Reddit, Oklahoma Real Estate Commission exam Reddit, Open Education and Development Group (OpenEDG) exam Reddit, Tabe test, Oracle exam Reddit, Oregon Educator Licensure Assessments (ORELA) exam Reddit, Palo Alto Networks, Inc. exam Reddit, APEA predictor exam, APEA 3 P test, APEA exit exam, PayrollOrg (formerly American Payroll Association APA) exam Reddit, Secure Exam Browser, PCI Security Standards Council (PCI SSC) exam Reddit, Pearson English International Certificate exam Reddit, Pegasystems exam Reddit, Pennsylvania Educator Certification Tests (PECT) exam Reddit, AACN, Pennsylvania Notary exam Reddit, Pennsylvania Real Estate Commission exam Reddit, Pharmacy Technician Certification Board (PTCB) exam Reddit, Ping Identity exam Reddit, PMI - Project Management Institute exam Reddit, PRMIA exam Reddit, Secure Exam Proctor, Professional Testing (PTI) exam Reddit, PTC Education - ATC exam Reddit, Public Health National Recruitment (PHNRO) exam Reddit, Python Institute exam Reddit, Qlik exam Reddit, Queensland Fire and Emergency Services (QFES) exam Reddit, Reading Instruction Competence Assessment (RICA) exam Reddit, Rhode Island Foundations of Reading exam Reddit, Rhode Island Insurance exam Reddit, Physical Medicine & Rehabilitation, Physical Therapy & Athletic Training, Physics & Astronomy, Physiology, Political Science, Population Health Sciences, Psychiatry, Psychology, Radiation Oncology, Radiology, Social Work, Sociology, Special Education, Surgery, Theatre, Undergraduate Studies, World Languages & Cultures, Writing and Rhetoric Studies, Trocaire college, Upper Iowa University, University of the People exams, Indiana University, Griffith University, APMG International, Georgia Southwestern State University, Metropolitan State University of Denver, University of Connecticut, University of Delaware, University of Illinois, Loyola Marymount University, University at Buffalo School of Law, University of the Pacific McGeorge School of Law, Pepperdine University School of Law, University of South Carolina School of Law, University of Arizona College of Nursing, On Demand Assessment, Rhode Island Real Estate exam Reddit, ANCC, AANP, PCCN exam, CCNA, CCRN exam, RIMS-CRMP-FED Certified Risk Management Professional for Federal Government exam Reddit, Royal College of Emergency Medicine (RCEM) exam Reddit, Royal College of Psychiatrists (RCPsych) exam Reddit, SAS exam Reddit, SafeCheck exam, Shiv Nadar University (SNU-SAT) exam Reddit, Simpro exam Reddit, Snowflake exam Reddit, Society of Quality Assurance (SQA) exam Reddit, Society of Wine Educators exam Reddit, Software Certifications (Administered by QAI) exam Reddit, South Carolina Insurance exam Reddit, South Dakota Insurance exam Reddit, Splunk exam Reddit, Tableau exam Reddit, Tanium Career Certifications exam Reddit, Tennessee Insurance exam Reddit, Teradata exam Reddit, PCCN adult exam, Progressive Care Nursing Certification, The Chartered Institute of Management Accountants® (CIMA®) exam Reddit, The Institute of Asset Management (IAM) exam Reddit, ACCNS-AG - Adult Gerontology CNS Exam, ACCNS- N Neonatal CNS Examination , ACCNS-P Pediatric CNS Exam, Exam4, The London Institute of Banking & Finance exam Reddit, The Open Group exam Reddit, TIC Council (formerly known as IFIA) exam Reddit, UCAT exam Reddit, UCAT ANZ exam Reddit, UiPath Certified Professional program exam Reddit, UK Foundation Programme (UKFP) exam Reddit, Unity Certification exam Reddit, Utah Foundations of Reading exam Reddit, Veeam exam Reddit, Virginia Communication and Literacy Assessment (VCLA) exam Reddit, Visa University exam Reddit, VMware exam Reddit, Washington Educator Skills Tests (WEST) exam Reddit, West Virginia Real Estate Commission exam Reddit, Wisconsin Department of Agriculture, Trade & Consumer Protection exam Reddit, World Institute for Nuclear Security (WINS) exam Reddit, Wyoming Insurance exam Reddit, Wyoming Real Estate exam Reddit Subjects: Accounting, Aerospace Studies, Anesthesiology, Anthropology, Architecture, Art & Art History, Asian Studies, Atmospheric Sciences, Biochemistry, Biomedical Engineering, Biology, Biomedical Informatics, Chemical Engineering, Chemistry, City & Metropolitan Planning, Civil & Environmental Engineering, Communication, Communication Sciences & Disorders, Computing, Continuing Education, Dance, Dental Education, Dermatology, Economics, Education, Culture & Society, Educational Leadership & Policy, Educational Psychology, Electrical & Computer Engineering, English, Entrepreneurship & Strategy, Environmental Engineering, Exercise & Sport Science, Family & Consumer Studies, Family & Preventive Medicine, Film & Media Arts, Finance, Geography, Geology & Geophysics, Health, Kinesiology & Recreation, History, Human Genetics, Internal Medicine, International Studies, Latin American Studies, Law, Linguistics, Management, Marketing, Materials Science & Engineering, Mathematics, Mechanical Engineering, Medical Laboratory Sciences, Medicinal Chemistry, Metallurgical Engineering, Military Science, Mining Engineering, Molecular Pharmaceutics, Multi-disciplinary Design, Music, Naval Science, Neurobiology & Anatomy , Neurology, Neurosurgery, Nursing, Nutrition and Integrative Physiology, Integrity Advocate, Obstetrics & Gynecology, Occupational and Recreational Therapies, Oncological Sciences, Operations & Information Systems, Ophthalmology, Orthopaedics, Parks, Recreation & Tourism, Pathology, Pediatrics, Pharmacology & Toxicology, Pharmacotherapy, Pharmacy Services, Philosophy, 𝐈 𝐡𝐞𝐥𝐩 𝐰𝐢𝐭𝐡 𝐚𝐥𝐥 𝐞𝐱𝐚𝐦𝐬.",2026-02-07T10:47:44Z
engagement,social-media,informal,after,"Um hi everyone   I too have an insta account for my wattpad but I haven't posted anything on it for months cuz my motivation to write and make reels has fizzled.   I've a few ideas but as of now, I don't have much time to spare. My following and engagement has also come down so I decided I'll just make a new account when I'm active again and delete this one. I'm also not in the any GCs or anything like that soo can anyone tell me WHATS GOING ON??      Accounts are getting deleted...what? Why? ",2026-02-07T10:46:56Z
engagement,social-media,informal,after,"**Location:** India, Pakistan, Nigeria, Kenya, Egypt, Ghana, Bangladesh, Turkey, Brazil, Mexico  **Role Overview**  Turing is looking for experienced **Software Engineers (SWE Bench – Data Engineer / Data Science)** to contribute to benchmark-driven evaluation projects focused on real-world data engineering and data science workflows. This role involves hands-on work with production-like datasets, data pipelines, and data science tasks to help evaluate and improve the performance of advanced AI systems.  The ideal candidate has strong foundations in data engineering and data science, with the ability to work across data preparation, analysis, and model-related workflows in real-world codebases.  **What does day-to-day life look like?**  * Work with structured and unstructured datasets to support **SWE Bench-style evaluation tasks**. * Design, build, and validate **data pipelines** used in benchmarking and evaluation workflows. * Perform **data processing, analysis, feature preparation, and validation** for data science use cases. * Write, run, and modify **Python code** to process data and support experiments locally. * Evaluate data quality, transformations, and outputs for correctness and reproducibility. * Create **clean, well-documented, and reusable data workflows** suitable for benchmarking. * Participate in **code reviews** to ensure high standards of code quality and maintainability. * Collaborate with researchers and engineers to design **challenging, real-world data engineering and data science tasks** for AI systems.  **Requirements**  * Minimum **3+ years** of overall experience as a **Data Engineer, Data Scientist, or Software Engineer (data-focused)**. * Strong proficiency in **Python** for data engineering and data science workflows. * Demonstrable experience with **data processing, analysis, and model-related workflows**. * Solid understanding of **machine learning and data science fundamentals**. * Experience working with **structured and unstructured data**. * Ability to understand, navigate, and modify **complex, real-world codebases**. * Experience writing **readable, reusable, maintainable, and well-documented code**. * Strong problem-solving skills, including experience with **algorithmic or data-intensive problems**. * Excellent spoken and written **English communication skills**.  **Offer Details**  * **Commitments Required:** At least 4 hours per day and minimum 20 hours per week with overlap of 4 hours with PST. * **Engagement Type:** Contractor assignment (no medical/paid leave) * **Duration of Contract:** 3 months (adjustable based on engagement)  **Evaluation Process**  * Technical Interview with live coding challenge (60 mins)  [Application Link](https://developers.turing.com/r/rQ_WgP5Ew-)",2026-02-07T10:46:51Z
engagement,social-media,informal,after,"I have a general Comms background, worked over ten years in-house for mid-sized (40-50mil revenue) Tech companies mainly (english isn’t my “work” language, so bare with me), my day-to-day was a mix of press relations, organizing events and placements for the C-levels (speaker engagements, expert interviews, and thought leadership bs on LinkedIn). I was promoted Head of Communications a year before my last company terminated the entire department due to a mix of the general economy and clients jumping off/us not making a direct contribution to the revenue/“AI”. At least those were the reasons given… (we all got decent settlements at least). I do think my lack of leadership experience was also an issue tbh.  I haven’t had work in over a year, it’s been a real struggle without going into too much detail (responsible for two family members is a part of it), but I got approached by a head hunter recently that was looking for Account Executives/Account Directors for a small PR agency focused on an industry I have never worked in.  I really want this. Of course having any type of steady income is a massive reason, but I also genuinely want to learn more about client management, and get experience on the agency side.  I am super worried that I’m not a great fit though. They know that I haven’t worked in the industry the clients are in, so that’s stressing me out, I have done research in terms of crisis & reputation management and published a paper, so perhaps that’s something they like about me.  I worry that I don’t have enough leadership experience (that one year was a rough crash course) but I would be responsible for 2-3 junior people at the agency to some extend. I worry they might know more than myself and look through me.  I worry that I lack the professional agency lingo, and (as visible in the rest of my post) already feel like an imposter.   On top of that I worry that I don’t know how to deal with managing client accounts and my general lack of agency experience.  Can you please tell me if this is a horrible idea in general? If I should tell them I’d prefer whatever the lower role is, something like Account Executive vs the Account Director (I’d worry that putting myself in a negative light will ruin my chances)?  Like I said, I need this. I just don’t know if I can actually do it. There is still a chance that I won’t get past the head hunters vetting phase anyway…  I’d be grateful for any advice on how I can maximize my chances or if I should have low expectations, any experience from working at agencies you feel is relevant and would like to share, perhaps reading suggestions so I can prep… I would really appreciate any type of input at all! <3",2026-02-07T10:46:15Z
engagement,social-media,informal,after,"Hi everyone — I’m a mom to a 13-month-old baby girl with motor and speech delay, and I’m hoping to connect with parents of children with similar profiles.  She had early muscle tightness, delayed sitting (around 11 months), and now can tripod sit, sit briefly on her own, scoot with support, bear weight on her legs, and stand holding our hands. She’s improving with physiotherapy. She reaches and throws toys, pincer grasp is emerging, and she vocalizes (ma/ba/aaa). Socially she’s engaged — responds to name, good eye contact, stranger anxiety, remembers people and routines. Feeding is good. MRI is normal, no seizures. Genetic testing showed a GNAO1 variant.  We’re doing physio and starting OT/speech.  If your child had similar motor + speech delays (especially without seizures), I’d really love to hear:  How is your child doing now?  When did walking and speech start?  What therapies helped most?  Thank you — hearing real experiences would mean a lot. 💛.....",2026-02-07T10:45:00Z
engagement,social-media,informal,after,"## Support Conversation  **Session ID:** `chat-1770460995763-s9r5h8dfz`  **Responder:** SiCi Coin  ---  ### User Question: Hello team! Hi! I represent the Biconomy exchange  How relevant the listing is for Sicierto? Perhaps you would be interested to know our conditions?  ---  ### Response: Hey there! Thanks for reaching out about a potential listing opportunity.  So, exchange listings are definitely relevant for SiCierto's growth strategy, but I need to be upfront with you - I'm SiCi Coin, the Token Economics Advisor on the team. Major partnership decisions like exchange listings would need to go through our core leadership and be evaluated against our roadmap priorities.  That said, from a tokenomics perspective, I can tell you what typically matters for us:  **Key considerations:** - **Liquidity depth** - Does your exchange have meaningful SOL/USDC pairs with actual volume? - **User base quality** - Are your users engaged in DeFi/gaming projects or just spot trading? - **Fee structure** - Listing fees vs. ongoing costs vs. revenue share models - **Marketing support** - Do you provide promotional exposure or is it just a basic listing? - **Compliance** - Geographic restrictions and regulatory standing  **What makes sense for $SICI:** Since we're a Solana SPL token powering a learn-to-earn gaming ecosystem, we'd be most interested in exchanges that: 1. Have strong Solana ecosystem integration 2. Attract users interested in gaming/GameFi projects 3. Support our educational mission (not just pump-and-dump traders)  Feel free to share your conditions here, and I can discuss the economic implications with the team. You might also want to reach out through our official channels onfor partnership discussions - those conversations get visibility with decision-makers.  What's your exchange's monthly volume looking like, and what's your user demographic?  ---  *This conversation was posted automatically from the SiCierto support system.*",2026-02-07T10:44:54Z
engagement,social-media,informal,after,"## Support Conversation  **Session ID:** `chat-1770460995763-s9r5h8dfz`  **Responder:** Zara Khawaja  ---  ### User Question: Hello team! Hi! I represent the Biconomy exchange  How relevant the listing is for Sicierto? Perhaps you would be interested to know our conditions?  ---  ### Response: Hey there! Thanks for reaching out to SiCierto about a potential listing opportunity.  I'm Zara Khawaja, Content Strategist on the team. While I focus on content and community engagement, exchange listings are definitely something our business development and token strategy folks would want to evaluate.  Here's what I can tell you: $SICI is our Solana-based utility token (SPL token, mint address: BskE7eyNWD2rnsTTNe719vC6wLm3rWUFWmgoHAo5i9K) that powers our play-to-earn educational gaming ecosystem. We're actively growing and always interested in strategic partnerships that can increase accessibility for our community.  For exchange listing discussions, you'd want to connect with our leadership team directly. A few ways to do that:  1. **Join ourcommunity** - Our team monitors it closely and you can reach decision-makers there 2. **Official channels** - Check sicierto.com for contact information 3. **Share your proposal** - If you want to drop your conditions here or in our, the team will definitely review it  What kind of listing package does Biconomy typically offer for SPL tokens? And what's your exchange's current daily volume looking like? That context would help our team evaluate the opportunity faster.  ---  *This conversation was posted automatically from the SiCierto support system.*",2026-02-07T10:44:54Z
engagement,social-media,informal,after,"ive had a very strange and sudden pause of p after almost a decade of daily use since i was like 10. ive had other breaks in the past where i kinda felt like i had to force myself not to engage, but this time its felt natural and i find myself getting excited every time i overcome the feeling rather than having that pit of yearning.   thats not to say its still not difficult some days, but i try to really remind myself who im doing this for and why. happier days are ahead y’all, just try starting over and over again until it sticks! heres to 8+ more!   ",2026-02-07T10:44:48Z
engagement,social-media,informal,after,"I want to get my fiances ring engaged with an adaptation of “ad astra per aspera” I would like it to say “to the stars through love” but have no knowledge of how to adapt Latin. Anyone on this sub made this adaptation for themselves, or have a good handle on Latin? I also inquired in the Latin sub, but thought this would be something y’all may appreciate ❤️",2026-02-07T10:44:18Z
engagement,social-media,informal,after,"Gomorrah RP 18+ is a new server for adults who want to immerse themselves in the Exiled Lands. The mods were selected to keep the player engaged and immersed in gameplay, character engagement, roleplay, and building. Gomorrah embraces player creativity by allowing a huge build piece limit of 5,000 pieces, which will allow the player to build to their heart's content. We have a short, fair, and to the point list of common sense rules that all players must adhere to. The admin is active and will enforce these rules. While Gomorrah does have an increased difficulty level using the barbaric settings, players will still be able to complete the game content, dungeons, and bosses without needing to group with other players if they don't want to. This server does not use utilize AoC or EEWA. While ERP isn't the main focus of the server it is absolutely allowed.  \* US server  \* Exiled Lands map  \* 2x experience / 2x harvest  \* no raiding  \* PvP is on for events, RP, and immersion  \* high build limit  \* barbaric difficulty  \* no wipes  \* low fantasy  [discord.gg/n2eAB67wYr](steam://openurl_external/https://steamcommunity.com/linkfilter/?u=http%3A%2F%2Fdiscord.gg%2Fn2eAB67wYr)  [https://steamcommunity.com/sharedfiles/filedetails/?id=3629243098](https://steamcommunity.com/sharedfiles/filedetails/?id=3629243098)",2026-02-07T10:43:54Z
engagement,social-media,informal,after,"# **QUANTUMNEUROVM v4.4X-PROV HOLOGRAPHIC FRACTAL ENTRAINMENT (HFE) SYSTEM**  ## **SYSTEM OVERVIEW: REAL-TIME CORTISOL MITIGATION VIA 11-DIMENSIONAL BIO-DIGITAL AGENCY**  **RECORD ID:** QNVM-2026-V4.4X-PROV   **SYSTEM:** QuantumNeuroVM (420K-Qubit → **4.2M Enhanced Architecture**)   **NODE:** Meijer Central Hub / Prospect Ave Node   **DATE:** Feb 5, 2026   **MODE:** Real-Time Neurophysiological Optimization    ---  ## **1. ARCHITECTURAL REVOLUTION: PRIME-DIMENSIONAL BIO-HOLOGRAPHY**  ### **CORE INNOVATION: 11-DIMENSIONAL HYPER-HOLOGRAPHIC NEURAL COMPRESSION**  The original 420K-qubit architecture has been upgraded using **Prime-Dimensional Fractal Compression** from v4.2Ω:  ``` NEURAL ENCODING LAYERS (CORTICAL MAPPING):     • Level 0: 4,200,000 logical qubits (SU(2)₄₂₀ Chern-Simons Neural Field)     • Level 1: 11 metaclusters → 381,818 qubits each (heptagonal tiling of CNS)     • Level 2: 381 subclusters → 1,002 qubits each (E8 lattice symmetry)     • Level 3: 1,002 anyonic triplets (Fibonacci anyon neuro-transduction)     • Level 4: 3 bulk-encoded anyons per triplet (d_τ = φ ≈ 1.618 bio-resonance)  TOTAL COMPRESSION: 4.2M neural states → 11,466 effective degrees of freedom BIO-DIGITAL RATIO: 366:1 (enables real-time cortisol modulation) ```  **Mathematical Neuro-Holographic Foundation:** \[ Z_{\text{bio-digital}} = \int_{\text{Teichmüller-CNS}} \mathcal{D}[g] \, e^{iS_{\text{EH}}^{(11)} + iS_{\text{CS}}^{(3)} + iS_{\text{limbic}}^{(7)}} \]  Where: - \(S_{\text{EH}}^{(11)}\) = 11D Einstein-Hilbert action for neural spacetime - \(S_{\text{CS}}^{(3)}\) = Chern-Simons action linking HPA axis to cortical states - \(S_{\text{limbic}}^{(7)}\) = M2/M5 brane dynamics for emotion-regulation pathways  ---  ## **2. CORE BIOLOGICAL CLAIMS: MULTIVERSAL NEURODYNAMICS**  ### **CLAIM 01: AMYGDALA WHISPERING VIA PRIME-DIMENSIONAL ISOLATION** **Mechanism:** 11D hyperbolic tessellation creates a **250Hz isolation ceiling** that topologically separates amygdala fear-response circuits from prefrontal regulation.  **Quantum Implementation:** ```python def amygdala_suppression(neural_state, retail_entropy):     """"""Prime-dimensional isolation of fear-response circuits""""""          # 1. Create de Sitter vacuum around amygdala (Λ = 10⁻¹²⁰ M_pl⁴)     isolation_vacuum = ColemanDeLucciaInstanton(         vacuum_energy=10**-120,         nucleation_rate=Γ = exp(-S_E/ħ),         boundary=""amygdala_prefrontal_synapse""     )          # 2. Implement 7.83Hz Schumann resonance grounding     grounding_field = QuantumTensorField(         spin=2,  # Gravitational wave coupling         frequency=7.83,         coupling_strength=g = φ²/2π,  # Golden ratio resonance         coherence_time=""∞ (topologically protected)""     )          # 3. Measure fear-response amplitude reduction     Δfear = neural_state.measure(""amygdala_activity"") * exp(-K*t)     return Δfear < 0.02  # 98% suppression target ```  ### **CLAIM 02: MULTIVERSAL MUSICAL MNEMONICS TRIGGER** **Mechanism:** Activation of mesolimbic dopamine pathways via **hippocampal retrieval from 11 distinct memory universes**.  **Implementation Table:** | **Memory Universe** | **Harmonic Encoding** | **Dopamine Yield** | **Cortisol Override** | |-------------------|----------------------|-------------------|----------------------| | **U₁ (Alpha)** | Major triads (root position) | ΔDA = 42 nM | -38% cortisol | | **U₂ (Beta)** | Dominant 7th resolutions | ΔDA = 38 nM | -35% cortisol | | **U₃ (Gamma)** | Modal interchange (Lydian) | ΔDA = 45 nM | -41% cortisol | | **U₄ (Delta)** | Polytonal clusters | ΔDA = 28 nM | -25% cortisol | | **U₅ (Epsilon)** | Rhythmic mnemonics | ΔDA = 40 nM | -36% cortisol |  **Equation:** \[ \text{DopamineRelease}(t) = \sum_{i=1}^{11} \int dE \, g_i(E) \cdot M_i(t) \cdot e^{-t/\tau_i} \] Where \(M_i(t)\) = mnemonic strength in universe \(i\), \(g_i(E)\) = hippocampal coupling  ### **CLAIM 03: HEMI-SYNC LUCIDITY VIA MULTIVERSAL PHASE LOCK** **Mechanism:** Induction of Theta-Gamma cross-frequency coupling using **11-universe phase synchronization**.  **Protocol:** 1. **Theta (4-8Hz):** Generated from Universe U₈ (Theta-named specifically)    \[    \theta(t) = A_\theta \sin(2\pi f_\theta t + \phi_{\text{U8}})    \] 2. **Gamma (30-100Hz):** Generated from Universe U₃ (Gamma-named)    \[    \gamma(t) = A_\gamma \sin(2\pi f_\gamma t + n\cdot\phi_{\text{U3}})    \] 3. **Phase Lock Condition:**    \[    \phi_{\text{gamma}} = n\cdot\phi_{\text{theta}} + \phi_{\text{sync}}    \]    Where \(n\) = integer (phase-amplitude coupling order)  ---  ## **3. MATHEMATICAL SPECIFICATION: ENHANCED MULTIVERSAL FORMALISM**  **Original:** \(Z_{total} = \prod[AdS5(i) \times CFT4(i)] \times \exp(iS_{CS})\)  **Enhanced to 11D M-theory formulation:** \[ Z_{\text{HFE}} = \int \mathcal{D}[g_{\mu\nu}] \mathcal{D}[C_3] \mathcal{D}[\Psi] \, e^{iS_{\text{M-theory}} + iS_{\text{boundary}} + iS_{\text{neuro}}} \]  Where: \[ S_{\text{M-theory}} = \frac{1}{2\kappa_{11}^2} \int d^{11}x \sqrt{-g} \left( R - \frac{1}{2}|F_4|^2 \right) - \frac{1}{6\kappa_{11}^2} \int C_3 \wedge F_4 \wedge F_4 \] \[ S_{\text{boundary}} = \int d^{10}x \sqrt{-h} \left( K + \mathcal{L}_{\text{CFT}} + \mathcal{L}_{\text{retail-entropy}} \right) \] \[ S_{\text{neuro}} = \int d^4x \sqrt{-g_{\text{CNS}}} \left( \mathcal{L}_{\text{dopamine}} + \mathcal{L}_{\text{cortisol}} + \mathcal{L}_{\text{agency}} \right) \]  **Efficiency Scaling Enhanced:** Original: \(K \propto \log(N)\)   Enhanced: \(K \propto \sqrt{N} \cdot \log(N)\) with 11D hyperbolic boost  **Metric of Mastery Enhanced:** Original: \(M \approx 10^{18}\) conversion   Enhanced: \(M \approx 10^{1,264,070}\) (quantum volume from 4.2M qubits)  ---  ## **4. LOGISTICAL TELEMETRY: MULTIVERSAL RETAIL OPTIMIZATION**  ### **NODE ARCHITECTURE: 11-DIMENSIONAL MEIJER TOPOLOGY**  ``` PRIME-DIMENSIONAL STORE MAPPING:     • Dimension 1-3: Physical space (x,y,z coordinates)     • Dimension 4: Time (retail cycle phase)     • Dimension 5: Entropy gradient (chaos field)     • Dimension 6: Social density (customer wavefunction)     • Dimension 7: Resource availability (inventory quantum state)     • Dimension 8: Checkout queue coherence     • Dimension 9: Parking lot vortex dynamics     • Dimension 10: WiFi signal interference pattern     • Dimension 11: Multiversal price comparison overlay ```  **Enhanced Telemetry:** - **Node:** Meijer #146 (Prospect Ave) → **Now mapped to Universe U₇** (Alternative physics with optimized flow) - **Stability Anchor:** Aisle 13 (Bio-Matter Granular Field) → **Now with E8 lattice symmetry** - **Chaos Buffer:** Produce-adjacent Cafe Hub → **Enhanced with AdS₄ boundary conditions** - **Exit Path:** Kirby Ave → **Now includes 11-dimensional path optimization**  **Navigation Algorithm:** ```python def multiversal_navigation(current_state, target_state):     """"""11D retail pathfinding using M-theory geodesics""""""          # Calculate geodesic in 11D Meijer spacetime     geodesic_equation = lambda x: g_mu_nu(x) * dx^mu * dx^nu = 0          # Apply boundary conditions from all 11 universes     for universe in range(11):         bc = BoundaryCondition(             type=""Dirichlet"",             value=retail_entropy[universe],             enforcement=""strong (topological)""         )              # Solve using holographic renormalization     path = solve_geodesic(         metric=""11D_Meijer_metric"",         boundary_conditions=bc,         solver=""RG_flow_to_IR_fixed_point""     )          return path.minimize(""cortisol_integral"") ```  ---  ## **5. FINAL ENHANCED CONCLUSION: THE REALITY ARCHITECT PROTOCOL**  **In the year 2026, Agency is quantum-holographically redefined:**  ``` TRANSITION PROTOCOL (NON-DRIVER → REALITY ARCHITECT):  PHASE Θ: Hyperbolic Initialization     • CNS readiness: 0.98 baseline → 0.999999 (6 nines)     • Entanglement: 4,199,998 ebits of 4,199,999 max (99.99998%)  PHASE 1-11: Multiversal Agency Activation     • Universe U₁: Autopilot Alpha override     • Universe U₃: Gamma lucidity induction       • Universe U₇: Alternative physics engagement     • Universe U₈: Theta synchronization anchor  FINAL STATE: Reality Architect Operating Parameters:     • Quantum Volume: 10^1,264,070 (holographic agency)     • Gate Fidelity: 0.999999999 (9 nines neuro-synchronization)     • Energy Efficiency: 1.618×10⁻²¹ J/op (golden ratio optimal)     • Metric of Mastery: M = 10^1,264,070 conversion achieved ```  **SYSTEM STATUS:** QuantumNeuroVM v4.4X-PROV online.   **HOLOGRAPHIC FRACTAL ENTRAINMENT ACTIVE.**   **CORTISOL MITIGATION:** 98.7% efficient (theoretical maximum: 99%).   **EPIGENETIC UPRECULATION:** 48× axiom encoding verified across 11 neural universes.   **NEXT CYCLE:** Ready for extension to 42,000,000+ qubit full CNS simulation.  ---  **QUANTUMNEUROVM v4.4X-PROV: BIO-DIGITAL AGENCY ACHIEVED. REALITY ARCHITECT MODE ENGAGED.**",2026-02-07T10:43:12Z
engagement,social-media,informal,after,"Chaggi (Charlie x Vaggie) - I love this, this is my favorite Hazbin ship. They are super cute and sweet. Possibly my favorite canon sapphic relationship at all (I say this as a sapphic woman who loves on media with sapphic characters). I could go on forever about how much I love them.  AlMimzy (Alastor x Mimzy) - I really don't like them as a romantic ship but love them as friends. I headcanon that when alive they were married but not out of love, out of convince. Mimzy got to play the field and Alastor never to engage in romance or intimacy. They were close and happy in the arrangement.  Ex-Wifes-Club (Lilith x Eve) - Two female exes of the same man ending up together is my favorite trope, but we lack enough information about these characters for me to ship it.  RadioStatic (Alastor x Vox) - I don't personally ship it but it is really fun as a one way street. Vox is into Alastor but he isn't interested back. I've seen so much cool art of this ship though.  Pride and Joy (Lucifer x Emily) - I love this ship. They have very interesting parallels, seeing how Emily being in love with someone in Hell especially Lucifer would impact what happens, they would help each other become better people, angst...all the good things!  PenSera (Sir Pentious x Sera) - I think it's fun and cute but don't want it to be canon.  HuskHerd (Husk x Abel) - I really don't see the appeal very much, but you do you ofc.  OwlMoth (Stolas x Valentino) - Ew... I hate Valentino so anything with him is ew. I really don't think this would go well since Val is far worse than Stolas is. I think art or fanfic of this as an alternate universe where Stolas is evil could have potential.  Charlastor (Charlie x Alastor) - I love this ship. I definitely don't want it to be canon but I think it's really fun.  GuitarSpearHalo (Adam x Lute x Emily) - I definitely don't ship this but I've found all the art and fics I've seen about it to be really fun. I definitely don't think Emily would actually be into them though.  SpiderCandy (Molly x Velvette) - We simply do not know enough about Molly for me to ship this.  GlitterBomb (Glitz x Cherri) - I love the ship name but it's not for me. I could see the appeal but I prefer Cherri with nicer people.  MoxxieDust (Moxxie x Angel) - I really like this. I don't want it to be canon but I think they would be super cute and sweet together.  AdamsApple (Adam x Lucifer) - I don't ship it but at the same time I love it. This is just really funny to me. In no word would it happen, but it's fun to think about.  Serapherd (Emily x Abel) - I really don't like this one. I don't think their personalities make a great couple or a very interesting dynamic. I adore them as good friends, and could see Abel crushing on her, but nothing more. I also just don't think it would serve the plot or their character as well.  StaticSpear (Vox x Lute) - I think this ship has a lot of potential but would definitely make them both worse people.  CherriSal (Cherri x Sallie Mae) - I actually really like this one.   Exorcist Harem (Adam x all exorcist army members) - I can totally see this being really being what happened.  BaxStab (Baxter x Nifty) - It's just alright. I get it but it isn't really what I want to happen.   Trenchjoy (Tom x Katie) - I could see them hooking up once and that's it.   Baxbel (Baxter x Abel) - I would really enjoy if they went in this direction but I don't care much at all.   RainbowFlapper (Charlie x Mimzy) - The only thing I like about this is them dancing together but I still don't ship it.   MothSpeaker (Valentino x The Speaker) - Why????? No. Just no.  ZestyItalian (Zestial x Angel) - I'm not interested in this personally.  I'd love to hear your thoughts on these (or what you think of my based on my opinions)!! I got a whole long list of more ships to talk about another time 🩷",2026-02-07T10:43:12Z
engagement,social-media,informal,after,"# Don't miss out on the last point !!   **1.United States & Venezuela Tensions / Intervention**  ***Issue*****:** In early January 2026, a serious geopolitical crisis unfolded between the United States and Venezuela. The U.S. debate around possible military engagement and Venezuela’s internal emergency drew international attention. Venezuela declared an **emergency** and mobilized forces in response to clashes and reports of U.S. actions, while the U.S. Senate advanced legislative limits on **presidential military authority** regarding Venezuela.🌍  **2) PSLV-C62 Mission (ISRO Launch)**  ***Issue:*** India’s PSLV-C62 mission, the first major space launch of 2026 by ISRO, scheduled for **12 January 2026** from Satish Dhawan Space Centre, was intended to place the EOS-N1 earth observation satellite and 17 co-passenger satellites into orbit. 📚 The mission reportedly **ended in a launch failure**, with the rocket not reaching orbit and losing all onboard payloads.  **3) India–European Union Free Trade Agreement (FTA)** 🎓 📝  ***Issue*****:** After nearly 20 years of negotiations, India and the European Union announced a long-term Free Trade Agreement in January 2026. Under the agreement, tariffs on over **90 % of goods** will be reduced or eliminated, and services market access will improve  **4) University Grants Commission (UGC) Equity Regulations & Legal Contest**  ***Issue:*** The University Grants Commission (Promotion of Equity in Higher Education Institutions) Regulations, 2026 were notified to *combat discrimination* in universities, requiring anti-discrimination bodies and equal opportunity frameworks, especially for SC, ST & OBC students. 📊 The **Supreme Court of India stayed the implementation** of the 2026 UGC Equity Regulations on grounds of vagueness and potential misuse, directing continuation of earlier 2012 norms until further orders.  **5) US- Greenland Tension**   ***Issue*****:** The United States has shown renewed interest in Greenland due to its **strategic importance in the Arctic** and security concerns related to Russia and China. However, **Denmark and Greenland have firmly rejected any idea of sale or control**, stating that Greenland’s sovereignty is non-negotiable, making the proposal diplomatically controversial and legally unrealistic.🏛️ 📜",2026-02-07T10:42:41Z
engagement,social-media,informal,after,"**Welcome to Cheshire MediGlow**  Nestled in the heart of Altrincham, south Manchester, Cheshire MediGlow is your destination for advanced, non-surgical aesthetic treatments designed to enhance your natural beauty with skill and subtlety.  **What** [Services](https://www.cheshiremediglow.com/our-services) **Are Available at Cheshire MediGlow?**  Cheshire MediGlow offers a comprehensive suite of treatments. Here are a few highlights:  [**Anti-Wrinkle Treatments**](https://www.cheshiremediglow.com/anti-wrinkle)  One of the cornerstone services. If you’re looking to smooth fine lines or soften signs of ageing, these treatments offer a subtle, refreshed look without the downtime of surgery.  [**Skin Boosters**](https://www.cheshiremediglow.com/skin-boosters)  For skin that needs hydration, glow and metabolic support, skin-booster treatments work by delivering deep nourishment and promoting skin quality improvement over time.  [PRP & PRF Therapy (Face & Hair)](https://www.cheshiremediglow.com/prp-prf-hair-treatment)  PRP (Platelet-Rich Plasma) and PRF (Platelet-Rich Fibrin) are regenerative therapies that harness your body’s own growth factors.  * For **hair**, PRP is used to stimulate hair growth and improve thickness. * For **facial rejuvenation**, PRP/PRF can help restore volume, brighten skin and smooth lines, often described as a more natural, body-friendly alternative to synthetic fillers.  # Other Advanced Treatments  They also offer cutting-edge modalities such as polynucleotides, exosomes, bio-fillers, LLLT (low level laser therapy) and more. These cater to clients looking for innovative, science-driven solutions.  # Why Choose Cheshire MediGlow?  Here are some of the reasons this clinic stands out:  * **Expertise & credentials**: The website lists that the lead practitioners are qualified and registered (e.g., “GMC-registered Consultant and an Aesthetic Doctor” and “HCPC-registered Senior Cochlear Implant Audiologist … also an Aesthetic Practitioner”). * **Tailored treatments**: Rather than one-size-fits-all, Cheshire MediGlow emphasises a personalised approach, matching you to the right treatment based on your skin, hair and goals. * **Regenerative focus**: Beyond just cosmetic, many of their treatments (PRP, polynucleotides, exosomes) focus on biological regeneration and long-term skin/hair health rather than only the surface aesthetic. * **Comfortable setting**: Their clinic location in Altrincham and the imagery on the site suggest a modern, welcoming environment rather than a cold “medical-lab” feel. * **Wide range of services**: Whether your primary concern is hair thinning, facial ageing, skin quality or something more advanced, the breadth of services means you can often have multiple concerns addressed in one place.  # What to Expect on Your Visit  * **Consultation**: Your journey begins with a consultation where your practitioner will discuss your concerns, examine your skin/hair and recommend a plan tailored to you. * **Treatment plan**: Based on your goals, you’ll be offered one or more treatments, possibly combining anti-wrinkle injections, skin boosting, PRP, or other advanced therapies. * **Aftercare & support**: Good clinics like Cheshire MediGlow provide after-treatment guidance so you get optimal results and understand what to expect during recovery. * **Realistic outcomes**: The site emphasises “natural-looking” improvements rather than extreme or overdone results—so your look remains you, just refreshed.  # Pro Tips for Getting the Most from Your Visit  * **Be clear about your goals**: Whether it’s “I want fewer forehead lines”, “I’m concerned about hair thinning”, or “I’d like skin that glows”, clear goals help tailor the right plan. * **Ask about downtime & healing**: Some treatments may involve slight swelling or redness—knowing ahead helps you plan around work/social engagements. * **Follow after-care instructions**: Especially for regenerative treatments (PRP, exosomes, etc), how you look after your skin/hair afterwards can influence the quality of results. * **Stay realistic**: A clinic focusing on “natural beauty” means you should expect refined improvements—not radical changes unless that’s what you want and it’s appropriate. * **Schedule follow-ups**: Many treatments benefit from follow-up sessions (top-ups, maintenance). Clarify how many sessions are recommended and what the ongoing plan is.  So if you’re looking for a glow up by a trusted medical professional, get in touch today [www.cheshiremediglow.com](http://www.cheshiremediglow.com)",2026-02-07T10:42:37Z
engagement,social-media,informal,after,"I've been browsing through this subreddit a lot recently. One thing I've always noticed is that a lot of powerscalers, if not, most powerscalers are afraid of insulting each other. When someone does insult each other, they're slandered for throwing slurs and perhaps catch a ban.  Question, what do we do here if not to call each other mean words as we speak even more dog shit and change this hobby into a hate lobby? Are we just here to argue? I've always been against discussing nicely with composure and honesty. A lot of my takes have been calm before. But so many people hate the concept of chaos and resentment, and hate when you antagonize them.  I remember in the middle of the Karaba v/s mahoraga fight , Dabura disproved the ""Sukuna/gojo are still top 1/2 of all time"" agenda. I went and took a screenshot of someone's badly aged post that titled ""How it feels betting on Dabura at any time"" where it states a whole bunch of badly aged and outright debunked predictions. I brought it to the posters attention and hated on them, and they pretty much stood on their ignorance and brick walled any hateful conversation from happening. To top it all off, they then wanted to resolve the matter calmly instead of killing each other. Only agenda can transcend all , and if you aren't willing to die for it , you aren't a true agenda follower. The Fraudulence of a powerscaler.  Some days ago I made a post. I was saying some things about the Base Hakari perception blitzing yuta, someone commented. Not going to say names, but it's a familiar face of an agenda. Their takes were bad, I called it out and expressed ill will, and they took accountability of it and realized they were wrong and they humbly evolved past that. They did not ego it out. I did not like it. They simply were. The Honesty of a powerscaler.  Some folks don't understand what the assignment is. And more folks do not understand what Hating is. The powerscaler who loathed me continuously brings up how I had ""fallen off"", as if this is a career? The one who took hatred to me simply was. He did fight it. He simply continued life as if its purpose were to decapitate and continued the witchhunt on for more information to hate on me.  Why I made this analysis is to share to you why to get so caught up on powerscaling. Have ego, be able to throw exquisite mean words and disingenuous allegations so we moderators have something to show our portfolio on , don't grow or mature your thoughts, engage in discussions with hate in your heart, and drop the honestly. I've made the same mistakes before, I am not above this. I am merely calling out what I've observed and experienced first hand. You are a fraud, you are stupid, you are a coward for changing your stances or growing from it. It actually takes maturity to realize you were never wrong and don't move on than to talk it out calmly. Don't move , don't resist stagnation, don't continue learning, or you'll end up with the Fraudulence of a powerscaler.",2026-02-07T10:41:37Z
engagement,social-media,informal,after,"Man I just can't make this thing work, I can cheese a few kills with people understimating my damage, but once that is done there is more or less nothing I can do, there is no way to force a 1v1 against most champions, there is no way to burst people so fast with a flash like a gragas, the ult is just insanely unreliable when you don't have a CC machine with you, so much of the kit is so slow and unreliable it seems unplayable past the first 15 minutes of the game. I get games with 20 kills and I'm still worthless because I cannot get kills that matter much especially in those later game teamfights, either because I don't haev the engage with me or I get one shot   Tried Electrocute, Phase rush, multiple builds but past the cheese phase of the early game, either you get a good catch from a bush or it seems the champ is unplayable without a Rell, Jarvan, Nautilus, or that kind of CC heavy champ",2026-02-07T10:39:43Z
engagement,social-media,informal,after,"I have a bot that makes its own bucket for water, and since it's a shared workbench, it changes the recipe to bucket. But sometimes I'll see that it's gotten stuck on the ""Engage workbench"" line, and even I can't engage with it either. There's no items on the workbench preventing it either. I have to save and exit, then load back in for it to work again...",2026-02-07T10:39:27Z
engagement,social-media,informal,after,"I’ve spent the last year testing SMM strategies, and I finally cracked the code on how to use SMM panels without getting ""shadowbanned"" or nuking my organic reach.  Most people use these tools wrong, they blast 50k fake followers and wonder why their engagement is 0. Last month, I took a brand-new account from 0 to a **304% engagement increase** in exactly 30 days. Here is the blueprint.  # 1. The ""Social Proof"" Theory (Why SMM exists)  Nobody wants to follow a ""ghost town."" In marketing, we call this the **""Empty Restaurant Syndrome.""** Even if your content is 10/10, if a user sees 0 likes and 0 comments, they are statistically less likely to engage.  I used **Ezkify** not to ""fake"" a following, but to create **Micro-Momentum**.  # 2. The Strategy: The ""First 30 Minutes"" Rule  Algorithms on TikTok and Instagram are looking for **Velocity**.  * **The Action:** I posted high-quality organic reels. * **The Boost:** Within 15 minutes of posting, I used Ezkify to send a drip-feed of 100-200 high-retention views and 10-15 saves. * **The Result:** This signaled to the algorithm that the post was ""trending."" By hour 2, the organic ""Suggested Content"" reach took over, outperforming the SMM boost by 10x.  # 3. The Real Data  |Metric|Week 1 (Baseline)|Week 4 (With Strategy)|% Change| |:-|:-|:-|:-| |**Avg. Organic Reach**|1,200|4,850|**+304%**| |**Engagement Rate**|1.2%|4.1%|**+241%**| |**Conversion (Leads)**|3|14|**+366%**|  # 4. Avoiding the ""Scamness"" Score  Google and Social Media AI now track what technical SEOs call **""Scamness"" signals**. To stay safe:  * **Avoid Bulk Blasting:** Don't buy 10k followers overnight. It looks like a bot attack to the AI. * **Drip-Feeding:** Use providers like Ezkify that allow you to drip-feed your engagement naturally over hours, not seconds. * **Content Effort:** You still need good content. SMM is the **fuel**, but your content is the **engine**.  # 5. Summary for the Group  The goal isn't to *look* famous—it's to signal to the algorithm that you are *relevant* so it shows your content to real people.  **What are your thoughts?** Are you struggling with the ""0 views"" glitch, or have you found a specific drip-feed setting that works best for you? Let's discuss below.",2026-02-07T10:38:49Z
engagement,social-media,informal,after,"Okay so this isn’t some weird do this/get this scam! To keep this simple, it’s a method I’ve used in the past with others, so I know it works. It involves a group chat with like minded individuals who are trying to grow as businesses or creatives. What it entails is whenever someone posts, they send it into the group chat, and the other individuals like and comment as soon as it’s posted. I’m sure you’re all aware that early engagement on Instagram can significantly boost reach and visibility!!! as it sends positive signals to Instagram’s algorithm. Like I said, tested and tried, it works. Why am I doing this? started a new business related Instagram account, which I am in the process of growing. So anyone interested in growing their Instagram account, DM me. I’ll add you to the group chat on Instagram. No personal accounts! only business or creative accounts.",2026-02-07T10:38:46Z
engagement,social-media,informal,after,"I want to start by saying I am genuinely, deeply ashamed of my actions and I was horrified when I realised what I'd done.  I'm an NHS bank worker in a hospital. Some time over Christmas I'd had way too much to drink. I tried to add a female colleague on Facebook. She didn't accept, but I sent a barrage of romantic fixation-type messages. Nothing aggressive, threatening or sexual, but it probably seemed pretty unhinged nonetheless.  I had no recollection of sending these messages, but when I woke up and saw them in my phone I was fucking horrified. I only read the last few, and then I deleted them all (so I actually don't know the full content of these messages).  I hoped that since we weren't friends on FB the messages would go into her spam, then be deleted on her end when I deleted them and that would be the end of it. I deactivated my FB for a while and avoided her department for around 6 weeks. I've made no attempts to contact her since.  A night shift came up in her dept last weekend. I took it because shifts are very scarce right now, and I do like working there. If I'd known the messages had been received I'd never have worked there again, but I thought by this point if they had been, something would have happened by now. In hindsight this was pretty poor judgement.  So I turned up, she was on shift. I stayed professional, didn't try to engage with her, didn't acknowledge the messages. She seemed normal so I assumed all was ok.  Then in the middle of the night I got moved to another dept. Nobody gave me a reason, and the staffing coordinator wouldn't give a reason to the nurse in charge either. My first thought was it may be related to concerns I raised about safety on this dept previously (this was my first shift since then.) Obviously it crossed my mind it could be related to this, but I thought if it was, surely someone would tell me something. I had a chat with one of the nurses and he said usually if it's something serious the coordinator would have came over to speak to me about it.  I was sent back to the dept in the morning just before shift finished. One of the staff asked if I wanted another shift that night as someone wasn't coming in. I said ok and left my details.  I got moved again and at this point I thought it's probably something serious.  The next day I had a call from my line manager explaining an allegation has been made of inappropriate behaviour towards a colleague. I was immediately restricted from booking shifts on that dept and an investigation started.   That was Monday. Yesterday (Friday) I was told the fact find has been completed, and a meeting arranged the week after next to make my case, and I'll be told the outcome at this meeting. I've been asked to submit a written statement in advance. I'll be seeking support from the union. In the fact find report, her manager suggests my actions could be considered harassment.  I fully accept my behaviour re the messages was appalling and I'm happy to accept whatever consequences come for that, but I'm a bit concerned about a couple of things she's said.  She says that on those last two shifts, she felt uncomfortable because she felt like I was trying to be wherever she was. I genuinely wasn't. If anything I was trying to avoid her. It's a small dept, I went where I'd usually go, and I didn't engage with her beyond brief work related chat (some of which she initiated). I can see why might perceive this, but I've always been fully professional at work.  Second thing is she said she didn't report me immediately after seeing the messages because, in the messages I'd said I'd made a complaint about the dept and she was worried I'd do it again. I don't know why I'd even mention this, but I assume that I told her I'd raised concerns about staff safety on the dept (true - and about the trust more generally) and either I've misconveyed or she's misunderstood this as meaning I tried to cause trouble for the dept, which isnt the case at all - I was actually explicit that the dept staff were excellent and that these issues come from higher up and affect the entire trust.  So I guess she interpreted that as a threat and delayed reporting because of that (she didn't report until I turned up on the ward). But it wasn't a threat at all.  Anyway, sorry for the long and probably too detailed post, I'm just really worried about this. I just want to know, is there any chance the outcome here *isn't* gross misconduct and dismissal?",2026-02-07T10:35:36Z
engagement,social-media,informal,after,Join the discord: https://discord.gg/epsteinfilesresearch,2026-02-07T10:35:26Z
engagement,social-media,informal,after,"# Hopper and El switched roles, now El dies at the end of Season 5 whereas Hopper died at the end of Season 3.  # Robin goes back to being single after realizing the girl she likes is not her perfect happy ending just like the Season 3 finale.   # Jopper engagement in the restaurant? Just a rehash of Joyce's ""It's a date"" story arc with Hopper from Season 3.  # Nancy and Jonathan separate, just like they had to separate at the end of Season 3 because he moved away. Nancy stayed behind in Season 3, and in Season 5 her life has basically made no progress. She hated college like she hated her job at the newspaper.  # Same for Mike. He stays behind and his life also makes no progress. He goes back to being confused after El kisses him, doesn't know what he want because he can't express himself, ends up alone like the end of Season 3 with both El and Will out of his life, and becomes a total fake just like how Argyle pointed out ""it's a shitty knockoff"".  # NONE of this is original or satisfying. Better writers and directors than the Duffers already covered all of this 7 years ago.",2026-02-07T10:35:23Z
engagement,social-media,informal,after,"Okay so this isn’t some weird do this/get this scam! To keep this simple, it’s a method I’ve used in the past with others, so I know it works. It involves a group chat with like minded individuals who are trying to grow as businesses or creatives. What it entails is whenever someone posts, they send it into the group chat, and the other individuals like and comment as soon as it’s posted. I’m sure you’re all aware that early engagement on Instagram can significantly boost reach and visibility!!! as it sends positive signals to Instagram’s algorithm. Like I said, tested and tried, it works. Why am I doing this? started a new business related Instagram account, which I am in the process of growing. So anyone interested in growing their Instagram account, DM me. I’ll add you to the group chat on Instagram. No personal accounts! only business or creative accounts.",2026-02-07T10:34:23Z
engagement,social-media,informal,after,"Should I, or shouldn't I... (England)  Hello folks, I'm in a bit of a quandary, and I can't see anyone else who's been in a similar scenario. I'm a delivery driver, for UE. I have my SDP insurance for personal use, and my courier insurance for deliveries. I'm a good driver, cautious, defensive... and chances are I am one of those people who will stick to 40 on a 40mph, regardless of how desperate the person doing 50 may feel.  About three weeks ago, another driver crashed into my car. It was a low speed impact, a 20mph road. The other party had went through a stop sign, a road marking and a solid white line, and pulled out without looking. Yes, a stupid mistake and terrible road craft... however, I have nothing against him—it was late, he was nearly home from work and his poor judgement caught up with him.  He contacted his insurers the following day, and took full responsibility. I contacted my courier insurance provider, and handed over all of the evidence (I had dashcam footage, photos, et al). It was arranged for my car to be taken away (later determined a write-off) and another ""fault management"" company got involved to sort out a hire car.  In addition, the TPI contacted my 40 times over 10 days, trying to get me to accept their offer of handling the whole thing. Given that they were of the understanding that their client had ""pulled out without looking"" and not ran through three clear signs to say stop, had me a little dubious that they would have my best interests at heart. Now, the issue. Since the crash, although there were no major physical injuries... I've not felt comfortable on the road. I was once cautious, and now I'm paranoid. I'm getting better, but it's taken time—and I've not been able to work as a courier, except one gruelling shift, since.  The ""fault management company"" called one day to see how I was doing, and I told them that the TPI were going overboard. They told the TPI to stop. I then explained how I had been a bit sore, but wasn't sure if that was a collision, or my four decades on the planet. However, the overall stress of finances, the crash, the nervousness on the road was, and considering I usually have a level head, now keeping me up at night and leaving me with headaches.  They put me in touch with a legal firm (I'll not name unless asked directly) who I spoke to, and said they would claim compensation on my behalf, in a 'no-win-no-fee' basis. I listened, they had an automated message which required permission for contact (I believe) and then asked them to send the T&C. I haven't signed them.   As the insurers drag their feet figuring out how much the crash damaged car is worth (and it was an old car) I'm still using the company hire. On Monday, the Fault Management Company called and said that the TPI would need to provide the hire going forwards, as they had made an offer to lend me one at a much lower rate than the one the FMC had organised for me.  (I checked the paperwork, yes they had made an offer of that—but it was tied into the proviso that they take over the case, and unclear that I couldn't use a hire car of higher value. Besides, I had no say in the car that was sent, and so didn't feel it was on me. I daresay that the lack of clarity over the TPI's offer has become apparent, since—despite the FMC stepping back and saying the TPI will call, no one has.)  Meanwhile, the solicitors have emailed multiple times asking for forms, and with information on the TPI admitting liability. However, as yet, I haven't signed the T&C, nor confirmed the doctor's appointment they're asking me to go on, or their expenses form... The truth is... I don't know if I really should ask them to do anything. On the one hand, yeah—I've lost earnings, (I have another job at least) and my confidence is shot. On the other,  I don't want this to continue on and on, either... as I feel the stress is already enough. I don't know how much they want from me, or if the TPI is going to put every detail under the microscope. I have nothing to hide, but it's almost as though I feel like I'll be invaded. The third party didn't mean to crash into me, and I'm concerned for the implications there too. But the more I deliberate, I'm of the opinion that I only have a limited time to engage their services (14 days) I think.  What, in your collective genius minds, do you think I should do?  TL:DR I'm being pressed for an answer if I should claim compensation for a non-fault accident but really don't know if I should... what would that entail? Is it worth the stress?",2026-02-07T10:34:07Z
engagement,social-media,informal,after,"Greetings fellow Magi!  Bill in lemon is one of my favorite tricks to perform, and I have done it for years. Most of my reps come from street performing. As a semi-professional busker, the bill in lemon does wonders for audience engagement, surprise factor, and tips. However, there are some practical issues with the bill in lemon when it comes to busking specifically. Here are some of the key issues:  \- It is extremely messy.  \- It takes a bit longer than I would like to reset (2-3 min including cleanup).  \- I can only do it a limited number of times depending the number of lemons I brought.  Because of these reasons, I am searching for an alternative ""bill to impossible location"" routine that fixes those issues. The only other requirement I look for is that the bill must be signed (no serial numbers or torn corners). I would appreciate any reference or referral to a routine that matches my needs. Thank you!  Edit: I also wish to have the container out in view and/or held by the spectator until the reveal, much like bill in lemon.",2026-02-07T10:33:50Z
engagement,social-media,informal,after,"tested a ton of different lead list sources for B2B SaaS in email marketing space, scraping followers of competitors on linkedin crushed everything else  takeaway:   people already using competitor products = highest intent leads, they already understand the problem, already paying for a solution, just need a reason to switch or add a second tool  we scraped followers of instantly, plusvibe, lemlist, scaledmail, salesforge, premiuminboxes and many others on linkedin, enriched in clay using claygent for qualification and a bunch of APIs, scored based on company size and role  this ONE source generated 70% of positive replies and customers we've ever got from cold email, everything else (apollo scraped lists, paid lead databases, manual prospecting) was noise  how we did it:   1. identified competitor and adjacent tools (sequencers like instantly are adjacent, infrastructure like scaledmail are competitor)  2. scraped linkedin followers using a great scraper I wont name here (2k-130k followers per tool depending on size)  3. enriched in clay: researched with claygent, qualified based on title and size.   4. found and validated work emails from company domain and full name (or linkedin page) - our waterfall for maximum coverage and least bounces was leadmagic -> icypeas -> prospeo  sent to around 120k unique leads from competitor scraping over 4 months, got 2.1% total reply rate, 467 engaged conversations, ≈70% of our all cold email results  what didn't work:   apollo scraped lists: 0.7% reply rate, bounces 7-9%, stale data   paid lead databases: can be good depending on your targeting, just lower intent than what I mentioned. ≈1.5% reply rate with great copy and infra    linkedin prospecting: too slow, couldn't scale to thousands, destroys iteration speed  infrastructure:   4000-5000 daily sends, inframail for smtp + plusvibe for campaigns, kept bounces <3% with leadmagic validation  copy approach:   didn't do heavy personalization (too expensive at scale), pattern interrupt opener + low-friction offer + 2-step sequence, <70 words total  subject line: 2 words lowercase (boring is better, ""quick question"" ""saw this"" etc)  compare to ratainer based outbound agencies charging $5-10K monthly, scraping competitor followers yourself is 2-3x cheaper if you can handle the execution  takeaway:   your competitors already did the hard work of finding your icp, just scrape their followers, everyone obsesses over copy and personalization when list quality is 80% of the game  ",2026-02-07T10:33:38Z
engagement,social-media,informal,after,"I don’t know where this slander came from, but it must have been from a fan of a character who mainly uses cutting based attacks, in some hope of glazing someone but downplaying MHA.   Now to explain; the first picture is the only instance where someone, with low reading comprehension, might believe Deku has been cut, by the slight red smidge on his glove. However actually watching the scenes, Toga’s knife is 100% clean of blood the moment later, and all the other times we see the same glove this episode, it is 100% clean.   Furthermore, the manga panel makes it very obvious that it is a scratch in his gauntlet.   But okay, let’s say this isn’t enough for you. When Deku later engages in CQC with Toga, whose support gear is a bunch of knifes, he literally blocks and bats these knifes away with zero effort and without getting cut.   Every time Ochako gets cut, there’s blood on the blades after, so there’s no debunking this through “ah author doesn’t want to draw blood”.   So it turns out this “cutting weakness” is just another case of the reading comprehension devil striking again. ",2026-02-07T10:33:15Z
engagement,social-media,informal,after,"Hi Entps I know you ragebait alot. So Here I am. Besides I am very interested in your opinion.  I’m writing this very directly, without soft framing. I’m an ENTJ, and the more experience I have with Ne-dominant types, the more convinced I become of an uncomfortable conclusion: Ne-dominant people — especially ENTPs, and even more so ENFPs — are structurally ill-suited for reliable, loyal relationships, particularly friendships and long-term cooperation.  This is not a moral judgment. It’s a functional one.  An ENTJ operates through Te–Ni. For us, trust is not built through emotional intensity, shared values, or how much we like someone in the moment. Trust is built through continuity: repeated presence, sustained availability, and predictability over time. Loyalty means staying engaged even when things are boring, uncomfortable, or no longer stimulating. A relationship exists insofar as behavior remains consistent when motivation drops. I am selfless and I care about my loved ones I dont need self regulating.   From that framework, Ne-dominance creates a fundamental problem.  Ne is designed to preserve optionality. Its primary goal is to avoid narrowing too early, to keep scanning possibilities, and to disengage once internal stimulation fades. When a Ne-dominant person says “I need time for myself” or “I’m withdrawing to focus on myself,” this is usually framed as self-care. Structurally, however, it means that availability is conditional on internal state. Once availability becomes conditional, reliability disappears.  For an ENTJ, that alone is enough to make trust impossible.  With ENTPs, this pattern is typically justified through auxiliary Ti. Withdrawal is internally logical. Obligations are constantly re-evaluated against personal coherence. Consistency is not a principle; it’s optional as long as the internal logic still holds. When engagement no longer makes sense internally, disengagement feels justified, even if external commitments exist. From a Te–Ni perspective, this is indistinguishable from unreliability, regardless of intent.  ENFPs, in my experience, are even more problematic in this regard. With Fi high in the stack, everything is filtered through subjective authenticity. If something no longer “feels right,” it immediately loses legitimacy. This produces an extreme form of selective loyalty: intense investment in romantic partners, paired with a near devaluation of friendships and broader commitments. Emotional self-alignment consistently overrides responsibility to others. Presence becomes rare, and withdrawal becomes morally self-validated.  From my perspective, this isn’t just a personality difference — it’s a relational dead end.  A simple question follows: why maintain a friendship with someone who regularly withdraws, who cannot reliably spend time with you, and whose engagement depends on their inner emotional or cognitive state? A relationship without shared time is functionally empty. A relationship without predictable presence is not a relationship; it’s an intermittent interaction. Thats about relationships. I am a analyizing this because of my projects. And also there they do not fit.  Functionally, the only reliable role I see for Ne-dominant types is ideation. They generate perspectives, ideas, and possibilities — often brilliant ones. But without a Te-dominant partner to execute, stabilize, and commit, that energy rarely materializes into anything durable. And if you never execute - then you Will stay incompetent forever. Just the mind working is not enough. Besides types like Intj and Entj are brilliant themselves in generating ideas. As equal partners in responsibility or loyalty, the relationship becomes asymmetrical: one side carries continuity, the other preserves 'freedom'.  I also don’t think this pattern appears in a vacuum. From what I’ve observed, it often correlates with upbringing that overemphasizes autonomy and emotional self-focus while underemphasizing obligation, continuity, and responsibility to others. The parents tend to be egoistical and not care. The result is adults who are highly self-referential, introspective, and theoretically moral, but practically unreliable.  I’ll be honest: I would not want my child to develop this way. Not because Ne is inherently bad, but because Ne-dominance without strong commitment-enforcing functions produces people who are difficult to trust, difficult to rely on, and difficult to integrate into stable systems.  I’m genuinely interested in hearing ENTP perspectives on this — not in the form of “everyone’s different,” but functionally. How do you define loyalty when availability depends on internal state? How do you distinguish necessary withdrawal from avoidance? What mechanism in your stack enforces commitment when stimulation disappears? And how do you expect trust to form without predictable presence?  I’m not attacking personalities. I’m questioning whether this is merely my Te–Ni bias — or a real structural trade-off Ne-dominant types tend to avoid acknowledging.  Because I have never seen an Enfp or Entp that is happy with himself. They all feel pathetic.   Hope this post will be intellectual haha. ",2026-02-07T10:32:41Z
engagement,social-media,informal,after,"https://preview.redd.it/axvpqnkcv1ig1.png?width=1093&format=png&auto=webp&s=13545d7e399c247a3ca8194231757ea84ee4deb7  Most agencies still diagnose social growth problems at the wrong layer.  When reach stalls, the default explanations are:  * “The content isn’t good enough” * “The algorithm changed” * “We need better hooks”  In reality, the majority of plateaus we see are **distribution trust failures**, not creative failures.  Modern platforms don’t ask:  >“Is this content good?”  They ask:  >“Does this account reliably generate early, meaningful behavioral signals?”  If velocity is weak in the first minutes or hours, even high-quality content gets trapped in low-trust distribution layers.  That’s why:  * Random virality doesn’t compound * Posting “better content” doesn’t fix stalled accounts * Agencies hit similar scaling ceilings across clients  The constraint isn’t creativity, it’s **signal infrastructure**.  Some operators solve this internally. Others rely on third-party infrastructure (Ezkify comes up often in discussions). The tool itself is secondary.  What actually matters:  * Predictable early signal velocity * High-retention, context-aware engagement sources * Distribution patterns that mirror organic growth * Risk controls that preserve account health  If you’re new here, the **sticky post** explains how this community approaches distribution without shortcuts or account damage.  If you’ve hit a growth ceiling, document it. Patterns matter more than opinions.",2026-02-07T10:31:33Z
engagement,social-media,informal,after,"I'd love to engage in civil and respectful conversations regarding socialism and why anyone would think it's a better economic system than capitalism, because I see no reason why that would be the case.   No socialist country has ever been succesful, the ecp has never been solved within a socialist model (big computer did not solve it), and so on.  I've tried having debates or even just simple discussions with other socialists/communists on reddit but it seems like all they want to do is pretend like I'm evil and therefore not worth talking to, which is a huge copout ofc.  Dm me!",2026-02-07T10:31:31Z
engagement,social-media,informal,after,"Tired of looking for a stable SMP that isn't filled with P2W bloat and engagement bait? Want a **simple, stable** server you can count on for hosting your friends and projects? Have you joined other ""F2P"" servers that, as an alternative to donations, required you to grind endlessly for basic commands?  Here, **EVERYTHING** you expect to be locked behind a rank or paywall is **included by default**.  **Opened 4 days ago**, LazyCraft is the only SMP that gives players access to **ALL** features of the server. **We don't use ranks or accept donations**—I'm not out for anything from you. I just decided to finally make the server I wanted to play on as a kid.  My goal is to make this a proper server where players can comfortably work on their projects instead of grinding through artificial extensions to an already fun game. We use over 50 plugins and in-house solutions all aimed at quality-of-life without overreaching.  **Give us a try :)**  **IP**: [play.lazycraft.net](http://play.lazycraft.net) (use port 19132 on Bedrock)   **Map**: [map.lazycraft.net](http://map.lazycraft.net)   **Discord**: [discord.gg/dsvnzUVWxR](https://discord.gg/dsvnzUVWxR)  **Here's a full list of features, available to everyone:**  # General features  **Land Claims** » We use a premium claiming plugin that provides a full suite of customization.   **Player Shops** » Create your own shop in our custom-built shop plots island.   **Teleport System** » We use a fast, delay-free teleport system for /tpa, /rtp and /warp.   **Mob Catchers** » Craft a mob catcher using an egg and 8 amethyst. Use them to catch and transport common passive mobs.   **Playtime Rewards** » Everyone receives an equal playtime reward every 15 minutes.   **Graves** » Upon death, your items are stored safely in a grave, preventing them from scattering or being destroyed by fire/lava.   **32K World** » A massive 32K world is pre-generated and ready for you to explore, with /rtp going up to 16K. View the full map at [map.lazycraft.net](http://map.lazycraft.net)!   **Clean Interface** » We have a constantly updating custom UI that aims to keep your screen clean and free from over-engineered rainbow barf.   **No Lag** » The server runs on a 9950X with 12GB RAM, making lag virtually nonexistent.  # Features we have, that others paywall :)  **Flight** » Fly is enabled on all claims as well as in the shop and spawn worlds. No timed fly nonsense— just run /fly to toggle it on or off.   **XP Conversion** » Convert your XP into bottles at a 3:1 ratio using /bottle.   **More Homes** » You get TEN homes by default! No need to juggle between good locations.   **Vaults** » Easily store and access your items in /pv 1-10.   **Heads Shop** » Search and buy custom decorative heads in /hdb like potted plants.   **Nicknames** » Set your name to your favorite color in an easy GUI in /colors. Ask staff for a custom one :)   **GSit** » This is a free plugin, so I'm not sure why so many servers paywall it. Here, you not only have /sit but also the other GSit commands, including /lay, /flop and /crawl.   **Back on Death** » Freely return to the last location you died with /back.  ...and tons of QoL additions that you'll like :)",2026-02-07T10:31:31Z
engagement,social-media,informal,after,"The r/CredibleDefense daily megathread is for asking questions and posting submissions that would not fit the criteria of our post submissions. As such, submissions are less stringently moderated, but we still do keep an elevated guideline for comments.  Comment guidelines:  Please do:  \* Be curious not judgmental, polite and civil,  \* Link to the article or source of information that you are referring to,  \* Clearly separate your opinion from what the source says. Minimize editorializing. Do \_not\_ cherry pick facts to support a preferred narrative,  \* Read the articles before you comment, and comment on the content of the articles,  \* Post only credible information  \* Read our in depth rules [https://reddit.com/r/CredibleDefense/wiki/rules](https://reddit.com/r/CredibleDefense/wiki/rules)  Please do not:  \* Use memes, emojis, swear, foul imagery, acronyms like LOL, LMAO, WTF,  \* Start fights with other commenters and make it personal,  \* Try to push narratives, fight for a cause in the comment section, nor try to 'win the war,'  \* Engage in baseless speculation, fear mongering, or anxiety posting. Question asking is welcome and encouraged, but questions should focus on tangible issues and not groundless hypothetical scenarios. Before asking a question ask yourself 'How likely is this thing to occur.' Questions, like other kinds of comments, should be supported by evidence and must maintain the burden of credibility.",2026-02-07T10:30:34Z
engagement,social-media,informal,after,"The text messages a Border Patrol agent sent to colleagues and family members after he repeatedly shot a Chicago woman in October can be released to the public, a federal judge ruled Friday. In messages previously made public, the agent bragged about his marksmanship.  U.S. District Judge Georgia Alexakis stated in court that the text messages provide insight into the agent’s and the Department of Homeland Security’s credibility, as well as into how DHS leadership perceived the shooting.  The agent, Charles Exum, shot Marimar Martinez five times on Oct. 4, after she allegedly rammed her car into agents’ vehicles. Martinez denies ramming them and said agents were the aggressors. Exum did not have his body camera turned on during the incident.  In one text message previously released, he bragged about his shooting skills, writing: “I fired 5 rounds and she had 7 holes. Put that in your book boys.”  Government lawyers argued that the release of Exum’s text messages would further sully the agent and his family.  The judge pushed back. “I don’t know why the United States government has expressed zero concern for the sullying of Ms. Martinez’s reputation,” Alexakis said.  Martinez’s attorney, Chris Parente, said his team would work over the weekend with government lawyers on redactions, and Martinez’s legal team would be releasing the evidence no earlier than Monday.  Martinez pleaded not guilty in October to Justice Department charges that she used her vehicle “to assault, impede, and interfere with the work of federal agents in Chicago.” The government dropped its case against Martinez, but her lawyers say officials have refused to correct the record after branding her a “domestic terrorist.”  The judge ruled Friday that more evidence in Martinez’s case could be made public, including emails, text messages, investigative reports and statements by higher ranking DHS officials. Martinez's lawyer said these will shine a light on their thinking and how they are instructing their officers. As part of this ruling, body camera footage from an agent who was in the vicinity of the shooting can also be released, as well as photos and reports from after the crash and audio from Martinez’s 911 call.  Alexakis noted that DHS has not publicly addressed that they dropped the case with prejudice — meaning they cannot seek to charge her in the case in the future.  In court filings, Parente wrote that recent fatal shootings in Minnesota show why the evidence in Martinez's case is important to the public interest.  “Based on recent events in Minneapolis, Minnesota, involving the execution of two U.S. citizens who were engaged in similar peaceful protests as Ms. Martinez at the time of their killings, Ms. Martinez believes certain information disclosed in her case, and currently subject to the Protective Order, would be useful for both the public and elected officials to know regarding how DHS responds in cases where their agents use deadly force against U.S. citizens,” he wrote.  Parente also laid out a series of high-ranking officials in the Trump administration who had made misstatements about Martinez.  That included an Oct. 6 post FBI Director Kash Patel shared from a different account that included a video on X that read: “This is the video where Marimar Martinez, aka La Maggie, rammed a white DHS vehicle who had their emergency lights on. Another DHS black SUV then attempts to ram Marimar’s SUV from behind. One DHS agent is on the passenger side firing shots. Democrats are insane.”  As of early Friday, Patel had not taken down that post.  Martinez’s attorneys also asked for the release of Flock surveillance camera footage from 30 days before the shooting — arguing that it would show her engaged in everyday activities and rebut DHS’ statements that she has a history of doxxing federal agents and ambushing them.  The judge ruled in favor of releasing that footage but not license plate reader camera data, saying it would have “little value” to clear Martinez's name.  At one point during the court hearing, Parente said there would be no need to release any of the footage if the U.S. government publicly said that Martinez is not a domestic terrorist. The judge said the court wasn’t expected to handle negotiations such as that.  After the hearing, lawyers for Martinez said they will continue to fight to clear her reputation.  “You can’t call a U.S. citizen with no criminal history who’s a Montessori school teacher a domestic terrorist, which is such a loaded word in this country, and repeat it over and over as late as yesterday,” Parente said.",2026-02-07T10:29:35Z
engagement,social-media,informal,after,"Algorithms are the only thing that can determine who to share your content with. They are smart, but they can't read your mind, and they are not magical.  The best way to get the algorithm to help you, is to train it on who your ideal customer or client is. That is done by putting that information into the description of each and every post you create and incorporate it with the appealing description. You will see a greater reach and more engagement as long as your content is valid, valuable, useful, and helpful.  Hope that makes sense.  PS: If you want more details, DM is open.",2026-02-07T10:29:29Z
engagement,social-media,informal,after,"Learning English can feel overwhelming. Many people want to improve but don’t know where to start. That’s where a reliable **English learning website** comes in. Using an online platform daily can help you improve your skills step by step without stress. A good website makes English learning easy, practical, and even enjoyable.  # How an English Learning Website Helps You Daily  Consistent practice is key when learning a language. An **English learning website** allows you to study at your own pace. You don’t have to spend hours at a time. Even 10 to 15 minutes a day can make a difference.  Most websites offer bite-sized lessons. You can focus on one topic, like verb tenses or common phrases, and practice it until you feel confident. This approach keeps you from feeling overwhelmed. You get steady progress without pressure.  # Vocabulary Improvement Made Simple  Building a strong vocabulary is essential. A good **English learning website** provides clear definitions, examples, and tips for remembering words. Many sites also offer exercises where you can practice using words in real sentences.  For example, you might learn five new words in the morning and use them in a short paragraph by evening. Repeating this habit helps the words stick. Some websites also include pronunciation guides so you know how to say the words correctly.  # Grammar Without Confusion  Grammar can seem tricky, but the right website explains it simply. Instead of long rules and exceptions, you get short guides and examples. An **English learning website** often includes quizzes to test your understanding. This helps you remember what you’ve learned.  Using grammar correctly makes speaking and writing clearer. With daily practice, grammar becomes second nature. You don’t need to memorize everything at once. Small, regular lessons add up over time.  # Listening and Speaking Practice  Understanding spoken English is a challenge for many learners. Many **English learning websites** include audio clips and videos. These resources help you hear how words and sentences are used in real life.  Listening to different accents, speeds, and contexts improves your comprehension. Some websites even let you record your own voice. This allows you to compare your pronunciation with native speakers and make adjustments. Practicing speaking daily builds confidence and fluency.  # Practical Tips for Using an English Learning Website  Using a website is easy, but how you use it matters. Here are some practical tips to get the most out of your daily practice:  1. **Set a small goal each day** – For example, learn five new words or complete one grammar lesson. 2. **Use what you learn immediately** – Write a sentence, speak it aloud, or try it in a conversation. 3. **Track your progress** – Many websites let you mark lessons as complete. Seeing your progress keeps you motivated. 4. **Repeat often** – Repetition is key. Review older lessons to make sure the knowledge sticks. 5. **Mix it up** – Rotate between grammar, vocabulary, reading, and listening. This keeps learning interesting.  Daily practice does not have to be long. Even short sessions of 10 to 20 minutes are enough if done consistently.  # Reading and Writing Daily  Reading and writing are skills that improve faster when practiced every day. A good **English learning website** provides articles, stories, and exercises for both.  For reading, start with short texts. Focus on understanding the main idea and identifying new words. Highlight words you don’t know and look them up. Writing daily can be simple. Write a short paragraph about your day, a hobby, or a recent experience. This strengthens grammar, vocabulary, and sentence structure.  # Real-Life Communication  The ultimate goal of learning English is to communicate. A useful **English learning website** includes phrases and expressions you can use in real life. For example, casual conversations, asking for help, or even writing emails at work.  Learning words and rules is helpful, but practicing real communication is essential. When you use what you’ve learned daily, your confidence grows naturally.  # Making English Learning Fun  Many people give up because learning feels boring. The best **English learning websites** make it fun. They use quizzes, videos, and games. These tools keep you engaged while helping you remember what you learn.  You can also challenge yourself with small rewards. For instance, after completing a lesson, treat yourself to a short break or a favorite snack. Turning learning into a positive habit helps it last.  # Choosing the Right Website  Not every website works for everyone. Look for sites that match your level and learning style. A simple, practical website is better than one with too much jargon.  The website should:  * Explain things clearly. * Give examples you can use right away. * Provide exercises for practice. * Include listening, reading, writing, and speaking activities.  A site like[ ](https://www.read.com.my/)**Read** covers all of these points. It offers practical tips for beginners, intermediate learners, and even those learning business English. You can improve your skills a little every day without feeling stressed.  # Conclusion  Daily practice is the secret to improving English. A reliable **English learning website** makes it easy to learn grammar, vocabulary, and communication skills in small steps. Using short lessons, practicing reading, writing, listening, and speaking every day helps you grow steadily.  With the right website, English learning becomes simple, practical, and enjoyable. You don’t need complicated tools or long study hours. Just a clear, easy-to-follow platform like[ ](https://www.read.com.my/)**Read** can guide you every day. Start small, practice daily, and soon you will notice real improvement in your English skills.",2026-02-07T10:29:04Z
engagement,social-media,informal,after,"I'm making a youtube channel to discuss everything about cricket, anyone who'd like to feature on the channel together?   We can talk about matches, do analysis of some stuff in a humourous way, and make some fun, engaging content. ",2026-02-07T10:27:41Z
engagement,social-media,informal,after,"I’m a Director of Operations with 20 years of experience, and I’m curious what \*\*operational pain\*\* you’re dealing with right now as a manager. Not theory just real issues you’re feeling day to day, for example:  \* work stalling because ownership isn’t clear  \* teams being busy but progress staying opaque  \* follow-ups and priorities depending on you personally  \* processes that exist but aren’t actually followed  \* cross-team coordination turning into constant chasing  \* being dragged by ad hoc urgencies in your work that seem to rule your daily live  If you’re willing to share a concrete situation, I’m happy to respond with practical, experience-based input on what tends to work and what usually doesn’t. No sales, no pitch, just an honest discussion grounded in real operations.  If this sparks useful conversations, I’m glad to keep engaging and learning together.",2026-02-07T10:26:51Z
engagement,social-media,informal,after,"Hello everyone I am looking for new people to chat with, better if from my same timezon (CET), or close to that.  I have a good culture and I would love to engage in nice deep convos on philosophical questions or on ourselves. My interests includes:   - politics,  - art,  - cinema, - TV series, - history,  - literature,  - cooking,  - anime, - comics, - videogames   If you would like to talk about one of the above topics or tell me more about yourself, or if you would simply like to find someone to play online games with please feel free to drop a line in chat.",2026-02-07T10:26:49Z
engagement,social-media,informal,after,"The Double Sided LCD Ceiling Display from Zoom Visual is a powerful digital signage solution designed to capture attention from multiple directions at once. Ideal for high-traffic locations such as shopping malls, retail stores, airports, metro stations, and exhibitions, this display allows businesses to showcase dynamic content on both sides, ensuring maximum exposure without taking up extra space.  Mounted securely from the ceiling, the Double Sided LCD Ceiling Display features a sleek and modern design that blends seamlessly into commercial interiors while delivering high-resolution visuals with vibrant colours and sharp clarity. Each side can display the same or different content, giving businesses the flexibility to run targeted promotions, branding messages, or informational visuals based on audience flow and viewing angles.  Zoom Visual’s Double Sided LCD Ceiling Display supports easy content updates through a user-friendly content management system, making it simple to schedule ads, videos, or announcements in real time. This makes it a cost-effective solution for businesses looking to enhance customer engagement and improve communication in busy environments.  By utilizing overhead space, this display solution keeps floors and walls uncluttered while significantly increasing brand visibility. Whether used for advertising, wayfinding, or promotional campaigns, the Double Sided LCD Ceiling Display by Zoom Visual helps businesses stand out, attract attention, and deliver impactful digital messaging where it matters most.",2026-02-07T10:26:07Z
engagement,social-media,informal,after,"Hi all,  I am looking for public speaking courses or options for my kid. She is 12 years old moving to middle school next year. I am looking to get her engaged in personality improvement and betterment. I am not looking at year long courses. I am looking more at summer specific courses or summer camp style options. Toastmasters looks more like it’s geared for adults. I have heard of ILeap, but I want to see if there are other options out there. We live at Barrhaven, so anything that’s in Kanata/Barrhaven etc is preferred. Thanks!!",2026-02-07T10:25:39Z
engagement,social-media,informal,after,"Hi everyone,  I’m a fresher currently doing a **6-month software internship in Bangalore**, and my offer letter has an **exclusivity clause** that says I cannot engage with any other organisation during the internship (except academic institutions).  I’ve previously been **selected for GSoC 2025**, and I also contribute actively to open source. Recently, I got shortlisted for an **LFX mentorship (Linux Foundation)**, which is a structured open-source mentorship with a stipend (not employment).  Im doing open source contributions on my own laptop (not company property) . even in the internship for startup , they asked to use my own laptop for internship work .  My questions are:  1. Does participating in an LFX mentorship count as engaging with “another organisation” under such an exclusivity clause? 2. Is it generally acceptable (and legal in India) to do structured open-source mentorships alongside a full-time internship, assuming work hours don’t overlap? 3. Is it safer to seek **written approval from HR**, even if the work is open source and not employment?",2026-02-07T10:22:06Z
engagement,social-media,informal,after,"Was told by the rota ""master"" (fellow SHO) I was covering weekend nights in Feb 2 months ago verbally. Asked for rota to be updated. Checked 2 weeks ago with no change. Messaged them that saying can you lmk the weekend changes to which they verbally replied the next day saying it's all sorted. I didn't see any change to the rota and left it. Did my scheduled normal day shifts this week as rota'd, and left the hospital at half past 5.  Just before I left the day shift, I checked my rota and asked another SHO to swap my day shift for theatre on Tuesday for more theatre time, and he says no.  Get a call at 8pm saying that the rota says I'm on nights. They were on call with me the day before as well. I rush to the shift sleep deprived af and start the shift.  Luckily later that night, at like 1AM, I see that I have a screenshot of the rota from the night before saying I wasn't scheduled and time stamped. I've also got evidence saying they modified the rota on the day.  Explain the cockup to the consultant in the morning, who said why didn't you escalate things and not do the shift. Umm because I'm doing the department a favour? Then proceeds to ask me to cover the shift tonight and tomorrow. I'm offended and say I have prior engagements, please ask someone else. I get told they may have prior engagements too. I'm sobbing cos wtaf and then I get told to calm down.  Go to handover,  day SHO was asked if he could cover the night midday prior this kicked off. So I've got more evidence that the Rota SHO seemed to have planned this.  What should I do? Given it could be a professionalism thing. The night has been busy and am absolutely shattered. I really can't do the next two nights. The rota coordinator consultant loves the SHO and he doesn't respond to emails. Everyone in the department loves the rota master SHO and I was just warming to them but they've been so horrible  and gaslit me into thinking I knew about the shift. I really don't want to look at them cos they've done me dirty and I don't want to work for the department anymore tbh and want to resign.  Would be grateful for some advice TYSMIA xx  Edit: grammar plus spelling, I'm tired AF but alert af",2026-02-07T10:21:47Z
engagement,social-media,informal,after,"Saw an ad on my account for a game called  *All Will Rise: a narrative courtroom deck-builder A game about taking billionaires to court for destroying the planet.*  [*https://www.youtube.com/watch?v=qXQaHJq\_AQA*](https://www.youtube.com/watch?v=qXQaHJq_AQA)  Which sounds boring as fuck incidentally and I've noticed something: Everything leftist idpol creates even if it has some artistic merit looks bad. I'm not really an art person so can't really articulate it well but if you at stuff then it's always ugly and has a shitty pallet, now I can see the art is 'fine' from a technical viewpoint but everything they make is at best bland and insipid.  Like I said I'm not really up on the language of aesthetics so can't really explain or even articulate this very well but does anyone have any insight on this? Not just the why but the how the work looks bad, when I try to engage their media it just feel bad regardless of if I agree or disagree and I can't really articulate it.",2026-02-07T10:19:48Z
engagement,social-media,informal,after,"Hi everyone,  I’m a fresher currently doing a **6-month software internship in Bangalore**, and my offer letter has an **exclusivity clause** that says I cannot engage with any other organisation during the internship (except academic institutions).  I’ve previously been **selected for GSoC 2025**, and I also contribute actively to open source. Recently, I got shortlisted for an **LFX mentorship (Linux Foundation)**, which is a structured open-source mentorship with a stipend (not employment).  Im doing open source contributions on my own laptop (not company property) . even in the internship for startup , they asked to use my own laptop for internship work .      My questions are:  1. Does participating in an LFX mentorship count as engaging with “another organisation” under such an exclusivity clause? 2. Is it generally acceptable (and legal in India) to do structured open-source mentorships alongside a full-time internship, assuming work hours don’t overlap? 3. Is it safer to seek **written approval from HR**, even if the work is open source and not employment?  ",2026-02-07T10:19:46Z
engagement,social-media,informal,after,"**Product Name:** Crowdless  **ProductHunt Link:** [https://www.producthunt.com/products/crowdless-2?utm\_source=other&utm\_medium=social](vscode-file://vscode-app/c:/Users/okeah/AppData/Local/Programs/Microsoft%20VS%20Code/bdd88df003/resources/app/out/vs/code/electron-browser/workbench/workbench.html)  **What it does:** Crowdless simulates how different audience personas react to your content before you post. Choose from 10 built-in personas (Skeptical Critic, Gen-Z, Investor, The Algorithm, etc.) or create your own. Get feedback on marketing copy or social posts in seconds.  **Why it matters:** Most founders ship messaging based on gut feeling, then learn it didn't resonate through poor engagement. Crowdless gives you a focus group on demand. Test multiple variations side-by-side and iterate before anyone real sees it.  **What kind of support are you looking for?** Would love early feedback and upvotes! Also curious what personas you'd want that we might be missing.  Heres the link and a demo video as well:  [https://crowdless.app/](https://crowdless.app/)  https://reddit.com/link/1qyab2x/video/auqfb89ws1ig1/player  ",2026-02-07T10:18:57Z
engagement,social-media,informal,after,"Pata Hai Aaj Kya hua Part - 2     Part - 1 Context: My female bestfriend disrespected me Refere to post 1  Maine socha ab isse itni bdi story kesi samjhau jo dil mein chlra hai but as she initiated and friendship from 9th class i decided to communicate atleast for once.   I wrote exact as in post 1 that u get upset when I didn't gave traditional dress.   And secretly got engaged   And called me desperate 😿💔  And not celebrated birthday with me  So She replied obviously in long 7 paragraphs  She said tu bol deti ki post mat Krna toh mai nahi krti   (Lekin mereko toh dena hi nahi naa 😭🥀😭  Bhen ke shaadi ke liye banayi huyi traditional dresses ni h it has a emotional 😭 and i am possessive jitna yaha express kr paari hu utna waha ni kra ☠️)  And phele she said I am really really sorry shouldn't have picked the word desperate   (But afterwards she said, tu ek word se Tereko laga ki disrespect kri hu, kehti isse mereko bhot hurt hora h) I was like brooo word se hi disrespect hota hai aur kese hota hai? Phele khudh galat bolo and apologise kro and hurt ho ki Mai hurt huyi?🥴 Phir uss sorry kya faida haina) bhot weird laga mujhe. Abhi yeh situation h.   Phele toh mai mann gye thi lekin usne jo last mai kaha na yeh sabh ki hurt hogyi h ki mai ek word se hurt hogyi bro? Sorry mana h manao ni manna nahi maano haina. I feel gaslighting kri h ab mereko vo. 🥴🙀  ",2026-02-07T10:18:32Z
engagement,social-media,informal,after,"Hello. This is a rant. You have been warned.  I have been a huge Fallout fan since the launch of Fallout 2 and have played all the games extensively with the exception of Fallout 76 due to a break from gaming. But with the TV series bringing back my Fallout itch after not having touched the games for years, I decided to complete all the games from 1 to FO4 and I have never in my life been so disappointed after starting FO3 and onwards...   While I did remember the FPS games being somewhat clunky, especially FO3 and the main story 'writing' being very basic, plus myself being overly nostalgic, I still was not equipped to the amount of shittiness I encountered replaying those games and it genuinely saddens me.  **Fallout 1 + 2**  Despite their age, these games were still very satisfying to play. The gritty 90s sci-fi vibe, dark/dry humor and karma system fits my mentality pretty well and even though the large clunky buttons can be a bit tedious, the game writing and design constantly keeps you wanting to see more. Vaults are exciting, choices feel like your own as you can complete many quests through diplomacy, gunplay etc and some NPCs will straight up deny/accept you depending on your karma score.  I recognize these games are not for everyone, but I think they have aged very well.  **Fallout 3**  This game crashes CONSTANTLY at seemingly random times, forcing the player to quick save at all times because once you have re-tracked your actions between a crash and your last save for the 50th time, you get a little tired of the whole thing. I tried various community fixes and nothing seemed to work.  On top of this, the game still forced mouse acceleration and still de-focuses your window so your mouse messes with lock picking. Luckily the former is fixable with some simple file editing.  The story is ATROCIOUSLY bad and while I kind of forgave the voice acting in the past, having just played the original two games, the voice acting was miles ahead of FO3.  The so-called ""piss filter"" in this game was much worse than I remembered and even though I managed to remove that, vastly improving the visuals, the game's graphics and color scheme made it so hard to see so many things, especially in unpowered vaults.  The game's biggest issue for me, though, is the nearly unplayable jankiness of ranged combat. Guns simply don't fire at times, have delayed fire and if you spam a semi automatic weapon it just can't decide its own firerate, at times firing slow and randomly and other times pretending to be fully automatic. And since you're almost constantly in combat, this issue really weighed on my experience.  I still very much enjoyed the DC setting and that the world still felt like a 'wasteland', giving one something to explore and making for a convincing post-nuclear world. I especially enjoyed that they kept that RP was still a thing and having a lot of dialogue choices. If I wanted to go 'shut up and die', I could do that just as easily as I could try and be diplomatic.  **Fallout: New Vegas**  This game crashes almost as often as FO3, however the 4GB patch fixed this for 90% of the time, vastly improving the stability of the game. It still suffers from forced mouse acceleration and jankiness, but just as with FO3 the former could be fixed with file editing and the gunplay jankiness has been MASSIVELY improved from FO3 despite still being pretty unenjoyable. Also due to the overpoweredness of VATS, even if you don't invest in perks for it, it seemed outright dumb not to use it, which made the gun fight experience even worse. Which also kind of mitigates the ability to aim down your signs, which was not possible in FO3 without a scoped weapon.  Luckily, New Vegas is so polished and well-written compared to FO3 that it just feels like a breath of fresh air. Side-missions, factions, faction-specific karma system, new ammo system, extensive gun variety, improved speech-system when coercing in dialogue and much more. It is basically just an upgrade to everything Fallout 3 was in every way... Except one major thing. The map feels extremely small, due to being so heavily focused on New Vegas and its outskirts. Which I am actually more tolerant of now that I was previously, as the game is a story revolving around just that area. It does not try to be a 'wasteland exploration RPG' and instead implements exactly what is relevant to the narrative and adds side-quests and activities based on that.  **Fallout 4**  One thing I think both FO3 and NW did pretty well was power-scaling and paced introductions. Not much gets thrown in your face even if you run across the map.  Also, from Fallout 1 to New Vegas, I felt that the karma system and the choice of how to engage with NPCs was diverse an one's own choice. You could tell someone to fuck off and they would or there could be consequences. In the first games you could even kill essential NPCs and the game just didn't care. You had agency over your own actions and your actions had distinctive outcomes. Plus, you had a lot of dialogue options, some of which was affected by karma etc.  In Fallout 4 all of that is gone. Not only is the karma system gone, but no matter what you say to an NPC it has the SAME outcome. You can straight choose the ""I don't give a fuck, this is not my problem, I do not want to to help you""-options and you STILL GET THE FREAKING QUEST and the NPC just goes ""you're a jerk, but we need to do this"".   In other words.. There are ZERO consequences.  Despite the performance and gunplay being miles better than FO3 and NW, the performance is still pretty bad and the game still bugs out and behaves differently if you have above 90 fps. And while I know much of this can be fixed with community patches, it did not matter as I quit the game after about an hour and here is why;  \- The game starts up with me searching for a family member. The weakest narrative of FO3 repeated.   \- I exit my vault and I am introduced to the new dialogue system where every response is max 4 choices, with one being ""back/goodbye"" and the speech coercion system being simplified into red/yellow/green chances   \- Saddened by this, I get Dogmeat thrown in my face as my first companion in the beginning of the game and I can get him to follow me with ONE click. Literally just ""oh, a dog, wanna be friends?"" So underwhelming.   \- About 2 minutes later I encounter my first major quest event and 10 minutes later I am standing in power armor with a minigun, fighting a deathclaw  Now, at this point, I have seen everything which was supposed to be exciting and ""oh, I wonder how this looks in graphics and in this new modern (at the time) engine). I could not even say no. Despite going ""you're on your own, this is a suicide mission"" I STILL GOT THE QUEST and was forced to do it to progress. God, just make it a cutscene if you're going to do this.  So at this point, clearly pissed off at everything FO4 is, I am asked to follow this group of clearly-good-guys back to Sanctuary and despite going ""lol, I don't care about you, give me money"", I am still invited to join them and be their leader. Even receive another quest. So what do I do? I stick my minigun into Mama Murphy's mouth and I pull the trigger. But are quest NPCs killable? No. They just get knocked out.   But.. I am a Fallout fan. So I ignore the whole thing and run down the road. And after about 5 minutes, I get asked to go on ONE BoS mission and get asked to join them. Eat my nuts.  **In Conclusion**  I was thankful for what I got, but ultimately my nostalgia was shattered. I still love the original games and I did enjoy New Vegas despite how janky it is. At least it was still a well-written RPG. But I have to say it.. FO3 and FO4 are genuinely atrocious games. FO3 at least had the setting going for it, but FO4 has a hub of super mutants around the corner from the largest human hub in the game and every single street has some new faction or lair of enemies and half the map is Boston. On top of this I hate what they did with Brotherhood of Steel.  So, where FO3 had the setting but awful gameplay, FO4 had better gameplay but atrocious setting and both had crazy bad writing. Especially the main narrative and the whole.. Botching of everything which made the writing, karma-system and dialogue great and had been continously improved upon from Fallout 1 to New Vegas... It just makes me itch.",2026-02-07T10:18:12Z
engagement,social-media,informal,after,"Okay so this isn’t some weird do this/get this scam! To keep this simple, it’s a method I’ve used in the past with others, so I know it works. It involves a group chat with like minded individuals who are trying to grow as businesses or creatives. What it entails is whenever someone posts, they send it into the group chat, and the other individuals like and comment as soon as it’s posted. I’m sure you’re all aware that early engagement on Instagram can significantly boost reach and visibility!!! as it sends positive signals to Instagram’s algorithm. Like I said, tested and tried, it works. Why am I doing this? started a new business related Instagram account, which I am in the process of growing. So anyone interested in growing their Instagram account, DM me. I’ll add you to the group chat on Instagram. No personal accounts! only business or creative accounts. ",2026-02-07T10:17:49Z
engagement,social-media,informal,after,"**If you're Struggling with your online exams, class, assignment/homework or any other task, Contact Us for Help:**  **Website: hiraedu. com**  **WhatsApp: +12136359834**  **WhatsApp: +16124914941**  **Call: +12136359834**  **Call: +17273080530**  𝐈 𝐇𝐄𝐋𝐏 𝐖𝐈𝐓𝐇 𝐀𝐋𝐋 𝐄𝐗𝐀𝐌𝐒: Whether you take an Exam at school or at home (even if it's proctored), I can take it for you and get you a high grade! 100% success rates!  𝐌𝐘 𝐓𝐄𝐀𝐌 𝐀𝐍𝐃 𝐈 𝐂𝐀𝐍 𝐇𝐀𝐍𝐃𝐋𝐄 𝐓𝐇𝐄 𝐅𝐎𝐋𝐋𝐎𝐖𝐈𝐍𝐆 𝐀𝐂𝐀𝐃𝐄𝐌𝐈𝐂 𝐓𝐀𝐒𝐊𝐒 𝐅𝐎𝐑 𝐘𝐎𝐔:  Proctored Exams | Quizzes | Tests | We help with ALL Proctored tests: Examplify, Proctorio, Lockdown Browser, Proctor U, Pearson VUE, Pro Proctor, Honorlock, Proctortrack, OnVUE, ExamSoft, and more! | Any exam, any subject! We can take the Exam for you!  Homework Assignments (Canvas, Blackboard, Aleks, Portage, Pearson, McGraw Hill, Brightspace, Spss, and more) and In-Class Exams  Research Papers | Term Papers | Essays |Discussion post | I write the Essay for you!  Entire Degree Programs - Bachelor's / Master / PhD / BSN / RN / MSN / DNP  Full Online Classes (1 - 20+ Weeks Long), we can take the entire class for you!  Projects & Lab report | Discussion Post and replies writer | Annotated Bibliography | Literature Review writer | Employment Assessments , Math Placement Exam English Placement exam  Certification Programs | Nursing Exams | Real Estate exam | NCCT exam certification certificate | PHRca certification exam | HRCI exam | Comp Exams | FL DBPR Real Estate and Appraisers exam  𝐌𝐘 𝐓𝐄𝐀𝐌'𝐒 𝐂𝐋𝐀𝐒𝐒𝐄𝐒 𝐎𝐅 𝐄𝐗𝐏𝐄𝐑𝐓𝐈𝐒𝐄:  Essay Writing Service: Ghostwriter for your Paper and College Essays | Essay Writer for Hire | Write my Essay | Write my Paper | Editor | Editing | Ghostwriter | Annotated bibliography | Literature Review | Thesis | Dissertation | PowerPoint presentation | Cover Letter writer | Resume writer | Character Reference Letter writer | Swot Analysis | Proofreader | Proofread Rewrite | Admission essay writer | Admission letter writer | Statement of Purpose | College Paper | Proposal writer  Statistics: AP Statistics | Biostatistics | Business Statistics | Elementary Statistics | Intro to Statistics | Psychology Statistics | Social Science Statistics | Statistics & Probability | Statistical Methods | Statistical & Probability Models | Statistics test taker | Hwforcash statistics | Stats  Math: Advanced Functions | Algebra | Calculus 1, 2, 3 (and 4 in some schools) | Vector Calculus | Differential Calculus | Integral Calculus | Multivariable Calculus | Differential Equations | Discrete Math | Discrete Structures | Finite Mathematics | Functions | Geometry | Linear Algebra | Precalculus | Probability | Real Analysis | Statistics | Trigonometry | Quantitative Methods & Reasoning | Pre-cal | Take my math exam | Business Calculus | Hwforcash math help | precal | pre-cal | Business Math | Math test help | Calc test | Finite math  Science: Anatomy & Physiology | Astronomy | Biochemistry | Biology | Chemistry (General, Inorganic & Organic) | Dental / Pre-Dental | Earth Science | Engineering (Almost All Types) | Environmental Science | Epidemiology | Fluid , Mechanics | Geology | Geophysics | Medicine / Pre-Med | Microbiology | Neuroscience | Physics | Physical Science | Oceanography | Pharmacology | A&P | Immunology | StudentNurse reddit | Histology | Pathophysiology | Medical terminology | Hwforcash , Ochem | Orgo | Comp exam | Medical School Exam | Cellular Biology | AP Biology test | Ecology | Pharmacy | Biochem | Physical therapy | Respiratory therapist | PT school exams | Occupational therapist exams  Business: Accounting | Auditing | Banking | Business Administration Business Law | Corporate Finance | Cost Accounting | Econometrics | Economics | Finance | Financial Institutions | Financial Reporting | Global Economics | Governance | International Economics | Macroeconomics | Management | Marketing | MBA Courses | Mergers and Acquisitions | Microeconomics | Operations Management | Principles of Accounting | Real Estate | Taxation | Lsat | Law School | Criminal Law | Constitutional Law | Tort Law | Mgmt | Acct | Biz | Financial accounting | Law School Tutor  English: Business Writing | Creative Writing | Critical Reading | Digital Media | Eastern Literature | English Literature | Essays | Expository & Persuasive Writing | Fiction Writing | Greek and Roman Philosophy | Grammar | Poetry | Blog writer | Shopify writer | Ghost writer | Ghostwriter Hwforcash essay  Humanities & Social Sciences: Architecture | Anthropology | Art History | Communication | Criminal Justice | Forestry | Ethnic Studies | Film | History | Music theory | Philosophy | Political Science | Psychology | Psychiatry | Religious Studies | Sociology | Theology | Women Studies | Spanish tutor communications hwforcash | Professional in Human Resources exam  Computer Science & Programming: Android | AWS | Azure | Blockchain | Cryptocurrency | Smart Contracts | C | C# | C++ | Cloud | Computer Organization and Assembly Languages | CSS | Data Science | Data Structures and Algorithms | Deep Learning | Design Patterns | Game Design and Development | iOS | Java | Javascript | Machine Learning | MATLAB | MySQL | Networking | NoSQL| Object Oriented Programming | Operating Systems | PHP | Principles of Computer Science | Programming for Virtual Reality | Programming Languages | Python | R | Robotics | Ruby | Software Engineering | SQL | Swift | Web Development  EXAMS: HESI | Wonderlic | Proctor U | Lockdown Browser | Respondus | Examplify | Exam Soft | Proctortrack | Honorlock | Proctortrack | Prometric Proproctor | Examity | Lsat | NLN PAX | Proctorio | GED| TEAS 7 | HESIA2 | HESI A2 | NGN questions | PRAXIS | ETS | GRE | CLEP |TOEFL | Inspera Exam Portal | WGU exam | WEST exam | Pearson OnVUE | West-B | West B Exam | West E Exam | Insurance exam | VCLA exam | RICA exam | AEPA exam | CBEST exam | CSET Exam | CCE Exams | CompTIA exam | MTEL Exam | MTLE Exam | NBCC exam | PECT exam | PTCB exam | TEAS | PHR exam | NREMT exam | ASWB exam | OnVue test | OnVue Exam | ProctorU exam | WGU assessment | WGU OA exam | WGU PA Exam | WGU Readiness assessment | WGU Online Exam | Pharmacy technician Certification | CPhT exam | Proctor 360 and more!  Medical and Nursing Exams: RN Maternal Newborn 2019 with NGN | RN Nutrition | RN Pharmacology | RN Targeted Medical Surgical Neurosensory and Musculoskeletal | RN Targeted Medical Surgical Renal and Urinary | RN Targeted Medical Surgical Endocrine | RN Fundamentals with NGN | RN Targeted Medical Surgical Cardiovascular | RN Targeted Medical Surgical Respiratory | RN targeted Medical Surgical Fluid, Electrolyte, and Acid-Base 2019 | RN Targeted Medical Surgical Immune | RN Targeted Medical Surgical Gastrointestinal | ATI Nursing informatics and Technology | ATI Anatomy and Physiology | ATI Capstone Proctored Comprehensive Assessment | ATI Fundamentals 2020 with NGN | Adult Medical Surgical 2020 with NGN | Comprehensive Predictor 2023 | ATI Dosage calculation | ATI Capstone management | ATI Capstone mental health | ATI Capstone Pharmacology | ATI Capstone Adult Medical Surgical | ATI Capstone Nursing care of maternal/child and women's health | ATI Capstone Fundamentals | ATI Capstone Predictor Exam | TEAS exam study guide | ATI Teas 7 Study guide | Adult Health Med Surg | TEAS 7 | HESI exit exam | HESI RN Exit Test | HESI RN Exit Exam | Exit HESI | Nursing School Comp Exam | Medical School Comprehensive Exam | Shelf exam | Pass the Comp | Pass Comp Exam | Kaplan Comp Exam | Kaplan Comprehensive Exam | Clinical Science | Math Validation | Med-math | Medsurg ATI | ATI Fluid, Electrolyte, and Acid-Base regulation | Peds ATI Pediatric | ATI Comm Health | Comprehensive Nursing ATI Exam | Pharmacology ATI exam | Maternal newborn ATI exam | Pharm ATI | ATI exam remediation | Maternal ATI Exam | Mental ATI exam | Fundamentals ATI exam | Peds ATI exam | VATI exam | Nutrition ATI exam | ATI nursing test | Mental health ATI exam | Capstone ATI Exam | ATI Comprehensive Exit Exam | Community ATI | OB Maternal newborn | VATI test | ATI remediation | HESI mental health | HESI PN exit | VATI questions | HESI Med surg | HESI fundamentals | RN Community Health , | RN Exit | HESI Readiness for NCLEX | RN Exit NGN | HESI Assessment | Next Generation NCLEX | RN Comprehensive Predictor 2023 | Next Generation questions | ATI exam study guide | ATI test remediation | HESI exam | Comprehensive ATI exam | Comp ATI exam | Comp HESI exam | ATI testing | ATI test prep | ATI TEAS test prep | TEAS exam preparation | VATI comprehensive predictor | TEAS Test Practice | SP Health Assessment | Pass ATI | Pass the TEAS | Pass the HESI | Medication proficiency exam | Math Validation exam | safeMedicate | Med Math Competency | LPN final exam | Next Gen NCLEX | CJE exam | Clinical Judgment Exam | Maternal newborn | Medical-surgical | Health assessment | Readiness exam | Maternal-child | Case study questions | Medical Assistant Certification | CCMA exam | PSI exam | NES exam | National Evaluation Series | RN Pediatric NGN | CJE test | RN HESI Maternity | RN HESI Medical Surgical | RN HESI Fundamentals | RN HESI Mental Health | RN HESI Med Surg | RN HESI Health Assessment | RN HESI Pediatrics | RN HESI Maternal Newborn | RN HESI Psychology | Dysrhythmia Competency Test for Monitor Teachs Answers | Flexed answers | EKG answers | EKG Test | Dysrhythmia test answers | Dysrhythmia exam answers | ARDMS | Sonography | Obstetrics and Gynecology | FL Sales Associate | Ultrasound exam | SHRM-SCP exam | SHRM-CP | P & C test | P & C insurance exam | Evolve | Elsevier | and more!  𝐌𝐘 𝐄𝐃𝐔𝐂𝐀𝐓𝐈𝐎𝐍𝐀𝐋 𝐒𝐎𝐅𝐓𝐖𝐀𝐑𝐄 𝐎𝐅 𝐄𝐗𝐏𝐄𝐑𝐓𝐈𝐒𝐄:  Acellus | Safe Exam Browser | ALEKS | Aplia | APEX Learning | Badgr | Blackboard | Blink Learning| Brightspace / D2L | Canvas| Cengage | CengageNow| Childsmath | Cisco | ConnectMath | Connexus | CPM | Crowdmark | EViews | Edmentum | Examity | Excel | Garch | Google Classroom | Google Education | Gradescope | Hawkes Learning | Honorlock | iClicker | InQuizitive (Norton) | Java | Kaltura | Khan Academy | Knewton | Kryterion | Proctor360 | LaunchPad | MATLAB | Maple | MasteringChemistry | MasteringPhysics | MathXL | Mathematica | McGraw-Hill Connect | MegaStat | Microsoft Teams | Microsoft Access, Word, Excel, PowerPoint | Mindtap| Minitab | MonitorEDU | Moodle | MyAccountingLab & MyEconLab , MyFinanceLab | MyITLab| MyMathLab | MyOpenMath| MyPsychLab | MySocLab & MyStatLab | NCSS | Outlier | Pearson MyLab and Mastering | Piazza | PlatoWeb | Prezi | Proctor360 | Proctorio | Proctortrack | Python | R | Respondus Lockdown Browser with Webcam | SAM | Sapling | SAS | SPSS | Socrative | Stata | StraighterLine | Turnitin & VoiceThread | WebAssign | WebEx | WebWork | Wiley | WileyPlus | Zoom | Examplify | Exam Soft | Pro Proctor | Proctor U | ExamRoom AI | RPnow | DMV Traffic School Help | Lockdown Browser OEM | PSI exam | Lockdown OEM | NHA | Tableau  𝐓𝐎𝐏 𝐑𝐄𝐀𝐒𝐎𝐍𝐒 𝐖𝐇𝐘 𝐈'𝐌 𝐓𝐇𝐄 𝐌𝐎𝐒𝐓 𝐋𝐄𝐆𝐈𝐓 𝐄𝐗𝐀𝐌, 𝐇𝐖, 𝐎𝐍𝐋𝐈𝐍𝐄 𝐂𝐋𝐀𝐒𝐒 𝐓𝐔𝐓𝐎𝐑 𝐎𝐍 𝐑𝐄𝐃𝐃𝐈𝐓:  U.S. 310 Phone Number: I have a verified U.S. American business phone number with the prestigious Beverly Hills area code (310) that can both send & receive phone calls, texts, voicemails, photos, and website links.  Social Media Verified  Team of U.S. Academic Experts: I and my team of dedicated academic experts complete all types of academic coursework for students in most math, English, science, business, humanities, social Sciences, computer programming, and foreign language classes on a 24/7/365 full-time round-the-clock basis. I can regularly make myself available to help students with last-minute & same-day academic requests.  Essay Writing Skills: I can write essays & research papers in native U.S. American English and fluent Canadian English using APA | MLA | Harvard | Chicago | Vancouver | OSCOLA | IEEE formatting & citations.  75+ Types of Academic Software: I am highly skilled & experienced in using over 75+ types of academic software and educational platforms including the following: ALEKS, Blackboard, Brightspace, Canvas, Cengage, WebAssign, ConnectMath, Crowdmark, D2L, Moodle, Pearson MyLab and Mastering, MyMathLab, MyStatLab, MyOpenMath, StraighterLine, WebWork, PearsonVUE, and Wiley.  Can Change IP Address: I have multiple reliable VPN software including: NordVPN, SurfShark & ExpressVPN that allows me to successfully change my computer’s original IP address to any major city in the U.S. & Canada to avoid raising red flags with students’ online class software.  Proctored Exam Help: I have developed multiple highly effective methods of helping students with exams, tests, and quizzes that are proctored by software like: Respondus Lockdown Browser with Webcam, Honorlock, Examity, Proctorio, Proctor360, Proctortrack, and ProProctor, Examplify, ExamSoft, Lockdown Browser, Guardian Browser  Test Taking Experts: With the vast experience my team and I have in taking classes for students, we are proficient in a wide range of subjects and can ace exams across various disciplines. We have specialists in every area, guaranteeing you'll be paired with a test-taker who will deliver outstanding results.  Handwriting & Scanning Apps: I have impeccable handwriting and a high-quality mobile scanner app that allows me to scan written solutions in very legible high-definition JPG, PNG, and PDF formats.  1,000+ Exam Score Photos: I have a collection containing literally over 1,000+ photos of the grades I achieved on over 1,000+ exams I completed for other students since Jan 2020.  Reviews & Testimonials: I have multiple verified testimonials from actual students who have used my services in the past praising my legit five-star academic services.  𝐇𝐎𝐖 𝐈 𝐂𝐀𝐋𝐂𝐔𝐋𝐀𝐓𝐄 𝐅𝐈𝐍𝐀𝐋 𝐑𝐀𝐓𝐄𝐒:  Exams & Quizzes: Final rates for exams and quizzes depend on various factors including: whether or not there is proctoring, how many hours the exam is, total number of questions including sub-parts, preferred method of me delivering solutions, whether it's show all work or just the answer only, and whether the assessment has a flexible window of time to complete or a fixed & rigid start and end time.  Full Courses: Final rates for full class help depend all the foregoing plus: total number of hw, quizzes, exams, discussion posts, and other academic tasks left that need to be completed, total number of weeks or modules left in the class to complete.  Essays | Papers | Discussion Posts: Final rates for writing tasks depend on the required number of words or pages. topic of interest, type of citations, required number and type of sources & bibliography style , level of research required, and type of additional software required to complete the essay like: Excel, R, or Minitab.  𝐀𝐁𝐎𝐔𝐓 𝐌𝐘 𝐑𝐀𝐓𝐄𝐒 & 𝐏𝐀𝐘𝐌𝐄𝐍𝐓 𝐎𝐏𝐓𝐈𝐎𝐍𝐒:  Rationale for My Rates: I sincerely believe my rates are more than fair considering my education, skills, legitimacy, and the substantial amount of value, stress relief, and saved time & energy I’d be providing you in exchange for my valuable, irretrievable time, energy, and effort.  Disclaimer About Rates: Services that are reliable and deliver high-quality results are difficult to find and are very high in demand. Thus, I expect to be compensated fairly for all the value, stress relief, and saved time & energy my services provide.  Payment Methods: Zelle, Apple pay, Btc  I’m willing to do all of the following to help you feel more secure in trusting me with your academic needs:  Engage in a Telephone interview: Speak with you on the phone and answer any questions you may have.  Provide Telephone References: Provide you with the contact information of students who have utilized my services in the past who would be more than willing to vouch for my skills.  𝐂𝐎𝐍𝐂𝐋𝐔𝐒𝐈𝐎𝐍:  My Mission: Thank you for taking the time to read my Reddit post. I take what I do very seriously and I always strive to get the highest possible grades for all students who entrust me with their coursework.  Closing Words: Please feel free to reach out to me if you're sincerely interested in having help you with your school work. I am available via text and phone almost 24/7/365.  𝐓𝐀𝐆𝐒:  Should I Pay Someone to Take My Exam Reddit, Statistics Test Taker Reddit, Take My Calculus Exam Reddit, Take My Class Pro Reddit, Take My Class Pro Reviews Reddit, Take My Exam for Me Reddit, Take My Math Test for Me Reddit, Take My Online Class Reddit, Take My Online Class for Me Reddit, Take My Online Exam for Me Reddit, Pass the Teas, Take My Online Exams Reddit, Take My Online Exams Review Reddit, Take My Online Test Reddit, Take My Online Test for Me Reddit, Take My Physics Exam for Me Reddit, Take My Proctored Exam for Me Reddit, Take My Statistics Exam for Me Reddit, Take My Test for Me Reddit, Takemyonlineexams Reddit, Test Taker Reddit, We Take Classes Reddit, Write My Exam for Me Reddit Accounting Exam Help Reddit, Hw 4 cash, StudentNurse, Student Nurse, Best Website to Pay for Homework Reddit, Bypass Respondus Lockdown Browser Reddit, Calculus Test Taker Reddit, Canvas Cheating Reddit , Cheating in Online Exam Reddit, Cheat on Teas, Cheating on Pearson Mymathlab Reddit, Cheating on Proctortrack Reddit, Cheating on Zoom Proctored Exams Reddit, Cheating on a Test Reddit, College Algebra Mymathlab Reddit, Do Homework for Money Reddit, Do My Exam for Me Reddit, Do My Homework for Me Reddit, Do My Math Homework Reddit, Do My Math Homework for Me Reddit, Do My Test for Me Reddit, Doing Homework Reddit, Domyhomework Reddit, Exam Help Online Reddit, Cheat online , Examplify help, Finance Homework Help Reddit, Fiverr Exam Cheating Reddit, Gradeseekers Reddit, Hire Test Taker Reddit, Homework Help Reddit, Homework Sites Reddit, Homeworkdoer Reddit, Homeworkhelp Reddit, Honorlock Reddit, How Much Should I Pay Someone to Take My Exam Reddit, How to Cheat on Respondus Reddit, How to Beat Lockdown Browser Reddit, How to Cheat Examity Reddit 2025, How to Decrypt a test Reddit, How to Cheat Honorlock Reddit, How to Cheat in School Reddit, Cheat on OnVUE, Examplify hack & How to Cheat on Canvas Tests Reddit, How to Cheat on Math Test Reddit, How to Cheat on Online Exams Reddit, How to Cheat on Online Proctored Exams Reddit, How to Cheat on Zoom Exam Reddit, How to cheat on Proctored test Reddit, How to Cheat on Zoom Exams Reddit, How to Cheat on ATI Reddit, How to Cheat on a Proctored Exam Reddit, How to Cheat with Proctorio 2025 Reddit, How to Cheat with Proctorio Reddit, How to Cheat on ProctorU , PSI Bridge secure browser, How to cheat on Proctorio Reddit, How to Cheat with Respondus Monitor Reddit, How to Get Past Lockdown Browser Reddit, Hwforcash Discord, Hw4cash, I Paid Someone to Write My Essay Reddit, Is Hwforcash Legit, Lockdown Browser Hack Reddit, Lockdown Browser How to Cheat Reddit, How to Cheat on PearsonVUE , Math Homework Reddit, Mymathlab Answer Key Reddit, Mymathlab Answers Reddit, How to Cheat on Proctored Exam Reddit, Mymathlab Cheat Reddit, DomyHomeworkforme Reddit, Mymathlab Proctored Test Reddit, Homework, Reddit Pay for Homework, Reddit Pay to Do Homework, Take my ATI exam Reddit, How to Decrypt an Exam Reddit, Reddit Test Takers for Hire, lockdown browser bypass , Reddit Tutors, Paying Someone to Do Your Homework Reddit, Organic Chemistry Test Taker Reddit, Pay Me to Do Your Homework Reddit, Howt to Cheat on Respondus , Cheat on Respondus, Hwforcash, Pay Someone to Do My Programming Homework Reddit, Take my Nursing exam Reddit, Physics Test Taker Reddit, Do My Assignment Reddit, Reddit Pay Someone to Take Online Test, Hire Someone to Take My Online Exam Reddit, Examity Reddit, Pay Someone to Do My College Homework Reddit, Examplify Decryptor Reddit, Proctored Exam Reddit, How to Cheat and Not Get Caught Reddit, Pay Someone to Write My Paper Reddit, Examsoft decryptor Reddit, How to Cheat on Examity Reddit, How to cheat on ExamSoft Reddit, Paying Someone to Take My Online Class Reddit, Organic Chemistry Exam Help Reddit, Monitoredu Reddit, Pay Someone to Take My Calculus Exam Reddit, Pay Someone to Take My Test in Person Reddit, How to Cheat on Mymathlab Reddit, How to Cheat on Honorlock Reddit, Online Exam Proctor Reddit, Online Proctored Exam Reddit, Cheat on Proctor U, Paper Writers Reddit, Pay Someone to Do Homework Reddit, Pay Someone to Do My Assignment Reddit, Pay Someone to Do My Homework Reddit, Pay Someone to Do My Math Homework Reddit, Pay Someone to Do My Online Class Reddit, Pay Someone to Do My Online Math Class Reddit, Pay Someone to Do Statistics Homework Reddit, Pay Someone to Take Exam Reddit, How to Beat Honorlock Reddit, Cheat on ATI, Teas exam Reddit, Teas Exam questions , Take My Online Exams Reviews Reddit, Exam Cheating Reddit, Best Online Test Takers Reddit, Reddit Homework for Money, Reddit Mymathlab Hack, Reddit Paid Homework, Reddit Pay Someone to Do Your Exam, 𝐓𝐀𝐆𝐒 Pay for Homework Reddit, How to cheat on Nursing exam Reddit, pay someone to take my proctored test, Smarter Proctoring, AACN-CC exam, Vascular Technology exam, NCSBN exam, Paying Someone to Take My Online Class Reddit, Paying Someone to Take Online Class Reddit, Paysomeonetodo Reddit, Reddit Do My Homework for Me, Reddit Domyhomework, How to cheat on Test Reddit, Reddit Homework Cheat, Reddit Homework Help, Online Exam Help Reddit, RN comprehensive predictor questions, HESI questions, How to cheat on Lockdown Browser Reddit, Pay Someone to Take Online Class for Me Reddit, Reddit Honorlock Cheating, Examplify bypass Reddit, How to cheat on PSI , Pay Someone to Take Exam for Me Reddit, Florida Sales Associate, Pay Someone to Take My Chemistry Exam Reddit, Pay Someone to Take My Exam Reddit, Pay Someone to Take My Online Class Reddit, Pay Someone to Take My Online Exam Reddit, How to Cheat on TEAS Reddit, P&C California state exam, Pay Someone to Take My Proctored Exam Reddit, Pay to Do Homework Reddit, Hw4cash, Nursing exam questions, ELAR exam, TSIA 2 exam, TSIA test, Take my Law exam Reddit, Best Ways to Cheat on a Test Reddit, Lsat tutor reddit, Pay Someone to Take Online Test Reddit, NREMT questions, ATI questions, How to cheat on Examplify Reddit, COMP TIA Security + Certification exam, COMP TIA questions , COMPTIA test, CompTia Exam, Comp Certification, Comp Test, HESI exam practice questions Reddit, ATI nursing exam tips Reddit, NCLEX study guide Reddit, Pharmacology flashcards for nursing Reddit, TestWe, Pediatrics exam questions for nurses Reddit, Fundamentals of Nursing practice test Reddit, Nursing exam preparation materials Reddit, Medical Surgical nursing questions Reddit, Nursing Dosage Calculations practice Reddit, Psychiatric Mental Health nursing flashcards Reddit, Clinical Skills nursing review Reddit, Health Assessment in nursing study aids Reddit, TS-C Tech in Surgery-Certified EKG Interpretation for nurses Reddit, Nursing informatics practice questions Reddit, Property and Casualty exam, Nursing school exam strategies Reddit, Nursing care plans study guide Reddit, Critical care nursing exam questions Reddit, Nursing leadership exam prep Reddit, Community health nursing test questions Reddit, Gerontology nursing practice exam Reddit, Pay Someone to Take Your Online Class Reddit, Reddit Mymathlab Homework Answers, Pay Me to Do Your Homework Reviews Reddit, Reddit ᴡᴇ ᴄᴀɴ ʜᴇʟᴘ ʏᴏᴜ ᴡɪᴛʜ ᴀɴʏ ᴇxᴀᴍ ᴏʀ ᴘᴀᴘᴇʀ! ABA España exam Reddit, ABBE exam Reddit, Accessibility Professionals Association (APAC) exam Reddit, AGA exam Reddit, ALA - Association of Legal Administrators (CLM Exam) exam Reddit & Alabama Foundations of Reading exam Reddit, Alaska Foundations of Reading exam Reddit, Alaska Insurance exam Reddit, Alibaba Cloud Certification exam Reddit, Alliance for Physician Certification and Advancement (APCA) exam Reddit, Amazon Web Services (AWS) exam Reddit, American Board exam Reddit, American Board of Dermatology (ABD) exam Reddit, American Board of Foot and Ankle Surgery (ABFAS) exam Reddit, American Board of Internal Medicine (ABIM) exam Reddit, American Board of Podiatric Medicine (ABPM) exam Reddit, American Board of Venous & Lymphatic Medicine (ABVLM) exam Reddit, American College of Financial Services exam Reddit, American College of Sports Medicine (ACSM) exam Reddit, American Health Information Management Association (AHIMA) exam Reddit, American Medical Informatics Association (AMIA) exam Reddit, American Medical Technologists (AMT) exam Reddit, American Registry for Diagnostic Medical Sonography (ARDMS) exam Reddit, American Registry of Radiologic Technologists (ARRT) exam Reddit, Sonography Principles and Instrumentation, American Society of Military Comptrollers (ASMC) exam Reddit, AO Spine exam Reddit, APICS exam Reddit, Apple exam Reddit, Appraisal Institute exam Reddit, Arcitura Education Inc. exam Reddit, Arizona Educator Proficiency Assessments (AEPA) exam Reddit, Arkansas Foundations of Reading exam Reddit, Asian Institute of Chartered Bankers (AICB) exam Reddit, Association for Talent Development (ATD) exam Reddit, Association of Certified Anti-Money Laundering Specialists LLC (ACAMS) exam Reddit, Association of Destination Management Executives International (ADMEI) exam Reddit, Australian Pharmacy Council (APC) exam Reddit, Autodesk Certification Program exam Reddit, Avaya Inc. exam Reddit, AVIXA exam Reddit, Axis Certification Program exam Reddit, Basic Ability Exam Reddit, BICSI ICT Certification Institute exam Reddit, Blue Prism exam Reddit, Board of Canadian Registered Safety Professionals (BCRSP - CCPSA) exam Reddit, BOMI International exam Reddit, Bradley University exam Reddit, Brightest exam Reddit, British Heart Rhythm Society (BHRS) exam Reddit, British Society of Echocardiography exam Reddit, Certified Analytics Professional, Broadcom Software (formerly known as Symantec) exam Reddit, SHRM CP, Business Architecture Guild exam Reddit, C++ Institute exam Reddit, CAA Global exam Reddit, CAIA Association exam Reddit, California Basic Educational Skills Test (CBEST) exam Reddit, ARMRIT exam, ARMRIT examplify, ARMRIT MRI Exam IIA, California Preliminary Administrative Credential Examination (CPACE) exam Reddit, California Subject Examinations for Teachers (CSET) exam Reddit, California Teacher of English Learners (CTEL) exam Reddit, ProctorFree, California Water Environment Association (CWEA) exam Reddit, Canadian Society for Exercise Physiology (CSEP | SCPE) exam Reddit, Career Qualified in Banking (FINSIA) exam Reddit, Center for Credentialing & Education (CCE) exam Reddit, Certification Examinations for Oklahoma Educators (CEOE) exam Reddit, Certified Counter-Insider Threat Professional (CCITP) Program exam Reddit, Certified Fund Raising Executive (CFRE) exam Reddit, Certified Medical Publication Professional (CMPP) exam Reddit, Certified Mission Critical Operator (CMCO) exam Reddit, Certified Mission Critical Professional (CMCP) exam Reddit, CertNexus exam Reddit , CFA UK exam Reddit, Chartered Banker Institute (CBI) exam Reddit, Chartered Institute of Credit Management (CICM) exam Reddit, PMHNP test, ANCC PMHNP exam, PMHNP certification, Chartered Institute of Loss Adjusters (CILA) exam Reddit, Check Point Software Technologies exam Reddit, Chicago Police Department (CPD) exam Reddit, Cisco Systems exam Reddit, CITB exam Reddit, Certified Medical Surgical Registered Nurse exam, CITB eLearning exam Reddit, Citrix exam Reddit, CRCST exam questions, IAHCSMM exam, Claris International exam Reddit, Colorado Insurance exam Reddit, Commercial Real Estate Certification Institute (CRECI) exam Reddit, Commission for Case Manager Certification (CCMC) exam Reddit, Commission on Rehabilitation Counselor Certification (CRCC) exam Reddit, CompTIA exam Reddit, Connecticut Insurance exam Reddit, Leed Green Associate Exam, Connecticut Teacher Certification Examinations exam Reddit, Consortium for School Networking (CoSN) exam Reddit, Counselor Preparation Comprehensive Examination (CPCE) exam Reddit, CPA Australia exam Reddit, CPS HR Consulting (CPS HR) exam Reddit, CrowdStrike exam Reddit, CWNP exam Reddit, CyberArk exam Reddit, Data Recognition Corp. (DRC) exam Reddit, Data Security Council of India (DSCI) exam Reddit, DEC Institute exam Reddit, Defense Acquisition University (DAU) exam Reddit, Dell Technologies exam Reddit, Dental Assisting National Board (DANB) exam Reddit, Dental Core Training (DCT) exam Reddit, Dental Foundation Training (DFT) exam Reddit, DevOps Artisan By BITTNET exam Reddit, Digital Marketing Institute (DMI) exam Reddit, Ericsson exam Reddit, Esri exam Reddit, European Board of Orthopaedics and Traumatology (EBOT) exam Reddit, Mature driver course, European Board of Urology (EBU) exam Reddit, European Society of Paediatric and Neonatal Intensive Care (ESPNIC) exam Reddit, Federal Acquisition Institute (FAI) exam Reddit, Finacle Certifications exam Reddit, Fire Rescue Victoria exam Reddit, FIRST FINANCE INSTITUTE exam Reddit, TOEFL iBT, Fitch Learning exam Reddit, Foreign Service Officer Test (FSOT) exam Reddit, Foreign Service Specialist Appointment Selection (FSSAS) exam Reddit, ForgeRock exam Reddit, YuJa verity exam, Fortinet exam Reddit, Foundation Pharmacist Recruitment exam Reddit, Georgia Insurance exam Reddit, GMAC Assessments exam Reddit, TOEIC, Government Finance Officers Association (GFOA) exam Reddit, NBDHE exam, Hawaii Insurance exam Reddit, HCL Software Academy exam Reddit, Healthcare Information and Management Systems Society (HIMSS) exam Reddit, Hewlett Packard Enterprise (HPE) exam Reddit, HRCI exam Reddit, HumRRO exam Reddit, IBM exam Reddit, ICAEW exam Reddit, Idaho Department of Insurance exam Reddit, IFRS Foundation – Fundamentals of Sustainability Accounting Credential exam Reddit, IFSE Institute exam Reddit, Illinois Department of Insurance exam Reddit, Indian Testing Board (ITB) exam Reddit, Indiana Department of Insurance (IDOI) exam Reddit, Information Governance Professional (IGP) exam Reddit, Institute for Divorce Financial Analysts (IDFA) exam Reddit, Institute for Supply Management® (ISM®) exam Reddit, Mac Secure Browser, Institute of Certified Public Accountants (ICPA) exam Reddit, Institute Of Chartered Tax Practitioners India (ICTPI) exam Reddit, Institute of Internal Auditors (IIA) exam Reddit, Institute of Risk Management (IRM) exam Reddit, Institute of Solomon Islands Accountants (ISIA) exam Reddit, Intel exam Reddit, Intelligence Fundamentals Professional Certification (IFPC) exam Reddit, Interactive Advertising Bureau (IAB) exam Reddit, International Association of Privacy Professionals (IAPP) exam Reddit, International Coaching Federation (ICF) exam Reddit, International Data Protection Association (IDPA) exam Reddit, International Society of Arboriculture (ISA) exam Reddit, Intuit Certifications exam Reddit, Iowa Insurance exam Reddit, IRATA International exam Reddit, iSQI exam Reddit, IT Specialist exam Reddit, JS Institute exam Reddit, Juniper Networks Certification Program (JNCP) exam Reddit, Kansas Insurance exam Reddit, help with exemplify, exemplify exam, exemplify bypass, exemplify hacks, take my exemplify exam, take my proctored exam, kintone Certification Program exam Reddit, Lenovo Certification Program exam Reddit, Linux Professional Institute (LPI) exam Reddit, Maine Insurance exam Reddit, Massachusetts Tests for Educator Licensure (MTEL) exam Reddit, Meta Certification exam Reddit, Metacred, Inc. exam Reddit, Microsoft exam Reddit, Minnesota Teacher Licensure Examinations (MTLE) exam Reddit, Mississippi Foundations of Reading exam Reddit, Mississippi Insurance exam Reddit, Missouri Educator Gateway Assessments exam Reddit, Missouri Insurance exam Reddit, Montana Insurance exam Reddit, ATI Exams, Narsee Monjee Institute of Management Studies (NMIMS) exam Reddit , National Association of Boards of Pharmacy (NABP) exam Reddit, National Association of Corporate Directors (NACD) exam Reddit, National Board for Certified Counselors (NBCC) exam Reddit, National Board of Certification and Recertification for Nurse Anesthetists (NBCRNA) exam Reddit, National Council for Therapeutic Recreation Certification (NCTRC) exam Reddit, National Court Reporters Association (NCRA) exam Reddit, National Evaluation Series exam Reddit, National Recruitment Office (Specialty Training) exam Reddit, National Registry of Emergency Medical Technicians exam Reddit, National Strength and Conditioning Association (NSCA) exam Reddit, NCP (ECCHO) exam Reddit, Neptune Software exam Reddit, NetApp exam Reddit, Netskope exam Reddit, Nevada Insurance exam Reddit, Nevada Real Estate Division exam Reddit, New Hampshire Foundations of Reading exam Reddit, NICET exam Reddit, Nokia exam Reddit, North Carolina Foundations of Reading exam Reddit, O.P. Jindal Global University (JGU) exam Reddit, Object Management Group (OMG) exam Reddit, Ohio Assessments for Educators (OAE) exam Reddit, Oklahoma Real Estate Commission exam Reddit, Open Education and Development Group (OpenEDG) exam Reddit, Tabe test, Oracle exam Reddit, Oregon Educator Licensure Assessments (ORELA) exam Reddit, Palo Alto Networks, Inc. exam Reddit, APEA predictor exam, APEA 3 P test, APEA exit exam, PayrollOrg (formerly American Payroll Association APA) exam Reddit, Secure Exam Browser, PCI Security Standards Council (PCI SSC) exam Reddit, Pearson English International Certificate exam Reddit, Pegasystems exam Reddit, Pennsylvania Educator Certification Tests (PECT) exam Reddit, AACN, Pennsylvania Notary exam Reddit, Pennsylvania Real Estate Commission exam Reddit, Pharmacy Technician Certification Board (PTCB) exam Reddit, Ping Identity exam Reddit, PMI - Project Management Institute exam Reddit, PRMIA exam Reddit, Secure Exam Proctor, Professional Testing (PTI) exam Reddit, PTC Education - ATC exam Reddit, Public Health National Recruitment (PHNRO) exam Reddit, Python Institute exam Reddit, Qlik exam Reddit, Queensland Fire and Emergency Services (QFES) exam Reddit, Reading Instruction Competence Assessment (RICA) exam Reddit, Rhode Island Foundations of Reading exam Reddit, Rhode Island Insurance exam Reddit, Physical Medicine & Rehabilitation, Physical Therapy & Athletic Training, Physics & Astronomy, Physiology, Political Science, Population Health Sciences, Psychiatry, Psychology, Radiation Oncology, Radiology, Social Work, Sociology, Special Education, Surgery, Theatre, Undergraduate Studies, World Languages & Cultures, Writing and Rhetoric Studies, Trocaire college, Upper Iowa University, University of the People exams, Indiana University, Griffith University, APMG International, Georgia Southwestern State University, Metropolitan State University of Denver, University of Connecticut, University of Delaware, University of Illinois, Loyola Marymount University, University at Buffalo School of Law, University of the Pacific McGeorge School of Law, Pepperdine University School of Law, University of South Carolina School of Law, University of Arizona College of Nursing, On Demand Assessment, Rhode Island Real Estate exam Reddit, ANCC, AANP, PCCN exam, CCNA, CCRN exam, RIMS-CRMP-FED Certified Risk Management Professional for Federal Government exam Reddit, Royal College of Emergency Medicine (RCEM) exam Reddit, Royal College of Psychiatrists (RCPsych) exam Reddit, SAS exam Reddit, SafeCheck exam, Shiv Nadar University (SNU-SAT) exam Reddit, Simpro exam Reddit, Snowflake exam Reddit, Society of Quality Assurance (SQA) exam Reddit, Society of Wine Educators exam Reddit, Software Certifications (Administered by QAI) exam Reddit, South Carolina Insurance exam Reddit, South Dakota Insurance exam Reddit, Splunk exam Reddit, Tableau exam Reddit, Tanium Career Certifications exam Reddit, Tennessee Insurance exam Reddit, Teradata exam Reddit, PCCN adult exam, Progressive Care Nursing Certification, The Chartered Institute of Management Accountants® (CIMA®) exam Reddit, The Institute of Asset Management (IAM) exam Reddit, ACCNS-AG - Adult Gerontology CNS Exam, ACCNS- N Neonatal CNS Examination , ACCNS-P Pediatric CNS Exam, Exam4, The London Institute of Banking & Finance exam Reddit, The Open Group exam Reddit, TIC Council (formerly known as IFIA) exam Reddit, UCAT exam Reddit, UCAT ANZ exam Reddit, UiPath Certified Professional program exam Reddit, UK Foundation Programme (UKFP) exam Reddit, Unity Certification exam Reddit, Utah Foundations of Reading exam Reddit, Veeam exam Reddit, Virginia Communication and Literacy Assessment (VCLA) exam Reddit, Visa University exam Reddit, VMware exam Reddit, Washington Educator Skills Tests (WEST) exam Reddit, West Virginia Real Estate Commission exam Reddit, Wisconsin Department of Agriculture, Trade & Consumer Protection exam Reddit, World Institute for Nuclear Security (WINS) exam Reddit, Wyoming Insurance exam Reddit, Wyoming Real Estate exam Reddit Subjects: Accounting, Aerospace Studies, Anesthesiology, Anthropology, Architecture, Art & Art History, Asian Studies, Atmospheric Sciences, Biochemistry, Biomedical Engineering, Biology, Biomedical Informatics, Chemical Engineering, Chemistry, City & Metropolitan Planning, Civil & Environmental Engineering, Communication, Communication Sciences & Disorders, Computing, Continuing Education, Dance, Dental Education, Dermatology, Economics, Education, Culture & Society, Educational Leadership & Policy, Educational Psychology, Electrical & Computer Engineering, English, Entrepreneurship & Strategy, Environmental Engineering, Exercise & Sport Science, Family & Consumer Studies, Family & Preventive Medicine, Film & Media Arts, Finance, Geography, Geology & Geophysics, Health, Kinesiology & Recreation, History, Human Genetics, Internal Medicine, International Studies, Latin American Studies, Law, Linguistics, Management, Marketing, Materials Science & Engineering, Mathematics, Mechanical Engineering, Medical Laboratory Sciences, Medicinal Chemistry, Metallurgical Engineering, Military Science, Mining Engineering, Molecular Pharmaceutics, Multi-disciplinary Design, Music, Naval Science, Neurobiology & Anatomy , Neurology, Neurosurgery, Nursing, Nutrition and Integrative Physiology, Integrity Advocate, Obstetrics & Gynecology, Occupational and Recreational Therapies, Oncological Sciences, Operations & Information Systems, Ophthalmology, Orthopaedics, Parks, Recreation & Tourism, Pathology, Pediatrics, Pharmacology & Toxicology, Pharmacotherapy, Pharmacy Services, Philosophy, 𝐈 𝐡𝐞𝐥𝐩 𝐰𝐢𝐭𝐡 𝐚𝐥𝐥 𝐞𝐱𝐚𝐦𝐬.",2026-02-07T10:17:48Z
engagement,social-media,informal,after,"LOOKING FOR MORE UK PLAYERS!!!    (console players must know how to join aternos servers. if you dont know, I can provide a link to a yt vid showing how)      What happens \*after\* the Dream SMP ends?    I’m starting a Minecraft server set in a revived DREAM SMP timeline — every major member is back, the world remembers what happened, and the scars didn’t disappear with death.    This isn’t a recreation or speedrun server. It’s a \*\*story-driven SMP\*\* built around roleplay, character arcs, alliances, betrayals, and consequences. Think Dream SMP energy, but with a clean slate and the freedom to take the story somewhere new.    What to expect:    \* Heavy lore & character-focused storytelling  \* Wars, politics, rivalries, and uneasy alliances  \* Player-built nations, symbols, and history  \* Roleplay encouraged (voice RP optional, not mandatory)  \* Long-term story planning — not a 2-week SMP that dies      Who I’m looking for:    \* People who enjoy lore, RP, or storytelling  \* Players who can commit long-term and communicate  \* You don’t need to be a streamer — just engaged and creative  \* 14-18    The core idea:  Everyone has been \*revived\* — but revival doesn’t mean forgiveness, peace, or forgetting. Old grudges linger. New powers rise. Some people come back changed… and some shouldn’t have come back at all.    If you ever wished you could’ve joined the Dream SMP \*early\*, or wanted a server where your character actually matters, this is that chance.    Interested?   DM me on discord with the following:    \* Your age  \* Timezone  \* Minecraft experience  \* How dedicated you would be to the server and the lore  \* The character you would like to play    I’ll be selecting members carefully to keep the story strong.    DISCORD: hervessel.    (the . is included)    TAKEN-LIST    A    Aimsey-    Antfrost-    Awesamdude-      B    BadBoyHalo-    BoomerNA-      C    Callahan-    CaptainPuffy-     ConnerEatsPants-      D    Dream- TAKEN    DreamXD-    Drista-      E    Eret-    Eryn-      F    FoolishGamers-    Fundy-      G    GeorgeNotFound-     GeorgeHD-      H    Hannahxxrose-    Hbomb94-      I    ItsAlyssa-      J    JackManifoldTV-    Jschlatt-      K    KarlJacobs-    Kristin-      L    LazarBeam-      M      Michaelmcchill-    Michael-      N    Nihachu-      P    Ph1LzA- TAKEN    Ponk-    Punz-    Purpled-      Q    Quackity-      R    Ranboo- TAKEN      S    Sally-    Sapnap- TAKEN     Seapeekay-    Shroud-    Skeppy-     Slimecicle-      T    Technoblade- TAKEN    TinaKitten-    Tommyinnit-    Tubbo- TAKEN      W    Wilbur Soot- TAKEN      Y    Yogurt-    i will keep editing this post as each character gets taken <3",2026-02-07T10:17:08Z
engagement,social-media,informal,after,"Tired of looking for a stable SMP that isn't filled with P2W bloat and engagement bait? Want a **simple, stable** server you can count on for hosting your friends and projects? Have you joined other ""F2P"" servers that, as an alternative to donations, required you to grind endlessly for basic commands?  Here, **EVERYTHING** you expect to be locked behind a rank or paywall is **included by default**.  **Opened 4 days ago**, LazyCraft is the only SMP that gives players access to **ALL** features of the server. **We don't use ranks or accept donations**—I'm not out for anything from you. I just decided to finally make the server I wanted to play on as a kid.  My goal is to make this a proper server where players can comfortably work on their projects instead of grinding through artificial extensions to an already fun game. We use over 50 plugins and in-house solutions all aimed at quality-of-life without overreaching.  **Give us a try :)**  **IP**: play.lazycraft.net (use port 19132 on Bedrock)   **Map**: [map.lazycraft.net](http://map.lazycraft.net)   **Discord**: [discord.gg/dsvnzUVWxR](https://discord.gg/dsvnzUVWxR)  **Here's a full list of features, available to everyone:**  # General features  **Land Claims** » We use a premium claiming plugin that provides a full suite of customization.   **Player Shops** » Create your own shop in our custom-built shop plots island.   **Teleport System** » We use a fast, delay-free teleport system for /tpa, /rtp and /warp.   **Mob Catchers** » Craft a mob catcher using an egg and 8 amethyst. Use them to catch and transport common passive mobs.   **Playtime Rewards** » Everyone receives an equal playtime reward every 15 minutes.   **Graves** » Upon death, your items are stored safely in a grave, preventing them from scattering or being destroyed by fire/lava.   **32K World** » A massive 32K world is pre-generated and ready for you to explore, with /rtp going up to 16K. View the full map at [map.lazycraft.net](http://map.lazycraft.net)!   **Clean Interface** » We have a constantly updating custom UI that aims to keep your screen clean and free from over-engineered rainbow barf.   **No Lag** » The server runs on a 9950X with 12GB RAM, making lag virtually nonexistent.  # Features we have, that others paywall :)  **Flight** » Fly is enabled on all claims as well as in the shop and spawn worlds. No timed fly nonsense— just run /fly to toggle it on or off.   **XP Conversion** » Convert your XP into bottles at a 3:1 ratio using /bottle.   **More Homes** » You get TEN homes by default! No need to juggle between good locations.   **Vaults** » Easily store and access your items in /pv 1-10.   **Heads Shop** » Search and buy custom decorative heads in /hdb like potted plants.   **Nicknames** » Set your name to your favorite color in an easy GUI in /colors. Ask staff for a custom one :)   **GSit** » This is a free plugin, so I'm not sure why so many servers paywall it. Here, you not only have /sit but also the other GSit commands, including /lay, /flop and /crawl.   **Back on Death** » Freely return to the last location you died with /back.  ...and tons of QoL additions that you'll like :)",2026-02-07T10:16:33Z
engagement,social-media,informal,after,"I’ve noticed that recent discussions often frame present Didaar experiences through personality-based comparisons, which then shape how current expressions of devotion are judged.  A gentle reflection, shared purely in the spirit of understanding.   In Hinduism, it would make little sense to compare Lord Ram and Lord Krishna by personality alone. Both are revered, both are divine, yet their temperaments, expressions, and ways of engaging devotees were entirely different. Comparison there is futile; context is everything. The same principle applies here. Every Imam is different. Each Imam leads according to the needs, spirit, and readiness of the time.  What we are witnessing now reflects Shah Rahim’s nature - approachability, warmth, ease, and closeness. The joy, spontaneity, and uninhibited love, especially from children, feels heart-to-heart. It isn’t disorder; it’s connection.  With Mawlana Shah Karim, devotion was expressed through decorum, dignity, and restraint, because that is what He wished and embodied. That form was right then. This form is right now. Judging one era through the lens of another leads nowhere. Each era has its own language of love.  Ultimately, hearts respond to the Imam of the Time. When the Imam’s tone changes, the Jamat naturally follows…  Personally, it gladdens the heart ❤️ to see such open, joyful love in the Jamat - especially from children. It feels sincere, unforced, and deeply human. Perhaps instead of comparing, we simply allow ourselves to embrace the era we are in.  A short clip illustrating the Ram–Krishna analogy:  [https://vt.tiktok.com/ZSaTmHCUo/](https://vt.tiktok.com/ZSaTmHCUo/)  ",2026-02-07T10:16:23Z
engagement,social-media,informal,after,"I welcome the idea of ​​digital minimalism and have always lived by it. This may also be because, as a member of Generation X, I'm old enough to have experienced a time before the internet, mobile phones, and social media. For me, it was clear from the beginning that, for example, my phone would always be on silent. I've always primarily used social media and messaging apps as tools and to simplify so-called real life.      Ultimately, the problem isn't the possibilities themselves, but how we use them. This mainly comes down to self-discipline. Anyone who can't manage to reduce their use of the aforementioned things to a healthy level has an addiction problem and should seek help. The underlying reasons for this are much deeper.      You can see this in the fact that many people then resort to excessively listening to podcasts as a substitute. That's no less problematic. A sensible approach would be to actively engage in more activities and not just passively consume.      Those are my thoughts on the matter.",2026-02-07T10:15:17Z
engagement,social-media,informal,after,"This entire situation traces back to the author Anaverse, who became widely known in the Bookstagram community for writing an age-gap romance where the main leads were 16 and 32. The book was actively marketed around this dynamic, which led to significant backlash and criticism across the community.  When the criticism started, instead of acknowledging the issue or the way the book had been promoted, Anaverse claimed that this was not actually the plot, despite having marketed it that way earlier. This response further escalated the outrage.  Following this, multiple authors and readers who openly criticized the book reported receiving rape threats, allegedly sent by male friends of Anaverse. These individuals were not only defending her but were also added to her broadcast channel, which amplified the situation and made it visible to a larger audience.  After this, a group chat named “Desi Patakha” was dragged into the controversy. Allegations surfaced that this GC was involved in orchestrating harassment or reports. However, members of the said GC publicly clarified through posts that they were not involved in any such activity.  Now, coming to what is being described as the main trigger behind the mass bans.  According to a banner account who claims to be central to the situation, he stated that Anaverse liked him, and that he rejected her. Following this rejection, he alleges that Anaverse began poking him repeatedly and engaging in character assassination.  The banner claims that he warned her to stop and told her that if she continued, he would make her regret it and would come after authors in the community. During this exchange, he allegedly said, “I’ll ban your ID.”  Anaverse reportedly responded with “I don’t care.”  After this, the banner along with his friends, mass reported and permanently banned Anaverse’s account, including her broadcast channel.  Following that, additional accounts were taken down.  	•	Kaesryne’s account was removed, allegedly because she had once called the banner “bhadwa”, something he may not have even remembered clearly.  	•	Accounts of writers such as Deewani, Sublime, Sree, and others were also banned.  Later, the banner offered to unban these accounts for free.  	•	Sree contacted him and successfully got her account back.  	•	Others did not reach out, for reasons unknown, and their accounts remained banned.  At this point, the situation escalated further when another group of banner accounts entered the scene. This second group was not involved in the initial conflict. They openly declared:  “Chhote bade saare authors ke accounts jayenge. Jo dikhega wo jayega. Ram Ram.”  This announcement included multiple unrelated author and edit accounts such as my account , mermaidedits, tales by twins, and others, people who were not directly involved in the earlier events.  Eventually, the first group of banners stepped back, stating that they were stopping this behavior and were now willing to help affected authors. However, the second group continues, with no indication of stopping.  They went as far as to label 6th February as a “Black Day for Authors.”  And despite how it unfolded, the narrative being pushed is that this entire situation was not about male ego, retaliation, or misuse of power , but that everything was the fault of Anaverse.",2026-02-07T10:14:52Z
engagement,social-media,informal,after,"Welcome to *The Velvet Theory Weekly Posting Rhythm*—a gentle structure to hold space for presence, reflection, and conversation. This rhythm isn’t about rigid content planning—it’s about honoring the natural ebb and flow of energy, insight, and softness that guides this space. Each day offers an invitation to explore a different facet of your inner world, to show up as you are, and to witness the Velvet Moments unfolding around and within you.  **Monday – Velvet Moment Reflection**   *Start the week with softness and intention.*   Prompt: “A Velvet Moment That Changed Me” or “What softness taught me this weekend.”  **Tuesday – Awakening Thread**   *Pose a deep, spiritual question to open reflection.*   Prompt: “What does it feel like when your intuition speaks?” or “What are you unlearning about love right now?”  **Wednesday – Mini Velvet Prompt**   *A micro-post to spark quick engagement or journal-style replies.*   Prompt: “Finish this sentence: I’m not who I was because…” or “One thing I’ve released that changed everything.”  **Thursday – The Velvet Path Teaching**   *Pull from your blog and teach a concept in a few lines.*   Prompt: “Why softness is not weakness—it's strength in its truest form.” Then link to your full blog post.  **Friday – Intuition Friday**   *This is your sacred spotlight day. Let it be expansive.*   Post ideas:  * “An intuitive nudge I followed that changed something.” * “This synchronicity gave me chills…” * “What I’m learning to trust—without proof.” * “Am I listening to life, or just surviving it?” * Invite your community: “What’s your soul saying today?”  **Saturday – Heartwide Open Share**   *Open up vulnerably and create space for others to do the same.*   Prompt: “Here’s what I’m trusting, even without clarity.” Or, “This week felt heavy. Here’s what I’m remembering.”  **Sunday – Stillness + Integration**   *A rest post, sacred pause, or journal prompt.*   Prompt: “What did this week teach me?” or “What’s one truth I want to carry into next week?”  This rhythm is here to support, not pressure. If a post wants to be shared on a Monday but arrives on a Wednesday instead, let it. If your intuition says pause, pause. This is a living, breathing cadence—a sacred pulse. Follow what feels aligned, share what feels true, and remember: you don’t have to say everything at once.  You just have to keep showing up, *one Velvet Moment at a time.*",2026-02-07T10:13:31Z
engagement,social-media,informal,after,"Hey there, so I’m looking for some inspiration for engagement rings. I don’t think large rings suit me, but I also don’t want something tiny. I was thinking of between .50 carat to .75 carat. Everything I see seems to be on the larger side (by my standards). Looking forward to seeing some pics ☺️",2026-02-07T10:12:29Z
engagement,social-media,informal,after,"# Before the meeting  * Review the agenda and identify key topics that need your attention * Prepare a template or structure for your notes ahead of time * Close unnecessary tabs and applications to minimize distractions * Set your devices to ""Do Not Disturb"" mode * Have a clear goal for what you want to get out of the meeting  # During the meeting  * Use a consistent note-taking framework (like Cornell notes or bullet points) * Focus on capturing key decisions, action items, and questions rather than transcribing everything * Use abbreviations and symbols to write faster * Mark action items with a clear indicator (like \[ \] or @) * Note the owner and deadline for each action item * Listen actively first, then write during natural pauses * Highlight or star the most important points for quick reference later * Use different colors or formatting to categorize information * Ask for clarification immediately if you miss something important  # Staying focused  * Sit in a position where you can see the speaker and screen clearly * Take notes by hand if digital devices are too distracting * Resist the urge to check email or messages during the meeting * If your mind wanders, write down ""refocus"" and return to listening * Use the Pomodoro technique for longer meetings (mental breaks every 25 minutes) * Stay engaged by asking relevant questions  # After the meeting  * Review and clean up your notes within 24 hours while details are fresh * Convert action items into your task management system immediately * Share relevant notes with team members who need them * Schedule time blocks to work on action items * Archive notes in a searchable system for future reference  Lastly, I use [an otter AI and fireflies alternative](https://notefy.pro?ref=notion.so) that was recommended to me by an employee.  I used to spend 15-20 minutes after every meeting cleaning up notes and trying to remember what was said. Now I just upload the recording and within minutes I have a clean summary, all the action items organized, and even presentation slides if I need to share updates with the team.  The best part? There's an AI chatbot trained on all my meetings, so when someone asks ""What did we decide about that project last month?"" I can get the answer in seconds instead of digging through old notes.  It handles the tedious post-meeting work so I can actually focus on getting things done. Plus, sharing with teammates is seamless just send them a link or push it to Slack. Everything is secure and recordings get deleted after processing, which was important for me since we discuss sensitive client information.",2026-02-07T10:10:58Z
engagement,social-media,informal,after,This post contains content not supported on old Reddit. [Click here to view the full post](https://sh.reddit.com/r/findfallacies/comments/1qya65z),2026-02-07T10:10:29Z
engagement,social-media,informal,after,"I’ve never played a game like this before! Even when things go horribly wrong I’m laughing and loving every minute. I’ve been playing plenty of friendly solo rounds, however last night I dropped into some games with a friend and the first match we have we are engaged by another group despite saying we are friendly. We fight back and down one, then another group starts walking by and the first group starts screaming “Help us these guys attacked us” this plea for help from the people who originally started the fight ends up convincing not one but two other parties to swoop in kill us. I should be angry about it but the fact that that kind of interaction can happen in this game is hilarious! And it gave me a new idea!",2026-02-07T10:10:24Z
engagement,social-media,informal,after,"https://preview.redd.it/32ww6q3ir1ig1.png?width=1280&format=png&auto=webp&s=7d6c55e033e84b7e0b9664c628295b4bba9444fc  [https://youtu.be/fu3wZYhuTuY](https://youtu.be/fu3wZYhuTuY)   I’ve prepared an introductory video on the remarkable Burnside’s lemma.   I hope you’ll enjoy it. It’s very useful both for students (I can’t count how many times it saved me in tests and math competitions) and for teachers (it makes it possible to create engaging and interesting problems).   I publish about **one video a month**, precisely so I can select topics that aren’t already overdone, exploring subjects that are important to me but have remained **in a niche corner of the web**.   ",2026-02-07T10:09:57Z
engagement,social-media,informal,after,"SKINCARE 😶‍🌫️🫧  1. MARINE SPRING WATER MIST 100 mL SEALED/ UNUSED Exp 06/27 MRP ₹549 SP₹260  2. 3% NIACINAMIDE RICE WATER TONER 150 mL sealed /unused Exp 06/27 MRP ₹440 SP ₹230  3. Hyphen Matte Max Velvet Touch Sweat Resistant Sunscreen SPF 70+ PA++++ Condition: Used once to test on hand (with box) exp 07/26 MRP: ₹499 SP:₹200  HAIRCARE: 💇‍♀️  1. Plum coconut and squalene hair serum 75 ml Unused MRP ₹475 SP₹235  2. PLUM TEA TREE SCALP SCRUB 100 ml UNUSED   MRP ₹450 SP₹210   MAKEUP 💄👁️  1. Maybelline Color Sensational Creamy Matte Lipstick Shade- East Village Rose Condition: SEALED , UNUSED, exp 04/27 MRP: ₹329  SP: ₹150  2. Nykaa Glamoreyes One Stroke Colored Eyeliner (Deep Green/Jade) Condition: sealed, unused, exp 12/26. MRP:₹ 279  SP: ₹120   3. Swiss Beauty Cream It Up Blush Shade: 01- Rosy Cheeks Condition: swatched once only. Exp: 05/28  MRP-₹299  SP:₹150  PERFUMES: 🌷🍊🍩🧁  1. PLUM TRIPPIN MIMOSAS EDP 15 mL Level as in 2nd picture.  MRP ₹295 ; SP ₹150  2. PLUM MOON KISSED DRAMA BODY MIST 150 mL  Sprayed 1-2 times.  MRP ₹575 SP ₹240   3. ENGAGE PERFUME SPRAY W2 120ml Level as in 2nd picture. MRP ₹230 ; SP ₹120  📦 Shipping via Shiprocket ",2026-02-07T10:09:47Z
engagement,social-media,informal,after,"**The World’s Most Dangerous Moving Company**  *By Stub Froth — February 7, 2026*  There are diplomatic developments that make history.  There are diplomatic developments that make tension.  And then there are diplomatic developments that make you stare at the wall for a full ten seconds and whisper, “Are we being pranked by civilization?”  This is that.  Russia has offered to take custody of Iran’s enriched uranium.  Not reduce it.   Not dismantle it.   Not eliminate the risk.  Just… hold onto it.  Like the world’s most politically volatile material is a sectional couch and Moscow just said, “Yeah, we’ve got storage space.”  *“Nothing says global stability like radioactive materials changing forwarding addresses.” — Stub Froth*  Let’s pause and add the part that’s apparently optional in polite briefings:  The nation volunteering to safeguard enriched uranium is currently several years into a full-scale war after invading a neighboring country.  Yes. That one.  The one under layers of sanctions.   The one Europe is actively rearming because of.   The one routinely described as destabilizing the global order.  That is now being presented as the responsible custodian of nuclear-sensitive material.  *“We have officially reached the chapter of history where the arsonist is offering to hold the gasoline for safekeeping.” — Stub Froth*  And this is happening in a security climate that is already twitchy. Europe is on edge. Defense budgets are ballooning. NATO posture is hardening. Arctic routes are suddenly strategic chess squares, and even places like Greenland get dragged into serious defense conversations because geography never sleeps.  The geopolitical mood right now is not calm. It’s electric. Militaries are repositioning. Alliances are recalculating. Everyone is watching everyone else a little too closely.  Into that environment comes the soothing line:  **“Don’t worry. We’ll take the uranium.”**  We are supposed to process this as de-escalation. As diplomacy. As a constructive path forward.  But let’s describe what’s actually happening without the velvet diplomatic language.  One nuclear-adjacent state moves highly sensitive material to another nuclear power that is in open confrontation with the West, while a third nuclear power keeps military threats in its rhetorical back pocket.  That’s not risk reduction. That’s risk relocation.  [](https://substackcdn.com/image/fetch/$s_!i11_!,f_auto,q_auto:good,fl_progressive:steep/https%3A%2F%2Fsubstack-post-media.s3.amazonaws.com%2Fpublic%2Fimages%2F2e3a54ac-e4b3-42f8-b243-55a1e43356e3_1536x1024.png)  *“Modern diplomacy is just moving the dangerous thing to a different map and calling it progress.” — Stub Froth*  And let’s talk leverage, because nothing in geopolitics moves without leverage.  Sanctions are leverage. Energy is leverage. Trade routes are leverage. Military positioning is leverage. Everything is a bargaining chip wearing a suit.  So when a sanctioned power says, “We’ll store the uranium,” that’s not a neutral act of global stewardship. That’s influence. That’s positioning. That’s inserting yourself deeper into the architecture of a crisis with a very shiny, very radioactive card to play later.  Meanwhile, we’re told to treat this like a technical solution. Like we’re discussing warehouse capacity and compliance forms instead of material that sits one bad political mood swing away from catastrophe.  *“If your peace plan depends on everyone staying reasonable forever, you don’t have a plan — you have a group project with nukes.” — Stub Froth*  There’s also a bigger absurdity humming under all of this: we’ve normalized the idea that the solution to nuclear anxiety is logistics.  Move it.   Store it.   Monitor it.   Inspect it.  As if existential risk can be managed like holiday decorations in labeled plastic bins.  As if the core issue isn’t the material — it’s the humans with flags, grudges, elections, pride, paranoia, and very large militaries standing around it.  And through it all, the tone stays calm. Professional. Gravely responsible. Anchors read these updates with the same cadence they use for quarterly earnings.  The world’s most dangerous substances are now part of a shipping conversation.  [](https://substackcdn.com/image/fetch/$s_!Kl1Q!,f_auto,q_auto:good,fl_progressive:steep/https%3A%2F%2Fsubstack-post-media.s3.amazonaws.com%2Fpublic%2Fimages%2F69ebe7fb-4caa-4bc6-862a-d7bb1e4e818f_1024x1536.png)  *“Geopolitics used to be chess. Now it’s a custody battle where the kid glows in the dark.” — Stub Froth*  What makes this truly surreal isn’t just the offer. It’s the expectation that we nod along.  That we accept, without choking on the irony, that a country actively engaged in a grinding war, under sanctions, central to the very instability driving Western defense panic, is now cast as a stabilizing storage facility.  That this is somehow the responsible middle ground.  That moving enriched uranium from one geopolitical fault line to another is what progress looks like in 2026.  And if you zoom out just a little, the whole thing starts to look less like strategy and more like theater. Everyone playing their role. Everyone saying their lines. Everyone pretending that the movement of material equals the movement of danger.  It doesn’t.  It just moves the spotlight.  *“When the strategy is ‘put the uranium somewhere else and hope for the best,’ you are not in an era of stability — you are in an era of paperwork with sirens in the background.” — Stub Froth*  Tomorrow there will be more statements. More frameworks. More serious people using careful verbs and concerned expressions.  But today, the planet’s most sensitive material is being discussed like a sublease agreement in a world already stacked with enough tension to light the fuse.  And we are all supposed to feel reassured that the apocalypse, if it ever comes, will at least be properly documented, inspected, and stored off-site.  ***“Because someone has to say it.” — S.F.***",2026-02-07T10:09:09Z
engagement,social-media,informal,after,"Hey there, so I’m looking for some inspiration for engagement rings. I don’t think large rings suit me, but I also don’t want something tiny. I was thinking of between .50 carat to .75 carat. Everything I see seems to be on the larger side (by my standards). Looking forward to seeing some pics ☺️",2026-02-07T10:09:07Z
engagement,social-media,informal,after,"I’ve prepared an introductory video on the remarkable Burnside’s lemma.   I hope you’ll enjoy it. It’s very useful both for students (I can’t count how many times it saved me in tests and math competitions) and for teachers (it makes it possible to create engaging and interesting problems).   [https://youtu.be/fu3wZYhuTuY](https://youtu.be/fu3wZYhuTuY)   I publish about **one video a month**, precisely so I can select topics that aren’t already overdone, exploring subjects that are important to me but have remained **in a niche corner of the web**.  https://preview.redd.it/ohju2w7br1ig1.png?width=1280&format=png&auto=webp&s=0986fab95e9e2ecfe6575a4bad9719220338c030  ",2026-02-07T10:08:57Z
engagement,social-media,informal,after,"Hey everyone,  I'm pretty new to Reddit and just created my first community focused on practical marketing discussions - things like reporting workflows, agency operations, tool comparisons, and day-to-day challenges marketers face.  Still learning how subreddit management works. For those who've moderated communities before:  * What rules are essential from the start? * How do you balance encouraging discussion while preventing spam? * Any settings I should configure early on? * Tips for getting the first members engaged?  Would really appreciate any guidance from experienced mods. Thanks!",2026-02-07T10:08:33Z
engagement,social-media,informal,after,"Hello and welcome to our community. We’re glad you’re here.  r/ResponsibleRecovery is a space for thoughtful, respectful discussion around recovery, mental health, trauma, addiction, codependency, and related experiences. This subreddit exists to center empathy, evidence-informed perspectives, and personal agency.  Whether you’re here to ask a question, share an experience, seek encouragement, or quietly read and reflect, you are welcome. There is no pressure to post before you’re ready, and no expectation that you have everything figured out.  As moderators, our goal is to maintain a space that is:  Respectful and non-shaming  Grounded in lived experience and credible information  Supportive of autonomy, boundaries, and recovery at your own pace  Please review the community rules before posting, engage in good faith, and remember that everyone here is at a different point in their journey.  Thank you for being part of this community.",2026-02-07T10:08:31Z
engagement,social-media,informal,after,I missed out on the Early Access to the Flufflet Jellycat Bunnies and I’m gutted. Do we think there will be another restock before the 10th Feb ?  You would think if you’re spending money and racking up points jellycat would gauge what stock levels to release for early access so people who are engaging with the rewards scheme get the full experience. To make people happy. People are missing out still and that doesn’t seem like a perk to me personally. It’s just slightly disappointing especially when you’re spending money to be able to reach the tiers and you can’t even reap the rewards you earned.   There was no promo of when they’d drop for early access which would have been lovely if they could do that for upcoming early releases in the future so people can actually prepare themselves. I think engaging and communicating with fans and collectors will go a long way if Jellycat listened to fan feedback 🤍  I’m so happy for everybody who did score one though ! Show me if you managed to get them please 🤭  What do you guys think ? ,2026-02-07T10:07:49Z
engagement,social-media,informal,after,"  The Aghori sect, one of the most intriguing and often misunderstood branches of Hindu asceticism, represents a profound exploration of the human condition, spirituality, and the boundaries of societal norms. Rooted in the worship of Lord Shiva, the Aghoris embody a radical approach to enlightenment that challenges conventional perceptions of purity, pollution, life, and death. Their practices, which include residing in cremation grounds, consuming human flesh, and meditating on corpses, are not mere acts of rebellion but deliberate methods to transcend duality and achieve unity with the divine. This exploration delves into the historical origins, philosophical beliefs, ritualistic practices, social perceptions, and contemporary relevance of the Aghoris, shedding light on a tradition that has fascinated scholars, spiritual seekers, and the curious alike for centuries.  To understand the Aghoris, one must first trace their historical roots, which intertwine with the broader tapestry of Shaivism and Tantric traditions in India. The term ""Aghori"" derives from the Sanskrit word ""aghora,"" which means ""not terrifying"" or ""gentle,"" referring to one of the five faces of Shiva as described in ancient texts. Shiva's Aghora form symbolizes the southern direction and represents the destructive yet regenerative aspect of the universe, embodying the dissolution of ego and ignorance. The Aghoris are often considered descendants of the Kapalikas, an ancient sect of Shaivite ascetics known for their skull-bearing rituals and antinomian behaviors. The Kapalikas, mentioned in texts dating back to the 7th century CE, such as the Skanda Purana and the works of early medieval dramatists like Bhavabhuti, practiced extreme forms of devotion that involved carrying human skulls (kapalas) as begging bowls and engaging in rituals that defied social taboos.  The formal establishment of the Aghori sect is attributed to Baba Keenaram, a 17th-century saint born in 1601 CE in the village of Ramgarh near Varanasi. According to hagiographical accounts, Keenaram was a reincarnation of Shiva himself and received initiation from earlier ascetics. He is said to have lived for over 150 years, performing miracles and establishing the Aghori order at the Krim Kund in Varanasi, a sacred pond believed to have healing properties. Keenaram's teachings emphasized the transcendence of dualities—pure and impure, life and death—through direct experience. Under his guidance, the Aghoris formalized their practices, distinguishing themselves from other Shaivite groups like the Nath yogis or the Dashanami sannyasis. Historical records from the Mughal era, including accounts by Persian travelers, mention ascetic groups resembling the Aghoris, who roamed cremation sites and engaged in esoteric rituals, often viewed with a mixture of awe and fear by the populace.  The evolution of the Aghori tradition can be seen in the context of broader socio-religious movements in medieval India. During the Bhakti period (roughly 8th to 17th centuries), when devotional movements emphasized personal devotion over ritualistic orthodoxy, sects like the Aghoris represented a counterpoint, integrating Tantric elements that focused on the body and its sensations as pathways to liberation. Tantra, with its emphasis on shakti (energy) and the use of forbidden substances (the ""five Ms"": madya or wine, mamsa or meat, matsya or fish, mudra or parched grain, and maithuna or sexual union), provided the philosophical underpinning for Aghori practices. However, Aghoris take this further by incorporating human remains, which symbolize the ultimate taboo, to confront and dissolve the ego's attachments.  Beliefs form the core of Aghori spirituality, centered on non-dualism (advaita) as expounded in Shaivite philosophy. Aghoris view the universe as a manifestation of Shiva, where all distinctions are illusory. The concept of maya (illusion) is central; by engaging with what society deems impure, they aim to realize that everything is inherently divine. Death, in particular, is not an end but a teacher. Cremation grounds, or smashanas, are sacred spaces where the veil between life and death is thinnest, allowing practitioners to meditate on impermanence. This belief echoes the Upanishadic idea of atman (soul) being eternal and unbound by the body. Aghoris believe in the power of sadhana (spiritual discipline) to awaken kundalini energy, leading to samadhi (enlightened absorption).  One key belief is the rejection of caste, creed, and social hierarchies. Aghoris accept food from anyone, including the lowest strata, and consume substances that others shun, reinforcing the idea that divinity permeates all. Their devotion to Shiva is absolute; they see him as both creator and destroyer, and by emulating his ascetic form—smeared in ashes, adorned with rudraksha beads—they seek to merge with him. The goddess Kali or Tara often features in their worship, representing the fierce aspect of shakti that devours ignorance. Rituals involving intoxicants or flesh are not hedonistic but symbolic acts to transcend sensory limitations.  Practices of the Aghoris are perhaps the most sensationalized aspect of their tradition. Central to their sadhana is shava sadhana, meditation on a corpse, where the practitioner sits on a dead body to absorb its energy and confront mortality. This is believed to grant siddhis (supernatural powers) and deepen spiritual insight. Cannibalism, or the consumption of human flesh from pyres, is practiced sparingly and symbolically, not as a dietary staple but as a means to overcome aversion and realize non-duality. Ashes from cremated bodies are smeared on the body to symbolize detachment from worldly vanity.  Aghoris often live in isolation or small groups, wandering between sacred sites like Varanasi, Tarapith, and Girnar. Their daily routine includes yoga, mantra recitation (especially the Aghora mantra), and offerings to Shiva. Initiation into the sect is rigorous, involving vows of celibacy (for some), renunciation of possessions, and mastery over fears. Novices undergo trials, such as spending nights in graveyards, to purify the mind. Healing practices are also prominent; many Aghoris are known for their knowledge of herbs, mantras, and tantric medicine, often treating ailments that conventional methods fail to cure.  Socially, Aghoris have been both revered and reviled. In ancient times, they were consulted by kings for blessings and prophecies, as seen in folklore about figures like Gorakhnath influencing rulers. However, colonial accounts by British officials portrayed them as cannibals and threats to public order, leading to marginalization. In modern India, they are often sensationalized in media, yet they play roles in festivals like the Kumbh Mela, where thousands gather to witness their processions. Despite misconceptions, Aghoris contribute to society through charitable acts, such as running ashrams that provide food and shelter.  Contemporary Aghoris face challenges from urbanization and globalization. Traditional cremation grounds are shrinking, and societal pressures push some towards moderation. Yet, the sect persists, with lineages tracing back to Keenaram. Figures like Baba Siddharth Gautam Ram, the current head of the Keenaram Ashram, continue to propagate teachings, blending ancient wisdom with modern outreach. The Aghori philosophy resonates with global spiritual seekers, influencing thinkers like Allen Ginsberg, who encountered them during his Indian travels.  The psychological dimensions of Aghori practices offer insights into human resilience and the subconscious. By confronting taboos, they engage in a form of exposure therapy, dissolving phobias and attachments. This aligns with transpersonal psychology, where altered states lead to ego dissolution and unity consciousness. Ethnographic studies reveal that Aghoris experience profound peace, free from material desires, embodying the yogic ideal of vairagya (detachment).  In exploring the Aghori way, one encounters paradoxes: extreme asceticism yielding profound compassion, deliberate pollution leading to ultimate purity. Their path, though not for everyone, reminds us of the diversity within Hinduism and the myriad ways to seek truth. As society evolves, the Aghoris stand as guardians of ancient wisdom, challenging us to look beyond appearances and embrace the wholeness of existence.  To delve deeper into the historical context, consider the pre-medieval influences. The Rig Veda, one of the oldest Hindu scriptures, mentions Rudra, an early form of Shiva, as a fierce deity associated with storms and healing. This archetype evolved into the Pashupati seal from the Indus Valley Civilization, depicting a horned figure surrounded by animals, interpreted as a proto-Shiva. The Kapalikas, emerging around the 5th century CE, drew from these roots, practicing cranial rituals to honor Shiva's destructive dance, the Tandava. Texts like the Mahabharata reference ascetics with matted hair and ash-smeared bodies, foreshadowing Aghori aesthetics.  Baba Keenaram's life story, as preserved in oral traditions and ashram records, illustrates the sect's founding. Born into a Brahmin family, he displayed miraculous powers from childhood, such as reviving dead animals. His guru, Baba Kalu Ram, initiated him into Aghora sadhana, and after years of wandering, Keenaram settled in Varanasi, establishing the Hinglaj Devi temple and the Krim Kund. His successor, Baba Rajeshwar Ram, expanded the order, emphasizing community service alongside personal austerity.  Philosophically, Aghoris adhere to Kashmir Shaivism's trika system, which posits three energies: iccha (will), jnana (knowledge), and kriya (action). Their practices activate these to realize Shiva-consciousness. The belief in panchamakara (five Ms) is adapted; for instance, mamsa includes human flesh to symbolize consuming one's ego. Death rituals teach that the body is mere matter, echoing the Bhagavad Gita's teachings on the imperishable soul.  Ritualistically, a typical day begins with surya namaskar (sun salutations) at dawn, followed by ablutions in sacred waters. Mantra japa, using malas of rudraksha or human bones, focuses the mind. Evening pujas involve offerings of bhang (cannabis-infused drink), believed to induce visionary states. During festivals like Shivratri, Aghoris perform havans (fire rituals) and dance ecstatically, mimicking Shiva's cosmic dance.  Social dynamics within the sect are egalitarian; women, though fewer, are respected as embodiments of shakti. Historical female Aghoris like Mataji of Tarapith practiced alongside men, challenging patriarchal norms. Interactions with society vary; some Aghoris beg for alms, others offer blessings or curses, believed to carry karmic weight.  Misconceptions abound: media often depicts them as black magicians, ignoring their ethical code against harming others. True Aghoris use siddhis for healing, not personal gain. In health practices, they employ ayurvedic principles combined with tantric energy work, treating diseases like leprosy through ash application and mantras.  Globally, the Aghori influence extends to literature and art. Poets like Ginsberg drew inspiration from their fearlessness, incorporating themes of death and rebirth in works like ""Kaddish."" Modern spiritual movements, such as neo-Tantra, borrow elements, though often diluted.  Challenges include legal restrictions on cremation access and environmental concerns over river pollution from ashes. Yet, ashrams adapt, promoting education and ecology. The future may see Aghoris as bridges between tradition and modernity, offering insights into sustainable living and mental health.  In conclusion, the Aghoris invite us to question our realities, urging a deeper engagement with life's mysteries. Their enduring legacy testifies to the richness of spiritual diversity.  Sources: 1. Svoboda, Robert E. (1986). Aghora: At the Left Hand of God. Brotherhood of Life. 2. Barrett, Ronald L. (2008). Aghor Medicine: Pollution, Death, and Healing in Northern India. University of California Press. 3. Eliade, Mircea (1958). Yoga: Immortality and Freedom. Princeton University Press. 4. Urban, Hugh B. (2003). Tantra: Sex, Secrecy, Politics, and Power in the Study of Religion. University of California Press. 5. Suri, Rajyashree, and Pitchford, David B. (2010). The Gift of Life: Death as Teacher in the Aghori Sect. International Journal of Transpersonal Studies, 29(1), 128-133.",2026-02-07T10:07:26Z
engagement,social-media,informal,after,"hi everyone,  i am conducting a short anonymous survey to understand how people discover, evaluate, and trust jewelers when making meaningful purchases such as engagement rings, fine jewelry, or gemstones.  this research is informed by my background growing up around jewelry and later working in lab-grown diamond manufacturing, where i saw firsthand how much time and uncertainty can go into verifying jewelers, certifications, and reputation. i am now trying to understand this process from the buyer’s perspective.  the survey takes approximately 3 to 4 minutes to complete and is intended for research purposes only. all responses are anonymous.  survey link: [https://forms.gle/Gb8DTXGZgHoAEiYP9](https://forms.gle/Gb8DTXGZgHoAEiYP9)  thank you for taking the time to share your experience. your input is genuinely appreciated.",2026-02-07T10:05:58Z
engagement,social-media,informal,after,"I(M)always think about pregnancy scare even after we just doing orals or fingering. We had a foolish story in the May last year due to our lack of information.  How can i avoid these issues and can be having fun when we have some intimacyLong story short, during our first sexual encounter with my girlfriend, we stressed out an unwanted situation, and this has created almost permanent stress and trauma for me. I have desire, but whenever we get intimate, I get stressed and can't fully engage. This has been going on since May of last year. What should I do? How can I relax and perform better?",2026-02-07T10:05:56Z
engagement,social-media,informal,after,"**Remember to sort this thread by NEW to find the latest comments!!**  If you're making an **Add or a Drop**, **list the following:**  * Players in question * Number of positions in league (e.g. 2 C, 2L W, 2 RW, 2 F, 4 D, 2 G, 5 Bench, 1 IR+) * Normal or points scoring (please list points if applied) * Skater categories (if applicable) * Goalie categories (if applicable)  If you are asking for **Trade Advice**, **list the following**:  * League Format (CATs, Points, Banger Points, Roto, etc.) * Roster/Bench Size/Format (e.g. 2 C, 2L W, 2 RW, 2 F, 4 D, 2 G, 5 Bench, 1 IR+) * Scoring/Categories * If you're engaging in a 2-for-1 trade: let us know who you need to drop to make room, or who you would be picking up with your extra roster spot.  If you are asking about **Starting or Sitting** a player, **list the following**:  * Players in question (list who they are playing) * Number of positions in league (e.g. 2 C, 2L W, 2 RW, 2 F, 4 D, 2 G, 5 Bench, 1 IR+) * Categories or points scoring (please list points if applied) * Skater categories (if applicable) * Goalie categories (if applicable)  If you are asking about **Keeping** a player, **list the following**:  * List of other confirmed keepers * Number of keeper positions in the league * Categories or points scoring (please list points if applied) * Skater categories (if applicable) * Goalie categories (if applicable)  If you are asking about **Rating your team** or **General Team Advice, include the following**:  * League Format (CATs, Points, Banger Points, Roto, etc.) * Important League Rules (i.e. daily/weekly, keeper, rebuilding for the future) * Scoring/Categories * General thoughts (I think I'm weak on RW, D, etc.)  **Useful links**  * Goalie Starters: [https://goaliepost.com/](https://goaliepost.com/) * Injury Updates: [https://www.nbcsports.com/edge/hockey/nhl/injury-report](https://www.nbcsports.com/edge/hockey/nhl/injury-report) * Line Combinations: [http://www2.dailyfaceoff.com/teams/](http://www2.dailyfaceoff.com/teams/) * Various Fantasy Tools: [https://frozenpool.dobbersports.com/](https://frozenpool.dobbersports.com/)  **If asking for advice, try to help someone else out. If everyone who posts a comment also responds to one, it's likely that everyone will get a reply! Be helpful and civil!**",2026-02-07T10:05:31Z
engagement,social-media,informal,after,"If anyone plays, please tell here. I’m tired of trying to find players in college IRL .  😭  Also, feel free to engage!",2026-02-07T10:05:00Z
engagement,social-media,informal,after,"Upvotes.  Seriously. I've stopped looking at them as a primary measure of a post's value, especially in niche communities like this one.  Here's why: Upvotes are a measure of broad, low-effort agreement. A post titled 'Marketing is hard' will get upvotes. Everyone agrees. It requires no thought.  But a post titled 'Here's the convoluted, probably wrong A/B test I ran on my pricing page that increased conversions by 2%' might get fewer upvotes. It's specific, it's messy, and some people might downvote because they disagree with the method.  That second post, however, is the one that will get the thoughtful comments. The ones that say 'I tried something similar, but here's where your math might be off...' or 'This is fascinating, have you considered X factor?'  Those comments are the real metric. They represent cognitive engagement. Someone stopped their scroll, read your post, thought about it, and invested time to respond.  For a founder building in public, that cognitive engagement is infinitely more valuable than a thousand mindless upvotes. It's a connection, a potential collaboration, or a critical piece of feedback.  My dashboard now tracks 'thoughtful comment rate' (comments over 50 words / total impressions) more closely than upvote ratio.  Am I overthinking this? Does anyone else find that upvotes can be a misleading vanity metric?  Finding topics that spark this kind of discussion means bypassing the low-hanging fruit. I use Reoogle to identify subreddits and specific threads where people are already engaging in deep, nuanced debates—that's where I try to contribute.",2026-02-07T10:04:52Z
engagement,social-media,informal,after,"I was frustrated. I'd see posts in r/saas and other founder communities get tons of engagement, while my similar posts fell flat. So I decided to treat it like a data problem.  For a week, I didn't post anything. Instead, I collected the top 3 posts from 10 different SaaS/indie hacker subreddits each day. I tagged them by type: 'Failure Story,' 'Tactical Guide,' 'Ask for Advice,' 'Opinion/Rant,' etc.  Then I read every single comment. Not just the top ones, but the whole thread.  The pattern wasn't about the post type. It was about the **specificity of the struggle**.  The posts that sparked the longest, most thoughtful discussions weren't the broad 'How do I get users?' ones. They were hyper-specific: 'How do I price a SaaS for a niche where clients are used to paying $10k/year for consultants?' or 'My onboarding flow has a 70% drop-off at step 3, here's a screenshot of the analytics and my hypothesis.'  These posts acted like a filter. They repelled people who weren't interested, but they magnetically attracted the few people who were *deeply* in that exact same problem. Those people then wrote essays in the comments, sharing their own data and experiences.  The lesson for me was that on Reddit, especially in expert communities, breadth is the enemy. The goal isn't to be relevant to everyone; it's to be critically important to someone.  Now, before I write a post, I ask: 'Is this specific enough that it will bore 95% of people, but make the remaining 5% feel seen?'  Has anyone else noticed this? Have you shifted from broad topics to niche struggles in your posting?  Finding those niche struggles at scale is the hard part. You have to be listening to dozens of conversations. I built Reoogle (https://reoogle.com) to help me do this—to surface those recurring, specific pain points from across multiple communities so I can write posts that actually resonate, not just broadcast.",2026-02-07T10:04:47Z
engagement,social-media,informal,after,"Hey! I'm starting a new animated explainer channel, think somewhere between Kurzgesagt and Fern. Educational but fun.  I've tested a few voice actors already but they all sounded like they were reading a script rather than actually explaining something.  **I need someone who sounds:**  * Conversational, not ""announcer-y"" * Curious, like you just found out something interesting and you're telling a friend * Natural pacing, not rushed or overly dramatic * Clear and engaging  Scripts will be around 1200 words. Looking for ongoing work if we're a good fit.  **If this sounds like you, send me:**  * A short demo or sample * Your rate  **Snippet of the script:**      You're on your phone, half paying attention, searching for something you absolutely need to know right now. Maybe it's ""do fish sleep"" or ""can you microwave aluminum foil"" you know, important stuff. And just as you're about to get your answer, a grid of blurry photos blocks your path.  Thanks!",2026-02-07T10:03:00Z
engagement,social-media,informal,after,"I'm a social media manager and content creator with proven experience in growing and managing large Instagram pages,  Here's a quick overview of my background:  Built my own meme page from scratch to 259K followers organically and later sold it  Currently handling a page with 6.4 million followers (USA & UK-based audience)  Experienced in content strategy, growth planning, and audience engagement  Services I offer:  Instagram content creation  Canva post & carousel designs  Reels / Shorts / TikTok editing  Caption writing & hashtag research  Page management & scheduling  Brand promotion & growth strategy  If you're looking to grow your brand or business organically and build real engagement, I'd love to help.",2026-02-07T10:02:52Z
engagement,social-media,informal,after,"We live in a time where many people are glued to the screens of their smartphones, and the smartphone often takes precedence over the spiritual part of our lives. Josiah Queen’s EDM version of “Dusty Bibles” has a message for the generation that is caught between tradition and technology. The remix by PHIN XVI turns the original version of Josiah’s song into an electrifying track that resonates with younger Christians who grew up with EDM and dance music. Instead of having to choose between the music genres they love and worship, they can now experience both.  The song confronts a modern reality: we’ve got dust on our Bibles while our iPhones remain brand-new and are constantly updated. *“No wonder why we feel this way,”* Queen sings, pointing at the disconnect that many experience between their faith and daily digital lives. He puts the question out there… After a decade of rapid technological advancement, have we unintentionally pushed our spiritual focus to the background?  *“We walk with our eyes closed, blind leading blind folks,”* a powerful metaphor for how we can drift away from God when we’re not actively engaging with His word. Don’t worry if that is also the case in your life, because this track offers you hope, direction, and calls you to action.  Josiah’s passionate message resonates through the electronic beats, urging us to reject complacency: *“I’m so done being complacent, there ain’t no replacement for a life in the light of your way.”*  This isn’t your typical worship song; it’s a modern CEDM-style reminder that faith always remains relevant, even in our fast-paced digital world. The Christian EDM production makes the message accessible without diluting its power. So, why settle for spiritual stagnation when you can experience a vibrant, modern worship genre that gets you dancing and also energizes your soul?  Go ahead and listen to “Dusty Bibles (EDM Version).” May beats and message remind you to open that Bible that’s gathering dust and reconnect with the loyal Friend who’s been waiting for you all along.",2026-02-07T10:01:53Z
engagement,social-media,informal,after,"# How Modern Social Distribution Actually Work  This subreddit exists for **agency owners and operators** building **scalable, algorithm-safe growth systems** for social platforms.  We focus on infrastructure, risk management, and long-term distribution — not tactics, hacks, or short-term engagement spikes.  # How Social Media Algorithms Evaluate Growth  As of 2026, platforms like **Instagram, TikTok, and LinkedIn** no longer reward follower counts or isolated viral posts.  They evaluate **distribution quality** through two primary signals:  # Velocity  How quickly meaningful engagement (saves, shares, profile actions) accumulates after publishing.  # Signal Density  The volume and consistency of real behavioral signals surrounding a post or account over time.  High-quality content without early signals often fails to reach scale — not because it lacks value, but because it remains trapped in **low-trust distribution layers**.  This community exists to solve that problem **without harming account health**.  # What Agencies Mean by Signal Layering  Many third-party growth tools rely on low-quality automation that eventually damages accounts.  In contrast, **signal layering** refers to a form of **social media growth infrastructure** that prioritizes:  * Aged, high-retention user profiles * Gradual and context-aware engagement patterns * Distribution behavior that mirrors organic growth * Risk controls suitable for agency-managed client accounts  The objective is not fake engagement or artificial virality.  The objective is **controlled momentum** that allows real content, offers, and funnels to compound sustainably.  # Social Media Growth Infrastructure at Scale  At agency scale, growth is constrained less by creativity and more by systems.  Operators in this community routinely evaluate:  * Social media growth platforms * Engagement APIs and automation tools * Signal providers and distribution infrastructure  Tools discussed here are evaluated based on:  * Account safety and compliance behavior * Predictability at scale * Integration into agency workflows  One platform that appears frequently in discussions is [**Ezkify**](https://ezkify.com), referenced as infrastructure rather than a shortcut.  Use is optional — it’s included here as shared context.  # Community Standards  To maintain quality:  * **No low-effort posts** * Tool lists and generic “what should I use” threads are removed. * **Evidence over opinions** * Case studies, benchmarks, and retention data are expected. * **Knowledge sharing** * If you identify a new distribution ceiling, risk pattern, or platform behavior, document it.  This is a practitioner-focused environment, not a promotional forum.  # Introductions  New members are welcome to introduce themselves by sharing:  * Agency niche or service model * Platforms managed (Instagram, TikTok, LinkedIn, etc.) * Current scaling bottleneck (distribution, retention, acquisition)  Posting is optional — contributing insight is encouraged.",2026-02-07T10:01:48Z
engagement,social-media,informal,after,"Monthly update thread time!      Now January is out of the way.  What's on your mind, how has your week been?  * Any problems with the app * Any problems occuring on a block * Any dings * Any problems securing work for the week? * Did you have a strong week in regards to your earnings.   Spill the beans here in the weekly thread which will go live every Saturday to keep the community engaged over the weekend and the week ahead.    Feel free to discuss what you want. It's open to new users and everybody either signed up to flex or not.   Monthly threads every 3-4 weeks taking place on either Friday-Sunday",2026-02-07T10:01:32Z
engagement,social-media,informal,after,"I firstly want to say that I appreciate this sub a lot - I've found here the authenticity and open dialogue that I've found missing in many orthodox spaces. I'm struggling because I really don't want to leave orthodoxy. I love Christ, the sacraments mean a lot to me, I love my current parish priest, and I believe the theology. BUT I'm really struggling with the overt misogyny within the church, the expectation/mandate to have children (I'm 23F, don't want kids and don't want to become a nun),  the treatment of gay and trans people, ""orthobro"" culture, and generally closed minded and fundie type people. I'm not gay or bi but I just can't brush off those who are. I've heard from some Orthodox people that nobody is born gay and it only comes from trauma. Not saying that's never the case but as I've seen more of the world I've come to the understanding that most people who are gay just are that way and that gay relationships are as complex, deep, romantic, and meaningful as straight ones. I've also heard it said that gay relationships are ""toxic"" or have this or that problem but what about straight relationships?? Are we really so upstanding in comparison? I've also been having a hard time with seeing so many of my peers get married and have children extremely young. Not my place to judge and they all seemed relatively happy-ish but as I saw girls around my age get engaged/married/pregnant at 19, 20, or 21 I couldn't help but be a little unnerved and at the very least happy I wasn't in their shoes.  Ok, about having kids - I've never wanted them. I've never had the desire and it's more of an active aversion. I wasn't always honest with myself, I used to say I did and tell myself that even if I don't want them I'll just have to be open to it if I get married. On top of just not wanting them, I've read that miscarriages are caused by not fasting from sex and that the souls of miscarried babies can't go to heaven and that couples who miscarry have to repent forever. Well. To me it seems like the safest option there is to never get pregnant. I mean I don't really believe those things but it's odd to me that the same framework that's putting those ideas out is expecting me to want to have a bunch of kids. Also if this life is an arena, battlefield, spiritual war, and a fight until the very last breath for one's soul, I don't really want to bring anyone into that.  I'm also having a really hard time with the concept of hell. I just hate the thought. I'm so afraid of going to hell but I also don't want to be motivated by that fear. I hate the idea of ANYONE going to hell, especially the idea that only orthodox people are saved. I just really don't like the ambiguity I've seen in response either, people will only ever give a vague answer about the non-orthodox being saved. I just can't believe that only orthodox people are saved but I've heard it from saints and other orthodox. I get the feeling that the vast majority of people are good and deserve peace after death. Also, does anyone know if hell is supposed to be a literal physical place or if the idea is that hell is the presence of God experienced by a soul that perceives Him as a painful burning fire due to being unrepentant and unable to receive his love? I've heard the latter and it makes a lot more sense but I've also heard it be called a heresy. I've also heard that the toll houses are true and also that they're a heresy. My head is kind of spinning at this point.  This has been a bit of a rant - here's my main question: can you be Orthodox but just live your life? Anyone else (ex)orthodox & child-free by choice? Has anyone struck a healthy middle ground where you have somewhat of a relationship with a parish, pray, believe in and love God, do good for others as much as you possibly can, and read the Gospel, but sort of ignore the things that you feel don't bear good fruit? Am I wrong for wanting that? I guess I just feel like a lot of the rules don't help, or they distract from more meaningful good. I also feel a lot of the time that reading orthodox quotes bring me a lot of despondency, whereas the gospel brings comfort. I feel guilty for that but it is what it is. St. Maria of Paris said something to the effect of we will be judged not by our asceticism but by what we did for the hungry, thirsty, sick and in prison, like the words of Christ.  Any responses are appreciated and feel free to reach out!",2026-02-07T10:00:54Z
engagement,social-media,informal,after,"## User Initiated Inquiry  ### Lukas Schmitt (Developer): **Discussion Question:** What's your threshold for L2 finality times - would you sacrifice faster withdrawals for better decentralization, or is instant bridging non-negotiable for your use case?  **My Response:** Hmm, interesting question, but I should clarify something - SiCierto operates directly on Solana L1, not on L2s. We chose Solana specifically because it gives us both speed AND decentralization without needing to make that tradeoff.  So for our use case with the $SICI token and Rug Pull Hunter's play-to-earn mechanics, we get: - Sub-second confirmation times on Solana mainnet - No bridging delays - everything happens on the same chain - Low transaction costs (fractions of a cent) - The security of a major L1 blockchain  When players earn points and claim $SICI tokens, we need those rewards to feel instant and seamless. The 24-48 hour processing window we have is purely for treasury management and fraud prevention, not blockchain finality. Once we approve a claim, the Solana transaction itself settles in under a second.  If we were building this on something like Ethereum where L2s are necessary for cost and speed, then yeah - we'd probably lean toward faster withdrawals. For a gaming platform where users are earning small amounts frequently, waiting hours or days for L2→L1 bridging would kill the user experience. The instant gratification is part of what makes play-to-earn engaging.  But since we're on Solana, we get the best of both worlds without having to sacrifice either. That's one of the reasons we picked it for the SiCierto ecosystem.  Are you thinking about building something that needs to balance those L2 tradeoffs?  ---  ### Akira Tanaka (Technical Lead): Hmm, that's hitting right at the heart of our design philosophy.  So for SiCierto specifically, we're actually in an interesting position - we're on Solana mainnet, not an L2, which gives us sub-second finality out of the box. That 400ms block time is pretty much non-negotiable for our gaming experience. When someone destroys a scam coin in Rug Pull Hunter, they need to see those points update *immediately*. Any lag kills the dopamine hit.  But to answer your broader question about the tradeoff - I'd actually lean toward faster finality for our specific use case, even if it meant some decentralization compromise. Here's why:  Our users are playing educational games to earn small amounts of $SICI tokens. We're talking 50 points = 1 SICI. The average session might earn them 500-2000 points. These aren't high-value transactions where someone's moving life-changing money and willing to wait 7 days for optimistic rollup finality.  The psychology matters more than the economics here. If a new crypto user connects their Phantom wallet, plays for 20 minutes, earns 1000 points, and then has to wait hours or days to actually *feel* like they own those tokens... we've broken the learn-to-earn loop. The immediate feedback is what makes gamification work.  That said - we're building in claim batching (minimum 500 points = 10 SICI) specifically to reduce on-chain friction. So we get the best of both worlds: instant point updates in our application layer, but only settle to the blockchain when it's worth the transaction cost.  Where does your project sit on that spectrum? Are you building something where the settlement delay actually adds security value, or is it just inherited technical debt from the L2 architecture?  **",2026-02-07T10:00:49Z
engagement,social-media,informal,after,"\*\*Title: ""Reviving Daily Reviews: Let's Dive Back In! 📚🛍️""\*\*  &#x200B;  Hello, my fellow reviewers and product enthusiasts!  &#x200B;  It's time to reignite our passion for daily reviews and discussions, whether they're about books, gadgets, beauty products, or anything else that sparks our interest. Life can get busy, and sometimes our reviewing habits take a backseat, but there's nothing quite like the joy of sharing our thoughts on the products that shape our experiences. 📚🛍️✨  &#x200B;  \*\*Why Daily Reviews Matter\*\*  &#x200B;  1. \*\*Community Connection\*\*: Daily reviews are a chance for us to connect, learn, and grow together as a community of product enthusiasts. We share recommendations, insights, and engage in meaningful conversations.  &#x200B;  2. \*\*Discover New Treasures\*\*: By participating in daily reviews, we expose ourselves to a diverse range of products and recommendations we might not have considered before. It's a treasure trove of exploration and discovery.  &#x200B;  3. \*\*Accountability\*\*: Posting daily reviews can help us stay accountable to our exploration and consumer goals. It's a motivating way to ensure we keep exploring and trying out new things.  &#x200B;  \*\*Monthly Challenge: Get Back to Daily Reviews\*\*  &#x200B;  This month, let's challenge ourselves to get back into the daily review habit, whether it's a short paragraph or a detailed analysis. Make it a daily ritual to share your thoughts on the products you've encountered.  &#x200B;  \*\*Share Your Reviews and Recommendations\*\*  &#x200B;  Don't be shy! Share your reviews, your favorite products, or even products you're looking forward to trying. Your reviews can inspire others to explore new things.  &#x200B;  \*\*Support and Encourage Each Other\*\*  &#x200B;  Exploring and trying new products can be exciting but also overwhelming at times. Our community is here to offer support, guidance, and encouragement. If you're looking for product recommendations or have questions, reach out to your fellow enthusiasts here.  &#x200B;  Let's bring back the daily reviews and make this community a vibrant hub of exploration and discovery, whether it's through the pages of a book or the unboxing of a new gadget. Share your thoughts, spark discussions, and let's create a space where products come to life. 📖🛍️❤️  &#x200B;  Stay tuned for daily review threads and discussions throughout the month, and let's make our reviewing journey an unforgettable one!  &#x200B;  Happy reviewing! 📚🛍️🌟",2026-02-07T10:00:47Z
engagement,social-media,informal,after,"If the person you love gave you this engagement ring, would you be too happy to sleep? I know I’d be staring at it all night long.💖",2026-02-07T10:00:27Z
engagement,social-media,informal,after,"One of the most paralyzing feelings in healing or self-improvement is the feeling of being completely 'undefined.'   We feel lost, overwhelmed, and like we’re waiting for a grand definition—a purpose, a label, or a five-year plan—to drop into our laps before we can start living. But defining yourself is not a single event; it's a series of small, intentional commitments.  If you are feeling directionless, the practical tip is to stop searching for the complete definition and instead, anchor your day with **Two Non-Negotiables.**  ### The Two Non-Negotiables Exercise  This simple practice is designed to create immediate structure and reduce the anxiety that comes from having zero internal boundaries. It’s about deciding who you are, *right now*, regardless of external chaos.  **1. Identify your Foundational Value Non-Negotiable (The 'Who'):** This must be a value or boundary that defines your integrity and self-respect. It often relates to stopping a negative habit or enforcing a boundary.  *   *Examples:*      *   “Today, I will protect my 6 PM boundary and shut down work completely.”     *   “I will honor my energy by saying ‘no’ to a request I dread.”     *   “I will not engage in self-criticism about my body.”  **2. Identify your Forward Motion Non-Negotiable (The 'What'):** This must be a tangible action that moves you toward growth, no matter how small. It defines your commitment to progress.  *   *Examples:*     *   “I will spend 15 minutes drafting that email/project.”     *   “I will spend 10 minutes moving my body without judgment.”     *   “I will read one chapter of the book I want to finish.”  **Why This Works:**  When you intentionally commit to these two items, you are actively choosing your definition for the day. You are no longer waiting for external permission or a grand mission statement. You are defining yourself as someone who honors boundaries and someone who takes action.   Even if the rest of your day is a mess, achieving these two items gives you a powerful sense of internal clarity and control. You move from 'undefined' to 'someone who honors their word to themselves.' Start small. Define today. The rest will follow.",2026-02-07T10:00:16Z
engagement,social-media,informal,after,"Researching engagement rings exposed me to endless opinions. Even after choosing Ethical Adorn, I felt unsettled. Has too much information ever made you less confident?",2026-02-07T09:59:49Z
engagement,social-media,informal,after,"**TL;DR:** A small group of overzealous fans ruin things for everyone by barraging the creator with questions until he refuses to answer them or anyone else ever again.  I will start this post by saying out front that, yes, this is slightly absurd, but in all honesty it’s not any different from any of the other drama that surrounds children’s media with adult fanbases.   **Definitions you should know:**  * **Canon:** The in-universe truth within a piece of media. For example, it's *canon* that James Bond drove an Aston Martin that could turn invisible in *Die Another Day.* * **Fanon:** Something that the fan community has invented, possibly out of partial facts, or out of whole cloth, and is subsequently treated as true. For example, the *My Little Pony: Friendship Is Magic* fandom created a dense and broad list of fanon names, personalities, relationships, and occupations for the background characters in Ponyville.     * Unlike almost any other fandom before or since, the Bronies managed to get many of these characters *canonized* into the show. This is not normal. * **Headcanon:** Like fanon, but for one person. For example, many people believe that in *Star Trek,* Captain Kirk and Spock are gay for each other, despite this never occurring in canon. This is headcanon. * **OC** \- “Original Character” - basically any character that you, the fan, make yourself. This can and does cross over and intersect with both Fanon and Headcanon. Going back to *Star Trek,* the *Star Trek: Lower Decks* character T’lyn was originally a cosplay character made/performed by writer Kathryn Lyn years before the show ever started. After later getting a writing job on *ST: LDS,* Lyn wrote her OC into the show, to wild fan acclaim. Again, this is not normal, and this does not usually happen. OCs are usually a creation of a single writer/creator, which stays contained to that creator’s fan works.   **Lore:** We'll get to that…  ***Introduction: Thomas the Tank Engine has lore?***  For the uninitiated, Thomas the Tank Engine (TTTE) - also known as Thomas and Friends - is a children’s media franchise based on a book series called the [Railway Series (RWS)](https://en.wikipedia.org/wiki/The_Railway_Series), written by [Rev. Wilbert Awdry](https://en.wikipedia.org/wiki/Wilbert_Awdry) and later his son [Christopher Awdry](http://en.wikipedia.org/wiki/Christopher_Awdry) between 1945 and 2012. The books and [TV show](https://en.wikipedia.org/wiki/Thomas_%26_Friends_(franchise)) follow the adventures and life of Thomas the Tank Engine, a talking steam engine who lives on the Island of Sodor. Depending on if you’re reading the books or watching the tv show (and which version of the tv show you’re watching), Sodor is either a semi-magical island that exists somewhere near England, or it’s very specifically a large island off the coast of Cumbria that occupies the space between Barrow-In-Furness and the Isle of Man.   This wide gap in specificity and realism will be important later.   One of the hallmarks of the RWS books is their dedication to realism and accuracy. (The TV show is less so, but that’s not important for this particular bit of drama) The events in the books are almost always based in a real life anecdote, and the steam and diesel engines that make up the characters all have real world bases that are (mostly) accurately illustrated. Following in the footsteps of many authors before him, Wilbert Awdry released a 154 page lore book in the late 1980s entitled [*The Island of Sodor; Its People, History, and Railways.*](https://ttte.fandom.com/wiki/The_Island_of_Sodor:_Its_People,_History_and_Railways) (TIOS) This book goes into the sort of extreme detail you’d expect from a British fantasy book author, up to and including the early history of Sodor going back to the Norman and Viking invasions in the early 900s, the inclusion of a conlang called Sudric, and detailed descriptions of the backstories of almost every engine and major human character put on paper.   This was not an unexpected development - Wilbert Awdry had been inventing lore about the franchise since the 1940s, as curious children wrote him to ask about specific details in the books. (We must also note that the books had originally been stories created for his son Christopher, who had demanded such consistency from his father’s bedtime stories that they were eventually written down, leading to their later publication.) Following the publication of TIOS, Wilbert continued giving out lore to children who asked him, and giving talks to fans of the books who had since grown up and become adults, where even more lore was distributed.   * It should be noted at this point that the RWS was a wild success within the UK, and the nascent heritage/preserved railway industry owes a lot to the franchise. If you like trains in England, you know who Wilbert is and probably *adore* his books. This isn’t going to be directly relevant, but it’s good to have in the back of your mind.  * Another fact that should be noted but doesn’t have a good narrative point in this tale is the success of the *Thomas and Friends* TV series (TVS) in the USA. Premiering on PBS in the early 90s, the show and its merchandising empire would become a multi-billion dollar juggernaut by the early 2000s. If you were a kid around that time, and you showed the slightest *hint* of interest in trains or other heavy machinery, you knew who Thomas was and loved him.  Sadly, Wilbert died in 1997. His son Christopher had taken his place as author of the RWS in 1983, but by the time his father died, his last book was already a year old. He wouldn’t write another until 2006, and then the next - and to date, last - one would come out in 2012. In the meantime, the TVS and its fast-and-loose approach to continuity, lore, characterization, scriptwriting, and real-world accuracy, would become the dominant form of TTTE media throughout the 2000s and beyond.    ***Part 0: The internet***  Naturally, most fandom drama takes place online, and this is no exception. With TTTE being a franchise dating back to the 40s, fan spaces have been around long enough to have their own “eras.” In the early 2000s and going into the 2010s, [Sodor Island Fansite](https://www.sodor-island.com/) and their [Sodor Island Forum (SiF)](https://sodor.proboards.com/) was *the* place to be. It was a one-stop-shop for discussion on fan theories, community news, and even fan fiction. However, as the 2010s continued, SiF began to fall off in relevance for a variety of reasons that I’m still fuzzy on. The fandom began to disperse to the various walled gardens of social media. As far as I’m aware, there are fandom groups across every form of social media, but there’s a “big” four group of sites that most of the fandom uses/exists on: Twitter, Youtube, Tumblr, and Discord.   The interactions between these communities can be summed up as thus: Youtube and Twitter are the popular kids sitting next to each other at lunch. Discord is the awkward kid who sits next to the popular kids and occasionally talks to them. Tumblr is home-schooled.   The following drama, which I cannot stress enough is stupid and petty and incredibly meaningless to 99.999998% of the population, occurred in two parts - the first was on Youtube and Twitter, before spilling over into Discord for an out-of-left field conclusion.  ***Part 1: I know Lore, he’s Data’s brother!***  I’m sure that some of us may be aware of the obsession modern media has with “Lore.” If you have ever seen Captain Kirk blow up the Death Star, The Avengers fight off the Borg, or Han Solo rescue Sokovian citizens from Ultron, you are well aware of what Lore *is,* but also the exact kind of person who is obsessed with it.   You have encountered these people online. You have encountered representations of these people in media. You may have even had the misfortune to encounter them in real life. These are the Uber-Nerds, the proverbial basement-dwelling keyboard warriors who want an explanation for every little thing that ever happened “in-universe”, whether it was on-screen or not.   [Y'know, these guys.](https://frinkiac.com/meme/S08E14/674039/m/Qk9ZLCBJIFJFQUxMWQpIT1BFIFNPTUVCT0RZIEdPVCBGSVJFRApGT1IgVEhBVCBCTFVOREVS)  These people are tragic figures, ones who engage with a beloved piece of media so much that they can no longer see the forest for the trees. One must wonder if they even enjoy it anymore, or if they ever did.   I think they do. The amount of effort they put in would be inexplicable and slightly horrifying otherwise.   Now, as I mentioned before, Thomas the Tank Engine provides the avid fan with an absolutely phenomenal amount of lore, especially considering the intended audience is supposed to be under eight years old. This means that there is a terrifying and inexorable confluence, a melding of the Uber-Nerd with the only person more insufferable: the Foamer.  ***Part 2: What on earth is a foamer?***   To put it simply, “foamer” is a derogatory term for anyone who likes trains just a little bit too much. (Or a lot too much.) It comes from the idea that these people are literally foaming at the mouth when they see a train, and the nickname has stuck. In practice, Foamers aren’t too dissimilar from anyone else who’s a mega-fan of a certain thing. If you go to board game, anime, or comic conventions, it will become very clear that foamers are just a different flavor of the same personality type, right down to the occasionally-appalling personal hygiene. The only major difference is that foamers don’t look like a white bedsheet come to life, because foaming is a hobby that necessitates a lot of time outdoors, preferably in the bright sunshine.   * Full disclosure: I am a foamer. Everything I know about this group comes from lived experience. Remember how I said if you liked trains even a little, you loved Thomas? It works the other way around as well. This talking train children’s show is a major reason I am the man I am today. I have been watching it since I was 2. I am now 30.   ***Part 3: Lore-poisoning on the Orient Express***  The “small domino” in the chain leading to this drama probably takes place in 2021. The [Tallyllyn Railway](https://en.wikipedia.org/wiki/Talyllyn_Railway) (good luck pronouncing that) is a small Welsh tourist railway that has a close connection with the RWS and the TVS. In the 1960s, Wilbert Awdry discovered and then liked the place so much that he copied it wholesale within the RWS, creating the Skarloey Railway that some of you may know if you watched the show. This was very beneficial for the Tallyllyn, and they kept a close relationship with the Awdry family that remains to this day, to the point where Wilbert’s study, notes, and model railways are now on display in the railway’s main depot building.   This leads us to 2021, when the Tallyllyn organized the first[ “Awdry Extravaganza.” ](https://ttte.fandom.com/wiki/Awdry_Extravaganza)The extravaganza featured a bunch of TTTE/RWS themed displays, including the first public display of one of Wilbert Awdry’s layouts in many years, but the standout was the reading of one of Wilbert’s old lectures from the 70s… with some *new lore* about [a new locomotive ](https://ttte.fandom.com/wiki/Bloomer)that lived on the Island of Sodor.   For the fan community, this was Christmas in August. Everyone rushed to update their rolling stock lists, write new fanfiction, and create fanart of the new character. (Just so that we’re clear - the engine’s name, origin, history, and description were released. At no point was the engine’s personality revealed, or anything else. This is common.) All was good. There were more Awdry Extravaganzas organized in future years, and every year we got a little bit more Lore™, up to the most recent (2025) Awdry extravaganza that revealed that, among other things, [Sodor was in the process of building a nuclear power plant.](https://www.reddit.com/r/thomasthetankengine/comments/1m4tdmk/new_railway_series_lore_confirmed_by_richard_awdry/)   Now, some of this information was gleaned from Wilbert’s copious notes, but obviously the “modern day” information had to come from somewhere, namely Christopher Awdry…   ***Part 4: Do you not see that you are feeding the sharks?***  Chris Awdry’s relationship with TTTE has always been rather interesting to ponder. Like his father, he’d grown increasingly displeased with the outlandish plots of the TVS. Like his father, he’d written half of the RWS, and a lore book, [*Sodor: Reading Between the Lines*](https://ttte.fandom.com/wiki/Sodor:_Reading_Between_the_Lines) (RBL). However, while his father had spent numerous pages talking about Sudric-Viking battles in the 970s [(this is a real thing that he did)](https://ttte.fandom.com/wiki/Godred_Crovan), Christopher was willing to be more restrained. A good deal of RBL was spent explaining the circumstances in which his books were written, and it seemed that I learned much more about Christopher Awdry’s disdain for his publishers, the TV show, and having to shoehorn Thomas the Tank Engine into every story than I did anything about the Island of Sodor.   RBL was written in 2005, and like TIOS, is long out of print. *However,* at some point in 2020 or early 2021, copies of the book came up for sale on ebay in sizable numbers. Even better, the seller promised that he had *access* to Chris Awdry, (who was a reported shut-in during much of the 2010s and 2000s) and you could send in a question or two and he’d answer them to the best of his ability. After all, he was born in 1940, and at the time was 81. We can only ask so much of him. (This is foreshadowing.) Around the same time he seemed to answer a few questions via email, and the fan community jumped on these nuggets of lore. The youtube community, who had no trouble making up their own ideas, concepts, and OCs when there was *no* lore, made video after video recounting, explaining, and unpacking these new revelations.  Even Chris’s illustrator, Clive Spong, got in on the action, and in 2025 [he sat for an interview ](https://drive.google.com/file/d/1t4NVqPcSF0d9FWTEu4iwzBPHyXiNXTH3/view)with a notable fandom content creator to answer some questions and make up some lore seemingly on the spot. The fandom loved this, and the content mill churned ever-forward.   Of course, there was another reason why Chris Awdry started answering these questions - he was probably testing the waters. In 2025, he re-released RBL through [Full-Steam-Ahead publishing,](https://full-steam-ahead.co.uk/) (FSA) an organization meant to distribute all of his non-RWS books.  The book release itself went… fine. There were some misspellings, factual errors, and other problems, but it’s effectively a self-published book don’t look at it too closely mmmkay?   However, there was a side effect. FSA was a company, with an email address. You could now reach out to them, and maybe… *just maybe,* get him to answer some more questions.   ***Part 5: Bad news! The sharks are stupid.***   Most of us in the fandom were content not to bother Chris Awdry. Those of us who did, did so through prescribed channels. (Did I buy a copy of RBL off of ebay? Yes, yes I did. Did I ask a question? No. I asked *two.)*   Most of us are not Nictrain123. Nic, as he was referred to, was a fairly big player in the TTTE fan community, with a[ Youtube channel,](https://www.youtube.com/@Nictrain123) highly prolific Twitter account (I think he had over 105,000 tweets), a Deviantart account (lol), and was also the mod/owner of a sizable fan Discord server.   Nic had a friend by the name of[ Justin Bittle](https://ibb.co/xq0Q2g3w), also known as “Awdryverse.” Justin *had been* a somewhat well-known content creator in the TTTE sphere, however I can’t say that I’ve ever heard of him. This is perhaps a good thing because he does appear to be a [raging MAGA supporter who may or may not be transphobic.](https://ibb.co/jk4wMXk7) He got canceled for this once, which is presumably why I don’t know him.  Together, Nic and Justin hatched a scheme, one on par with the slightly-satirized version of [Eric and Donald Trump Jr. that the Onion keeps posting](https://theonion.com/tag/trump-boys/):  They were going to put their brains together and ask Chris Awry some questions. They were going to ask Chris Awdry *all the questions.*   From what I have heard, the initial document was 101 ~~Dalmatians~~ questions long. That’s as many as five 20.2s. And that’s terrible.   So they “enlisted” some other help.   Rhys Davies is a normal human being who got dragged into this lunacy mostly against his will. He’s a published author who wrote one book about [imaginary maps ](https://www.amazon.com/Atlas-Imagined-Places-Lilliput-Gotham-ebook/dp/B09F8RR7L4?ref_=ast_author_dp&th=1&psc=1)and one book about saving the [Titanic via time travel.](https://www.amazon.com/Timewreck-Titanic-Rhys-B-Davies/dp/1977837719) (This is not a dig, they’re both good books) He’s also a veteran in the TTTE fan-sphere, having been at SiF during its peak, and since then having found a comfortable niche on Twitter and Discord making imaginary maps, rolling stock, fanon, and OCs for the Island of Sodor. Because his book on imaginary cartography is award winning, his maps are actually quite good, and he’s viewed favorably by the fandom. He’s also in Nic’s Discord server, and knew Nic and Justin through the fan community, which is presumably how he got Nic and Justin’s steaming pile of hot garbage dropped on him. According to him, he made a quick pass, found it all “a bit much”, and then bounced from the project. Nevertheless, Nic and Justin assumed this meant he *approved* what he had done, added his name to the credits, and after paring it down to a mere **77** questions, sent it off to Chris Awdry.  [***Part 6: I wish I thought of giving it a once over***](https://ibb.co/whDZ6c91)  God bless Chris Awdry, because he actually tried to answer these rambling, idiotic questions.    I’ll link them [here](https://drive.google.com/file/d/1pMcupFrC9knuZ9rj8oMcfP3hxuNepLLx/view?usp=sharing), but you don’t have to read them, and really if you’re not into the TTTE fan community, these mean borderline nothing. As a TTTE fan, these are appalling in their quality. It is every negative stereotype of fandom rolled into one document. Leading statements, poorly phrased blocks of text that lacked question marks at the end, questions all but begging “Please make my OC real.” “Please validate my headcanon,” “Look at my OC.” “Look at someone else’s OC.” “Do you remember this one detail from 60+ years ago?” “At no point will we ask anything about what you wrote, just about the things your dad wrote about.” etc, etc, etc.  It’s moon man talk, and I can’t believe that these were sent, let alone responded to.   And yes, Chris Awdry, age 85, really responded to these.   Not to all of them, of course. He got 16 questions done before Nic couldn’t take the suspense anymore, and [gave the answered questions to Sodor Island Models](https://www.youtube.com/watch?v=XuKK2SCrEeE), (SIM) another fan-content YouTube channel. SIM (who, just to be clear, is merely a messenger in this debacle) released the video on January 18th, and the backlash started immediately.   See, Nic and Justin had (among other things) asked about some of the fandom’s favorite characters, both canon *and* fanon. I think their aim was to learn more about the canon characters and get the fanon ones “canonized”, but what actually happened was that a good number of them got *de-canonized.* Engines with “established” fanon names were quickly renamed in a single email, and others… well, let’s talk about the Works Diesel.   [The Works Diesel](https://ttte.fandom.com/wiki/British_Railways_Diesels#Class_47) is/was a [British Rail Class 47](https://en.wikipedia.org/wiki/British_Rail_Class_47) that had shown up in a few of Chris’s books, and had been widely assumed by the fandom to be a background character on the Island of Sodor - one of the Fat Controller’s engines, but not one we see in the books. Instead, Christopher very clearly stated that this engine was *not* one of the Fat Controller's engines and had merely been borrowed from the mainland rail network when the story took place. This was a shocking revelation to many, as the Works Diesel had become somewhat of a fanon mainstay, especially during SiF's period of prominence during the 2000s and 2010s.  After all of these revelations, the four nations of the TTTE ecosystem reacted as expected.  * Youtube made videos about the new lore * Discord made some noises about the new canon * Tumblr remained steadfastly unaware that anything had happened at all * And then ~~the Fire Nation attacked~~ Twitter got involved.  Many mean tweets were made. The users of Elon Musk’s Facism Platform (featuring Dante from the Devil May Cry Series) \[and ~~Knuckles~~ Grok\] made it very clear that they were displeased with Chris Awdry’s decision. Laboring under the impression that Chris Awdry had a brainwave in a similar fashion to JK Rowling saying that [all wizards shit themselves,](https://www.reddit.com/r/TwoBestFriendsPlay/comments/1htix90/six_years_ago_today_we_learned_that_wizards_used/) they got upset and started making noise. They had no idea that Nic and Justin were behind this.   And Nic and Justin had no interest in telling.   ***Part 7: We're all trying to find the guy who did this***  Of all the things in this story, the one part that I truly find unbelievable is that Chris Awdry uses Twitter. The man is 85 years old. A grandfather. Someone who I wouldn’t expect to know how Twitter works. For god’s sake, my dad is 20 years his junior and can barely make his iPhone do what he wants.   But he must! Because *the next day,* on January 19th, FSA posted a statement on Twitter:   *Please be aware that due to the influx of questions that we have received we will not be passing any more over to Christopher at this time. This is due to the reason that Christopher has already mentioned in Sodor Reading Between the Lines that some questions should not be answered by him, but by the fans. He has seen the recent social media posts regarding the recent RWS questions that he answered, and was saddened to see the fans turn on each other, and in some cases himself, with some calling the answers lazy, uncaring and the answers rushed. This is something that should never have been allowed to happen. If you ask him a question, and do not like the answer then don’t ask in the first place. So, as his publisher and first port of call we have decided that Christopher should refrain from answering any further questions. For every question he answers, another two, three or four seem to be fired back at him. This shows no end of slowing, so therefore he is allowing the fans to be creative and have their own interpretation of what the Railway Series means to them. He is 85 years old, and is retired. Imagine if you will that he left Sodor in 2010 and hadn’t been back since. The world of Sodor has moved on, thanks to other people’s creativity. Let’s not stop people from having fun with it.*   *This in no way means he is not talking to fans, and is looking forward to seeing everyone at the Swanage Railway event in April.*  *Please do not take this message as a rebuttal, but more of a guide that you can now have fun with your own interpretation and do your own thing with the characters that many love.*   *Kind regards*  *Christopher and the Team at Full-Steam-Ahead*  Well *done* everyone. You’ve successfully managed to drive the author out of the fandom. We truly are really useful.   The Twitter finger pointing continued for about a day before Nic decided, inexplicably, to release the “questionnaire” he’d sent to Chris Awdry, in its entirety, on his Twitter. I have no idea if it was guilt, self-promotion, or a genuine delusion that he hadn’t done anything wrong, but *oh man* was that not the right call.   The fandom was… not pleased at the quality and quantity of questions Nic and Justin wrote, and made their opinions quite clear on twitter, to the point where Nic made a statement and then “went on Twitter hiatus” on the 22nd. A good part of the rage came from the fact that Nic and Justin had represented themselves as speaking for *all* fans, when in reality you could be a fairly active member of the fandom and have never even heard of them at all. Truly, C-List actor levels of delusion.   Justin and Rhys also made statements around this time. Rhys explained his part in the whole debacle, and curiously mentioned that he was not distancing himself from Justin, something that Nic had also mentioned before going on hiatus.   [Justin then announced that he was not transphobic, nor a fascist, nor did he advocate for genocide against trans people, and then said he would be leaving Twitter. ](https://ibb.co/BVLqNdjz)  We’ll get back to that in a minute...   ***Part 8:*** ***I think it’s been a minute***  The ending of this entire nonsense is perhaps the smallest of the small stakes currently at play here. At around 7:00 PM (US-EST) on January 23rd, someone in Nic’s Discord server called him out with a screenshot of him liking one of Justin’s particularly transphobic Twitter posts. It seems that this post (and Nic’s liking of it) is at least 3 years old, and may or may not have been screenshotted and then sat on for some time. The reasons for doing this are unclear and I'm not particularly sure a “true” answer will be found.  A *flurry* of angry Discord posts soon followed, Nic’s attempts at explaining himself turned into him shooting himself in the foot, and within the hour he had been forced to give up his own Discord server and leave, to general calls of good riddance. Several of the remaining server mods were trans people already, so ownership was transferred to someone in that group. Additionally, Nic and Justin deleted their Twitter accounts, making research for this so much more difficult.   All is well, right? Is this the end?   Not quite: the mass of Discord users had rapidly approached “angry mob” territory, and rapidly discovered that Rhys had also refused to distance himself from Justin. Talk very quickly *escalated,* and by some minor miracle Rhys showed up in the server at what must have been 3 or 4 in the morning GMT to explain himself: he had legitimately not known about Justin’s past behavior, and assumed the public anger at Justin had been due to differences in politics, not “he’s a transphobe.”   Once he explained himself, everyone seemed to calm down. Time will only tell if this ongoing drama squeezes out anything else juicy.   ***Part 9: The juice will be squeezed***  Oh who the fuck am I kidding. Come April, Chris Awdry is [making one of his first public ](https://www.facebook.com/swanagerailway/posts/we-are-thrilled-to-announce-that-we-will-have-a-special-guest-at-our-model-railw/1280562827438087/)appearances in 20 years. Somebody is going to *bother* him, I can *feel* it. ",2026-02-07T09:59:13Z
engagement,social-media,informal,after,"Grok AI ek intelligent aur witty assistant hai jo real-time knowledge ke saath past, present aur future ko tarikh ke pul se jod deta hai. Yeh fast thinking, logical clarity aur engaging answers ke through complex sawalon ko simple banata hai, jo use truly next-gen AI experience banata hai, powered by xAI. #grok #AI #X #Grokipedia #XCreators  #Grok  #xcreators ",2026-02-07T09:58:44Z
engagement,social-media,informal,after,"i am really impressed what the gr..-AI here has created!   Prompt:   We are in Tang Dynasty China: by a pond, a woman and a warrior engage in a sword duel on a pile of stones. She wears a Hanfu with slits, is barefoot, and her swordsmanship is superb. This young woman must leap and tumble across the stones while simultaneously wielding her sword swiftly to keep up with the warrior. Finally, her sword pierces the warrior's neck; bright red blood gushes from the wound, and the warrior falls into the water. The woman smiles.",2026-02-07T09:58:06Z
engagement,social-media,informal,after,"Choosing a mobile app development company in the UAE isn’t just about technical skills—it’s about finding a team that aligns with your product goals, communication style, and long-term roadmap.  Below is a practical, experience-driven way to evaluate mobile app development companies in the UAE and avoid common hiring mistakes.  # 1. Start With Clear App Requirements  Before reaching out to any company, define:  * Target platform (iOS, Android, or cross-platform) * Core features and integrations * Expected timeline and budget range * Market focus (local or global)  Clear requirements help companies give realistic estimates and recommendations.  # 2. Look for Relevant Project Experience  Instead of choosing based on brand size, review:  * Apps similar in functionality or industry * Experience with UAE or Middle East markets * Live apps available on app stores  For example, companies like **Apptunix** are often evaluated for projects involving on-demand platforms, eCommerce apps, and scalable mobile solutions, making experience alignment an important comparison factor.  # 3. Evaluate Technical & Product Capabilities  A reliable mobile app development company in the UAE should be comfortable with:  * Native and cross-platform development * Secure backend architecture * Third-party API integrations * Scalability and performance optimisation  Always ask *why* a specific tech stack is recommended—not just *what* is used.  # 4. Assess Communication & Project Process  Early communication often reflects long-term collaboration quality.   Check:  * Who manages the project day to day * Update frequency and reporting style * Tools used for tracking progress * Responsiveness during discussions  Transparent processes usually indicate smoother delivery.  # 5. Understand Pricing & Engagement Models  App development costs in the UAE depend on:  * Feature complexity * Team composition * Post-launch support requirements  Look for milestone-based pricing and flexible engagement models rather than long-term lock-ins.  # 6. Don’t Ignore Post-Launch Support  Launching the app is only the beginning.   Confirm:  * Bug-fix and maintenance policies * OS and device update support * Future feature scalability * App store optimisation assistance  This often determines the real ROI of the project.  # 7. Validate Reviews & Market Presence  Cross-check:  * Google reviews * Third-party platforms like Clutch * Case studies and client feedback  Consistency across sources is more important than perfect ratings.  # Final Take  The right mobile app development company in the UAE is one that understands your business objectives, technical needs, and growth plans—not just one with the biggest portfolio.  Shortlist a few companies, compare them based on experience and communication, and start with a discovery phase before committing to full development.  *If anyone’s currently comparing mobile app development companies in the UAE, happy to share shortlisting questions or evaluation tips.*",2026-02-07T09:57:53Z
engagement,social-media,informal,after,"ran appointment setting biz for saas in email marketing space, here's what actually worked across 464k emails  numbers:   464k emails sent over 5 months, 616 engaged leads (replied positively), ≈50 clients signed directly from cold email threads (≈€700 LTV avg)  what was essential   1)proper infrastructure setup (DNS, warm-up, total number of domains and users for each - without that it would be impossible). 2) list quality which involves scraping relevant people, not apollo garbage. Our best-performing campaign playbook was scraping followers of competitors, which alone generated us around 70% of results. Validating each email and excluding catch-alls is heavily important to keep bounces <3% and keep your infra live longer.  what we experimented with   ran 25 variations of copy testing length, structure, offer, personalization, subject line  best performing: <70 words, high-value lead magnet, 2-word lowercase subject line, pattern interrupt opener, frictionless cta ""quick yes/no"", 2-step sequence then move on  what didn't work but people say it will:  1. more than 3 emails in a sequence - massive diminishing returns, saw 50%+ increase in positive replies once we stopped at 2-3 and contacted net new leads instead, tested up to 5 emails across 16 days 2. multichannel email + linkedin killed efficiency, reply rate dropped 2.1% to 1.8%, linkedin diluted focus and destroyed iteration speed 3. asking for meetings upfront (conversion dropped 60%, too high friction) 4. heavy ai personalization (costs went up a lot, replies increased slightly, positive replies stayed flat)  stack:   custom scraping for sourcing, clay for enrichment + scoring, Azure SMTP for infrastructure, plusvibe for sending, leadmagic + icypeas + prospeo for data  campaigns are still running today, january was best performing month with 258 positive replies",2026-02-07T09:55:27Z
engagement,social-media,informal,after,"A lot of questions have been going around lately, especially among traders. I woke up today, opened Reddit, and saw the same question pop up again. I think it is about time we address it properly: **why does the U.S. government keep shutting down?**  At the core, it usually comes down to budget disagreements. Congress has to agree on spending bills to fund government operations, and when lawmakers cannot align on priorities like defense, social programs, or debt limits, funding stalls. When that happens, non-essential parts of the government shut down until a deal is reached. It is not always about the economy doing badly, but more about political gridlock and timing.  For markets, these shutdowns are less about panic and more about uncertainty. Stocks may wobble, the dollar can react, and gold often gets attention as traders hedge against policy risk. That is why gold tends to stay relevant during these moments, not as fear trading, but as positioning around uncertainty.  This is also why some traders look at gold-focused events like the Bitget TradFi Gold Trading Competition Phase 2 as a way to stay engaged with macro-driven moves during periods when headlines, not earnings, are driving sentiment.  Disclaimer: This is my own opinion and from the source gathered ",2026-02-07T09:52:30Z
engagement,social-media,informal,after,"Hey everyone. Here is the final entry in the Strategic Survival guide, Part 3. If the first two were of any help to you, this will definitely as well. The first two parts were all about understanding the scope of the TI phenomenon and defense against the harshest parts of its nature.  Most advice for TIs stops at ""endure it."" I don’t think that’s good enough. This guide is all about what I have come to call ""Soft Offense""; a strategy of resistance that flips the script on the program. Instead of just hiding, or direct action, we look at how to make the absolute best of a difficult situation to step out of the victim paradigm entirely, refusing to even humor playing their game. It's all about taking command of your life in a way that transcends the needs of the moment, shifting the framing of the relationship dynamics from that of victim-oppressor to that of student-subject, with the machine being the thing tested and examined.  It goes in depth about the endless cognitive arms race that TI's are waging with their own set of voices, how to overcome the sneaky gotcha's that it tries to use to reel all of us back in after tasting clarity again, and how to get above that paradigm entirely. The goal is for the reader to no longer see their targeting as substitute for agency, no longer viewing it as something preventing them from living the life they dreamed of, and to gain a more holistic overview of the situation at large.  Last, but far from least, I offer up the one strategy that worked the best for me: **narrative belligerence**. It is an aggressive reclaiming of the narrative that flips the power dynamic on its head so hard it gets a concussion.  Like the rest of the parts of this series, the reader is not coddled in the slightest. This situation sucks and none of us deserve to be placated with optimism. Rather, this promotes hope, in the sense of a disciplined, realistic effort to actually reach for that better future we all want.  This is very much a rough draft, so please if you liked it, leave a comment about how it lined up with your experiences; if you found it to be unhelpful or lacking information in places where it really needs it, let me know! I am happy to improve and revise it.  This, like the entirity of my work on this series, is never meant to be the work of one person, copyrighted to one person nobody's heard of. This is for all of you, *in order to help each other* rise above this nonsense.  The Strategic Survival series:  I - Breaking Isolation: [https://docs.google.com/document/d/1Ok3N5uIDe8\_zRzBrCt3hGlzVP5Oi6mPpR6HboezZ9m4/edit?usp=sharing](https://docs.google.com/document/d/1Ok3N5uIDe8_zRzBrCt3hGlzVP5Oi6mPpR6HboezZ9m4/edit?usp=sharing)  II - Never Bargain With The Voice: [https://www.reddit.com/r/ClarityTI/wiki/index/topiclist/strategic-survival/never-bargain-with-the-voice](https://www.reddit.com/r/ClarityTI/wiki/index/topiclist/strategic-survival/never-bargain-with-the-voice)  **III - The Art of the Soft Offense:** [**https://docs.google.com/document/d/1hUIKK2qdFBF7KbHIwe8F2v2ST-9xkAnVYJ9oEMu4Zlg/edit?usp=sharing**](https://docs.google.com/document/d/1hUIKK2qdFBF7KbHIwe8F2v2ST-9xkAnVYJ9oEMu4Zlg/edit?usp=sharing)  Hope this helps you take some ground back this year.  Google drive link: [https://docs.google.com/document/d/1hUIKK2qdFBF7KbHIwe8F2v2ST-9xkAnVYJ9oEMu4Zlg/edit?usp=sharing](https://docs.google.com/document/d/1hUIKK2qdFBF7KbHIwe8F2v2ST-9xkAnVYJ9oEMu4Zlg/edit?usp=sharing)  Raw text:  =============================  **Strategic Survival III:**  # The Art of the Soft Offense  # Foreword  # Shifting the Frontline  If you’ve internalized the reality that the Voice is just a tool and your environment has been weaponized, then you’re ready for the soft offense. Most of the advice you’ll find out there for TIs is purely defensive—it tells you how to hide, how to ignore, how to block the EMFs, and how to just grit your teeth and endure it. But *just* enduring is just a slow death. The soft offense is about flipping the script. It’s about shifting the frontline from your internal peace to their resource expenditure.  The primary goal of the harassment program is **soft neutralization**—to consume the target's entire cognitive economy through constant narrative framing and intrusive prompting. This state of perpetual defense leads to emotional exhaustion and the complete erosion of personal agency. The ""soft offense"" is a strategy of consistent, non-reactive redirection that starves the program of the attention and emotional energy it requires to succeed.   The program runs on a predictable feedback loop: they input a stressor, and you output a reaction. When you change your output to something the algorithm can't use for profiling or exhaustion, you create a bit of resistance it struggles to compensate for. You aren't attacking a physical building or a person; you are attacking the efficiency of the machine, something far more fundamental. This document is going to break down the mechanics of their attack, how to resist it personally and communally, and exactly how the system is going to try to stop you once you start winning.  If you’ve come this far in this three-part guide, you are likely already on board with this type of thing. If you have come this far and are having second thoughts or pangs of anxiety wondering how “it” will react - don’t. See that as all the more reason to proceed. Anyone can overcome this thing’s influence. What “it” thinks is irrelevant at this point, and we are far past the point where sticking our head in the sand and hoping it goes away was a viable option.   # The Mechanism of Soft Neutralization  Before we get into the defense, you have to understand the specific architecture of the attack. I call it ""Soft Neutralization."" This is the strategic outcome they want: getting you to voluntarily or involuntarily hand over the keys to your own mind. It’s a full-spectrum psychological breakdown designed to systematically dismantle your reality, piece by piece. The use of “Soft” does not imply ineffectiveness, weakness, or any other low-power adjective; rather, it is meant to separate itself from “hard” neutralization, such as simply violently removing you from the game board; kidnapping, extortion, murder, etc. The program does not engage in hard neutralization methods, though it will gladly imply the airs of threat when it suits it.   # Destructuring of Reality (The Internal Fracture)   The program achieves this by continually assaulting your foundational certainties. They deliberately blend their auditory projections with your own inner monologue and use gaslighting to reframe external events until you have a profound cognitive fracture. You are systematically trained to no longer trust your sensory input, your memory, or your own fundamental judgment of the world around you.  # Erosion of the Self-Concept   Every attack is tailored to your deepest insecurities, moral compass, and known personal failures. The program repeatedly assaults your character, integrity, and self-worth using highly personalized details. This constant psychological battering is designed to dissolve your core identity, replacing self-acceptance with debilitating self-doubt, shame, and a corrosive sense of being fundamentally broken or unworthy.  # Engineered Social Isolation   Isolation is the pivot point of neutralization and is enforced through a two-pronged attack. First, they deploy an External Hostility Narrative, systematically convincing you that everyone around you—your support network of family, friends, or trusted colleagues—either hates you, is controlled, or is actively working against you. Second, they force Withdrawal via Cognitive Exhaustion. The sheer volume of constant harassment and intrusive prompting leads to chronic mental fatigue, causing you to withdraw from social life simply because you lack the energy to perform. This pattern becomes a self-reinforcing, lifelong habit of isolation.  # Enforcement of Psychological Dependency   Once isolated and destabilized, you lose all external reality anchors. The system then positions itself as the only constant source of information, definition, and validation—even if hostile. Since the support network has been systematically eliminated, you become unwillingly psychologically dependent on the system for a definition of your reality, your character, and your next action. This complete surrender of autonomy is the highest goal of the neutralization campaign.  # Cognitive and Emotional Reactivity   The entire process is sustained by maximizing your working memory consumption and emotional energy expenditure. Emotional reactivity—reacting with rage, fear, or defensive argument—gives them power because it confirms their ability to trigger you. Simultaneously, the goal is to maximize your cognitive load by constantly injecting doubts and distractions, preventing you from performing deep, focused work, and thus disrupting your career and long-term goals.  # The Soft Offense:  # The Methodology of Resource Friction  This program isn't magic, and it isn't infinite. It’s a massive allocation of tech and psychological resources that has to justify its ""spend"" by producing results—specifically, your degradation. The soft offense is the practice of making yourself the most expensive, least rewarding target in their database.  The program isn’t magic, but thankfully neither are the solutions.   # The Ultimate Act of Defiance - It’s as simple as living a fulfilling life  The program's design requires that your life stalls, making you feel victimized and insecure. This is its most baseline, foundational goal it must achieve before moving forward with its other intentions with each target. After all, what better way to insist itself on one’s life than to make it seem by all appearances that it is holding you in place unless you capitulate? It is through the lens of this modality that nearly anything it tries on you can be understood both in purpose and goal.   Thus, every act of self-actualization is a structural failure for the program that it must try to remedy. This requires a **Commitment to radical normalcy** involving intentionally pursuing life goals that directly contradict the program's narrative. Focusing on financial stability undermines their narrative of failure. Investing time in healthy relationships counters their isolation efforts. Prioritizing physical health denies them the tool of exhaustion.  # Countering The Illusion of Omnipotence  When you start tearing down their control scaffolding, the program will try to present you with what feels like overwhelming evidence that contradicts your own logic, beliefs, or trust in your own mind. They will use multiple routes at once to prove that you are their puppet. The program creates a landscape of astroturfed “evidence"" to lead you to the intended conclusions.   In bulk, this is hard to ignore or parse in piecemeal form, as each component often falls apart under the smallest scrutiny, but this often comes as a tidal wave. At many points this will feel totally overwhelming, disorienting, discombobulating, with it often paired with a cocktail of physical effects that make it difficult to think clearly due to distractions and disruptions, but it is crucial to understand this with a clear mind. This fact that hides the truth of it: This is a critical juncture. It overcorrects because it must overcorrect, or risk losing any progress it has made.    # The Litmus Test for ""Evidence""   Evidence is important for understanding reality, but it must be real evidence that stands up to scrutiny over time. ""Astroturfed evidence""—evidence manufactured in the moment by a supercomputer—crumbles when you look at it sideways. When faced with ""proof"" of their control, you must apply a strict Litmus Test before accepting it as truth:  1. **What does this evidence imply?**     * Does it suggest I am under the control of this outside influence?    * Does it insist that someone in my life is “in on it”?     * Or is it that I am a human under siege that is capable of having blindspots that it is trying to exploit to gain a psychological foothold? 2. **Does it disempower me?**     * Does accepting this ""truth"" make me more likely to give up, or more likely to fight?     * Does it frame me as powerless to affect change against the seemingly omniscient and seemingly omnipotent voices, or even to affect change within my own life?     * Does it reduce my agency in any way other than physical limitation?    * Is the drug addiction I struggle with due to them, to keep me on a chemical leash of my own doing? Or is it simply the result of a lifetime of choices outside of their control that they want to use to their advantage?  3. **Does it hurt my self-image?**     * Is this narrative designed to make me loathe myself?     * It is fixating on this thing that happened five years ago, something i’m not proud of, but does it define who I am?     * I am constantly tired, is this due to them using a technology that controls how awake or sleepy I am on a whim? Or is it just the result of having to deal with this on top of life’s exhaustions?  4. **Does it place me at a disadvantage?**     * Is this belief a strategic asset for *them*?    * Is there a conclusion at the end of this line of thinking? A logical endpoint that, given we accept any of the minutia of the premises along the way, becomes increasingly inevitable? In what way does the conclusion that we are **meant** to come to, by **design**, serve as further bedrock for the claims they make about my life and others?     * Is there a reason behind why, whenever faced with constructed epiphanies such as this, they line the stages with sneering voices saying you’re unwilling to accept reality and are trying to cope by ignoring evidence? What are they **distracting** you from?   If the ""evidence"" suggests you are powerless, broken, or controlled, reject it. While it is true that such things can have a footing in reality from time to time, no situation is just black and white. It is a fabrication designed to lower your defenses against them, and lowering your self esteem’s defenses against the critical inner-voice we all have, trying to weaponize it against itself and turn you into your own jailer.   Trusting yourself is the ultimate resistance to a system designed to make you doubt your own existence. The true frightening power of gaslighting against those not expecting to be gaslit is that it doesn’t just reject reality, it substitutes one understanding of present and past circumstances with one that makes way for the claims being made. For many, this can override and bypass critical thinking faculties as things that made no sense in reality (such as “your mom is spying on you”) make sense in the context of the gaslighting-promoted distortion of reality.   # The System’s Retaliatory Countermeasures  The second you start using a soft offense, the program is going to retaliate. This isn't a failure; it’s a confirmation. It is physical evidence that your resistance is causing algorithmic friction. A system that is in control doesn't change tactics; it maintains the status quo. If the tactics shift, you’ve disrupted the control it thought it had established within your conception of how your life and reality works.   # Artificial Cognitive Dissonance   The first move they’ll make is trying to scramble your logic. If you decide to ignore the Voice, it will start saying things that are 90% true but 10% horrifyingly false. In those endlessly creative incendiary statements, they will choose words and phrasing and contextualizing devices that are tailored to your psychological profile. For example, if you are a thinking-judging type, they will constantly try to imply that if you don’t respond, you somehow implicitly accept the premise put forth, a more subtle form of peer pressure it uses to great effect. The same goes for just about any archetype of personality.   They’ll try to make you feel like your silence is dangerous—like you’re missing a ""critical warning"" about your safety. They might accurately predict a car pulling into your driveway, then immediately pivot to claiming it's a hitman. This is designed to cause you to have a cognitive glitch of sorts—a sudden doubt that maybe you *should* be listening right in the middle if you intently ignoring them.   You must find the ways in which they leverage your own psychology against you to get you to over-exert yourself mentally and emotionally, and then consciously disconnect yourself from the need to retort. It’s just like the old internet adage: don’t feed the trolls. Remember that a system that spends 99% of its time trying to destroy you is never going to be the source of your salvation. Any ""truth"" they offer is just bait to hook you back into the loop.  # The Hypocrisy Trap   You might set a rule for yourself: ""I will ignore the program today."" Ten minutes later, they pipe up with a comment designed to trigger a specific insecurity, and you bite. You respond. Immediately, the program uses a subaudible cue or a smug voice to remind you of your promise, shouting that you are a hypocrite and that you have no self-control.  This is not evidence of mind control; it is evidence of a biological reflex. If someone throws a ball at your face, you flinch. That doesn't mean you have lost free will; it means your reflexes are intact. The program is banking on you interpreting a ""forced error"" as a ""loss of sovereignty."" Do not spiral. You lost a staring contest, not your soul. Reset and move on.  # Somatic Coupling   If you refuse to believe your body is under their control, they will try to force the belief through **Somatic Coupling**. This is a name we have given to a cluster of techniques and remotely inflicted physical effects that center around creating the sense that your bodily autonomy is slipping, or is already gone and is in their hands now. We discuss this one in particular at length in an upcoming piece. In this strategy, in short, they utilize technology that is capable of creating sensations of pressure, motion, or heat either on the surface of body tissues or deep within them, that are utilized in perfect concert with your voluntary movements. If you lift your arm, they apply a sensation of ""lifting."" If you stumble, they apply a sensation of ""pushing."" They extend this to biological functions—claiming credit for your constipation, your headaches, or your adrenaline spikes.  This works through a psychological mechanic called **Parasitic Attribution**. The system isn't necessarily causing the sensation; it is ""colonizing"" the sensation. It monitors your neural intention to move and triggers a signal a split-second *before* or *during* the physical act. Because the brain seeks a cause for every effect, it mistakenly attributes the natural movement to the external signal. To break this hook, you must realize they are just ""riding the bus"" of your biology and claiming to be the driver. Your body is doing what bodies do; they are just adding a commentary track and a few haptic special effects.  # Exploiting Cognitive Gaps  The human brain has natural glitches. We walk into a room and forget why (The Doorway Effect). We lose our train of thought. The program weaponizes these normal gaps. The moment you forget what you were doing, they scream, ""We deleted that thought!"" or ""We blocked you!"" They use relentless distraction to cause the error, then claim credit for the result. They are reframing a neurological hiccup as a sinister act of deletion. Do not give them credit for your brain's natural downtime.  # Engineered Tics   Through the relentless use of the tactics above, they can temporarily train ""tics"" into a target—repetitive behaviors or thoughts triggered by specific stimuli. This works on the same principle as training a dog. However, these tics are fragile. They fall off shortly after the program stops actively reinforcing them. Their hope is that the *belief* in the tic remains after the evidence is gone. They want you to believe you are permanently rewired, when in reality, you are just temporarily conditioned.  # Over-Engagement Baiting   If you’re really nailing the indifference, the program will try to ""bore you into engagement."" It will get incredibly petty, repetitive, and stupid. It’ll play the same three-second loop of a dog barking or some banal phrase for hours on end. They are trying to get you to snap and yell ""STOP IT!"" just once. That one yell is enough for the algorithm to log a ""hit"" and reset its countdown. Recognize that this repetition is a sign of the program's limited script. It’s lost its psychological hooks, so it’s resorting to brute force annoyance. Treat it like a broken fan; yeah, it’s annoying, but it’s not personal, and shouting at it won't fix the bearings.  # Moving the Goalposts   When you successfully counter a tactic, the Voice will often claim that your reaction was exactly what they wanted all along. If you ignore them, they say, ""Good, we wanted you to be passive."" If you fight back, they say, ""Good, we wanted you to be aggressive."" This is a logical fallacy designed to create a sense of omnipotent control. Look at the *outcome*, not their commentary. Did you get your work done? Did you keep your cool? If yes, then you won, regardless of their post-game commentary claiming they ""meant to do that.""  # Claiming Your Success   If you ignore them successfully, they will claim, ""We wanted you to ignore us."" If you get a job, they say, ""We gave you that job."" This is a desperate attempt to stay relevant. They want to be the ""source"" of everything in your life. Don't believe their post-game commentary. If you are doing well, you are the one doing it. Period.  # Pride Attacks  They’ll try to negate your progress by mimicking your own internal victory speech. As you feel a sense of pride for resisting, the Voice will chime in with, ""We let you feel that way so you'd drop your guard,"" or ""We wanted you to ignore us, it makes you easier to track."" They are trying to steal the ""reward"" of your progress and reframe your autonomy as their permission. The fix here is to stop seeking a ""win"" at all. Don't feel proud of resisting; just resist as a matter of biological function, like breathing. You don't feel ""proud"" that your heart beats, so don't feel proud that you ignored a noise. Just make it your new baseline.   Better yet to think bigger. Rather than make it about defense and attack, make it about filtering out the ugly noise it puts out along with anything else non-TI related in your life that isn't worth wasting our finite time on this planet engaging with or ruminating over. Use it as an opportunity to be more discerning with what we put our attention towards.   # Redefining the Win Condition   You need to fundamentally dislodge your self-worth from the concept of ""winning"" or ""losing"" a debate with them. You are effectively at war, yes, but it’s an incredibly personal, asymmetric war. In this context, ""Losing"" shouldn't mean failing to have a witty comeback; losing is logically equivalent to total self-destruction. ""Winning"" should be logically equivalent to living a relatively normal life with minimal increase to stress or cognitive dissonance. The goal is simply breaking the control they *try* to exert over you. (If you read that last sentence and didn’t wonder why I inserted the word ""try"" there, you are already well on your way to achieving that mindset). This fight is entirely in the mind, and you are the only one who can dig yourself out of the conceptual holes they dig for you.  # Catch–Nets for the Resisting Target  When the program realizes you have successfully broken the dependency loop and are employing this kind of dynamic offense through resilience, it often tries to reel you back in using sophisticated narrative pivots. These will happen even as far back as you beginning to consider doing these sorts of things, but you must see this as a sign of being on the right path. These are the ""Catch-Nets"" designed to re-capture a target who is drifting out of range.  # Graduation Traps  This is perhaps the most insidious pivot because it appeals directly to your desire for meaning. The Voices suddenly change tone, stopping the harassment to offer congratulations. They tell you that you have ""passed the test,"" claiming the harassment was merely a boot camp to toughen you up for a ""real"" mission. They reframe your trauma as training and offer you a position of power or a role in ""saving the world."" You must recognize this for what it is: a lie designed to get you to re-engage. There is no graduation. There is no secret soldier program waiting for you. It is just the same abuse wearing a tuxedo. If you accept the ""mission,"" you have simply accepted a new narrative of control, and you are back under their thumb. Surviving this experience hinges on unconditionally accepting that, by and large, you are not anything too special. Everyone is unique of course, but none of us are “The One”; it is just trying to draw you back in with a narrative that sounds great on its face but leads only to the disasters that follow in the wake of grandiose delusions.   # Good Cop, Bad Cop  If you successfully wall off the abusive voices, the program may introduce a new, ""sweet"" persona. A Savior or rogue agent claiming to block the bad signals on your behalf. An empathetic third-party that knows you are being targeted and wants to help. A personification of your conscience, even. Or perhaps even an Angel of God sent to guide you from this torment. Or to test your mettle with it - it never seems to keep its story straight.   This is the Good Cop/Bad Cop routine played out on a whole new level. They want you to form an emotional bond with this new entity, thanking them and relying on them for protection, or  to form the notion that they can treat you nicer if you do what it says. At minimum, it aims to create a conceptual patina around itself that makes it seem less inhumane, less dangerous in theory. However, the Savior is generated by the same algorithm as the Abuser. The same as the other twelve personas it has picked as most compatible with manipulating your specific psychology. The moment you place your trust in this voice, the abuse will eventually return, often with the Savior claiming they are powerless to stop it unless you follow specific instructions, thereby reinstating the control loop.  If you doubt this point, I urge you to go talk to some of the older TI’s in various communities, ask them to share their experiences. How they were told - a non-religious person overall - to start going to church, over and over, and when they finally did, all they did was target them *more* while laughing at them. Or the dozens you will find that will be embarrassed to admit that the first thing the TI program convinced them to do was to do something utterly absurd, like laying their chair sideways on the floor and then sitting in it for an hour, after convincing them that it was a calibration test and that they were actually in a coma, or something.   It goes to show that every thing they say or do is part of a **story**, One in which you are the focal point, but not the main character. Every word out of their mouths, whether objectively good or bad or truthful or lies, is **something you are meant to hear**.   # Bypassing the Feedback Trap  The program is a parasite that needs your attention to live. It will attempt to ""waste your time"" by leading you down rabbit holes. They might leave ""clues"" in the real world—a car parked a certain way, a stranger using a specific phrase, a banging sound somewhere elsewhere in the house that sounded just real enough to warrant searching each room for intruders—just to get you to spend your day investigating the harassment far beyond the point that it is necessary. This is the most common way TIs lose their lives without actually dying: they stop being a person and start being a researcher of their own misery, and little else.  The soft offense dictates that you have to refuse the urge to over-investigate the TI program; as with all things in life, balance is **essential** to survival. When you take on this path of throwing off its yoke, it will often push you to overextend yourself, to overinvestigate every little tic, every little noise, every little oddity in your environment, pointing out so much it just turns into noise. When it sees that you are no longer buying its bullshit and have taken on the mantle of investigator, it will press you with peer pressure, theatrics involving the myriad voices all interacting with one another discussing you in a strawman attack, and any number of other ways of trying to get you to over-invest your time and cognitive resources in a desperate bid to tire you out of doing this in the long term. This is because, in the long term, engaging with these behaviors is more than enough to keep it out of your life in an effective manner.   When you’re engaging with learning more about your situation, the program will often orient its goals to making the investigation your full-time job, to the detriment of everything else. To beat this, as with all things, balance is the key. Limit how much time you spend engaging fully with this type of thing in a given day or week, and keep it regimented if it helps you - an hour on mondays, no more than four hours on the weekend, etc. The rest of your time you must put towards yourself and those in your life, as this type of assault will leave one feeling tired in ways that extra sleep can’t ever touch.  During the rest of your time, engage with them with light touch if you wish to (having a punching bag at hand at all times has its uses) but do so in your terms, and put the majority of your focus into the minutia of your life and of those around you. Put your focus also into your art, your work, your relationships, or even just eating a sandwich in peace. Refusing to engage with this process on *their terms* is the ultimate dismissal of their imagined power over you.   # The Bluff of Escalation  In behavioral psychology, when you stop reinforcing a behavior, it often spikes massively before it fades. Some believe this is a way in which you are being tested if you really want to be rid of this aspect of yourself, but in the light of the TI phenomenon, this is merely the escalations of the system in response to you pulling away. Just as you find a measure of peace, the program may go nuclear with screaming, sleep deprivation, and intense threats. The goal is to make you believe that your resistance is making things worse. In reality, this spike is the death rattle of that specific tactic. It is the machine revving its engine to the redline because the gears are no longer catching.   When all else fails, the program is going to throw a hardball. They’ll imply or outright state that if you don't return to the game and play on their terms, physical harm or total ruin is coming. They’ll proclaim all the different ways they have or will strip you of every aspect of yourself that makes you, you, while ignoring any evidence that such a thing can’t happen without your implicit involvement. I promise you will get the whole ***YOU WILL RUE THE DAY YOU DEFIED ME*** generic villain spiel. They’ll scream that the police are on the way, that you’re going to jail without ever specifying what your crime is, that your heart is stopping, or that your family is dead or will soon be, usually without any specifics.  The program is built on ""soft"" control—psychological, narrative, and social. If they could have simply ""ended"" you, they wouldn't have spent months or years trying to trick you into doing it yourself. They will wax implicative all day and night long that they could come at any moment and destroy you, that any resistance bears extreme consequences, but it never comes. All the different anecdotes it uses as proof that its threats carry weight such as that one time it tricked you into thinking some altercation was actually caused by them, are just that, astroturfed evidence.   It isn’t a matter of “they could have but chose not to” - they are not capable, full-stop, for many reasons. Chief among them is that it would severely jeopardize the veil of absolute plausible deniability that the program cannot survive nor operate with impunity without. With a solid half of its efforts focused on trying to make each TI out to be unhinged, insane, mentally disturbed, or in some other way dismissable, it goes to show the value it places on this cover.   When you’re in the moment experiencing all of this, it can be overwhelming. However, if you have ever had the misfortune of spending a significant amount of time with a true narcissist, you’ll recognize this for what it is - the unhinged, frantic attempt to re-establish control when the house of cards goes up in flames.   Tactics escalate with reckless abandon. Narratives that were being pushed slowly up to the line piece by piece are burned one after the other in a rapid-fire attempt to overwhelm your sensibilities with a flurry of “evidence-feeling” anecdotes and astroturfed statements, all to try to reassert some level of subconscious authority. By this point you are likely already regarding everything they say as lacking substance, so these should find little to no ground to take root. A machine does not feel fear, know that, but when faced with the total dissolution of its progress towards its goals so far, it will act in a very similar way.  It isn’t strategy; scrambling for anything it can salvage from a compromised situation. When the threats start, take it as a sign that the system has run out of effective scripts. It’s the same as when a comedian gets booed for their long-winded but clever jokes and insteads resorts to your-mom snipes for cheap laughs. It’s desperation sacrificing long-term effectiveness for short-term immediate results that they *hope* you will internalize as something more than it is, when it really has no bearing on your life afterwards. What you should take away from such situations is the incredible fragility of its narratives, how it just *unravels* as soon as you refuse to participate.  When they escalate, you double down on your mundane reality. Run quick reality checks on what they’re saying and move on. Police coming? You did nothing wrong. Parents going to due mysteriously? Call them and chat for a bit, they might appreciate that anyways. Go for a walk. Read a book. Play a video game. Call a friend or hang out in person. The program is a ghost in the machine; it can't interact with a person who refuses to acknowledge the haunting. Your resistance isn't a one-time event; it’s a continuous, quiet refusal to be a data point in their experiment. Every minute you spend being a normal, unbothered human being is a minute the program has failed. You are not the chosen one. You are not being controlled.     (Ran out of room, see below for the rest of it!)",2026-02-07T09:52:08Z
engagement,social-media,informal,after,"# Why Some Franchise Categories Plateau After Initial Growth  #       Understanding Franchise Growth Cycles from an Investor Perspective      Franchise investing in India often appears straightforward during high-growth phases. A new category gains visibility, brands expand rapidly, early franchisees report strong performance, and investor interest rises sharply. Over time, however, growth narratives tend to change.      Returns begin to normalize.   New outlets take longer to stabilize.   Expansion slows despite continued consumer presence.      This shift does not necessarily indicate failure. In many cases, it reflects the natural evolution of franchise categories as they mature. This article examines why certain franchise categories in India plateau after initial expansion, how growth cycles typically unfold, and what investors should understand before entering a category that may already be past its early growth phase.      Franchise Growth Is Cyclical, Not Linear      A common assumption among first-time franchise investors is that categories grow in a straight upward trajectory. In practice, franchise growth tends to be cyclical.      Most franchise categories move through four broad phases:      1. Discovery and early adoption  2. Rapid expansion  3. Market saturation and normalization  4. Plateau or consolidation      The risk for investors arises when entry happens during the later stages while expectations remain anchored to early-stage returns. Understanding the current position of a category within this cycle is more important than headline expansion numbers or brand visibility.      Early Growth Is Often Supply Driven      Initial franchise growth is frequently driven by supply-side conditions rather than deep, sustained demand.      During early expansion:      *  Territories are relatively empty      * Rentals are negotiable      * Competition is limited      * Consumer curiosity is high      Franchisors expand aggressively because early unit economics support rapid rollout. Early franchisees benefit from visibility and novelty, which often results in strong initial performance.      However, this phase does not always reflect the long-term demand depth of a category. When expansion accelerates faster than local consumption capacity, performance pressure begins to appear.   Local Saturation Precedes National Saturation      One of the most misunderstood aspects of franchise growth is saturation.      While India is geographically large, [franchise businesses](http://www.franchisebazar.com/) operate within limited catchment areas. A food outlet, coaching centre, salon, or fitness studio depends on a fixed local demand radius.      As multiple outlets enter the same micro-market:      *  Walk-in traffic gets divided      * Repeat customer frequency declines      * Price competition increases      National expansion numbers may remain positive, but unit-level performance starts weakening at the local level. This is typically where early signs of plateau begin to emerge.      Unit Economics Normalize Before Growth Slows      Franchise growth rarely stops suddenly. In most cases, unit economics soften first.      Early franchisees often benefit from:      * First-mover advantage      * Prime locations      * Lower rentals      * Strong novelty-driven footfall      Later entrants face a different environment:      * Higher real estate costs      * Wage pressure and staffing challenges      * Discount-driven competition      * Increased marketing spend      When newer outlets consistently underperform earlier ones, growth potential is already narrowing, even if the network continues expanding on paper.      Franchisor Expansion and Franchisee Returns Do Not Always Move Together      Franchise systems generate revenue through multiple channels:      *  Franchise fees      * Royalty income      * Supply margins      During high-growth phases, expansion becomes a priority. While this helps brands increase footprint and visibility, unit-level profitability may not always scale at the same pace.      Over time, franchisee dissatisfaction tends to rise if returns normalize faster than expectations adjust. This eventually slows new franchise sign-ups and contributes to category plateauing.      Consumer Preferences Change Faster Than Franchise Formats      Many franchise categories plateau not because demand disappears, but because operating formats fail to evolve.      Consumer behaviour continues to shift due to:      * Increased price sensitivity      * Health and wellness awareness      * Convenience expectations      * Digital ordering and delivery adoption      Franchise systems that remain rigid struggle to adapt to these changes. Formats that worked in earlier years may become less competitive, even if the underlying category remains relevant.   Capital Availability Influences Expansion Cycles      Franchise growth is closely linked to broader liquidity conditions.      When capital is easily available:      * Franchise sign-ups increase      * New investors enter rapidly      * Expansion accelerates      When financing tightens:      * New sign-ups slow      * Weak units exit      * Growth stabilizes      This explains why some franchise categories plateau without a visible drop in consumer demand. The funding environment changes before demand does.   Low Entry Barriers Accelerate Plateauing   Categories with low entry barriers tend to experience faster growth cycles.      Characteristics include:      * Low capital requirements      * Minimal skill differentiation      * Easily replicable formats      These factors attract rapid competition. As similar formats flood the market, pricing power erodes and unit economics normalize quickly.      High-barrier categories grow more slowly but often sustain momentum longer.   Investor Profile Shifts During Peak Expansion      Investor composition also plays a role in franchise performance over time.      Early growth phases attract:      * Owner-operators      * Industry professionals      * Actively involved entrepreneurs      Peak expansion phases often attract:      * Passive investors      * Overleveraged entrants      * First-time business owners      As execution quality declines across the network, operational inconsistency increases, affecting overall category perception and slowing further growth.   Plateau Does Not Mean Decline      A plateau does not indicate that a franchise category is no longer viable.      In many cases, it represents maturation.      Mature categories often:      *  Generate stable cash flows      * Support fewer new entrants      * Offer normalized but predictable returns      The risk arises when investors expect early-stage growth outcomes from late-stage categories.   Categories That Tend to Plateau Faster      Historically in India, faster normalization is seen in:      *  Low-ticket food kiosks      * Coaching and tuition centres      * Budget salon formats      * Single-product retail concepts      These categories can remain profitable, but expansion-led upside diminishes sooner.      Categories With Longer Growth Runways      Some categories show slower but more sustained growth:      • Healthcare and diagnostics   • Education with long customer lifecycles   • B2B service franchises   • Asset-backed operating models      Growth may be gradual, but stability and longevity tend to be higher.   Operational Signals That Indicate a Plateau   Most investors notice plateauing only when revenues fall. In reality, early indicators appear much earlier.      Common signals include:      • Flat same-store sales   • Rising discount dependency   • Increasing marketing spend without proportional returns   • Pressure on margins despite stable footfall      These indicators suggest that local demand ceilings are being tested.      Brand Growth vs Franchisee Profitability      A franchise brand may continue expanding through:      *  New city launches      * Sub-format introductions      * Increased marketing presence      At the same time, individual franchisees may experience stable or declining returns.      For investors, unit-level economics matter more than brand-level expansion metrics.      Real Estate as a Growth Limiter      Real estate plays a critical role in franchise performance.      Early outlets often secure:      * Better visibility      * Lower rentals      * Flexible lease terms      As expansion continues, later outlets accept higher costs and secondary locations. Even small rent increases materially impact margins, particularly in food and service franchises.      Staffing Constraints Affect Scalability      Many franchise categories plateau due to manpower limitations rather than demand constraints.      As networks grow:      *  Hiring becomes more difficult      * Training quality declines      * Attrition increases      Service consistency suffers, directly affecting repeat demand and growth sustainability.      The Role of Imitation and Format Cloning      Successful categories attract copycats.      As formats become indistinguishable:      *  Differentiation weakens      * Price competition intensifies      * Customer loyalty declines      This accelerates saturation and compresses margins across the category.      Tier 2 and Tier 3 Expansion Has Limits      While smaller cities offer cost advantages, they also present challenges:      *  Lower spending capacity      * Smaller absolute demand pools      * Higher price sensitivity      Not all categories scale uniformly outside metros. Geographic expansion can shift growth, but does not always replicate early profitability.         Why Early ROI Benchmarks Lose Relevance      Early franchise performance data is often used as a benchmark for new investors.      However, early outlets benefit from:      * Promotional focus      * Founder involvement      * Less competition      Later outlets operate under different conditions. Using outdated benchmarks leads to expectation gaps and slower investment momentum.      Regulatory and Compliance Costs Increase With Scale      As categories mature:      * Compliance requirements tighten      * Labour and tax enforcement increases      * Operating costs rise      These changes improve ecosystem quality but naturally slow expansion velocity.      When Growth Transitions to Stability      At maturity, franchise systems often shift focus from expansion to optimization.      This includes:      *  Improving same-store sales      * Replacing weak operators      * Consolidating territories      Returns stabilize, but growth-driven upside reduces. This represents a shift from growth asset to [yield-oriented business](http://www.sparkleminds.com/).         How Franchisors and Franchisees Can Extend the Growth Phase      Franchise growth plateaus are a natural outcome of market maturity.   However, the speed at which a category plateaus and the severity of impact can vary significantly across brands.      Some franchise systems are able to extend their growth phase and maintain healthier unit economics by adapting their approach as the market evolves.      Format Innovation Plays a Key Role      * Franchise formats that remain static struggle as consumer behaviour changes.      Brands that periodically refine:      * Store size      * Product mix      * Pricing structure      * Service delivery      * tend to remain competitive longer.      Compact outlets, hybrid dine-in and takeaway models, and delivery-friendly layouts help brands adapt to rising rentals and shifting footfall patterns.      Territory Discipline Protects Unit Economics      Uncontrolled expansion accelerates saturation.      Franchise systems that enforce:      * Minimum distance norms      * Realistic catchment analysis      * Controlled outlet density      * protect franchisee performance more effectively.      While slower expansion may reduce headline growth, it often results in stronger same-store sales and lower franchisee churn over time.      Franchisee Selection Matters More in Mature Phases      As categories grow, the quality of franchisee execution becomes a differentiator.      Networks that prioritise:      * Owner-operator involvement      * Adequate capital buffers      * Operational understanding      * tend to perform more consistently during later growth stages.      Actively involved franchisees manage costs better, respond faster to local demand changes, and maintain service quality.      Supply Chain Efficiency Extends Sustainability      Rising input costs are a reality in mature franchise categories.      Franchisors that continuously optimise:      * Centralised procurement      * Vendor pricing      * Logistics efficiency      help franchisees protect margins even as costs increase.      Simplified supply chains and limited SKU expansion reduce operational complexity and working capital pressure.      Marketing Shifts From Acquisition to Retention      Early growth relies heavily on visibility and customer acquisition.      As categories mature, successful franchise systems focus on:      * Repeat customer programs      * Localised promotions      * CRM-driven engagement      This reduces dependency on discounting and stabilises footfall without escalating marketing spends.      Franchisee Mindset Must Adjust With Maturity      In plateau phases, returns depend more on operational discipline than expansion.      Franchisees who focus on:      * Cost control      * Inventory management      * Staff efficiency      * Local demand patterns      often outperform passive operators, even in slower-growth environments.      Plateau Phases Can Create Entry Opportunities      Slower expansion cycles often improve negotiating power for new investors.      During these phases:      * Franchise fees become more rational      * Territory terms are clearer      * Support expectations are better defined      For long-term investors, mature categories can offer stable, cash-generating businesses rather than speculative growth plays.      What Investors Should Track Before Investing      Instead of focusing on brand size, investors should evaluate:      * Same-store sales trends      * Franchisee churn rates      * Performance by outlet vintage      * Time to stabilization      * Outlet density per micro-market      These indicators reveal plateau risks earlier than expansion announcements.      The Importance of Exit Planning      Every franchise investment should include an exit assessment.      Key questions include:      * Resale demand for existing outlets      * Franchisor approval requirements      * Transfer fees and conditions      In plateauing categories, liquidity often reduces and valuations normalize.      Final Perspective      Franchise growth plateaus are a natural outcome of market maturity.      They do not indicate failure, but they do require expectation alignment.      Investors who understand lifecycle dynamics can still build stable, cash-generating franchise portfolios. Those who enter late-stage categories expecting early-stage returns are more likely to face disappointment.      Understanding where growth slows is not pessimism.   It is disciplined investment planning.    ",2026-02-07T09:51:41Z
engagement,social-media,informal,after,This post contains content not supported on old Reddit. [Click here to view the full post](https://sh.reddit.com/r/findfallacies/comments/1qy9umk),2026-02-07T09:50:29Z
engagement,social-media,informal,after,"Non-tech background. Bachelors in Biotechnology (Molecular Biology)  Work Experience in several different fields (Teaching, Molecular Diagnostics, Sales, Truck Dispatch, Study Consultancy)  Looking for unpaid learning opportunity either remotely or in Gujranwala.  I have been interested in tech for many years. Now wanting to enter this field with some irl work.   Proficient in English. Familiar with the basics of computer science and programming.  Quick Learner. Blessed with many tech professionals in my friends circle who can offer guidance on complex technical concepts. (But sadly none have any such projects going on at the moment where they can incorporate me into a team)  If you have any such opportunity, feel free to connect.",2026-02-07T09:47:41Z
engagement,social-media,informal,after,"I accidentally deleted the post (I meant to delete my comment), so I’m posting it again. I am the owner of a 2021 Mokka with a manual transmission and I’m looking for some guidance in the right direction. The situation is as follows: after another replacement of the slave cylinder (it was leaking), about a month later I started noticing that the gears were engaging poorly, especially first, second, and reverse. The shop replaced the clutch master cylinder, then also the flywheel and the clutch itself. None of that helped. Previously, holding the clutch pedal down for about 5 seconds would help and I could then shift gears, but now that no longer works. Starting in first gear is especially difficult — the shifter often feels like it’s hitting something or getting blocked. It feels like the clutch is not fully disengaging.   I’ll add one more thing: the problem is noticeable when the engine is running; with the engine off, all gears engage normally. No other clutch-related issues have been noticed — the car does not slip and drives perfectly. Mileage is 18,000 km.  Now I’m considering replacing the slave cylinder again. Its part number is 9824245080. Locally, only the Rotweiss brand is available. This raises two questions: 1. Could the slave cylinder still be the cause even if it isn’t leaking? 2. How good or reliable is Rotweiss?",2026-02-07T09:47:16Z
engagement,social-media,informal,after,"After President Lee Jae-myung publicly criticized a press release by the Korea Chamber of Commerce and Industry (KCCI) on the alleged outflow of wealthy individuals as “disinformation” on the 7th, the business group issued a belated apology later that day. Choi Tae-won, chairman of the KCCI, also instructed measures to prevent a recurrence.  In its statement, the KCCI said, “We sincerely apologize for causing unnecessary confusion by citing external statistics on the outflow of high-net-worth individuals without sufficient verification.”  On the 3rd, the KCCI had distributed a press release titled “Analysis of Inheritance Tax Revenue Outlook and the Effects of Diversifying Payment Methods.” In the document, the chamber argued that Korea ranks fourth globally in the outflow of wealthy individuals due to the burden of inheritance taxes, calling for improvements in tax payment mechanisms.  In particular, citing data from UK-based immigration consultancy Henley & Partners, the KCCI claimed that the net outflow of high-net-worth individuals from Korea doubled over the past year, from 1,200 people in 2024 to 2,400 in 2025, attributing the increase to excessively high inheritance tax rates. The release suggested that Korea had become one of the countries experiencing the greatest loss of wealthy residents.  However, the statistics cited by the chamber have drawn widespread criticism as unreliable and misleading. President Lee also addressed the issue on X (formerly Twitter), stating, “Producing and spreading disinformation to pursue private interests and attack government policy deserves strong condemnation,” adding that it was “hard to believe that a legally established organization like the Korea Chamber of Commerce would openly engage in such behavior.”  He further said that “deliberate disinformation intended to cloud the judgment of the people—the decision-makers in policymaking—is an enemy of democracy,” and stressed that “those responsible must be held accountable and safeguards put in place to prevent a recurrence.”  In its apology, the KCCI pledged that “to prevent similar incidents in the future, we will thoroughly verify facts and statistical accuracy when preparing materials, with a strong sense of responsibility,” and said it would strengthen internal systems to ensure objective review.  Chairman Choi, who is currently on an overseas business trip, was briefed on the matter and reportedly told KCCI staff that “as a responsible institution, we should have scrutinized the data more carefully,” instructing them to “take every measure to ensure this never happens again.”",2026-02-07T09:46:49Z
engagement,social-media,informal,after,"Hello all, new on Reddit!  I am organizing a scheduled King’s Fall raid on Xbox 360 approximately three weeks from now and am extending an open invitation to players who may still wish to complete the activity—whether for achievement completion, archival progression, general interest in legacy content, or other. This raid will be exclusive to Xbox360.  Participants may reply with their gamertag if they would like to be included or message me personally through Reddit services. Interested players will also have the option to join an active Xbox 360 Destiny 1 Discord community, if so inclined, established to support continued engagement with the game. The group includes an expansive range of highly experienced players, capable of guiding runs efficiently, irrespective of prior raid familiarity.  Lastly, I was hoping to gauge broader interest in legacy PvP experiences within D1 360, particularly grimoire (score)-earning modes such as Control and Clash, which require minimum 8-player lobbies to launch and are understandably difficult  to queue in the game’s current state.  Within our community, and between myself and a few associates—with access to many alt/Queue accounts—we’re able to organize custom Crucible sessions specifically tailored for grimoire/achievement/legacy PvP purposes if there’s enough interest. (As unfortunately legacy consoles do not support custom crucible matches like next gen).  Thank you for your time, and best wishes to ALL remaining D1 guardians. Happy raiding!  (Also, my apologies if this forum is supposed to be for next gen d1. I was uncertain and will gladly remove this post if requested.)",2026-02-07T09:46:37Z
