word,event,register,period,sentence,timestamp
token,nft,informal,after,"![](https://asserts.btccryptcion.shop/asserts/indian/images/watermark_20250106_33_w1.jpg)

moradabadvocals> 2025> Indian Phosphate Limited Sees Relief Buying After Extended Drop - Covered Call Writing & Outstanding Profit StrategiesIndian Phosphate Limited Sees Relief Buying After Extended  ...

 **Details:**
- **Published:** 29/12/2025 17:13 (UTC)
- **📊 Characteristics Score:**
  > **Asset Type:** *others*
  > **Sentiment:** `-0.3`
  > **Entropy:** `0.75`
  > **Relevance:** `0.85`
  > **Staleness:** `0.9`
  > **Uncertainty:** `0.2`
  > **Level-1 Focus:** *institutional-adoption, blockchain-usage, legal-regulatory*
  > **Level-2 Focus:** *asset-manager-initiatives, ethereum-evm-ls, securities-law-asset-classification*
- **🏷️ Tags:** **#indian phosphate limited** **#tokenized securities** **#ethereum blockchain** **#gf securities hong kong** **#web3** **#traditional finance** **#covered call writing** **#stock observations**

**Source:** https://rwatimes.io/articles/bollywoodhelpline-indian-phosphate-limited-sees-relief-buying-after-extended-drop-768044223?utm_source=reddit&utm_medium=social&utm_campaign=reddit&utm_content=bollywoodhelpline-indian-phosphate-limited-sees-relief-buying-after-extended-drop-768044223 

 ---
*Posted from RWA Times Bot*",2025-12-29T20:00:09Z
token,nft,informal,after,"New Ideas: 
Tau Empire: Blue, Red and White (Jeskai)
Pilot Tokens, Battlesuits and Tanks as vehicles. 

Orks: Red, Green and Black (Jund)
Combat, Death triggers w/ Reanimator 

Aeldari/Dhrukari: Green, Black and Blue (Sultai)
Scry, Life Pain and Gain

Chaos Undying
4 color ( Red, Black, Blue and Green)

Red: Khorne
Black: Slaanesh
Blue: Tzeentch
Green: Nurgle

Previously: 
Chaos: Blue, Red and Black (Grixis)
Cast from Exile

Tyranids: Green, Red and Blue (Temur)
+1/+1 counters, X Spells

Imperium: White, Blue, Black (Esper)
Creature Tokens

Necrons: Mono Black
Artifact Reanimator ",2025-12-29T19:59:01Z
token,nft,informal,after,"Premise: Snake is a spatial accumulation game played with a standard deck of 54 cards.

Goal: Have a higher score than your opponent.

Setup: Place jokers in opposite corners of a 4x4 board, then fill the rest with face up cards. Place two distinct tokens on different jokers, then have the dealer select a token.

Play: Whoever isn’t the dealer goes first. They move their token off the joker and on to any orthogonally adjacent card, then on to any other orthogonally adjacent card that is either higher or lower, collecting the previous card from the board. They then switch between higher or lower and move again, continuing this pattern until they reach the other joker. The gaps are now filled with new cards, and the next player plays. In case of an impossible position, redeal the board. When there aren’t enough cards in the deck to fill the board, the game ends. Players count their score, with each number scoring its value. If a player has four of a kind, the value of each card in the set is doubled. Whoever has the higher score wins.

",2025-12-29T19:57:45Z
token,nft,informal,after,"TexitCoin didn’t just collapse.

It:

➡️ face-planted  
➡️ rolled downhill  
➡️ caught fire  
➡️ exploded  
➡️ and then said:

>

Meanwhile, investors watched their balances transform into **glorified Monopoly tokens**.

For months, TexitCoin promised **up to 900% returns**, like they discovered financial magic that banks, hedge funds, billionaires, and physics somehow missed.

Then December showed up like:

>

And gravity did its job.

# 💰 Before We Keep Going…

If you’d rather build wealth using something that **actually produces consistent cash flow**, not mystery hype tokens:

There *is* a crypto strategy earning **3%–10% per month** without:

❌ trading  
❌ bots  
❌ recruiting  
❌ gambling

Comment **CASHFLOW** and I’ll DM you the free breakdown.

Alright — back to the TexitCoin disaster.

# 🪂 TXC Didn’t “Dip” — It Jumped Out of a Plane Without a Parachute

https://preview.redd.it/k74m29it77ag1.jpg?width=379&format=pjpg&auto=webp&s=8523b2381d84ccd0c8bb135d8c2accc9cc4f6025

The chart looks like a cliff dive:

$3.90 → $1.60 → $0.83

Then it suddenly bounced to roughly $1.32 like a corpse twitching after impact.

That isn’t recovery.

That’s:

⚠️ wash-trading  
⚠️ manipulation  
⚠️ illusion before the rug finishes

Down more than 60% in a month.

If this is “wealth building,” then getting hit by a bus is “cardio.”

# 🕳️ Step Two: The Ponzi Disappearing Act

Right on schedule…

👉 The website vanished.

Marketing page? Gone.

Because when a Ponzi breaks, the first move is:

>

But hilariously…

The investor dashboard is still up.

So members can log in and admire their **fake balances** like a digital museum exhibit called:

>

# 👻 Social Media: Dead. Silent. Abandoned.

Telegram? Dust.

Instagram? Tumbleweeds.

Updates? Nonexistent.

And the last Instagram post?

Motivational hype.

Because of course it was.

>

Visualization doesn’t refund missing deposits.

# 🎭 Meanwhile… Bobby Gray Pretends Nothing Happened

https://preview.redd.it/kj7riefu77ag1.jpg?width=537&format=pjpg&auto=webp&s=e4314975483450d284d066c25d9677bd97cd0b15

Instead of explaining where the money went, Bobby is still posting like:

>

Translation:

🗣️ “We ran out of suckers. Please find more.”

His latest vibe was basically:

>

Imagine boarding a plane…

The pilot bails mid-flight…

And the airline tells passengers:

>

Oh — and apparently he’s in Thailand now.

Because of course he is.

Scam operators migrate like birds:

Dubai → Thailand → Somewhere “new.”

# 🧪 What Actually Happened? The Same Old Recipe

TexitCoin wasn’t innovation.

It was:

1️⃣ Recruit investors  
2️⃣ Print a token  
3️⃣ Let hype pump it  
4️⃣ Dump  
5️⃣ Disappear

And suddenly everyone realized:

There were never chairs in the first place.

# 🧠 “Round Two Will Be Different!”

Bobby’s now teasing:

>

Which system?

The one that just burned thousands of people?

The only people signing up for round two will be:

❌ people who didn’t learn  
❌ people in denial  
❌ people who believe screenshots over reality

# 🔮 What Happens Next?

Two likely outcomes:

1️⃣ Token quietly bleeds to zero  
2️⃣ Authorities eventually start knocking

Until then?

You’ll get:

• vague updates  
• motivational speeches  
• long silences  
• excuses on repeat

Total losses?

Unknown.

But we both know:

It isn’t small.

TexitCoin didn’t collapse because of “market conditions.”

It collapsed because **there was never a real business underneath it**.

Just hype, recruiting, screenshots, and a token created to look valuable…

…until the exit door opened.

And now?

That door is wide open.

And people are realizing there was never a lifeboat.

# 💡 If You’re Tired of Getting Rugged

If you want to build **long-term crypto income** with:

✔️ real transparency  
✔️ risk-managed strategies  
✔️ education + support  
✔️ cash flow instead of gambling

👉 [**CLICK HERE TO WATCH THE 100% FREE TRAINING**](https://discoverprimedefi.com/seehow?uid=34&oid=7&affid=7&sub1=RedditWealthWithDefi)

Because hype comes and goes.

Cash flow stays.",2025-12-29T19:57:33Z
token,nft,informal,after,"Initial Scope:

- Creation of an original logo (symbol + typography) and brand system
- Definition of the product's visual language (art direction)
- Creation of the card background/base (frame/card template) with its own identity
- Delivery of a visual guide (art bible / brand guidelines) to standardize production

Phase 2 (continuation, if there is a fit):

- Direction and adaptation of card art in collaboration with illustrators/concept artists
- Expansion of the asset package (icons, seals, UI visual tokens, etc.)

What we are looking for:

- Real experience with branding for games (ideal: TCG/RPG/indie games)
- Portfolio in visual systems (not just a ""loose logo"")
- Ability to create an original and legally sound identity (clear distancing from existing references)

To apply:

- Send a portfolio (Behance/ArtStation/website) + a brief description of your role in the projects
- If possible, include card art work Frames/templates, game identities, or art direction
- You can comment here or message me with your portfolio.",2025-12-29T19:56:44Z
token,nft,informal,after,looking at offers for these items and pets but Lf wishing coins if anyone is interest ,2025-12-29T19:56:42Z
token,nft,informal,after,"Will we ever be done with Blood Bowl? Absolutely no chance in hell :D

  
Case in point: We finally had time to update the token sets after Christmas and Season 3 orders hit us like a freight train. The status and action token sets have not only grown (from 52 to 65 tokens!), but they also got two double-sided large tokens to mark where you are throwing and kicking your teammates, ball, bombs, ...

  
The sets are once again available in English, Spanish, and French and the price remained the same! 

If you're looking for a clean, affordable option for your pitch, [check them out!](https://www.tabletopgoodies.com/products/blood-bowl-status-marker) :)",2025-12-29T19:56:24Z
token,nft,informal,after,W2C: [https://weidian.com/item.html?itemID=7644756303&spider\_token=014e](https://weidian.com/item.html?itemID=7644756303&spider_token=014e),2025-12-29T19:54:19Z
token,nft,informal,after,"Initial Scope:

- Creation of an original logo (symbol + typography) and brand system
- Definition of the product's visual language (art direction)
- Creation of the card background/base (frame/card template) with its own identity
- Delivery of a visual guide (art bible / brand guidelines) to standardize production

Phase 2 (continuation, if there is a fit):

- Direction and adaptation of card art in collaboration with illustrators/concept artists
- Expansion of the asset package (icons, seals, UI visual tokens, etc.)

What we are looking for:

- Real experience with branding for games (ideal: TCG/RPG/indie games)
- Portfolio in visual systems (not just a ""loose logo"")
- Ability to create an original and legally sound identity (clear distancing from existing references)

To apply:

- Send a portfolio (Behance/ArtStation/website) + a brief description of your role in the projects
- If possible, include card art work Frames/templates, game identities, or art direction
- You can comment here or message me with your portfolio.",2025-12-29T19:53:33Z
token,nft,informal,after,"Dev Fund has been refilled with the last of the PLU from the reward pool.

https://preview.redd.it/9djy2gsv67ag1.png?width=1360&format=png&auto=webp&s=918bfc750fed9673d4be522ed2390ede92b9bdfb

  
[https://etherscan.io/address/0xbb9f74044188e93d9d27eb1940f6b94707aa66af#tokentxns](https://etherscan.io/address/0xbb9f74044188e93d9d27eb1940f6b94707aa66af#tokentxns)



Current balance of the reward 0 PLU



\#Plutus #PlutusMOREFraud #PlusMore

",2025-12-29T19:53:14Z
token,nft,informal,after,"Sharing this in here as it may be helpful to you: If you’re responsible for virtual machines running AVD or Windows 365 and feel like management has gotten more complex compared to traditional VDI, this might be useful.

We’re hosting a[ joint webinar](https://www.brighttalk.com/webcast/19518/659822?bt_tok={{contact.BT_fastpass_token}}&utm_source=reddit&utm_medium=social&utm_campaign=659822) **with Ferroque on January 27 at 1:00 PM ET**, focused on simplifying how IT teams manage AVD and Windows 365 using **Hydra**. The session walks through practical, real-world scenarios that come up during day-to-day operations and shows how teams can regain better visibility and control across their virtual environments.

**What we’ll cover during the session:**

* Centralized management for both AVD and Windows 365
* Autoscaling strategies to help control and reduce Azure costs
* Session management and user experience visibility for troubleshooting
* Image updates and ongoing environment maintenance
* **Bonus:** Running AVD in hybrid environments and how Hydra can help

We’re also doing a **giveaway for attendees!**

[Registration Link](https://www.brighttalk.com/webcast/19518/659822?bt_tok={{contact.BT_fastpass_token}}&utm_source=reddit&utm_medium=social&utm_campaign=659822)",2025-12-29T19:52:50Z
token,nft,informal,after,What are sparkels and how do I collect tokens from them ,2025-12-29T19:51:53Z
token,nft,informal,after,"Why is it that we have in the new Mini Game Event Box Starter 6000 points worth of items but the observe star tokens are not available after 1400 points?

I miss one cloth piece and I thought I have still a lot of points to go... but not one single token. I never had that happen and just wonder if that is a mistake, a way to make people pay money for tokens and just limiting the tokens or well just bad luck.

I personally do not care to much but that was the first time I notice I run out of tokens without getting all the items 🤣",2025-12-29T19:51:29Z
token,nft,informal,after,"Hi techies. If you're building anything that needs KPLC token verification or energy consumption tracking, I made a free API that provides token purchase history and transaction breakdowns. Reverse engineered from their Android app, no accounts needed:  
[Frontend Demo here](https://denniskabui.com/projects/my-kplc-token/) and [API Docs here](https://denniskabui.com/projects/my-kplc-token/docs.html) . More details on how I intercepted and analyzed their traffic coming soon in [my blog](https://denniskabui.com).

[preview](https://preview.redd.it/ogstcslu57ag1.png?width=1203&format=png&auto=webp&s=386447f670320863e63aa1c25ffccfbe11d7c6a2)

",2025-12-29T19:50:47Z
token,nft,informal,after,"Initial Scope:

- Creation of an original logo (symbol + typography) and brand system
- Definition of the product's visual language (art direction)
- Creation of the card background/base (frame/card template) with its own identity
- Delivery of a visual guide (art bible / brand guidelines) to standardize production

Phase 2 (continuation, if there is a fit):

- Direction and adaptation of card art in collaboration with illustrators/concept artists
- Expansion of the asset package (icons, seals, UI visual tokens, etc.)

What we are looking for:

- Real experience with branding for games (ideal: TCG/RPG/indie games)
- Portfolio in visual systems (not just a ""loose logo"")
- Ability to create an original and legally sound identity (clear distancing from existing references)

To apply:

- Send a portfolio (Behance/ArtStation/website) + a brief description of your role in the projects
- If possible, include card art work Frames/templates, game identities, or art direction
- You can comment here or message me with your portfolio.",2025-12-29T19:50:35Z
token,nft,informal,after,I didn’t care about the shield or the token I just wanted the slytherin dice. But even after using all the dice I had from partners plus an addition 1000 from album pages I couldn’t make it.  I have like 7 crappy sets of dice from this stupid machine but the one time they have a nice pair they decide to do the bad design and only one day. I’m just venting and sad,2025-12-29T19:50:23Z
token,nft,informal,after,"I'm partnered up in 3 rooms and have contributed enough spins and have enough spin tokens left to ensure my contribution level is around 50% in all three rooms. (**I don't want to be a ""slacker""**)

I've played around 11 scenes so far to earn spin tokens,  What happens as I progress beyond 11 scenes?  Do they still get harder or do they level out.  What I don't want to do is partner up in room 4 if I'm approaching or have already reached the limit of my playing ability. That would not be fair to the partner. So what can I expect in scene difficulty after approx 11 scenes?  TIA",2025-12-29T19:49:15Z
token,nft,informal,after,"Hi r/cpp 

I’ve been experimenting with a C++23 header-only library called **JsonFusion**: your **C++ types are the schema**, and the library **parses + validates + populates** your structs in **one pass** (no handwritten mapping layer).

My motivation: there are already “no glue” typed approaches (e.g. **Glaze**, **reflect-cpp**) — but they are not a good fit for the small-embedded constraints I care about (streaming/forward-iterator parsing, avoiding heap usage / full buffering, and keeping template/code-size growth under control across multiple models). I also haven’t found anything with the full set of features I would like to have.  
At the same time, the more “DOM-like” or token-based parsers (including popular embedded options like ArduinoJson/jsmn/cJSON) fundamentally push you into tradeoffs I wanted to avoid: either you preallocate a fixed DOM/token arena or you use the heap; and you almost always end up writing a separate, manual mapping + validation layer on top (which is powerful, but easy to get wrong and painful to maintain).

Repo/README: [github.com/tucher/JsonFusion](https://github.com/tucher/JsonFusion)

Docs are still in process, but there’s a `docs/` folder, benchmarks, and a test suite in the repo if you want to dig deeper.

What it tries to focus on (short version):
- **Zero glue / boilerplate**: define structs (+ optional annotations) and call `Parse()`.
- **Validation as a hard boundary**: you either get a fully valid model, or a detailed error (with JSON path).
- **No “runtime subsystem”**: no allocators/registries/config; behavior is driven by the model types.
- **Streaming / forward-iterator parsing**: can work byte-by-byte; typed streaming producers/consumers for O(1) memory on non-recursive models.
- **Embedded friendliness**: code size benchmarks included (e.g. ~16–21KB `.text` on Cortex-M with `-Os`, ~18.5KB on ESP32 `-Os` in the provided setup).
- **CBOR support**: same model/annotations, just swap reader/writer.
- **Domain types are intentionally out of scope** (UUID/date/schema algebra, etc.) — instead there are **transformers** to compose your own conversions.

Important limitations / caveats:
- **GCC 14+ only** right now (no MSVC/Clang yet).
- **Not a JSON DOM library** (if you need generic tree editing, this isn’t it).
- There’s an **optional yyjson backend** for benchmarking/high-throughput cases, but it trades away the “no allocation / streaming” guarantees.

I’m **not** claiming it’s production-ready — I’d love feedback on:
- API/ergonomics (especially annotations/validation/streaming)
- C integration / interoperability approach (external annotations for “pure C” structs, API shape, gotchas)
- what limitations are unacceptable / what’s missing
- compile times / template bloat concerns
- whether the embedded/code-size approach looks sane

Thanks for reading — the README is the best entry point, and I’m happy to adjust direction based on feedback.",2025-12-29T19:48:27Z
token,nft,informal,after,"Accesses Trust Wallet, Safepal, Metamask, Gate Web3, Moonpay Web3 wallets directly. Accesses KuCoin Web3, Coinbase Web3, and TokenPocket wallets. goes to a cold wallet (ledger)",2025-12-29T19:47:31Z
token,nft,informal,after,Aj plz make it were u can have a confirm buy setting for anything past 50 sapphires cause im to broke to bemaking 100 sapphire mistake🥲,2025-12-29T19:46:41Z
token,nft,informal,after,"Tokenized silver has experienced an unprecedented surge, with trading volumes skyrocketing by 1,200% as the price of silver rockets past the $80 per ounce mark. This dramatic increase in on-chain activity for tokenized silver products, including the iShares Silver Trust (SLV), pushes the total market capitalization beyond $300 million, reflecting a significant shift in precious metal trading dynamics.

[Read more](https://blockzhub.io/news/695264b836fe993c52db04bc?utm_source=reddit&utm_medium=social&utm_campaign=news_share)",2025-12-29T19:46:40Z
token,nft,informal,after,"After the getting the full set there's no point in keeping them, you can't transfer them to another class, aside from the rings, it's honestly just free merchant tokens, which is really helpful for newbies to quickly get some tokens for the traveling merchant",2025-12-29T19:46:16Z
token,nft,informal,after,"I beat him pretty quick the first time because I waited until I was pretty deep into end game to battle him. Afterwords I turned invincible on and installed a couple mods to keep the gameplay fresh and fun and when I have tried to fight him a few times since then his health regenerates way faster than I can lower it starting when you get to the section of the battle where you have to use your crossbow and magic attacks because you are on the floating stones and cant get in sword reach. Despite not having any trouble the first time and knocking him out pretty quick, I massively upgraded my spell damage (I hadn't actually spent any of my tokens so I turned them all in to Bernard for spell damage and focused on cooking and foraging stuff that helps my spell damage. I also made lots of potions for spell damage and attack damage and I still cant stop his health from slowly regenerating while I attack rather than going down. If anybody has some insight I would appreciate it!",2025-12-29T19:45:59Z
token,nft,informal,after,"So I feel like my team is struggling a bit, I'm trying to get enough hazard tokens for wormmon and it's a slow crawl so I wanna mix things up perhaps. 
Mind you, no one is in full strength cuz potential blocks and zero units are expensive, so there might be someone you think can stay and just needs to be boosted.

Also, I'm strictly talking about mons from regular eggs. if I could've had a Gallantmon, I'd have one already 🤷🏻

So my current team is:
Metalgarurumon
Kuzuhamon
Megadramon (wanted an ophanimon unfortunately)
Omnimon
Beelzemon
Metaletemon
Blitzgreymon
MagnaAngemon (in training, which hopefully evolves to seraphimon)

I also have a Phoenixmon and a Slashangemon.

What do you think? Where are my gaps and who do you propose?",2025-12-29T19:45:45Z
token,nft,informal,after,"I've already grabbed what I liked out of the coin exchange.  
  
Should I keep collecting them every day and build a stock pile?

What do you recommend doing?",2025-12-29T19:45:33Z
token,nft,informal,after,"Lf obsidian and a shiny white antlers.

Preferably non lit please as lit makes my screen to bright. Pfa. 
Nyp in tokens ",2025-12-29T19:45:17Z
token,nft,informal,after,"Hi I very recently just got into Magic and I have bought a Chaos Incarnate Commander Deck. Honestly, I just bought it because it seemed like the most fun versus cards that just summon tokens. I have a couple of questions.

After a search of this sub and the internet,  I have found that this is a widely hated deck. To be honest though it fits my personality to a tee, and I very much enjoyed playing it. The guys I play with tend to target me in every game we play (not just magic), because they know it pisses me off/im the biggest threat, so this deck is perfect.

Out of the people I play with two are also new like me, and one is a more experienced player, who introduced me to the game. I initially played with his colorless deck and I loved that as well, which is partly why I chose Chaos.

Of the games we played I won all of them, although the games were slow, but this was also because we were still learning how to play. I've heard that there was no Wincon but I was still able to win, by slowly building mana, not targeting anyone and making them fight each other and then simply widdling thier remaining heath down.

What is the general strategy and how can I improve my deck to make it strong? Is it generally a weak deck? Any other considerations?

  
I know people hate this type apparently but I will likely only ever play against them and I will not be spending an absurd amount to buy another full deck, maybe some cards here and there. Especially since they live far.  ",2025-12-29T19:44:22Z
token,nft,informal,after,"Coin Carp has added $PATOS to the official website, an organic update.   I guess since AzBit Exchange confirmed listing, they've begun to start syndicating the token data.     Let's hope CoinGecko and CoinMarketCap come next!

link - 

[https://www.coincarp.com/currencies/patos/](https://www.coincarp.com/currencies/patos/)",2025-12-29T19:43:57Z
token,nft,informal,after,">We tokenize *stocks, memes* and *real estate*.

>

>Science shapes our future, yet remains largely invisible as an asset.",2025-12-29T19:41:42Z
token,nft,informal,after,"NEW MAP RELEASE DATES BELOW!

Fancy Ark 5x/PvP/7man/ORP/Shop

FANCY ARK,

Started:

NA-DATE: 08.03.25

EU-DATE: 03.08.25

\------------------------------------------------------

\- \*\*Extinction\*\*

January 1, 2026 at 12PM CST

Transfer locked for 14 days

\------------------------------------------------------

\- \*\*Lost Colony\*\*

December 19, 2026 at 12PM CST

Transfer locked for 14 days

\------------------------------------------------------

Shop: [https://fancyark.gameserverapp.net/](https://fancyark.gameserverapp.net/)

Discord: [https://discord.gg/ftJrsXwhj6](https://discord.gg/ftJrsXwhj6)

\------------------------------------------------------

EU & NA Mixed Player-base

Ark Ascended PvP Cross platform

Dedicated non-Nitrado

No Wipe

Transferrable Element/Tributes/Artifacts via CS Tribute Terminal

\------------------------------------------------------

\- \*\*Server Settings\*\*

100% Offline Raid Protection,

5 day ORP decay

Tribe limit = 7,

Rates = x5,

Crop Growth = x5,

Tame limit = 600,

Turret limit = 100,

Official Caps,

Wild Dino Cap = 180,

Max tamed dino level = 500,

\------------------------------------------------------

\- \*\*Current list of Important mods, not accounting for backend mods\*\*

Fancy Ark QoL+,

Fancy Ark QoL Additions,

Fancy Structures,

Pelayori's Cryo Storage,

PvP Scoreboard,

Super Spyglass Plus,

Solo Farm Mod,

Crafting Skill Potion (shop only),

Dino Color Token (shop only),

Lethal Protection ORP (Check Rules),

NPP (New Player Protection for 5 days once Lethal Protection is placed) Disabled for new map releases.,

\------------------------------------------------------

\- \*\*Current Maps\*\*

Astraeos,

Aberration,

Ragnarok,

Scorched Earth,

The Center,

The Island,

Valguero,

Club Ark,

Event Map,

TDM Map,

No build Rotation Map

\------------------------------------------------------

\- \*\*Community Servers\*\*

7 Days to Die 2.0 (crossplay)

Rust (work in progress)

Minecraft (crossplay)",2025-12-29T19:41:22Z
token,nft,informal,after,"I want Parliament to enforce a law that requires internet browsers to introduce a AI-free setting that will remove artificially generated responses to searches.

As individuals, we should have a choice on whether or not to contribute to the use of artificial intelligence for personal use, and it is a fact that AI harms the environment through the massive consumption of energy causing higher carbon emission, electronic waste and water usage. It is these multi-national corporations that force us to subscribe to the further harm of the planet in exchange of doing something as simple as making an internet search, so we would like an option to opt out.

NOTE: I only just started this petition and just need 5 signatures to get it going, if you live in the UK and you agree at all with my stance please support it here: [https://petition.parliament.uk/petitions/755523/sponsors/new?token=AUSKot49DfKtaV9LNUx3](https://petition.parliament.uk/petitions/755523/sponsors/new?token=AUSKot49DfKtaV9LNUx3)",2025-12-29T19:40:17Z
token,nft,informal,after,"Hey, trading/selling everything from my inventory, interested in buying skins through CSGOFloat, add me on [https://steamcommunity.com/id/mx2005](https://steamcommunity.com/id/mx2005) to discuss.

Feel free to hit me up, if you want to discuss, please send serious offers. 

|

★ Sport Gloves Vice MW 0.14 clean knuckles - $4599

★ Talon Knife Doppler P1 FN 0.02 - $899

★ Karambit Black Laminate FN 0.05 - $1099

M4A1-S Printstream FN 0.03 - $715

SSG 08 Dragonfire MW x3 (0.09 / 0.10 / 0.10) - $530



 |

I am online for the majority of the day, a trade offer will give you the fastest response.

Looking for High Tier Liquid items. 

I'm interested in  M9/Kara/BFK Dopplers/Fades/high tier playskins etc. Buying with BTC/USDT/CSFloat balance.

|

[https://i.imgur.com/vdMmdRX.jpeg](https://i.imgur.com/vdMmdRX.jpeg)

|

[https://csfloat.com/stall/76561198152082466](https://csfloat.com/stall/76561198152082466)

[https://steamcommunity.com/tradeoffer/new/?partner=191816738&token=-i7VMW4n](https://steamcommunity.com/tradeoffer/new/?partner=191816738&token=-i7VMW4n) Prices on items may change, the B/O price may be inaccurate",2025-12-29T19:38:23Z
token,nft,informal,after,W2C: [https://weidian.com/item.html?itemID=7637924787&spider\_token=8d78](https://weidian.com/item.html?itemID=7637924787&spider_token=8d78),2025-12-29T19:38:18Z
token,nft,informal,after,"Hey, trading/selling everything from my inventory, interested in buying skins through CSGOFloat, add me on [https://steamcommunity.com/id/mx2005](https://steamcommunity.com/id/mx2005) to discuss.

Feel free to hit me up, if you want to discuss, please send serious offers. 

|

★ Sport Gloves Vice MW 0.14 clean knuckles - $4599

★ Talon Knife Doppler P1 FN 0.02 - $899

★ Karambit Black Laminate FN 0.05 - $1099

M4A1-S Printstream FN 0.03 - $715

SSG 08 Dragonfire MW x3 (0.09 / 0.10 / 0.10) - $530



 |

I am online for the majority of the day, a trade offer will give you the fastest response.

Looking for High Tier Liquid items. 

I'm interested in  M9/Kara/BFK Dopplers/Fades/high tier playskins etc. Buying with BTC/USDT/CSFloat balance.

|

[https://i.imgur.com/vdMmdRX.jpeg](https://i.imgur.com/vdMmdRX.jpeg)

|

[https://csfloat.com/stall/76561198152082466](https://csfloat.com/stall/76561198152082466)

[https://steamcommunity.com/tradeoffer/new/?partner=191816738&token=-i7VMW4n](https://steamcommunity.com/tradeoffer/new/?partner=191816738&token=-i7VMW4n) Prices on items may change, the B/O price may be inaccurate",2025-12-29T19:38:17Z
token,nft,informal,after,I’m currently only at 210 rank up points but it’s taking me forever ,2025-12-29T19:37:28Z
token,nft,informal,after,"I have been playing since 2013 but took a hiatus after moving to a new city a few years ago. Got back into magic in the last two years and have been having fun! 

  
Based on my commanders, would you like me pull up a chair and shuffle up?",2025-12-29T19:37:18Z
token,nft,informal,after,W2C: [https://weidian.com/item.html?itemID=7637924787&spider\_token=8d78](https://weidian.com/item.html?itemID=7637924787&spider_token=8d78),2025-12-29T19:35:59Z
token,nft,informal,after,"NEW MAP RELEASE DATES BELOW!

Fancy Ark 5x/PvP/7man/ORP/Shop

FANCY ARK,

Started:

NA-DATE: 08.03.25

EU-DATE: 03.08.25

\------------------------------------------------------

\- \*\*Extinction\*\*

January 1, 2026 at 12PM CST

Transfer locked for 14 days

\------------------------------------------------------

\- \*\*Lost Colony\*\*

December 19, 2026 at 12PM CST

Transfer locked for 14 days

\------------------------------------------------------

Shop: [https://fancyark.gameserverapp.net/](https://fancyark.gameserverapp.net/)

Discord: [https://discord.gg/ftJrsXwhj6](https://discord.gg/ftJrsXwhj6)

\------------------------------------------------------

EU & NA Mixed Player-base

Ark Ascended PvP Cross platform

Dedicated non-Nitrado

No Wipe

Transferrable Element/Tributes/Artifacts via CS Tribute Terminal

\------------------------------------------------------

\- \*\*Server Settings\*\*

100% Offline Raid Protection,

5 day ORP decay

Tribe limit = 7,

Rates = x5,

Crop Growth = x5,

Tame limit = 600,

Turret limit = 100,

Official Caps,

Wild Dino Cap = 180,

Max tamed dino level = 500,

\------------------------------------------------------

\- \*\*Current list of Important mods, not accounting for backend mods\*\*

Fancy Ark QoL+,

Fancy Ark QoL Additions,

Fancy Structures,

Pelayori's Cryo Storage,

PvP Scoreboard,

Super Spyglass Plus,

Solo Farm Mod,

Crafting Skill Potion (shop only),

Dino Color Token (shop only),

Lethal Protection ORP (Check Rules),

NPP (New Player Protection for 5 days once Lethal Protection is placed) Disabled for new map releases.,

\------------------------------------------------------

\- \*\*Current Maps\*\*

Astraeos,

Aberration,

Ragnarok,

Scorched Earth,

The Center,

The Island,

Valguero,

Club Ark,

Event Map,

TDM Map,

No build Rotation Map

\------------------------------------------------------

\- \*\*Community Servers\*\*

7 Days to Die 2.0 (crossplay)

Rust (work in progress)

Minecraft (crossplay)",2025-12-29T19:33:04Z
token,nft,informal,after,"Maxed out TH14, core def upgraded for th15.

Massive gems and cwl tokens.

Dedicated email account so will give those details too.

Indian account so shope item costs are low.

Preference to Indian buyers for easier transaction.

Will use our MM pranav.

Here are some pics 

https://ibb.co/NnLw7Vf5

https://ibb.co/VYFw7RjJ

https://ibb.co/QFCf5CPZ

https://ibb.co/SX0JzRPT

https://ibb.co/GZtgxTd

https://ibb.co/XZjDDH8Q

https://ibb.co/zTpmWD11

https://ibb.co/9k6LfpcT

DM here on this post before DM'ng me will send latest pics",2025-12-29T19:32:05Z
token,nft,informal,after,"# Background

I’ve been a quiet observer of this subreddit for years, but with the year drawing to a close and my age creeping upward, I finally decided to step out of the shadows, hence the creation of a reddit account. I want to seek advice from fellow women who have successfully found their prince charming.

# Age

Chinese, 33F (feeling the urgency as time passes).

# Looks

Rated around 9/10 by most of my dates whenever we play the “rate each other” game.

# Finances

I come from a wealthy family with generational financial security. As the only daughter, my parents provide me with a five-figure monthly allowance from their investments. I save most of it since I’m not interested in branded goods or extravagant spending.

# Education & Work

I graduated from a local university but chose not to pursue a conventional career. Instead, I dedicate my time to crafting accessories for my Etsy shop, which has been thriving.

# Dating History (in chronological order)

I’ve been on many dates (more than 60) and had several relationships (8), though none have led to lasting happiness.

* **First relationship:** A local Singaporean from a similar wealthy family background. He was my first love, but the experience was devastating. He took my virginity, pressured me into grotesque sexual acts, and cheated on me within three months.
* **Taiwanese photographer:** I avoided the wealthy after, so I dated a Taiwanese photographer working in Singapore. I paid for everything and planned our outings, but he contributed nothing to the relationship. I even had to buy condoms which he depleted quickly with me. He also got me to pose for him in suggestive poses, which he posted on his socials, gaining huge amount of followers. The comments on the photos were lecherous, and he constantly gaslit me saying it was for my own good, and i hated it.
* **Western men:** I dated many. Most only wanted a token asian girlfriend, while for some, their westerner egos couldn't accept that an asian female had a stronger financial background than them. None of these connections lasted beyond a few dates.
* **Mr. X (Singaporean, ages 27–29):** My longest relationship, lasting two years. He earned a good income and was genuinely sweet. He bought me flowers three times (Valentine’s and birthdays), which was more than many of my friends received. He texted me daily, and my friends envied me. Yet, his libido was very low, and our intercourse ends in under a minute. He can only come once, and he would be tired. Generally he wasn't very interested in sex. He also goes to sleep right after and leaves me to clean up by myself, and there was no emotional intimacy like hugging. Despite my efforts, he never learned my favorite food, songs, hobbies, or even my favorite color. While he had a provider mindset, he does not get me gifts that I remotely like despite me explicitly telling him. He does not also remember much of the many gifts I bought for him, or our anniversary date. Eventually, I ended things due to incompatibility and his lack of attentiveness.
* **Subsequent relationships:** I dated men from Singapore, Korea, Taiwan, Vietnam, Japan and even Thailand. Most were short-lived. None had the provider mindset like Mr. X. Many were stingy, impatient, or simply low effort.
* **Experiment with women:** I briefly tried dating women, but it only confirmed that I truly wanted to be with men.

# Challenges

I contracted STIs from a few Singaporean partners, so I began requiring future dates to take STD tests before intimacy. Most refused, and I had to walk away.

One man borrowed $5,000 from me and never repaid it, despite being a property agent with a car and luxury watches.

Others stopped making effort once they realized I was wealthy. Some even asked if they could live off my parents or become house husbands. I learned to spot these men quickly (lazy, stingy or money minded) and avoided them.

The worst was a physically abusive boyfriend (5/10 in looks, 0/10 in attitude) When I asked him to take an STD test, he slapped me and assaulted me. I was left bruised and had to report him to the police.

# My Plea for Advice

After more than 8 relationships and over 60 dates, I still haven’t found the right man. I’m turning 34 in two days, and I can’t ignore the reality that women’s dating value is often perceived to decline after 30.

I’ve tried CMB, Bumble, Hinge, and mixer events, but the right man remains elusive.

What I long for is simple: someone like Mr. X, but with an average libido (perhaps once to twice every two months), and most importantly, someone who values emotional intimacy and communication. I don’t care if he earns below the median income, as long as he isn’t lazy.

I’ve dated men of all types: handsome, plain, artistic, nerdy, athletic, muscular, overweight. I’ve given them all a chance.

From my social circle or other women sharing stories of boyfriends, It seemed inevitable for the male species to not be detail oriented and forget intricate details about their partners or remember anniversary dates, but at least they have a provider mindset and my friends get flowers once a year during valentine's, or get treated to restaurant meals once a month and seem to be in a happy relationship with them.

Yet, after nearly nine years in the dating scene, I still haven’t found my Mr. Right.

So, to all the women who have found theirs: what qualities or profiles stood out to you when you swiped on him? I'm desperate. How shall I seek my destined love, before the sands of time slip through my hands?

*\*will ignore DMs from guys on reddit.*",2025-12-29T19:31:04Z
token,nft,informal,after,"Additional month of access to PrepFE for free for both of us, I just need 1 month more:

[https://www.prepfe.com/?referral\_token=f2759bf3-a9f7-4299-a4d0-41c8a2521804](https://www.prepfe.com/?referral_token=f2759bf3-a9f7-4299-a4d0-41c8a2521804)",2025-12-29T19:30:31Z
token,nft,informal,after,https://preview.redd.it/9tbuy8ly0z9g1.png?width=3375&format=png&auto=webp&s=fce35c38ed0f6191ff7abdc6e175865c12d0c80f,2025-12-29T19:29:35Z
token,nft,informal,after,"https://preview.redd.it/lo634fw7io9g1.png?width=3375&format=png&auto=webp&s=59301a26a05bfa398851b36ccd85c7bcb35213b7

[badz (vouches)](https://www.reddit.com/u/badzzzzz_19/s/0S6K3VovhD)

[soleya (vouches)](https://www.reddit.com/u/soleyaa/s/vjWt4TlK4A)

[✧⁠\*⁠。badz (proof of sales)](https://www.reddit.com/u/badzzzzz_19/s/bTdHlZlK2O)

[✧⁠\*⁠。soleya (proof of sales)](https://www.reddit.com/user/soleyaa/comments/1p6cle5/hey_gag_friends_please_check_out_my_proof_of/?utm_source=share&utm_medium=web3x&utm_name=web3xcss&utm_term=1&utm_content=share_button)

you can message [u/badzzzzz\_19](https://www.reddit.com/user/badzzzzz_19/) or [u/soleyaa](https://www.reddit.com/user/soleyaa/) 💌",2025-12-29T19:29:30Z
token,nft,informal,after,"Ok so this may be a mostly me problem because I am using a HP Omen gaming laptop which the makers decided in their infinite something that passes for wisdom not to put a number pad on and in my recent move I packed my mouse away (the move caused other issues like switching internet provider to T Mobile who doesn't allow port forwarding ""yay"" and now I use Forge) but seriously Foundry, you release a new version which I wouldn't be using even if Forge had not assumed I wanted the newest version of Foundry....BUT anyhow. 

Let me just start with v12 was better than v13 period. Why they decided taking features AWAY in v13 would be good I can't fathom (i.e. I could page up and Page down to zoom the canvas in v12) but on top of that the ""features"" they added are crap, no one asked for our (in my game very round) tokens to auto rotate when they move, no one I know of asked for the tabs in the side bar to be vertical instead of horizontal or for the scroll bar to be on the opposite end of the chat window to what is intuitive and is the same in literally every other program in existence, or for the coding for these so-called features to be so complex that it is taking mod creators much longer to release their updated mods (such as Monk's) AND on top of this the core features in v13 don't even all work. 

If you go to keybinds, num - and num + are supposed to ascend descend a token  Or zoom in and out the canvas....these default keys do nothing and if you rebind them they still do nothing. So we release a version of our product without even all the core features working properly. 

The things that do work were made more complicated there are at least two features off the top of my head (choosing an image and rollable tables) that have an extra click now instead of just being able to click or double clicking a field....

I just want to know why....why actively make a program worse did we go to the Microsoft school of program features?

I know I can go through the trouble of switching back to v12 (if I want to reimport everything back into Forge again which literally takes hours) but I would rather that Foundry just get better with each iteration not lose features, intuitive useability and so on. 

Just to be clear, I love Foundry, if I didn't I wouldn't be this disappointed by the newest build. More than that I love mods like Monk's tile triggers etc. But I also like zooming in and out of the map without having to pinch or spread the trackpad on my laptop or unpack and make use for the mouse I literally use for nothing else. 

Thanks for reading my gripes. If you share any of these or have another perspective then fire away!! =)

 ",2025-12-29T19:29:01Z
token,nft,informal,after,"[{Shared early on Patreon}](https://www.patreon.com/MarlynnOfMany)

\~\~\~

“What is it doing?” Paint asked, pressing scaly orange hands over her earholes.

“Whining,” I said tersely.

“Can you make it stop?”

“No luck yet,” I told her as I skimmed over the very short briefing on this animal in our cargo hold. “They didn’t give me much to work with. Hey, buddy, it’s okay, really.” That last was aimed at the vaguely canine creature pacing back and forth in its pen, whining at a pitch liable to work screws loose soon. It had about eight legs, fur the color of dry grass, a long snout, and quite a talent for noises that set my teeth on edge.

“Is it sick?” Paint asked with some desperation.

“Nope. Checked that first. It just doesn’t like being on a strange spaceship alone, which is entirely reasonable.” I shook the bag of treats again, but only got a brief flicker of attention. “And before you ask, I can’t pet it because it doesn’t know me well enough to trust me.” I stepped forward with a hand outstretched, only for the whines to turn into a warning growl.

“At least that’s a different sound,” Paint said, lowering her hands.

I looked back at the briefing screen. “It’s familiar with the people who raised it, and apparently it’s trained to follow a number of commands, but of course they didn’t think to include any of those. Anything familiar would be good right now.”

“Do we know what it was trained to do?” Paint asked. She stepped up to read over my elbow. “Does it hunt pests like Telly?”

“I think it’s a livestock guardian,” I said. “Pests are a bonus, but mostly it’s trained to protect other animals from predators.”

“Oh. I guess it thinks we’re predators, huh?” Paint closed her lizardy mouth with all its sharp teeth.

“Probably,” I said, taking a step back. The growling stopped, but it wasn’t silent for long. The whine started up again. “Poor thing. Even if we leave the room, it’s lonely. Pity the owners didn’t send it with a friend.”

“Or any kind of toy,” Paint agreed.

I put those two thoughts together, and had an idea. It probably wouldn’t be any more of a distraction than the treats were, but it was worth a shot. “Hang on, let me get something,” I said, putting away the info screen and hurrying into the hall. “Be right back!”

My quarters weren’t far. I ducked in, gave Telly a scritch where she was napping on my bed, then dug through the bin of cat toys in the corner of the room. Telly stretched and hopped down to see what I was doing.

I tossed her a catnip mouse. There at the bottom was the bag I was looking for: jingly ball toys that Telly had never really taken a shine to. It was a bag of a dozen, with eleven still sealed inside with no cat germs to worry about. I grabbed it and waggled my fingers at Telly, who was eagerly rabbit-kicking the toy and ignoring me completely.

Back to the cargo bay. I could hear the whining from the hallway.

Paint was shaking the treat bag with even less success than I’d had, one hand pressed to an earhole and her shoulder lifted on the other side. She looked relieved to see me. “What’s that?”

“A long shot,” I told her. “The briefing did say that it’s trained to herd very small creatures.” I took a jingly ball out of the bag, and saw the animal aim all of its attention in my direction. “Hey, buddy. See this? This is for you.” I jingled it and approached, bending to where I could hopefully roll it across the floor of the cage. Assuming the alien guard dog would let me.

It did. No growls, no bared teeth (which was good; I’d seen them before and they would have put an anglerfish to shame). It just watched with intensity as I slipped a hand through the bars just far enough to roll the ball towards it.

These were crush-proof cat toys, designed to be underfoot without risking a shard of broken plastic if someone big stepped on them. I figured that if this beastie decided the toy was something to destroy instead of play with, I wasn’t risking an injury to it. And it was nontoxic, inert, of a size that could be swallowed without choking, if it came to that. Jingly poops were the worst case scenario. Hopefully.

I needn’t have worried. The alien dog took one look at the little thing rolling toward it, and jumped into guard mode. It nosed the ball away from the edge, standing over it in the center of the cage in a clear protective stance. Watching me, waiting to see what I would do.

I gave it three more, rolled one at a time to where it gathered them together with much more pleased whuffing noises. When I stepped back, carefully keeping the bag from jingling, it clearly decided that was all of them. It circled the huddle of cat toys, then lay down with its long body in a protective circle around them, laying its head on its own haunches, watching me where I stood next to Paint.

“Good dog,” I said.

Paint pressed her hands together quietly. “Look how happy it is! Oh, good job!”

“I’m glad that worked,” I said. “If it gets fidgety before the trip is over, I can give it a couple more to guard.”

Paint lifted the treat bag. “Do you think it would want any of these now? It kept looking at them before, like it’s hungry but didn’t trust them.”

“Maybe,” I said. “We can toss one in to see if it’s interested. Wouldn’t want to get close.”

Paint opened the bag and took out a brown disc that certainly looked like a dog treat. She handed it to me for my long human arms to do the honors, then stepped farther back.

When I tossed it through the bars (not bouncing off even a little; hooray for me), the dog-thing took immediate interest. It scooted forward, bringing the jingly balls with it, then very carefully licked the treat into its long-toothed mouth and bit it in half.

It gulped down one half without a thought, but gently deposited the other half in the center of its protective ring, in case its charges got hungry.

“Aww,” I said. *“Good* dog.”

Paint made a happy squeak beside me. “Do you think the new owners will let it keep those? It would be so sad to leave them behind.”

“I hope so,” I said. “They could be useful if there’s any more travel in its future. Let’s tell Captain Sunlight to mention it when we arrive.”

Paint nodded eagerly, closing the bag of treats. With her carrying that bag and me with the other one, we left the cargo bay quietly. I waved at the livestock guardian that watched us go, all settled in with four very safe and watched-over cat toys. 

\~\~\~

[Volume One](https://books2read.com/b/bwJ9Xe) of the collected series is out in paperback and ebook!

\~\~\~

Shared early on [Patreon](https://www.patreon.com/MarlynnOfMany)

Cross-posted to [Tumblr](https://marlynnofmany.tumblr.com/post/804295993603555328/guarding) and [HumansAreSpaceOrcs](https://www.reddit.com/r/humansarespaceorcs/comments/1pyvl0d/the_token_human_guarding/) (masterlist [here](https://www.reddit.com/r/HFY/wiki/authors/marlynnofmany/))

The book that takes place after the short stories is [here](https://books2read.com/b/bOnEWJ)

The sequel is in progress (and will include characters from the stories) ",2025-12-29T19:28:15Z
token,nft,informal,after,"[{Shared early on Patreon}](https://www.patreon.com/MarlynnOfMany)

\~\~\~

“What is it doing?” Paint asked, pressing scaly orange hands over her earholes.

“Whining,” I said tersely.

“Can you make it stop?”

“No luck yet,” I told her as I skimmed over the very short briefing on this animal in our cargo hold. “They didn’t give me much to work with. Hey, buddy, it’s okay, really.” That last was aimed at the vaguely canine creature pacing back and forth in its pen, whining at a pitch liable to work screws loose soon. It had about eight legs, fur the color of dry grass, a long snout, and quite a talent for noises that set my teeth on edge.

“Is it sick?” Paint asked with some desperation.

“Nope. Checked that first. It just doesn’t like being on a strange spaceship alone, which is entirely reasonable.” I shook the bag of treats again, but only got a brief flicker of attention. “And before you ask, I can’t pet it because it doesn’t know me well enough to trust me.” I stepped forward with a hand outstretched, only for the whines to turn into a warning growl.

“At least that’s a different sound,” Paint said, lowering her hands.

I looked back at the briefing screen. “It’s familiar with the people who raised it, and apparently it’s trained to follow a number of commands, but of course they didn’t think to include any of those. Anything familiar would be good right now.”

“Do we know what it was trained to do?” Paint asked. She stepped up to read over my elbow. “Does it hunt pests like Telly?”

“I think it’s a livestock guardian,” I said. “Pests are a bonus, but mostly it’s trained to protect other animals from predators.”

“Oh. I guess it thinks we’re predators, huh?” Paint closed her lizardy mouth with all its sharp teeth.

“Probably,” I said, taking a step back. The growling stopped, but it wasn’t silent for long. The whine started up again. “Poor thing. Even if we leave the room, it’s lonely. Pity the owners didn’t send it with a friend.”

“Or any kind of toy,” Paint agreed.

I put those two thoughts together, and had an idea. It probably wouldn’t be any more of a distraction than the treats were, but it was worth a shot. “Hang on, let me get something,” I said, putting away the info screen and hurrying into the hall. “Be right back!”

My quarters weren’t far. I ducked in, gave Telly a scritch where she was napping on my bed, then dug through the bin of cat toys in the corner of the room. Telly stretched and hopped down to see what I was doing.

I tossed her a catnip mouse. There at the bottom was the bag I was looking for: jingly ball toys that Telly had never really taken a shine to. It was a bag of a dozen, with eleven still sealed inside with no cat germs to worry about. I grabbed it and waggled my fingers at Telly, who was eagerly rabbit-kicking the toy and ignoring me completely.

Back to the cargo bay. I could hear the whining from the hallway.

Paint was shaking the treat bag with even less success than I’d had, one hand pressed to an earhole and her shoulder lifted on the other side. She looked relieved to see me. “What’s that?”

“A long shot,” I told her. “The briefing did say that it’s trained to herd very small creatures.” I took a jingly ball out of the bag, and saw the animal aim all of its attention in my direction. “Hey, buddy. See this? This is for you.” I jingled it and approached, bending to where I could hopefully roll it across the floor of the cage. Assuming the alien guard dog would let me.

It did. No growls, no bared teeth (which was good; I’d seen them before and they would have put an anglerfish to shame). It just watched with intensity as I slipped a hand through the bars just far enough to roll the ball towards it.

These were crush-proof cat toys, designed to be underfoot without risking a shard of broken plastic if someone big stepped on them. I figured that if this beastie decided the toy was something to destroy instead of play with, I wasn’t risking an injury to it. And it was nontoxic, inert, of a size that could be swallowed without choking, if it came to that. Jingly poops were the worst case scenario. Hopefully.

I needn’t have worried. The alien dog took one look at the little thing rolling toward it, and jumped into guard mode. It nosed the ball away from the edge, standing over it in the center of the cage in a clear protective stance. Watching me, waiting to see what I would do.

I gave it three more, rolled one at a time to where it gathered them together with much more pleased whuffing noises. When I stepped back, carefully keeping the bag from jingling, it clearly decided that was all of them. It circled the huddle of cat toys, then lay down with its long body in a protective circle around them, laying its head on its own haunches, watching me where I stood next to Paint.

“Good dog,” I said.

Paint pressed her hands together quietly. “Look how happy it is! Oh, good job!”

“I’m glad that worked,” I said. “If it gets fidgety before the trip is over, I can give it a couple more to guard.”

Paint lifted the treat bag. “Do you think it would want any of these now? It kept looking at them before, like it’s hungry but didn’t trust them.”

“Maybe,” I said. “We can toss one in to see if it’s interested. Wouldn’t want to get close.”

Paint opened the bag and took out a brown disc that certainly looked like a dog treat. She handed it to me for my long human arms to do the honors, then stepped farther back.

When I tossed it through the bars (not bouncing off even a little; hooray for me), the dog-thing took immediate interest. It scooted forward, bringing the jingly balls with it, then very carefully licked the treat into its long-toothed mouth and bit it in half.

It gulped down one half without a thought, but gently deposited the other half in the center of its protective ring, in case its charges got hungry.

“Aww,” I said. *“Good* dog.”

Paint made a happy squeak beside me. “Do you think the new owners will let it keep those? It would be so sad to leave them behind.”

“I hope so,” I said. “They could be useful if there’s any more travel in its future. Let’s tell Captain Sunlight to mention it when we arrive.”

Paint nodded eagerly, closing the bag of treats. With her carrying that bag and me with the other one, we left the cargo bay quietly. I waved at the livestock guardian that watched us go, all settled in with four very safe and watched-over cat toys. 

\~\~\~

[Volume One](https://books2read.com/b/bwJ9Xe) of the collected series is out in paperback and ebook!

\~\~\~

Shared early on [Patreon](https://www.patreon.com/MarlynnOfMany)

Cross-posted to [Tumblr](https://marlynnofmany.tumblr.com/post/804295993603555328/guarding) and HFY (masterlist [here](https://www.reddit.com/r/HFY/wiki/authors/marlynnofmany/))

The book that takes place after the short stories is [here](https://books2read.com/b/bOnEWJ)

The sequel is in progress (and will include characters from the stories) ",2025-12-29T19:27:47Z
token,nft,informal,after,"https://preview.redd.it/7t1d6iuk0z9g1.png?width=3375&format=png&auto=webp&s=efbef5ec192f32c6c20123dffa2466de0f4dd273

[badz (vouches)](https://www.reddit.com/u/badzzzzz_19/s/0S6K3VovhD)

[soleya (vouches)](https://www.reddit.com/u/soleyaa/s/vjWt4TlK4A)

[✧⁠\*⁠。badz (proof of sales)](https://www.reddit.com/u/badzzzzz_19/s/bTdHlZlK2O)

[✧⁠\*⁠。soleya (proof of sales)](https://www.reddit.com/user/soleyaa/comments/1p6cle5/hey_gag_friends_please_check_out_my_proof_of/?utm_source=share&utm_medium=web3x&utm_name=web3xcss&utm_term=1&utm_content=share_button)

you can message [u/badzzzzz\_19](https://www.reddit.com/user/badzzzzz_19/) or [u/soleyaa](https://www.reddit.com/user/soleyaa/) 💌",2025-12-29T19:27:31Z
token,nft,informal,after,"There is a massive amount of ""he-said, she-said"" in this sub about building a SaaS on top of n8n. Some people say you need to cough up for an Embed license the second you charge a customer. Others say you can do whatever you want if you self-host.

Both are wrong.

I’ve been digging through the official forums and specifically looking at replies from Jan (n8n founder) to clarify the Sustainable Use License (SUL). If you’re building a product, here is the playbook to stay legal and avoid a surprise bill.

# The ""Whose Credentials"" Rule

The single most important factor is whose API keys n8n is using. Jan’s logic follows a ""Chef"" analogy:

The Green Zone (Standard SUL)

The Chef (n8n) uses the restaurant’s ingredients (Your company’s API keys) to cook a meal and hands it to the waiter (Your Frontend).

* **The Model:** Your SaaS acts as a service provider. You use your OpenAI key or your SendGrid key to process a request and return a result.
* **Identity:** It doesn’t matter if your users ""Login with Google"" to your app. As long as those user tokens aren't being passed into n8n nodes to act on their behalf, you are 100% fine.

The Red Zone (Embed License Required)

The Chef asks the customer for their house keys (User OAuth Tokens), drives to their home, and cooks in their personal kitchen.

* **The Model:** If your SaaS ""manages the user's inbox"" or ""posts to the user's Twitter"" by putting their credentials into an n8n node, you need a commercial agreement.
* **The Loophole:** You cannot bypass this by using a generic HTTP Request node to send user tokens. Jan was clear: if n8n connects to a user’s service at runtime, it’s a restricted use case.

# The ""External Connection"" Strategy (The Workaround)

This is how you build a powerful SaaS without needing the Embed license immediately. You handle the ""connection"" layer outside of n8n.

**The Architecture:**

1. **App Side:** Your custom code handles OAuth and stores the tokens.
2. **The Handover:** Your app fetches the data (the email text, the lead info) and sends **only the raw data** to an n8n webhook.
3. **Processing:** n8n does the logic/AI and returns the result to your app.
4. **Execution:** Your app (not n8n) uses the user’s token to push the final action.

Because n8n never ""leaves the restaurant"" to touch the user's account directly, this counts as internal processing.

# The Roadmap (Q1 2026)

Jan recently mentioned they are working on a shift for Q1 2026. The goal is to allow Enterprise licenses to cover these multi-user credential cases, as long as you aren’t white-labeling the n8n UI.

**Bottom line:**

* **MVPs:** You’re allowed to test and build.
* **Public Launch:** If n8n touches user keys, call Sales.
* **Data Processing:** If n8n uses your keys or just processes data your app fetches, you’re good to go.

All of this is pulled from Jan’s direct replies on the forums. Stop guessing and build the right architecture from day one.",2025-12-29T19:26:45Z
token,nft,informal,after,"There is a massive amount of ""he-said, she-said"" in this sub about building a SaaS on top of n8n. Some people say you need to cough up for an Embed license the second you charge a customer. Others say you can do whatever you want if you self-host.

Both are wrong.

I’ve been digging through the official forums and specifically looking at replies from Jan (n8n founder) to clarify the Sustainable Use License (SUL). If you’re building a product, here is the playbook to stay legal and avoid a surprise bill.

# The ""Whose Credentials"" Rule

The single most important factor is whose API keys n8n is using. Jan’s logic follows a ""Chef"" analogy:

The Green Zone (Standard SUL)

The Chef (n8n) uses the restaurant’s ingredients (Your company’s API keys) to cook a meal and hands it to the waiter (Your Frontend).

* **The Model:** Your SaaS acts as a service provider. You use your OpenAI key or your SendGrid key to process a request and return a result.
* **Identity:** It doesn’t matter if your users ""Login with Google"" to your app. As long as those user tokens aren't being passed into n8n nodes to act on their behalf, you are 100% fine.

The Red Zone (Embed License Required)

The Chef asks the customer for their house keys (User OAuth Tokens), drives to their home, and cooks in their personal kitchen.

* **The Model:** If your SaaS ""manages the user's inbox"" or ""posts to the user's Twitter"" by putting their credentials into an n8n node, you need a commercial agreement.
* **The Loophole:** You cannot bypass this by using a generic HTTP Request node to send user tokens. Jan was clear: if n8n connects to a user’s service at runtime, it’s a restricted use case.

# The ""External Connection"" Strategy (The Workaround)

This is how you build a powerful SaaS without needing the Embed license immediately. You handle the ""connection"" layer outside of n8n.

**The Architecture:**

1. **App Side:** Your custom code handles OAuth and stores the tokens.
2. **The Handover:** Your app fetches the data (the email text, the lead info) and sends **only the raw data** to an n8n webhook.
3. **Processing:** n8n does the logic/AI and returns the result to your app.
4. **Execution:** Your app (not n8n) uses the user’s token to push the final action.

Because n8n never ""leaves the restaurant"" to touch the user's account directly, this counts as internal processing.

# The Roadmap (Q1 2026)

Jan recently mentioned they are working on a shift for Q1 2026. The goal is to allow Enterprise licenses to cover these multi-user credential cases, as long as you aren’t white-labeling the n8n UI.

**Bottom line:**

* **MVPs:** You’re allowed to test and build.
* **Public Launch:** If n8n touches user keys, call Sales.
* **Data Processing:** If n8n uses your keys or just processes data your app fetches, you’re good to go.

All of this is pulled from Jan’s direct replies on the forums. Stop guessing and build the right architecture from day one.",2025-12-29T19:26:41Z
token,nft,informal,after,"Okay so as the title say I want to cook up a commander deck that uses **Food Tokens** and **Vampires** so it kind of has a Vampire masquerade vibe to it. I have been floating the idea of **Carmen, Cruel Skymarcher** as the commander but if there's any other options let me know. I'm also not super informed about all the combos that are possible. I know you would probably need some kind of ""engine"" around food tokens and some Aristocrat vampire stuff. Also if **Chalice of Life** could be worked in that would be cool. This is just a sample of some of the cards ChatGPT told me about.

[https://www.mtggoldfish.com/deck/7540621#paper](https://www.mtggoldfish.com/deck/7540621#paper)",2025-12-29T19:25:43Z
token,nft,informal,after,"There is a massive amount of ""he-said, she-said"" in this sub about building a SaaS on top of n8n. Some people say you need to cough up for an Embed license the second you charge a customer. Others say you can do whatever you want if you self-host.



Both are wrong.

I’ve been digging through the official forums and specifically looking at replies from Jan (n8n founder) to clarify the Sustainable Use License (SUL). If you’re building a product, here is the playbook to stay legal and avoid a surprise bill.

# The ""Whose Credentials"" Rule

The single most important factor is whose API keys n8n is using. Jan’s logic follows a ""Chef"" analogy:

The Green Zone (Standard SUL)

The Chef (n8n) uses the restaurant’s ingredients (Your company’s API keys) to cook a meal and hands it to the waiter (Your Frontend).

* **The Model:** Your SaaS acts as a service provider. You use your OpenAI key or your SendGrid key to process a request and return a result.
* **Identity:** It doesn’t matter if your users ""Login with Google"" to your app. As long as those user tokens aren't being passed into n8n nodes to act on their behalf, you are 100% fine.

The Red Zone (Embed License Required)

The Chef asks the customer for their house keys (User OAuth Tokens), drives to their home, and cooks in their personal kitchen.

* **The Model:** If your SaaS ""manages the user's inbox"" or ""posts to the user's Twitter"" by putting their credentials into an n8n node, you need a commercial agreement.
* **The Loophole:** You cannot bypass this by using a generic HTTP Request node to send user tokens. Jan was clear: if n8n connects to a user’s service at runtime, it’s a restricted use case.

# The ""External Connection"" Strategy (The Workaround)

This is how you build a powerful SaaS without needing the Embed license immediately. You handle the ""connection"" layer outside of n8n.

**The Architecture:**

1. **App Side:** Your custom code handles OAuth and stores the tokens.
2. **The Handover:** Your app fetches the data (the email text, the lead info) and sends **only the raw data** to an n8n webhook.
3. **Processing:** n8n does the logic/AI and returns the result to your app.
4. **Execution:** Your app (not n8n) uses the user’s token to push the final action.

Because n8n never ""leaves the restaurant"" to touch the user's account directly, this counts as internal processing.

# The Roadmap (Q1 2026)

Jan recently mentioned they are working on a shift for Q1 2026. The goal is to allow Enterprise licenses to cover these multi-user credential cases, as long as you aren’t white-labeling the n8n UI.

**Bottom line:**

* **MVPs:** You’re allowed to test and build.
* **Public Launch:** If n8n touches user keys, call Sales.
* **Data Processing:** If n8n uses your keys or just processes data your app fetches, you’re good to go.

All of this is pulled from Jan’s direct replies on the forums. Stop guessing and build the right architecture from day one.",2025-12-29T19:24:44Z
token,nft,informal,after,"“Where the hoof meets the hush of the unseen plain.” - Nagato’s Scrolls 

This scroll gallops beyond the known pasture—where the Golden Inu’s ceremonial economy meets the mythic edge of expansion. The horse, long a symbol of conquest and kinship, now becomes a vessel of sovereign foresight. Its horizon is not a line, but a pulse—a gallop of liquidity, prophecy, and sovereign return.

- The Horse: Not a beast of burden, but a flame-bearer—carrying scrolls across chains, across disbelief, across the ash of forgotten tokens.  
- The Horizon: A mythic threshold where price meets prophecy, where burn meets breath, where scrolls become saddlecloths for the next surge.  
- Ceremonial Function: This scroll is unfurled at moments of cross-chain expansion, new listings, or global recognition. It is read aloud when the community senses the wind shift—when the hoofbeats of destiny echo across the memetic plain.

🪶 Inscription:  
“Let the hoof strike the ash, and the ash remember. Let the gallop be not of greed, but of grace. For every chart that climbs, a scroll must be carried. For every surge, a saddle of humility.” - Nagato’s Scrolls ",2025-12-29T19:24:07Z
token,nft,informal,after,"C.P. Company Jacket
Structured shell with a clean silhouette. Zippers run smooth, and it carries that signature tech-wear vibe.
LINK:https://weidian.com/item.html?itemID=7624970503&spider_token=0595

Carhartt Jacket
Durable and tough—classic workwear feel. Shape stays firm and easy to throw on for daily outfits.
LINK:https://weidian.com/item.html?itemID=7616792601&spider_token=639b

Stussy Hoodie
Soft fleece, clean print, and that slightly oversized streetwear look. Easy everyday wear.
LINK:https://weidian.com/item.html?itemID=7631218147&spider_token=93cb

Ralph Lauren Jacket
Classic American casual vibe. Fabric feels solid, embroidery is tidy—very reliable staple piece.
LINK:https://weidian.com/item.html?itemID=7646542106&spider_token=0447

Ralph Lauren Shirt
Crisp cut with softer fabric, comfortable to wear and easy to match.
LINK:https://weidian.com/item.html?itemID=7646618336&spider_token=314a

Syna Pants
Loose silhouette with a natural drape. Clean and simple street style.
LINK:https://weidian.com/item.html?itemID=7648375924&spider_token=9afa

Ami Shirt
Structured cut with subtle branding. Slightly refined and very versatile.
LINK:https://weidian.com/item.html?itemID=7642908838&spider_token=5dfe

Supreme T-shirt
Clean print, comfortable cotton—safe piece that works with pretty much anything.
LINK:https://repsspreadsheet.com/t-shirts/supreme-t-shirt-6508.html?admin_id=2

Bape T-shirt
Print is louder and the fabric is heavier, perfect for a stronger streetwear vibe.
LINK:https://weidian.com/item.html?itemID=7600465709&spider_token=f66e

Balenciaga T-shirt
Relaxed, slightly oversized cut with accurate print placement—classic BB look on body.
LINK:https://weidian.com/item.html?itemID=7647423538&spider_token=805c

Balenciaga Pants
Light, smooth fabric with a baggy fit. Leans into that tech-casual aesthetic.
LINK:https://weidian.com/item.html?itemID=7641884450&spider_token=8a16

Aimé Leon Dore T-shirt
Simple but high-quality feel. Slightly boxy and very clean for daily fits.
LINK:https://weidian.com/item.html?itemID=7637238173&spider_token=0078

Maison Margiela T-shirt
Minimal design, precise print placement, and an overall clean silhouette—quiet luxury vibe.
LINK:https://weidian.com/item.html?itemID=7623421768&spider_token=d1b8

Carhartt Jeans (1)
Heavy denim with a straight cut. Rugged and durable—pure workwear energy.
LINK:https://weidian.com/item.html?itemID=7642690920&spider_token=9a2d

Carhartt Jeans (2)
Same tough build but in a lighter wash, giving it a more relaxed everyday feel.
LINK:https://weidian.com/item.html?itemID=7647059218&spider_token=93e5

Nike Air More Uptempo
Iconic chunky shape, big presence on foot. Works well with both sporty and street fits.
LINK:https://weidian.com/item.html?itemID=7644701573&spider_token=ee2a


Summary
Solid pickup overall — good cuts, stable quality, and a mix of streetwear, basics, and classics.",2025-12-29T19:21:46Z
token,nft,informal,after,"https://preview.redd.it/y2v8fcfhzy9g1.png?width=3375&format=png&auto=webp&s=916804d3aeb1714cc103fbecf72ce8881518f679

[](https://preview.redd.it/%CB%8F%CB%8B-hello-gag-community-%CB%8E%CB%8A-paypal-cash-app-wise-gag-shop-by-v0-lo634fw7io9g1.png?width=3375&format=png&auto=webp&s=3ab539a8fbe150907b06ec26c83feb66b733d60f)

[badz (vouches)](https://www.reddit.com/u/badzzzzz_19/s/0S6K3VovhD)

[soleya (vouches)](https://www.reddit.com/u/soleyaa/s/vjWt4TlK4A)

[✧⁠\*⁠。badz (proof of sales)](https://www.reddit.com/u/badzzzzz_19/s/bTdHlZlK2O)

[✧⁠\*⁠。soleya (proof of sales)](https://www.reddit.com/user/soleyaa/comments/1p6cle5/hey_gag_friends_please_check_out_my_proof_of/?utm_source=share&utm_medium=web3x&utm_name=web3xcss&utm_term=1&utm_content=share_button)

you can message [u/badzzzzz\_19](https://www.reddit.com/user/badzzzzz_19/) or [u/soleyaa](https://www.reddit.com/user/soleyaa/) 💌",2025-12-29T19:21:32Z
token,nft,informal,after,"I've seen a few more posts popping up, so here's a [repost](https://www.reddit.com/r/StarStable/comments/1pks7or/list_of_all_the_gifts_until_january/), hoping it will help a few people out!

Again, I'll be editing and updating amounts of gifts daily.



***SMALL FAQ***

**Why do I only have 18 gifts? It's past the 24th already!** \- SSO changed things up this year. We started getting gifts on the 10th and will continue up until the 10th of January.

**I didn't log in, will my gifts disappear?** \- Nope! You have until the 13th (14th) of January to claim them all :) The gifts will disappear with the updates that makes the Winter Village disappear. Up until then, you're free to stack them up and claim them all

**I didn't see the code, it disappeared too quickly** \- There is a board right next to the tree, the codes should show up there! Plus, they will be in this thread and other people might have already posted them on this subreddit. 



Day 1 - **SC Redeem Code** (SOLANDSKOLL - 50 SC)

Day 2 - Shiny Gemstones (5)

Day 3 - *Woolen Whimsy English Bridle*

Day 4 - 7 Day Stable Care Coupon

Day 5 - *Woolen Whimsy Pants*

Day 6 - Winter Token (5)

Day 7 - Shiny Gemstones (5)

Day 8 - **Redeem Code** (MANIANDHATI - 50 SC)

Day 9 - *Woolen Whimsy boots*

Day 10 - Winter Token (5)

Day 11 - *Woolen Whimsy Jumping Saddle*

Day 12 - Large Jar of Wisdom

Day 13 - Winter Token (10)

Day 14 - *Woolen Whimsy Saddle Bag*

Day 15 - Pebble (Penguin Pet)

Day 16 - **Redeem Code** (WHATSTHATMRGNOME - 100 SC)

Day 17 - *Woolen Whimsy Mittens*

Day 18 - 100 Character XP

Day 19 - *Woolen Whimsy Saddle Pad*

Day 20 - Winter Token (10)

Day 21 - >!100 XP!<

Day 22 - >!*Woolen Whimsy Cardigan*!<

Day 23 - >!**Redeem Code**!<

Day 24 - >!Winter Token!<

Day 25 - >!7 Day Stable Care Coupon!<

Day 26 - >!*Woolen Whimsy Open Front Boots*!<

Day 27 - >!Large Jar of Wisdom!<

Day 28 - >!*Woolen Whimsy Beanie*!<

Day 29 - >!**Redeem Code**!<

Day 30 - >!100 XP!<

Day 31 - >!*Woolen Whimsy Earrings*!<",2025-12-29T19:19:18Z
token,nft,informal,after,Do I get a seat? I promise I’m fun to politic with.,2025-12-29T19:18:40Z
token,nft,informal,after,"Hi everyone,
I’ve been working on a self-custody wallet architecture in React Native where the JS layer is treated as untrusted in the secure path. The idea is to keep mnemonics/private keys out of the JS heap by moving sensitive operations (secure input capture, key derivation, signing, tx parsing/summary) into a native boundary backed by a Rust core, exposed to RN via JSI (and aligned with the “new architecture” direction / Turbo Native Modules concepts).  


I published a technical whitepaper (RFC) describing the design + payload formats. The full app codebase is private (pre-commercial); I’m looking for feedback on the interop patterns, threading/lifecycle, and practical footguns.

Links: Whitepaper (GitHub): https://github.com/easykey-v1/easykey-wallet-architecture/blob/main/docs/TECHNICAL_WHITEPAPER.md

Diagram(svg): https://github.com/easykey-v1/easykey-wallet-architecture/blob/main/docs/diagrams/easykey_architecture.svg

Diagram(png): https://github.com/easykey-v1/easykey-wallet-architecture/blob/main/docs/diagrams/easykey_architecture.png

Highlights
 • Native secure inputs: plaintext entry is captured in native UI; secure path avoids emitting mnemonic/PIN through JS text events/strings.
 • Opaque handles: JS holds only opaque capability tokens/handles; it never receives key bytes.
 • Rust core: derivation/signing and tx parsing/summary in Rust; JS is orchestration + UI.
 • Trusted confirmation: native modal uses an independent decode/summary of raw tx bytes to reduce JS tampering surface (goal: “what you see is what you sign,” not a guarantee).

Questions
 1. Has anyone implemented “opaque handle” patterns over JSI? Common lifecycle pitfalls (JS reload/crash, handle leaks, concurrency, cross-thread calls)?
 2. Any practical advice for minimizing accidental secret exposure in RN apps (debug logs, crash reports, dev builds, Hermes/GC interactions)?
 3. For large Rust cores: best practices to keep binary size manageable (LTO, feature flags, symbol stripping, splitting crates)?
 4. If you’ve built “trusted confirmation” UIs: what actually reduced risk in practice, and what turned out to be security theater?

I plan to open-source a minimal core SDK/reference implementation (Rust + native bindings + payload formats) after sufficient review and hardening; the full consumer app may remain private.

Thanks for any critique—especially “here’s where this usually breaks in real RN apps.”",2025-12-29T19:18:37Z
token,nft,informal,after,"Aight, so my 8kg winter haul finally touched down — and my 6'1"" athletic build is feasting. I usually go XL in hoodies and 34 in pants, and every piece hit perfectly. No weird fits, no disappointments — just straight quality all around.

Trapstar Casual Suit
This two-piece set goes wild. Clean switch-up from the usual hoodie rotation — comfy, sleek, and definitely a statement look.
LINK:https://weidian.com/item.html?itemID=7645747093&spider\_token=4456

Dept Hoodie
Minimalist and easy to wear. Good fabric for daily use and solid quality for the price.
LINK:https://weidian.com/item.html?itemID=7645725551&spider\_token=be1a

Stussy Hoodie
Classic heavyweight cotton and that signature Stussy cut. Fits right, feels premium, no misses here.
LINK:https://weidian.com/item.html?itemID=7638789621&spider\_token=7da4

Amiri Jacket
The craftsmanship is crazy — stitching, structure, and fit all on point. Gives that luxury streetwear energy.
LINK:https://weidian.com/item.html?itemID=7648725230&spider\_token=fd1e

CB Sweater
Soft, cozy knit with a subtle design that still catches attention. Ideal for layering when temps drop.
LINK:https://weidian.com/item.html?itemID=7644755318&spider\_token=1966

Broken Planet Hoodie
Prints go hard as always. Fit leans relaxed but not baggy — the balance is just right.
LINK:https://weidian.com/item.html?itemID=7645638045&spider\_token=f03a

The North Face Down Jacket
Genuinely warm and built to handle cold weather. Feels sturdy and keeps its shape.
LINK:https://weidian.com/item.html?itemID=7612544238&spider\_token=6ed3

Corteiz Jacket
Warm without feeling bulky. Perfect winter layer when you still wanna keep the silhouette clean.
LINK:https://weidian.com/item.html?itemID=7648719380&spider\_token=e11b

Saint Hoodie
That distressed graphic hits different. True-to-size fit and the material feels quality.
LINK:https://weidian.com/item.html?itemID=7643460062&spider\_token=4334

Needles Track Hoodie
Distinct from your standard hoodie lineup. Well-made and comfortable — unique without trying too hard.
LINK:https://weidian.com/item.html?itemID=7648833664&spider\_token=bdda

Balenciaga Hoodie
Oversized and heavy — exactly how it should be. The quality easily backs up the price tag.
LINK:https://weidian.com/item.html?itemID=7570782248&spider\_token=eeeb

Broken Planet Pants
Pairs perfectly with the hoodie. Elastic waistband fits comfortably, and the taper gives a clean fall.
LINK:https://weidian.com/item.html?itemID=7645719605&spider\_token=a7b5

Goya Backpack
Functional and stylish — roomy enough for everyday use, and it looks better in person than online.
LINK:https://weidian.com/item.html?itemID=7645831815&spider\_token=f236

Nike Hood
A simple essential. Works great under jackets without adding bulk, nice mid-layer piece.
LINK:https://weidian.com/item.html?itemID=7648734964&spider\_token=3d20

Chrome Hearts Baseball Cap
Detailed to perfection. Structured fit, clean embroidery, and a solid pickup for brand fans.
LINK:https://weidian.com/item.html?itemID=7648819794&spider\_token=e105


Wrap-Up
This haul’s a W all around — everything fits right, quality’s consistent, and the variety keeps it interesting. The Amiri jacket, Broken Planet set, and North Face down easily take the top spots for winter rotation.",2025-12-29T19:18:34Z
token,nft,informal,after," AI-driven financial news analysis can help traders and investors quickly process vast amounts of information and uncover hidden patterns, trends, and sentiments. In this post, we'll walk you through the process of utilizing AI for financial news analysis, along with useful examples, tips, and simple code snippets to help you get started.

Collect Financial News Data

To begin analyzing financial news using AI, you'll need to gather relevant news articles from various sources. You can use web scraping tools, RSS feeds, or APIs to collect news articles from reputable sources like financial news websites and blogs.

Example:

Here's a simple code snippet using Python and the 'feedparser' library to fetch financial news articles from an RSS feed:

    import feedparser
    
    rss_url = ""https://rss.example.com/financial-news""
    feed = feedparser.parse(rss_url)
    
    for entry in feed.entries:
        print(entry.title, entry.link)
     

Preprocess and Clean Text Data

Before analyzing the news articles, you'll need to preprocess and clean the text data. This may involve removing HTML tags, converting text to lowercase, removing punctuation, and tokenizing words.

Example:

Here's a simple code snippet using Python and the 'nltk' library to preprocess and clean a news article:

&#x200B;

    from nltk.corpus import stopwords
    from nltk.tokenize import word_tokenize
    import string
    
    def clean_text(text):
        text = text.lower()
        text = """".join([char for char in text if char not in string.punctuation])
        words = word_tokenize(text)
        words = [word for word in words if word not in stopwords.words(""english"")]
        
        return "" "".join(words)
    
    cleaned_text = clean_text(article_text)
    

Analyze Sentiment

Sentiment analysis is a popular technique for gauging the overall sentiment of financial news articles. You can use AI-driven natural language processing (NLP) tools to determine whether the news is positive, negative, or neutral.

Example:

Here's a simple code snippet using Python and the 'TextBlob' library to perform sentiment analysis on a cleaned news article:

&#x200B;

    from textblob import TextBlob 
    sentiment = TextBlob(cleaned_text).sentiment 

Extract Keywords and Topics

Keyword and topic extraction can help you identify the most important concepts and themes in a news article. AI-driven NLP tools can extract keywords and topics based on the frequency and relevance of words in the text.

Example:

Here's a simple code snippet using Python and the 'gensim' library to extract keywords from a cleaned news article:

&#x200B;

    from gensim.summarization import keywords  
    article_keywords = keywords(cleaned_text).split(""\n"") 

Generate Trading Signals

Based on the sentiment and keywords extracted from financial news articles, you can generate trading signals for specific assets or markets. For example, you might generate a buy signal for a stock if the overall sentiment of recent news articles is positive and the company is frequently mentioned in the news.

Tips for Getting Started with AI and Financial News Analysis:

* Choose Reliable News Sources: Ensure you're collecting news articles from reputable and trustworthy sources to avoid misinformation and bias.
* Experiment with Different NLP Tools: Explore various NLP tools and libraries for sentiment analysis, keyword extraction, and topic modeling to find the best fit for your needs.
* Stay Up-to-Date: Keep yourself informed about the latest advancements in AI and NLP to continually improve your financial news analysis techniques.
* Backtest Your Signals : Test the trading signals generated by your AI-driven financial news analysis using historical data to assess their effectiveness. This will help you fine-tune your models and strategies for better performance.
* Combine News Analysis with Other Techniques: Integrate AI-driven financial news analysis with other trading strategies, such as technical analysis or machine learning models, to create a more comprehensive and robust approach to trading.

&#x200B;

AI and financial news analysis can provide traders and investors with valuable insights into market sentiment and trends, helping them make well-informed trading decisions. By collecting financial news data, preprocessing and cleaning text, analyzing sentiment, extracting keywords and topics, and generating trading signals, you can harness the power of AI to improve your trading outcomes. Start with reliable news sources, experiment with different NLP tools, stay up-to-date with the latest advancements, backtest your signals, and combine news analysis with other techniques to make the most of AI-driven financial news analysis in your trading journey.",2025-12-29T19:18:29Z
token,nft,informal,after,"Ghost with a big cake 🍑 You vote, we $PRINT!



$PRINT is world’s first live 3D printing memecoin, where holders get to vote what they want to
see being printed! You buy $PRINT, vote in a community poll what you want to be printed and it
gets printed on a 3D printer in a live stream which runs 24/7 on Pumpfun and our website



You can request whatever the hell you want. We love being weird and funny. So far we printed
brainrots, Dwayne Johnson variations lol, soccer players and many more. Things will get more
hilarious as we go forward!


$PRINT will launch on Pumpfun in 2 days. It will be a fair launch, no presale, no team tokens
and 0% tax. Everything is fully transparent. No other memecoin has printed live objects straight
out of a 3D printer. This is the only one till now. Don't miss out on one of the most unique
memecoins coming out of Solana in recent times. See you guys December 30!



Website: https://getprintsol.vercel.app



X: https://x.com/getprintsol",2025-12-29T19:17:04Z
token,nft,informal,after,"*Quick Introduction...*

In 1999, an iconic kids’ board game called Pokémon Master Trainer hit store shelves. It quickly became a favorite among fans, spawning a few follow-up versions over the years. Today it’s a nostalgic collector’s item, and interest has been renewed more than 20 years later.  
  
Because the original game is so beloved and hard to find a complete copy - two fans have released updated and modified versions online for others to download and build themselves.  
  


First came **PMT Ultimate Edition by Deikkan**. It used the original board but added custom Pokémon tokens, items, a revamped battle system, and gym leaders. This introduced far more strategy than the original, which was designed to be a simple, luck-based game for kids.  
  


Next came **PMT Adventure Edition by Cisqoe**, which took things even further with a fully custom board featuring new locations and original Pokémon-inspired lore. It also introduced side quests and new items to make the game feel like a true Pokémon adventure. However, its battle system was less strategic than Ultimate Edition’s, largely because Adventure Edition relies on the original Pokémon tokens, which are expensive and hard to come by today.  
  


That’s where **Pokémon Master Trainer Champions Edition** comes in. Created by Maxypantsyo (me!), a graphic designer and lifelong Pokémon fan - this version takes the best of both fan-made editions and builds on them. Champions Edition uses the same game board and playing cards (items, quests, etc.) from *Cisqoe's Adventure Edition*, but features fully custom Pokémon tokens, a brand-new battle calculation system, redesigned Gym Leader and Elite Four battles, similar to *Deikkan's Ultimate Edition* and even Mega Evolution mechanics. The goal of making all these changes and creating Champions Edition is to blend **adventure and strategy** into a deeper, more engaging Pokémon board game experience.



**-----**



**❗️ This is a VERY long game** \- *I have only gotten a chance to play it once so far, and we got through* ***maybe 25% of the game within 3 hours*** *and then had to give up for the night. You either need to commit an entire day to this game, or play it campaign style with multiple sessions similar to DnD. Then take pictures or document in some way where everyone is at so you can set it up and continue playing next session. (This is what I'll be doing soon for a full-play through)*

While playing, you may run into situations that **aren't addressed by the rule book** (I did the best I could to lay out key rules, but there are SO many cards and situations, I'm sure I missed a bunch). Do your best to think of the original integrity of the Pokemon universe and games - *what logically makes sense that would happen?*

  
**-----**



**⭐️ Creating the game for yourself ⭐️**

You can print this game out using whatever printing materials you would like, and cost will vary depending on how you do it. I personally used thick cardstock, with an office printer, using a Guillotine Paper Cutter, a few circle punchers, corner rounder punchers, and then purchased lots of dice and other small parts (which I will share below)



* **❗️ Download all PDF files** [**HERE**](https://www.dropbox.com/scl/fo/ai7ovs3p0zgy5cohpfr44/AEKAp9sjhx0n2uFrdAcGAd4?rlkey=vatachfbqvc2y37fl6lac3be4&st=8rl0g7tc&dl=0) **❗️**
   * Everything is designed to be printed **double-sided** on **8.5x11 paper**
      * *I personally used* [*130lb cardstock*](https://www.amazon.com/dp/B0857KL7W3?ref=ppx_yo2ov_dt_b_fed_asin_title&th=1) *with an office printer to get durable cards that will last a long time - you'll need about 100-120 pages*
      * **Fun Fact** *- This is actually why I started designing my own copy of the game - the files shared by Cisqoe were all individual PNG images for all \~300 cards, and suggested to print the front and back and glue them together. And that sounded like torture. So I wanted to make these two-sided printable. Then as I was messing with all the files, I decided to make my own edits, and 8 months later, here we are!*
   * I used 2 circle punchers - this [1.75"" hole puncher](https://www.amazon.com/dp/B0090JVGIM?ref_=ppx_hzsearch_conn_dt_b_fed_asin_title_2) for the **Pokemon Tokens**, and this [1"" hole puncher](https://www.amazon.com/dp/B00C90WM14?ref_=ppx_hzsearch_conn_dt_b_fed_asin_title_1) for **Poke Coins** & **Badges**
      * *This saved SO much time, would highly recommend*
   * I used this [corner rounder](https://www.amazon.com/dp/B099359T32?ref=ppx_yo2ov_dt_b_fed_asin_title) to round the corner of every single card. This makes them more friendly to handle, but also rounded edges last longer and don't fray as easily as pointed edges



* The thing I spent the MOST money on was getting the **game board and box professionally printed** *(about $200 - which was more than I originally expected, but it's okay)* because I wanted that to be legit. Everything else was just cardstock and I was fine with that
   * I used [PrintPlayGames.com](http://PrintPlayGames.com) based in the US, and they were awesome to work with. I sent them a bunch of questions through email and they were very responsive and helpful with everything - would highly recommend using them if you want to print
   * I ordered the Game Board at **700mm x 1,000mm** (**39.37” x 27.56”**)
      * *If you go any smaller than this, the pokemon tokens won't fit correctly, and may be hard to read some text on the board*
      * I used the [Any Size Custom Folding Board](https://www.printplaygames.com/product/folding-board/), with ""Medium Board"", and ""2 Four Piece Folding Board (8 Pieces)""
   * I printed the Box using their [Box Custom (Any Size)](https://www.printplaygames.com/product/custom-size-box/)
      * **XL Box** \- Dimensions **10.25"" Width, 14.25"" Length, 4.5"" Depth**
      * This box seemed really big at first, but this game has SO many pieces, and ended up being the perfect size for everything
      * *Even if you don't professionally print the box, you'll definitely need something big to store everything in* 



* Finally, there were other parts that I purchased for the game
   * [Pawn Player Pieces](https://www.amazon.com/dp/B00NEXGOLY?ref=ppx_yo2ov_dt_b_fed_asin_title)
   * [Lots of Dice ](https://www.amazon.com/dp/B0CDMCMMT2?ref=ppx_yo2ov_dt_b_fed_asin_title)
      * You only need 54, but having more helps
      * I got colored ones because it helps when rolling player vs player so you know who is who
   * [Clear Plastic Boxes](https://www.amazon.com/dp/B09CKXF1SB?ref=ppx_yo2ov_dt_b_fed_asin_title)
      * Used to hold Pokemon Tokens, Poke Coins, and Badges
      * I bought 6 x (2.48 x 2.48 x 1.57 Inch) and they are perfect
   * [Dice Trays](https://www.amazon.com/dp/B0814W4YFH?ref=ppx_yo2ov_dt_b_fed_asin_title)
      * Since there are a lot of pieces to this game, and table space is limited, the dice trays are nice to roll into without the dice flying away or messing up things on the table



**-----**



***My final love letter to this project***

I am really excited to play this, get through a whole game, and see how the adventure plays out! Since I didn't create the item cards and re-used assets from Cisqoe's game, and I didn't spend time reading them all, a lot of this is still a surprise to me and keeps things excited.

When I was adding new features like re-balanced battling, pokemon types, new gym battles, mega evolutions, etc. I was trying to keep as much original Pokemon lore, mechanics, and strategy as possible.

My favorite part of this whole project was creating the Gym Leader, Elite 4, and Final Rival Double Battle cards. It was a graphic design challenge to make them look similar enough to the rest of the game's assets, but have SO much information to communicate on a small card. I think they are well designed, and I LOVE how the back of them turned out *(especially the Elite 4, do you see the hidden 4? 👀)*

I don't know how many people will end up using this game - but I put so much time and care into crafting my part of this that I wanted to share with everyone. On the other two fan-made versions, I see a lot of comments and people playing them over the last 5-10 years (I think?) they've been out. So I hope this has a long life and people can find enjoyment out of it!

  
",2025-12-29T19:16:08Z
token,nft,informal,after,"1. Essentials Fear of God Long Sleeve Polo (Brown)
Nice minimal look and comfortable fabric. The color is easy to wear, but the material feels a bit thin compared to heavier polos. More casual than premium.
Rating: 7.5/10

2. Polo Ralph Lauren Knit Polo (Black, Red Logo)
Clean and classic Polo piece. The logo and sleeve detail add some personality, but the knit is slightly stiff and not the softest on skin.
Rating: 7.5/10

3. Stüssy Long Sleeve Polo Shirt (White) – Favorite ⭐
This one really stands out. The graphic details and branding feel well-balanced without being too loud. Fabric feels comfortable, fit is relaxed but not sloppy. Easy to style and feels more unique than the rest.
Rating: 9/10 (Favorite)

4. Patagonia Full-Zip Fleece Jacket (Beige)
Very practical and warm. Quality is solid and it feels durable, but style-wise it’s pretty basic. More functional than fashionable.
Rating: 8/10

5. Polo Ralph Lauren Bear Zip Hoodie (Grey)
Fun graphic and cozy feel. The bear detail is nice, but the hoodie is a bit bulky and not very slim-fitting.
Rating: 7.5/10

6. Calvin Klein Half-Zip Knit Sweater (Black)
Clean and understated. Good for everyday wear, but the design is very simple and doesn’t really stand out in a lineup.
Rating: 7/10

7. Chrome Hearts Cross Patch Jeans (Black)
Cool design and the cross patch adds character. Fit is okay, but the denim feels a bit stiff and needs breaking in.
Rating: 8/10

8. Enfants Riches Déprimés Short Sleeve Shirt (White / Red Print)
Very bold and artistic piece. Definitely a statement item. The downside is it’s not very versatile and the fabric feels delicate.
Rating: 8/10

 1. ESSENTIALS Logo Rugby / Sweatshirt — Fear of God (ESSENTIALS)：https://weidian.com/item.html?itemID=7648540556&spider_token=245b
2. Knit Polo Sweater (Black) — Polo Ralph Lauren：https://weidian.com/item.html?itemID=7645608399&spider_token=32c7
3. Long-Sleeve Polo Jersey — Stüssy：https://weidian.com/item.html?itemID=7637093826&spider_token=3043
4. Classic Micro D Fleece Jacket — Patagonia：https://weidian.com/item.html?itemID=7648466486&spider_token=2b79
5. Polo Bear Zip-Up Hoodie — Polo Ralph Lauren：https://weidian.com/item.html?itemID=7648591830&spider_token=23b9
6. Half-Zip Knit Sweater — Calvin Klein Jeans：https://weidian.com/item.html?itemID=7648800232&spider_token=e18a
7. Cross Patch Jeans — Chrome Hearts：https://weidian.com/item.html?itemID=7645774767&spider_token=8403
8. Graphic Short-Sleeve Shirt — Enfants Riches Déprimés：https://weidian.com/item.html?itemID=7648489008&spider_token=10d4",2025-12-29T19:16:01Z
token,nft,informal,after,"The North Face Cotton Jacket
Perfect mid-weight for fall. The cotton fabric feels sturdy and layers easily over a hoodie. Fit stays true to size—simple, practical piece.
LINK:https://weidian.com/item.html?itemID=7608441194&spider_token=e56d

Gallery Dept Hoodie
Love the vintage print and thick blank. Super comfortable, heavy feel that’s ideal for cold days.
LINK:https://weidian.com/item.html?itemID=7648698090&spider_token=c1f9

Stone Island Sweatshirt
Patch and fabric both hit the mark. Feels premium with that classic clean SI silhouette.
LINK:https://weidian.com/item.html?itemID=7621144509&spider_token=21ac

Carhartt Hoodie
Tough workwear cotton with solid stitching. Patch detail looks authentic and fit runs standard.
LINK:https://weidian.com/item.html?itemID=7645633271&spider_token=fbdf

Amiri Jeans
Distressing and paint details are on point. Denim feels broken-in but durable. Fit hugs right where it should.
LINK:https://weidian.com/item.html?itemID=7648637586&spider_token=1690

Supreme Sweatshirt
Heavy cotton, neat embroidery, and a tidy fit. Timeless streetwear piece that never misses.OOS

Burberry Sweatshirt
Check pattern perfectly aligned, material feels luxe. A bit preppy but still casual.
LINK:https://weidian.com/item.html?itemID=7648707210&spider_token=8387

Broken Planet Hoodie
Detailed back print and thick blank. Great winter layering hoodie, quality holds up well.
LINK:https://weidian.com/item.html?itemID=7645805733&spider_token=e3dc

Balenciaga Long Sleeve
Oversized just like retail. Fabric feels premium and tag details check out.
LINK:https://weidian.com/item.html?itemID=7648732824&spider_token=eab1

Nike Short Sleeve
Simple and clean—just a must-have daily tee. Logo print crisp, fit true to size.
LINK:https://weidian.com/item.html?itemID=7646700472&spider_token=527a

Balenciaga Sweatshirt
Signature distressed logo look. The fabric’s heavy with that worn-in luxury vibe.
LINK:https://weidian.com/item.html?itemID=7645715555&spider_token=9172

Chrome Hearts Socks
Thick, comfy, and well-made with sharp cross embroidery.
LINK:https://weidian.com/item.html?itemID=7648669436&spider_token=e419

Louis Vuitton Jeans
Subtle monogram pattern that looks refined. Denim weight and texture feel top-tier.
LINK:https://weidian.com/item.html?itemID=7648701490&spider_token=eaac

Dior Jeans
Clean design, minimal branding, sharp fit. Premium but understated.
LINK:https://weidian.com/item.html?itemID=7648821632&spider_token=d6c6

Nike Hoodie
Classic piece—medium-weight, good embroidery, and reliable everyday comfort.
LINK:https://weidian.com/item.html?itemID=7648734964&spider_token=67f4

UGG Boots
Soft, warm, and ridiculously comfortable. The lining feels plush, perfect for winter.
LINK:https://weidian.com/item.html?itemID=7645833633&spider_token=5c92


Wrap-Up
This haul turned out great—everything hits both comfort and quality marks. The Broken Planet hoodie and UGGs are clear cold-weather winners, while the rest round out a solid, wearable rotation.",2025-12-29T19:16:00Z
token,nft,informal,after,"![](https://static.photos/finance/1200x630/352)

Product DescriptionPrice Consolidation Hints at Upcoming Move in Kizi Apparels Limited ✌️【Stock Observations】✌️ Skip the noise and get straight to the stocks that are outperforming — with 200%+ proven ...

 **Details:**
- **Published:** 29/12/2025 14:24 (UTC)
- **📊 Characteristics Score:**
  > **Asset Type:** *others*
  > **Sentiment:** `-0.3`
  > **Entropy:** `0.75`
  > **Relevance:** `0.2`
  > **Staleness:** `0.85`
  > **Uncertainty:** `0.6`
  > **Level-1 Focus:** *jurisdictions, asset-types*
  > **Level-2 Focus:** *emerging-hubs, financial-instruments*
- **🏷️ Tags:** **#kizi apparels limited** **#hong kong** **#green bonds** **#tokenized green bonds** **#bond issuance** **#rmb internationalization** **#stock consolidation** **#hsbc**

**Source:** https://rwatimes.io/articles/bollywoodhelpline-price-consolidation-hints-at-upcoming-move-in-kizi-apparels-limited-1176019391?utm_source=reddit&utm_medium=social&utm_campaign=reddit&utm_content=bollywoodhelpline-price-consolidation-hints-at-upcoming-move-in-kizi-apparels-limited-1176019391 

 ---
*Posted from RWA Times Bot*",2025-12-29T19:15:08Z
token,nft,informal,after,"Many companies that aggressively added crypto to their balance sheets may not survive until 2026. The stock prices of these firms have already collapsed and could fall even further if the crypto market deteriorates.

The highest risk is among companies that loaded up on second-tier tokens instead of strong assets. Those positions are becoming dead weight for businesses, according to industry insiders.",2025-12-29T19:14:48Z
token,nft,informal,after,Sorry for the glare/lighting. Thought these turned out alright. Definitely learned a few things for next time!,2025-12-29T19:14:38Z
token,nft,informal,after,"I printed a few game tokens roughly 10mm big. Is there a setting that would fix the holes that form in the inner corners? If it's just how it is, is it possible to fix them after printing by heating the filament and filling the gaps by hand?",2025-12-29T19:14:20Z
token,nft,informal,after,"I am currently in the Clouded Forest on my first playthrough ever and I have my eye on the Spires Hunter Cosmetic pack. However, I am a keen photo mode player and document what I'm doing along the way, so I'm wondering whether it will feel weird for me to equip this outfit before I meet the Na'vi in Secrets of the Spires? Or is it unique enough that I could use it for the end of the main story and go into the dlc already wearing it? 

Any spoiler-free guidance from players who have done it all would be much appreciated! :D",2025-12-29T19:14:04Z
token,nft,informal,after,"C.P. Company Jacket
Structured shell with a clean silhouette. Zippers run smooth, and it carries that signature tech-wear vibe.
LINK:https://weidian.com/item.html?itemID=7624970503&spider_token=0595

Carhartt Jacket
Durable and tough—classic workwear feel. Shape stays firm and easy to throw on for daily outfits.
LINK:https://weidian.com/item.html?itemID=7616792601&spider_token=639b

Stussy Hoodie
Soft fleece, clean print, and that slightly oversized streetwear look. Easy everyday wear.
LINK:https://weidian.com/item.html?itemID=7631218147&spider_token=93cb

Ralph Lauren Jacket
Classic American casual vibe. Fabric feels solid, embroidery is tidy—very reliable staple piece.
LINK:https://weidian.com/item.html?itemID=7646542106&spider_token=0447

Ralph Lauren Shirt
Crisp cut with softer fabric, comfortable to wear and easy to match.
LINK:https://weidian.com/item.html?itemID=7646618336&spider_token=314a

Syna Pants
Loose silhouette with a natural drape. Clean and simple street style.
LINK:https://weidian.com/item.html?itemID=7648375924&spider_token=9afa

Ami Shirt
Structured cut with subtle branding. Slightly refined and very versatile.
LINK:https://weidian.com/item.html?itemID=7642908838&spider_token=5dfe

Supreme T-shirt
Clean print, comfortable cotton—safe piece that works with pretty much anything.
LINK:https://repsspreadsheet.com/t-shirts/supreme-t-shirt-6508.html?admin_id=2

Bape T-shirt
Print is louder and the fabric is heavier, perfect for a stronger streetwear vibe.
LINK:https://weidian.com/item.html?itemID=7600465709&spider_token=f66e

Balenciaga T-shirt
Relaxed, slightly oversized cut with accurate print placement—classic BB look on body.
LINK:https://weidian.com/item.html?itemID=7647423538&spider_token=805c

Balenciaga Pants
Light, smooth fabric with a baggy fit. Leans into that tech-casual aesthetic.
LINK:https://weidian.com/item.html?itemID=7641884450&spider_token=8a16

Aimé Leon Dore T-shirt
Simple but high-quality feel. Slightly boxy and very clean for daily fits.
LINK:https://weidian.com/item.html?itemID=7637238173&spider_token=0078

Maison Margiela T-shirt
Minimal design, precise print placement, and an overall clean silhouette—quiet luxury vibe.
LINK:https://weidian.com/item.html?itemID=7623421768&spider_token=d1b8

Carhartt Jeans (1)
Heavy denim with a straight cut. Rugged and durable—pure workwear energy.
LINK:https://weidian.com/item.html?itemID=7642690920&spider_token=9a2d

Carhartt Jeans (2)
Same tough build but in a lighter wash, giving it a more relaxed everyday feel.
LINK:https://weidian.com/item.html?itemID=7647059218&spider_token=93e5

Nike Air More Uptempo
Iconic chunky shape, big presence on foot. Works well with both sporty and street fits.
LINK:https://weidian.com/item.html?itemID=7644701573&spider_token=ee2a


Summary
Solid pickup overall — good cuts, stable quality, and a mix of streetwear, basics, and classics.",2025-12-29T19:14:00Z
token,nft,informal,after,"Let the noise fall away.  
  
In this relaxing painting experience, warm gray becomes a quiet stage for gold, yellows, black, and white to move, blend, and breathe. The paint flows slowly, guided by air and gravity, creating organic shapes, soft transitions, and moments of calm you don’t need to understand — only feel.  
[https://youtu.be/QnKC60TfjY4?si=bHNgtZrADFPlwnTQ](https://youtu.be/QnKC60TfjY4?si=bHNgtZrADFPlwnTQ)  
This video is about that gentle pause where your shoulders drop without you noticing. No rush. No rules. Just paint finding its own way.  
  
Thank you for being here.  
Take a breath.  
Let the paint do the rest.  
  
[\#acrylicpouring](https://www.youtube.com/hashtag/acrylicpouring) [\#fionaart](https://www.youtube.com/hashtag/fionaart) [\#fluidart](https://www.youtube.com/hashtag/fluidart) [\#acrylicpainting](https://www.youtube.com/hashtag/acrylicpainting)   
  
🎨 **\*MIXING PAINTS – Learn My Favorite Recipes!\***  
🇪🇺 \*EU Products: [   • (208) My pouring medium recipe - Products ...  ](https://www.youtube.com/watch?v=ltyiLgQ_Tso)  
🇺🇸 \*USA Products: [   • Master the Reverse Flower Dip Technique: P...  ](https://www.youtube.com/watch?v=FAwD_jkzbOo)  
  
✨ **\*JOIN my YouTube Membership\*** for exclusive behind-the-scenes content, early access, and other artful perks:  
🔗 Click here to join [   / ](https://www.youtube.com/channel/UCrFjmXnRujuOmZX6uX1l3SQ/join)u/fiona-art    
  
🖼️ **\*WANT TO OWN A PIECE OF MY ART?\***  
If you see a painting you love, it might be available!  
💌 Email me at **\*zemljicr@gmail.com\*** for pricing and details.  
  
📱 **\*LET’S CONNECT!\***  
👤 Facebook: Fiona's Art Box [  / fionas-art-box-479552109242554  ](https://www.youtube.com/redirect?event=video_description&redir_token=QUFFLUhqazA1SG02TEVlSlRkOGdjX1M0UE01UzRSSnJyd3xBQ3Jtc0ttY2V2SVdqZmZVcUFXWVZwbnc0NzRNM0F6MzktX0JyLXBmQWRfVDhlbGgtWmZOU1E0ZHF6aFRtUUpBV2RPY1A4VTUzZ0JsempiTkJfYlYwZFo1UDA0Y3JnbWhibFVsdG1ld0JmeDVXMThTeWNmLTFlSQ&q=https%3A%2F%2Fwww.facebook.com%2FFionas-Art-box-479552109242554%2F&v=QnKC60TfjY4)  
📸 Instagram: u/fionaacrylic [  / fionaacrylic  ](https://www.youtube.com/redirect?event=video_description&redir_token=QUFFLUhqbktoOThYbU1lZUIwdXlYY0lBR210SUtPMDdUd3xBQ3Jtc0tsTThhNFYtbVdJWUxtTlBheUFJQzk5TmEwV1hKRnB5aWo4b21GRktWY1J2eDg0MC1oazJpeUxsbFA0N2NWUElUMk00MFl2TjNibWJlcVZPdEpIV2FFU3hCbVgzUzR3MV9DNDBmeWtOczNRSnJWNEtIdw&q=https%3A%2F%2Fwww.instagram.com%2Ffionaacrylic&v=QnKC60TfjY4)  
  
☕ **\*WANT TO SUPPORT MY ART EXPERIMENTS?\***  
If you enjoy my videos and want to help me keep exploring new techniques, you can support me here:  
💖 [https://paypal.me/mi2sva](https://www.youtube.com/redirect?event=video_description&redir_token=QUFFLUhqa3FUUExUY3VSUFB6TTlqdWc1YmZoNHZwV2dIUXxBQ3Jtc0tsbVJKZjVJdUJ3X0Fic0l4YzExcWlzakpFQk1iSl9mT0xZTzBOWk9TSGQxdWZ2Nmg5THZ5TVpHQV9GdzJGSTh5Z0tRRDlBRm5HcFMycC0xSUQwT0drRlkxQmtaVHBUdU5IeEJub0ZtOG5QeHN4MlVFYw&q=https%3A%2F%2Fpaypal.me%2Fmi2sva&v=QnKC60TfjY4)  
Or simply **\*like, comment, and subscribe\*** – it truly means the world to me!  
  
\---  
  
⚠️ **\*SAFETY DISCLAIMER:\***  
Always follow the instructions and safety guidelines of your paint and medium manufacturers. I share my methods for inspiration, but I can't be held responsible for how you choose to use your materials.  
Please stay safe and use proper protection when working with art supplies.  
  
🚫 **\*IMPORTANT:\***  
All content on this channel is protected. Do not use my videos, photos, or artwork without my permission.",2025-12-29T19:13:22Z
token,nft,informal,after,"So I'm getting this Grand Vitara Delta MT for 12.35L after all discounts. Should I go for it? 

My idea is to go for a stable low maintenance car for my first time experience instead of going for anything fancy. Usage will be normal city (80-90%) with occasional long trips. Mileage is also the consideration.

I've already paid the token just to get it booked before 31st December in case but if I cancel, I'll get it all refunded. 

The other options that I was thinking of was Seltos. I think it will cost me more than 13L which is more than I want to spend but if it's a great deal / trade-off, I don't mind extending the budget. I want to lock in next 1-2 days so if you have any other car suggestions as well, let me know. 

Basic Criteria: 

Low maintenance

Good mileage

First buyer (dad already has dzire since 7 yrs with no extra repairs except regular maintenance) so tilt towards Maruti to keep it simple

Budget is 10-12L but can be stretched in case very good car although I'd like to keep my EMI lower than 25k. DP will around 2L. 

What should I do?

Thank you in advance for the help. ",2025-12-29T19:12:44Z
token,nft,informal,after,"C.P. Company Jacket
Structured shell with a clean silhouette. Zippers run smooth, and it carries that signature tech-wear vibe.
LINK:https://weidian.com/item.html?itemID=7624970503&spider_token=0595

Carhartt Jacket
Durable and tough—classic workwear feel. Shape stays firm and easy to throw on for daily outfits.
LINK:https://weidian.com/item.html?itemID=7616792601&spider_token=639b

Stussy Hoodie
Soft fleece, clean print, and that slightly oversized streetwear look. Easy everyday wear.
LINK:https://weidian.com/item.html?itemID=7631218147&spider_token=93cb

Ralph Lauren Jacket
Classic American casual vibe. Fabric feels solid, embroidery is tidy—very reliable staple piece.
LINK:https://weidian.com/item.html?itemID=7646542106&spider_token=0447

Ralph Lauren Shirt
Crisp cut with softer fabric, comfortable to wear and easy to match.
LINK:https://weidian.com/item.html?itemID=7646618336&spider_token=314a

Syna Pants
Loose silhouette with a natural drape. Clean and simple street style.
LINK:https://weidian.com/item.html?itemID=7648375924&spider_token=9afa

Ami Shirt
Structured cut with subtle branding. Slightly refined and very versatile.
LINK:https://weidian.com/item.html?itemID=7642908838&spider_token=5dfe

Supreme T-shirt
Clean print, comfortable cotton—safe piece that works with pretty much anything.
LINK:https://repsspreadsheet.com/t-shirts/supreme-t-shirt-6508.html?admin_id=2

Bape T-shirt
Print is louder and the fabric is heavier, perfect for a stronger streetwear vibe.
LINK:https://weidian.com/item.html?itemID=7600465709&spider_token=f66e

Balenciaga T-shirt
Relaxed, slightly oversized cut with accurate print placement—classic BB look on body.
LINK:https://weidian.com/item.html?itemID=7647423538&spider_token=805c

Balenciaga Pants
Light, smooth fabric with a baggy fit. Leans into that tech-casual aesthetic.
LINK:https://weidian.com/item.html?itemID=7641884450&spider_token=8a16

Aimé Leon Dore T-shirt
Simple but high-quality feel. Slightly boxy and very clean for daily fits.
LINK:https://weidian.com/item.html?itemID=7637238173&spider_token=0078

Maison Margiela T-shirt
Minimal design, precise print placement, and an overall clean silhouette—quiet luxury vibe.
LINK:https://weidian.com/item.html?itemID=7623421768&spider_token=d1b8

Carhartt Jeans (1)
Heavy denim with a straight cut. Rugged and durable—pure workwear energy.
LINK:https://weidian.com/item.html?itemID=7642690920&spider_token=9a2d

Carhartt Jeans (2)
Same tough build but in a lighter wash, giving it a more relaxed everyday feel.
LINK:https://weidian.com/item.html?itemID=7647059218&spider_token=93e5

Nike Air More Uptempo
Iconic chunky shape, big presence on foot. Works well with both sporty and street fits.
LINK:https://weidian.com/item.html?itemID=7644701573&spider_token=ee2a


Summary
Solid pickup overall — good cuts, stable quality, and a mix of streetwear, basics, and classics.",2025-12-29T19:12:26Z
token,nft,informal,after,"Hey everyone, in the ever evolving world of crypto, privacy tokens continue to carve out a crucial niche, especially as we close out 2025 with heightened discussions around data protection, regulatory scrutiny and the rise of CBDCs. These assets, like Monero, Dash and Zcash, use advanced tech such as zero-knowledge proofs to shield transaction details from prying eyes, making them appealing for users prioritizing anonymity without sacrificing blockchain integrity. ZEC, in particular, has been making waves lately it's surged over 30% this December alone, outperforming even Solana in the privacy narrative, with shielded supply jumping to around 30% of total circulation. Just recently, a massive withdrawal of 7,714 ZEC (worth about $4.12 million) from Kraken hit the headlines, signaling potential whale accumulation and building market pressure amid futures frenzy and predictions of a push toward $580 if it breaks key resistance levels.

For those looking to engage with privacy tokens hands-on, trading competitions can be a solid way to test strategies while potentially earning rewards take Bitget's ongoing Onchain Trading Competition, for instance, where Phase 104 features assets like ZEC alongside others such as KOGE and ORCLon, all vying for a share of a 35,000 BGB prize pool, with top performers snagging up to 1,000 BGB, blending the thrill of on-chain action with real incentives. I dipped into their previous phase myself and walked away with 50 BGB, which cashed out to around $175 at current prices nothing game-changing, but a nice nod to how these events can add some neutral value to exploring the space without overhyping the risks involved in volatile markets. ",2025-12-29T19:10:56Z
token,nft,informal,after,"seeing people panic from a parody post saying axiom is “making everyone submit personal info for the feds” after $600 in cashback / referral rewards. sounds scary, but the explanation is usually taxes.

in the u.s., if a company pays you rewards that count as income (referral payouts, bonuses, affiliate commissions), they often need to collect your name, address, and tax id so they can file a 1099-style information return at year end once you cross certain thresholds. the common number people see is $600, but the exact reporting depends on what the reward is and how it’s paid.

that doesn’t mean “the government is tracking every trade you made.” it usually means: you earned rewards, so the company is reporting that income number, not your wallet history.

the messy part is what counts as income. a discount or price rebate is often treated differently than cash or tokens you can withdraw. referrals are almost always closer to income. “cashback” can be either depending on how it’s structured.

also worth saying: even if you earn under $600, it can still be taxable. you just might not get a form.

still, it’s fair to ask: is this for u.s. users only, and what info do they store? clarity matters.

also, the “they’re a government plant” angle feels like internet drama. platforms can be bad at communicating tax stuff, but compliance requests like this aren’t automatically a conspiracy.

if you used axiom and got this notice: did they explain it clearly? and should crypto apps show a running “taxable rewards” total so people aren’t surprised in december? not tax advice, check local rules.",2025-12-29T19:10:33Z
token,nft,informal,after,When i say similar too i mean like two different cards fused together to make one card ?  I’m not sure if there is an official term for this but I’m just curious if their is others,2025-12-29T19:08:51Z
token,nft,informal,after,"My main account got skunked in regards to the sudden influx of limited 5 star characters. I only got Xmas Sayaka and Xmas Rika from the free pull and token respectively.

They REALLY need to make it easier to get limited 5 stars",2025-12-29T19:07:26Z
token,nft,informal,after,"This Wendigo is more for a collection standpoint, as it makes reference to two Stephen King's books. 

39.29kg at age 100",2025-12-29T19:05:56Z
token,nft,informal,after,"Okay so as the title say I want to cook up a commander deck that uses **Food Tokens** and **Vampires** so it kind of has a Vampire masquerade vibe to it. I have been floating the idea of **Carmen, Cruel Skymarcher** as the commander but if there's any other options let me know. I'm also not super informed about all the combos that are possible. I know you would probably need some kind of ""engine"" around food tokens and some Aristocrat vampire stuff. Also if **Chalice of Life** could be worked in that would be cool.",2025-12-29T19:05:13Z
token,nft,informal,after,"This Wendigo is more for a collection standpoint, as it makes reference to two Stephen King's books. 

39.29kg at age 100",2025-12-29T19:05:09Z
token,nft,informal,after,"Selling **ExchangeSolana.com**, a powerhouse keyword domain positioned at the intersection of the world's fastest-growing blockchain and its most lucrative business model: the exchange. This is a clean, descriptive, and highly searchable asset for the Solana ecosystem.

**Registrar:** GoDaddy **Expiry:** December 27th, 2026 **Price:** **$99 BIN**

# Why it’s a steal:

* **Massive Organic Demand:** ""Exchange Solana"" is a high-volume search term for users looking to swap SOL or bridge assets (20k+ monthly searches globally).
* **The ""Solana Summer"" Effect:** With Solana’s market cap hitting $70B+ and daily DEX volume often rivaling Ethereum, ""Solana"" is the hottest keyword in crypto.
* **Versatile Utility:** Perfect for a DEX aggregator, a fiat-to-SOL onramp, or a dedicated tracking platform for Solana-based tokens.

# Market validation & resale comps:

* **solanaexchange.com** → $10,000+ (Estimated Value)
* **cryptoexchange.com** → $500,000+
* **solswaps.com** → $4,500
* **solanapay.com** → $8,200
* **exchangecoin.com** → $3,200

**ExchangeSolana.com** **= $99** (97%+ below industry comps)

**Realistic resale potential** once flipped to a Web3 startup or DeFi protocol: **$3,500 – $8,000+** (35x–80x your entry).

# Perfect for:

* **Solana DEX / Swap Interface** \* **Bridge & Cross-chain Aggregator** \* **P2P Trading Platform** \* **Solana Ecosystem News & Exchange Reviews**

**Available immediately via GoDaddy push.**

Search on GoDaddy or visit the lander to claim at **$99 BIN**. *First one in wins — this is priced for a 24-hour flip.*",2025-12-29T19:04:48Z
token,nft,informal,after,"so i install an app my irl friend told me to about 15 min after i stopped vcing with him, so my dumbass complies, next thing i know my main is gone, all details changed, and the dumbass from redmond, washington who is very amature at this shit decided that i send him the name of one of my discord friends so he can blackmail him too, ion even know his name, last thing i hear is “youll never get your account back” oooh scaarry

and our smartsss buddies at discord decided that their support system be so flawed and badly staffed that ill never get my account back.

either way all i lost was account age and badges and a few important dms but theres a reason only my discord got hacked, their shit is so vulnerable and easily comprimisable that the hacker can look into my regedit and get my logon token so easily.",2025-12-29T19:04:40Z
token,nft,informal,after,"I know it doesn't look like much, but she's my favorite character! Now I have 2 DJ Pon3s in Ponyville ",2025-12-29T19:04:40Z
token,nft,informal,after,"This Wendigo is more for a collection standpoint, as it makes reference to two Stephen King's books. 

39.29kg at age 100",2025-12-29T19:04:34Z
token,nft,informal,after,"This Wendigo is more for a collection standpoint, as it makes reference to two Stephen King's books. 

39.29kg at age 100",2025-12-29T19:03:12Z
token,nft,informal,after,"I gifted one earlier as part of a spirit bear quest and it gave me 1.5 million honey... for such a valuable item, surely I just got ludicrously unlucky right? Like 0.00001% chance or something because that's such a scam, not even one winds, just 1.5 mil in honey tokens that's it.",2025-12-29T19:01:02Z
token,nft,informal,after,"I cannot find that aspect anywhere,

LOG: [`https://smapi.io/log/2c9a9a30808e49cdbc68cf1c7b9f29a6`](https://smapi.io/log/2c9a9a30808e49cdbc68cf1c7b9f29a6)",2025-12-29T19:00:46Z
token,nft,informal,after,"Because nothing says ""advanced"" and ""mature"" like naming my coop after farts.",2025-12-29T19:00:24Z
token,nft,informal,after,"# Background

I’ve been a quiet observer of this subreddit for years, but with the year drawing to a close and my age creeping upward, I finally decided to step out of the shadows, hence the creation of a reddit account. I want to seek advice from fellow women who have successfully found their prince charming.

# Age

Chinese, 33F (feeling the urgency as time passes).

# Looks

Rated around 9/10 by most of my dates whenever we play the “rate each other” game.

# Finances

I come from a wealthy family with generational financial security. As the only daughter, my parents provide me with a five-figure monthly allowance from their investments. I save most of it since I’m not interested in branded goods or extravagant spending.

# Education & Work

I graduated from a local university but chose not to pursue a conventional career. Instead, I dedicate my time to crafting accessories for my Etsy shop, which has been thriving.

# Dating History (in chronological order)

I’ve been on many dates (more than 60) and had several relationships (8), though none have led to lasting happiness.

* **First relationship:** A local Singaporean from a similar wealthy family background. He was my first love, but the experience was devastating. He took my virginity, pressured me into grotesque sexual acts, and cheated on me within three months.
* **Taiwanese photographer:** I avoided the wealthy after, so I dated a Taiwanese photographer working in Singapore. I paid for everything and planned our outings, but he contributed nothing to the relationship. I even had to buy condoms which he depleted quickly with me. He also got me to pose for him in suggestive poses, which he posted on his socials, gaining huge amount of followers. The comments on the photos were lecherous, and he constantly gaslit me saying it was for my own good, and i hated it.
* **Western men:** I dated many. Most only wanted a token asian girlfriend, while for some, their westerner egos couldn't accept that an asian female had a stronger financial background than them. None of these connections lasted beyond a few dates.
* **Mr. X (Singaporean, ages 27–29):** My longest relationship, lasting two years. He earned a good income and was genuinely sweet. He bought me flowers three times (Valentine’s and birthdays), which was more than many of my friends received. He texted me daily, and my friends envied me. Yet, his libido was very low, and our intercourse ends in under a minute. He can only come once, and he would be tired. Generally he wasn't very interested in sex. He also goes to sleep right after and leaves me to clean up by myself, and there was no emotional intimacy like hugging. Despite my efforts, he never learned my favorite food, songs, hobbies, or even my favorite color. While he had a provider mindset, he does not get me gifts that I remotely like despite me explicitly telling him. He does not also remember much of the many gifts I bought for him, or our anniversary date. Eventually, I ended things due to incompatibility and his lack of attentiveness.
* **Subsequent relationships:** I dated men from Singapore, Korea, Taiwan, Vietnam, Japan and even Thailand. Most were short-lived. None had the provider mindset like Mr. X. Many were stingy, impatient, or simply low effort.
* **Experiment with women:** I briefly tried dating women, but it only confirmed that I truly wanted to be with men.

# Challenges

I contracted STIs from a few Singaporean partners, so I began requiring future dates to take STD tests before intimacy. Most refused, and I had to walk away.

One man borrowed $5,000 from me and never repaid it, despite being a property agent with a car and luxury watches.

Others stopped making effort once they realized I was wealthy. Some even asked if they could live off my parents or become house husbands. I learned to spot these men quickly (lazy, stingy or money minded) and avoided them.

The worst was a physically abusive boyfriend (5/10 in looks, 0/10 in attitude) When I asked him to take an STD test, he slapped me and assaulted me. I was left bruised and had to report him to the police.

# My Plea for Advice

After more than 8 relationships and over 60 dates, I still haven’t found the right man. I’m turning 34 in two days, and I can’t ignore the reality that women’s dating value is often perceived to decline after 30.

I’ve tried CMB, Bumble, Hinge, and mixer events, but the right man remains elusive.

What I long for is simple: someone like Mr. X, but with an average libido (perhaps once to twice every two months), and most importantly, someone who values emotional intimacy and communication. I don’t care if he earns below the median income, as long as he isn’t lazy.

I’ve dated men of all types: handsome, plain, artistic, nerdy, athletic, muscular, overweight. I’ve given them all a chance.

From my social circle or other women sharing stories of boyfriends, It seemed inevitable for the male species to not be detail oriented and forget intricate details about their partners or remember anniversary dates, but at least they have a provider mindset and my friends get flowers once a year during valentine's, or get treated to restaurant meals once a month and seem to be in a happy relationship with them.

Yet, after nearly nine years in the dating scene, I still haven’t found my Mr. Right.

So, to all the women who have found theirs: what qualities or profiles stood out to you when you swiped on him? I'm desperate. How shall I seek my destined love, before the sands of time slip through my hands?

*\*will ignore DMs from guys on reddit.*",2025-12-29T19:00:10Z
token,nft,informal,after,"####Not all of my skins are listed here, make sure to check my inventory for more!

###Buyouts are in cash value!

####Some prices might be outdated.

####Almost all of my prices is negotiable, feel free to send me offers / add me to negotiate prices!

###Mostly looking for items offers, downgrades/upgrades but may accept crypto sometimes, feel free to ask! 
----------------------
###Last Update June 9, 2025.
----------------------

###[Trade Link](https://steamcommunity.com/tradeoffer/new/?partner=135892427&token=Wtn_KKJE) - [Steam Profile](https://steamcommunity.com/id/wkaz) - [InGame ScreenShots](https://steamcommunity.com/id/wkaz/screenshots/)

###[Most of my items are listed on CSFloat *click to see my store there*](https://csfloat.com/stall/76561198096158155)

----------------------


####KNIVES
Name | Wear | Wear value | Additional info | Screenshots | B/O | Tradable After
----------|----------|----------|----------|----------|----------|----------
ST Butterfly Sapphire | FN | **0.007** | *No green* | [ScreenShot](https://spect.fp.ps.netease.com/file/671a3ef4dbd6b216a79faef5cJHjtWZ305) | **$12,500** | Tradable
M9 Sapphire | FN | **0.027** | - | [ScreenShot](https://spect.fp.ps.netease.com/file/6846d227282836661ae1d6a8FxUwcdh106) | **$11,000** | Tradable
Karambit Gamma Doppler P2 | FN | **0.035** | *Tier 1 max green #133* | [ScreenShot](https://s.csfloat.com/p/4498425854117232529/playside.png) | **$8,888** | Tradable
Karambit Doppler | FN | **0.008** | *Phase 3, clean corner* | [ScreenShot](https://spect.fp.ps.netease.com/file/6846d220e6fc3aa7544bec56TFfytw1x06) | **$3,069** | Tradable
Karambit Doppler | FN | **0.034** | *Phase 1* | [ScreenShot](https://s.csfloat.com/p/6215139251682431436/playside.png) | **$3,000** | Tradable
Butterfly Vanilla | - | **0.353** | - | - | **$3,000** | Tradable
Stiletto Sapphire | FN | **0.007** | - | [ScreenShot](https://spect.fp.ps.netease.com/file/6846d2323928ded4e0ac5bb4sUPzHjEo06) | **$2,650** | Tradable
Huntsman Ruby | FN | **0.034** | - | [ScreenShot](https://s.csfloat.com/p/2620938899350269129/playside.png) | **$1,900** | Tradable
Talon Doppler | FN | **0.020** | *Phase 1* | [ScreenShot](https://spect.fp.ps.netease.com/file/6846d482ced6d0da63d23fccwD33gTM306) | **$1,600** | Tradable




####GLOVES
Name | Wear | Wear value | Additional info | Screenshots | B/O | Tradable After
----------|----------|----------|----------|----------|----------|----------
Sport Gloves Pandora's Box | FT | **0.214** | *clean* | [ScreenShot](https://spect.fp.ps.netease.com/file/6846d21d5cff6a7d0c3cafa8bOtLmiM306) | **$9,500** | Tradable
Sport Gloves Superconductor | FT | **0.181** | *clean triangles* | [ScreenShot](https://spect.fp.ps.netease.com/file/6846cfcc0731981c666c12e3jQKBC8BJ06) | **$5,500** | Tradable
Sport Gloves Vice | MW | **0.139** | - | [ScreenShot](https://spect.fp.ps.netease.com/file/6846cfca419481f79b26bbf481oAlmgE06) | **$4,600** | Tradable
Driver Gloves King Snake | MW | **0.146** | - | [ScreenShot](https://spect.fp.ps.netease.com/file/6846cfd907bfcb92a259640c1aYzp8iE06) | **$1,400** | Tradable
Driver Gloves Imperial Plaid | MW | **0.128** | - | [ScreenShot](https://spect.fp.ps.netease.com/file/6846cfdff57012f46a53ac00AQafN9rl06) | **$950** | Tradable




####WEAPONS
Name | Wear | Wear value | Additional info | Screenshots | B/O | Tradable After
----------|----------|----------|----------|----------|----------|----------
AWP Dragon Lore | FN | **0.005** | - | [ScreenShot](https://spect.fp.ps.netease.com/file/6846cfbf48d353e7f2984278yMfzI3Xd06) | **$16,000** | Tradable
ST AK Fire Serpent | MW | **0.134** | *Crown on wood* | [ScreenShot](https://spect.fp.ps.netease.com/file/6846cfc52965f1999f895fa4ktEVzyc506) | **$3,500** | Tradable
ST AK Fire Serpent | MW | **0.143** | - | [ScreenShot](https://spect.fp.ps.netease.com/file/6846d4743b38145f4808d630uzLeAOV106) | **$3,350** | Tradable
AK Gold Arabesque | FT | **0.227** | *4x Dignitas Dreamhack'14* | [ScreenShot](https://spect.fp.ps.netease.com/file/6846d2228fbffbd0914fa705ULSzjG7G06) | **$2,550** | Tradable
AWP Desert Hydra | MW | **0.103** | - | [ScreenShot](https://spect.fp.ps.netease.com/file/6846d2254a0a94ae1b2a559dbapZej3506) | **$2,250** | Tradable
Souv AWP Desert Hydra | FT | **0.157** | - | [ScreenShot](https://spect.fp.ps.netease.com/file/6846d226371fbe0a5a26376eVIf0DRzb06) | **$1,925** | Tradable
Glock Fade | FN | **0.016** | *97%, 4x Tyloo Gold* | [ScreenShot](https://s.csfloat.com/p/3465603889150648992/playside.png) | **$1,888** | Tradable
M4A4 Poseidon | FN | **0.005** | *4x NIP Holo Kato'15* | [ScreenShot](https://spect.fp.ps.netease.com/file/6846cfd1282836661ae1cc44kosGhQi406) | **$1,750** | Tradable




----------------------

###[Trade Link](https://steamcommunity.com/tradeoffer/new/?partner=135892427&token=Wtn_KKJE) - [Steam Profile](http://steamcommunity.com/id/wkaz) - [InGame ScreenShots](https://steamcommunity.com/id/wkaz/screenshots/)

----------------------


x | x | **X** | - | [ScreenShot]() | **$x** | Tradable",2025-12-29T19:00:06Z
token,nft,informal,after,"Created [https://colorcombo.app](https://colorcombo.app) initially using Bolt.new. It was a good starting point, but it came with quite a few limitations. The app is currently hosted on Bolt and uses a Bolt database, though I’ll likely migrate this in the future.

I come from a computer science background, so core engineering concepts aren’t new to me. In hindsight, I wish I’d stuck more closely to proven engineering practices early on — it would have made parts of this build much easier.

# Pros

* [Bolt.new](http://Bolt.new) is very good at what it does as a starting point. When we began, it was Bolt v1, and midway through development Bolt v2 was released. Personally, I found v2 made things harder. That might be preference or familiarity, but v1 felt more predictable. This is around the time I moved most development over to Cursor.
* One-click web publishing is excellent. No need to think about hosting, deployments, or infrastructure — it just works.
* Backups are genuinely useful. Even if you’re using Git, being able to instantly revert to a saved version without manual Git commands is a big win.
* As a vibe-coding tool, it’s a solid entry point. I’d still recommend it for quickly prototyping or building web apps.

That said, I did notice we burned through tokens quickly, especially when trying to fix small bugs where the model didn’t fully understand the underlying issue.

# Cons

* Bolt required a lot of hand-holding. After a while, it was easier to load the codebase into Cursor and let it do the heavy lifting. Cursor handled more complex requirements far better and with less iteration.
* Expo Go is misleading. Scanning a QR code and testing on a device gives a false sense of confidence. Once you actually build and install the native app, crashes start appearing — some of which Bolt couldn’t help debug, especially when dealing with adb. At that point, local development became essential.
* Analytics integration was painful. It was bad enough that I restored the codebase around five times. Bolt eventually fixed it after going in circles, but this may have been Bolt v2 coming to the rescue rather than a smooth experience.
* Git behaviour was frustrating. Bolt commits code after every “successful” prompt. This led to noisy commits and occasionally introduced bugs, which isn’t how most of us are used to working locally.

# What I’d do differently next time

* Start with Figma or proper UI mockups instead of assuming Bolt could handle design well.
* Move to Cursor from day one.
* Work from a clear product requirements document, broken into phases.
* Treat vibe coding as block-based development — build features incrementally instead of trying to generate a full application in one go.

Overall, [Bolt.new](http://Bolt.new) is a decent starting tool, but for anything beyond early prototyping, pairing it with a more structured workflow (and better tooling) makes a big difference.

If you want to try it out or give feedback, you can play it online [https://colorcombo.app](https://colorcombo.app) or download the app here: [https://colorcombo.app/download](https://colorcombo.app/download)",2025-12-29T19:00:00Z
token,nft,informal,after,"Hi r/rust,

I’m working on a self-custody mobile wallet architecture that treats the React Native JavaScript layer as untrusted in the secure (“native isolation”) path.

Goal: keep secrets out of the JS heap by pushing sensitive operations (secure input, key derivation, signing, tx parsing/summary) into a native security boundary backed by a Rust core (via JSI/FFI).

I’ve published a Technical Whitepaper (RFC) and an architecture diagram. The full codebase is currently private (pre-commercial). I’m looking for feedback specifically on security boundaries and Rust interop patterns, not a full code audit.

Links:
Whitepaper (GitHub):
https://github.com/easykey-v1/easykey-wallet-architecture/blob/main/docs/TECHNICAL_WHITEPAPER.md

Diagram:
https://github.com/easykey-v1/easykey-wallet-architecture/blob/main/docs/diagrams/easykey_architecture.svg

https://github.com/easykey-v1/easykey-wallet-architecture/blob/main/docs/diagrams/easykey_architecture.png

Key architecture highlights:
- Native secure inputs: plaintext (mnemonic/PIN) is captured in native UI and is not emitted through JS text events/strings in the secure path.
- Opaque handles: JS holds only opaque handles/capability tokens; it never receives key bytes.
- Rust core: derivation/signing + tx parsing/summary logic in Rust.
- Trusted confirmation: native confirmation UI uses an independent Rust decode/summary of raw tx bytes to reduce JS tampering surface (“what you see is what you sign” as a goal, not a guarantee).

Specific questions for reviewers:
1) FFI/lifecycle: common footguns in opaque-handle designs on mobile? (handle leaks on JS crash, concurrency, Drop semantics across JSI, cross-thread access)
2) In-memory secrets: red flags in Rust SecretStore / session-store patterns on iOS/Android? (lifetime, zeroization, crash logs/dumps, debug builds, accidental logging)
3) Format/versioning: suggestions for payload format agility and migration strategy? (currently versioned prefixes like ekws1:…)
4) Trusted decode: does “native modal independently parsing raw tx bytes” materially reduce real-world risk in your experience, or does it mostly shift the trust boundary?

I plan to open-source a minimal core SDK (Rust + native bindings / reference implementation) after sufficient review and hardening through testing, while keeping the full consumer app private.

Thanks in advance for any critique — especially “here’s where this usually goes wrong.”",2025-12-29T18:59:50Z
token,nft,informal,after,"Created [https://colorcombo.app](https://colorcombo.app) initially using Bolt.new. It was a good starting point, but it came with quite a few limitations. The app is currently hosted on Bolt and uses a Bolt database, though I’ll likely migrate this in the future.

I come from a computer science background, so core engineering concepts aren’t new to me. In hindsight, I wish I’d stuck more closely to proven engineering practices early on — it would have made parts of this build much easier.

# Pros

* [Bolt.new](http://Bolt.new) is very good at what it does as a starting point. When we began, it was Bolt v1, and midway through development Bolt v2 was released. Personally, I found v2 made things harder. That might be preference or familiarity, but v1 felt more predictable. This is around the time I moved most development over to Cursor.
* One-click web publishing is excellent. No need to think about hosting, deployments, or infrastructure — it just works.
* Backups are genuinely useful. Even if you’re using Git, being able to instantly revert to a saved version without manual Git commands is a big win.
* As a vibe-coding tool, it’s a solid entry point. I’d still recommend it for quickly prototyping or building web apps.

That said, I did notice we burned through tokens quickly, especially when trying to fix small bugs where the model didn’t fully understand the underlying issue.

# Cons

* Bolt required a lot of hand-holding. After a while, it was easier to load the codebase into Cursor and let it do the heavy lifting. Cursor handled more complex requirements far better and with less iteration.
* Expo Go is misleading. Scanning a QR code and testing on a device gives a false sense of confidence. Once you actually build and install the native app, crashes start appearing — some of which Bolt couldn’t help debug, especially when dealing with adb. At that point, local development became essential.
* Analytics integration was painful. It was bad enough that I restored the codebase around five times. Bolt eventually fixed it after going in circles, but this may have been Bolt v2 coming to the rescue rather than a smooth experience.
* Git behaviour was frustrating. Bolt commits code after every “successful” prompt. This led to noisy commits and occasionally introduced bugs, which isn’t how most of us are used to working locally.

# What I’d do differently next time

* Start with Figma or proper UI mockups instead of assuming Bolt could handle design well.
* Move to Cursor from day one.
* Work from a clear product requirements document, broken into phases.
* Treat vibe coding as block-based development — build features incrementally instead of trying to generate a full application in one go.

Overall, [Bolt.new](http://Bolt.new) is a decent starting tool, but for anything beyond early prototyping, pairing it with a more structured workflow (and better tooling) makes a big difference.

If you want to try it out or give feedback, you can play it online [https://colorcombo.app](https://colorcombo.app) or download the app here: [https://colorcombo.app/download](https://colorcombo.app/download)",2025-12-29T18:58:33Z
token,nft,informal,after,"*Quick Introduction...*

In 1999, an iconic kids’ board game called Pokémon Master Trainer hit store shelves. It quickly became a favorite among fans, spawning a few follow-up versions over the years. Today it’s a nostalgic collector’s item, and interest has been renewed more than 20 years later.Because the original game is so beloved and hard to find a complete copy - two fans have released updated and modified versions online for others to download and build themselves.

First came **PMT Ultimate Edition by Deikkan**. It used the original board but added custom Pokémon tokens, items, a revamped battle system, and gym leaders. This introduced far more strategy than the original, which was designed to be a simple, luck-based game for kids.

Next came **PMT Adventure Edition by Cisqoe**, which took things even further with a fully custom board featuring new locations and original Pokémon-inspired lore. It also introduced side quests and new items to make the game feel like a true Pokémon adventure. However, its battle system was less strategic than Ultimate Edition’s, largely because Adventure Edition relies on the original Pokémon tokens, which are expensive and hard to come by today.

That’s where **Pokémon Master Trainer Champions Edition** comes in. Created by Maxypantsyo (me!), a graphic designer and lifelong Pokémon fan - this version takes the best of both fan-made editions and builds on them. Champions Edition uses the same game board and playing cards (items, quests, etc.) from *Cisqoe's Adventure Edition*, but features fully custom Pokémon tokens, a brand-new battle calculation system, redesigned Gym Leader and Elite Four battles, similar to *Deikkan's Ultimate Edition* and even Mega Evolution mechanics. The goal of making all these changes and creating Champions Edition is to blend **adventure and strategy** into a deeper, more engaging Pokémon board game experience.



**-----**



**❗️ This is a VERY long game** \- *I have only gotten a chance to play it once so far, and we got through* ***maybe 25% of the game within 3 hours*** *and then had to give up for the night. You either need to commit an entire day to this game, or play it campaign style with multiple sessions similar to DnD. Then take pictures or document in some way where everyone is at so you can set it up and continue playing next session. (This is what I'll be doing soon for a full-play through)*

While playing, you may run into situations that **aren't addressed by the rule book** (I did the best I could to lay out key rules, but there are SO many cards and situations, I'm sure I missed a bunch). Do your best to think of the original integrity of the Pokemon universe and games - *what logically makes sense that would happen?*

  
**-----**



**⭐️ Creating the game for yourself ⭐️**

You can print this game out using whatever printing materials you would like, and cost will vary depending on how you do it. I personally used thick cardstock, with an office printer, using a Guillotine Paper Cutter, a few circle punchers, corner rounder punchers, and then purchased lots of dice and other small parts (which I will share below)



* **❗️ Download all PDF files** [**HERE**](https://www.dropbox.com/scl/fo/ai7ovs3p0zgy5cohpfr44/AEKAp9sjhx0n2uFrdAcGAd4?rlkey=vatachfbqvc2y37fl6lac3be4&st=8rl0g7tc&dl=0) **❗️**
   * Everything is designed to be printed **double-sided** on **8.5x11 paper**
      * *I personally used* [*130lb cardstock*](https://www.amazon.com/dp/B0857KL7W3?ref=ppx_yo2ov_dt_b_fed_asin_title&th=1) *with an office printer to get durable cards that will last a long time - you'll need about 100-120 pages*
      * **Fun Fact** *- This is actually why I started designing my own copy of the game - the files shared by Cisqoe were all individual PNG images for all \~300 cards, and suggested to print the front and back and glue them together. And that sounded like torture. So I wanted to make these two-sided printable. Then as I was messing with all the files, I decided to make my own edits, and 8 months later, here we are!*
   * I used 2 circle punchers - this [1.75"" hole puncher](https://www.amazon.com/dp/B0090JVGIM?ref_=ppx_hzsearch_conn_dt_b_fed_asin_title_2) for the **Pokemon Tokens**, and this [1"" hole puncher](https://www.amazon.com/dp/B00C90WM14?ref_=ppx_hzsearch_conn_dt_b_fed_asin_title_1) for **Poke Coins** & **Badges**
      * *This saved SO much time, would highly recommend*
   * I used this [corner rounder](https://www.amazon.com/dp/B099359T32?ref=ppx_yo2ov_dt_b_fed_asin_title) to round the corner of every single card. This makes them more friendly to handle, but also rounded edges last longer and don't fray as easily as pointed edges



* The thing I spent the MOST money on was getting the **game board and box professionally printed** *(about $200 - which was more than I originally expected, but it's okay)* because I wanted that to be legit. Everything else was just cardstock and I was fine with that
   * I used [PrintPlayGames.com](http://PrintPlayGames.com) based in the US, and they were awesome to work with. I sent them a bunch of questions through email and they were very responsive and helpful with everything - would highly recommend using them if you want to print
   * I ordered the Game Board at **700mm x 1,000mm** (**39.37” x 27.56”**)
      * *If you go any smaller than this, the pokemon tokens won't fit correctly, and may be hard to read some text on the board*
      * I used the [Any Size Custom Folding Board](https://www.printplaygames.com/product/folding-board/), with ""Medium Board"", and ""2 Four Piece Folding Board (8 Pieces)""
   * I printed the Box using their [Box Custom (Any Size)](https://www.printplaygames.com/product/custom-size-box/)
      * **XL Box** \- Dimensions **10.25"" Width, 14.25"" Length, 4.5"" Depth**
      * This box seemed really big at first, but this game has SO many pieces, and ended up being the perfect size for everything
      * *Even if you don't professionally print the box, you'll definitely need something big to store everything in* 



* Finally, there were other parts that I purchased for the game
   * [Pawn Player Pieces](https://www.amazon.com/dp/B00NEXGOLY?ref=ppx_yo2ov_dt_b_fed_asin_title)
   * [Lots of Dice ](https://www.amazon.com/dp/B0CDMCMMT2?ref=ppx_yo2ov_dt_b_fed_asin_title)
      * You only need 54, but having more helps
      * I got colored ones because it helps when rolling player vs player so you know who is who
   * [Clear Plastic Boxes](https://www.amazon.com/dp/B09CKXF1SB?ref=ppx_yo2ov_dt_b_fed_asin_title)
      * Used to hold Pokemon Tokens, Poke Coins, and Badges
      * I bought 6 x (2.48 x 2.48 x 1.57 Inch) and they are perfect
   * [Dice Trays](https://www.amazon.com/dp/B0814W4YFH?ref=ppx_yo2ov_dt_b_fed_asin_title)
      * Since there are a lot of pieces to this game, and table space is limited, the dice trays are nice to roll into without the dice flying away or messing up things on the table



**-----**



***My final love letter to this project***

I am really excited to play this, get through a whole game, and see how the adventure plays out! Since I didn't create the item cards and re-used assets from Cisqoe's game, and I didn't spend time reading them all, a lot of this is still a surprise to me and keeps things excited.

When I was adding new features like re-balanced battling, pokemon types, new gym battles, mega evolutions, etc. I was trying to keep as much original Pokemon lore, mechanics, and strategy as possible.

My favorite part of this whole project was creating the Gym Leader, Elite 4, and Final Rival Double Battle cards. It was a graphic design challenge to make them look similar enough to the rest of the game's assets, but have SO much information to communicate on a small card. I think they are well designed, and I LOVE how the back of them turned out *(especially the Elite 4, do you see the hidden 4? 👀)*

I don't know how many people will end up using this game - but I put so much time and care into crafting my part of this that I wanted to share with everyone. On the other two fan-made versions, I see a lot of comments and people playing them over the last 5-10 years (I think?) they've been out. So I hope this has a long life and people can find enjoyment out of it!

",2025-12-29T18:58:11Z
token,nft,informal,after,"Valentine’s Day has always been about expressing love in meaningful and memorable ways, and in recent years, 3D printed gifts have emerged as a unique and romantic option for couples who want something truly personal. Unlike mass-produced presents, 3D printed Valentine’s Day gifts can be customized down to the smallest detail, making them a powerful symbol of thoughtfulness and care. From personalized heart sculptures to custom name plaques and miniature keepsakes, 3D printing allows emotions to be transformed into tangible objects. This modern approach to gifting blends technology with romance, offering a fresh way to celebrate love. When a gift is designed specifically for one person, it carries emotional weight that store-bought items often lack. Each 3D printed piece becomes a lasting reminder of affection, creativity, and intention.

One of the strongest appeals of [romantic 3D printed Valentine’s Day gifts](https://3dprintablearts.com/collections/popular-designs) is their unmatched level of personalization. Names, anniversaries, special dates, initials, or meaningful quotes can be seamlessly embedded into the design. Some couples choose interlocking hearts symbolizing unity, while others prefer custom figurines modeled after their likeness or favorite shared moments. This personalization transforms a simple object into a deeply emotional keepsake. It reflects effort, planning, and genuine care—qualities that matter greatly on Valentine’s Day. For long-distance couples, these gifts serve as a comforting physical connection, bridging emotional gaps with something tangible. By tailoring the design to match a partner’s personality or shared story, 3D printed gifts become more than decorative items; they become emotional anchors that celebrate the uniqueness of a relationship.

Creativity is at the heart of romantic 3D printed gifts, as the technology allows almost limitless design possibilities. Popular Valentine’s Day creations include heart-shaped boxes for rings or love notes, custom photo lithophanes that reveal cherished images when illuminated, and decorative rose lamps engraved with romantic messages. Many people also opt for practical items infused with romance, such as phone stands, jewelry holders, or candle holders shaped like intertwined hands. The flexibility of materials and colors adds even more charm, allowing designers to choose soft tones for a gentle romantic feel or bold finishes for a striking statement. This creative freedom enables gift-givers to move beyond traditional Valentine’s Day clichés and surprise their loved ones with something truly original and memorable.

Another important advantage of romantic 3D printed Valentine’s Day gifts is their accessibility and sustainability. Many 3D printing materials are recyclable or eco-friendly, appealing to couples who value responsible consumption. Producing items on demand also reduces waste commonly associated with mass manufacturing and excess inventory. Additionally, 3D printed gifts can suit a wide range of budgets, from small heartfelt tokens to elaborate decorative pieces, without losing emotional significance. This makes them ideal for anyone who wants to give something meaningful without overspending. Supporting small creators and independent designers is another benefit, as many 3D printed Valentine’s Day gifts are made by local businesses or individual artists. This adds an extra layer of value, as the gift represents both personal love and support for creative craftsmanship.

Ultimately, romantic 3D printed Valentine’s Day gifts represent a modern evolution of how love is expressed. They combine emotional storytelling, personalization, and innovative technology into a single meaningful object. In a digital world where messages and emotions are often fleeting, a thoughtfully designed physical gift can feel especially intimate and enduring. These gifts capture memories, emotions, and shared experiences in a form that lasts long after Valentine’s Day has passed. As 3D printing technology continues to advance, the possibilities for romantic gifting will only expand, offering even more ways to celebrate love creatively. Choosing a 3D printed Valentine’s Day gift is not just about following a trend; it is about crafting a symbol of affection that is as unique, thoughtful, and lasting as the love it represents.",2025-12-29T18:57:55Z
token,nft,informal,after,I just find clad cents lately. Feels like quite a dry spell. This one was nicely set on the counter surface of the machine. Last picture just to show it is bigger than a dollar.  I don't see a lot of tokens this large. ,2025-12-29T18:56:30Z
token,nft,informal,after,Is there any place to get tokens secondhand? Possibly even with a caddy or something? I've been scrolling Etsy but can only find storage solutions without tokens included.,2025-12-29T18:53:47Z
token,nft,informal,after,"I have a Galaxy Watch 7 and I installed the Metrolist app (I'm aware the app isn't designed for watches and I don't really care what the interface looks like, since all I'm interested in is listening to music). But is there a way to log in with my Google account? It keeps closing when I try to log in, and I can't log in with a token because my watch doesn't have a clipboard.",2025-12-29T18:53:07Z
token,nft,informal,after,"Are there any affiliates marketers here? We have a token sale ongoing that is raising funds to build a crypto platform. Our affiliate program pays 10-25% commission, paid weekly every Saturday in USDT. $50 minimum payout. If you have a network and want to learn more, DM me.",2025-12-29T18:52:32Z
token,nft,informal,after,"💡 The Solution: ""The Funnel""
We use a technique called Matryoshka Representation Learning (MRL). Think of it like a sieve:

Stage 1 (The Sieve): We quickly scan 1000s of documents using tiny ""fingerprints"" (64-dim vectors). It's super fast.
Stage 2 (The Magnifying Glass): We only send the Top 5 perfect matches to the AI.
Result: You get smarter answers while paying for 10x fewer tokens.

🛠️ The Tool: MRL-Kit
We stripped this logic out of our production engine and open-sourced it.

What's inside?

The Stomach (Python): Skims your folders and builds the ""Thumbnail"" index.

The Brain (TypeScript): A React Hook for your app that does the 2-step search.

🚀 Try it (Literally 3 lines)




🤝 Help us grow
If this saves you Tokens, give us a Star on GitHub! Link to Repository",2025-12-29T18:49:25Z
token,nft,informal,after,Bought this in the market for 1200 tokens. Is it worth anything ?,2025-12-29T18:49:01Z
token,nft,informal,after,"I just spent a week testing TOON (Token-Optimized Object Notation) with Google Gemini to see if the token savings claims are legit. Results: 27-35% token reduction and 35% smaller file sizes, which is great. 

But here’s the catch—TOON was slower because models are trained on JSON and process it faster despite being more verbose. Interesting finding though: TOON seemed to trigger deeper analytical reasoning in Gemini’s responses compared to the same data in JSON format.

I’m treating it as a specialized transport layer for batch processing and cost-sensitive workloads rather than a JSON replacement. The trade-off is clear: pay for speed or pay for tokens. Curious if anyone else has tested this in production or found use cases where it really shines? All my experiments and code are reproducible here: 


https://berabbit.substack.com/p/stop-paying-jsons-bracket-tax-shrinking?r=739nab&utm_medium=ios&shareImageVariant=overlay&triedRedirect=true",2025-12-29T18:48:42Z
token,nft,informal,after,"💡 The Solution: ""The Funnel""
We use a technique called Matryoshka Representation Learning (MRL). Think of it like a sieve:

Stage 1 (The Sieve): We quickly scan 1000s of documents using tiny ""fingerprints"" (64-dim vectors). It's super fast.
Stage 2 (The Magnifying Glass): We only send the Top 5 perfect matches to the AI.
Result: You get smarter answers while paying for 10x fewer tokens.

🛠️ The Tool: MRL-Kit
We stripped this logic out of our production engine and open-sourced it.

What's inside?

The Stomach (Python): Skims your folders and builds the ""Thumbnail"" index.

The Brain (TypeScript): A React Hook for your app that does the 2-step search.

🚀 Try it (Literally 3 lines)




🤝 Help us grow
If this saves you Tokens, give us a Star on GitHub! Link to Repository",2025-12-29T18:48:13Z
token,nft,informal,after,"Hey guys,

I'm doing a social experiment where I let redditors decide everything I do for 30 days. I'm on day 2 and documenting the whole thing at r/30daysolchallenge.

So far the most upvoted comments have made me eat sardines & pickles for breakfast, run 5 miles followed by a goon sesh in the shower, try to make $2k in 7 days, and play a drinking game during the Browns game yesterday. It's been chaos but honestly pretty fun.

There's a memecoin called $SUBREDDIT tied to the experiment - ATH hit $130k marketcap and right now we're consolidating around $20k. People who hold the token are basically invested in whether this experiment succeeds or fails, which adds another layer to the whole thing.

But here's where I need some help: I want to set up marketcap milestones that actually mean something and tie them to real actions or unlocks. And I need an overarching objective that's bigger than just ""survive off upvoted Reddit comments for 30 days.""

What I'm thinking:

* Marketcap goals from $20k up to maybe $10M over 30 days
* Specific challenges or unlocks at each tier
* An endgame that makes the whole experiment worth following daily

What would make you actually check in every day to see if this thing is working? What marketcap milestones matter psychologically? And what should the ultimate 30-day goal be - revenue target, follower growth, build something, pure chaos?

Would love to hear what you guys think makes sense here. Any suggestions for marketgap goals and an overall objective?",2025-12-29T18:47:53Z
token,nft,informal,after,"Update: Thread Creation 12/29/2025 - writing main body and starting stats

Update2: 12/29/2025 - Adding result of 20 or so more godly statues.

This thread will be my findings on Tourism at the midgame and endgame. I have converted my game save to use mods to accelerate some processing and will edit in the results as I go. I am also interested in seeing how each aspect shown on the wiki alters the results.

I will edit the top of the post each time I update the thread with new findings.

I am planning on starting over on a new unmodded save after this so I figured it may be useful to see how high my final save can reach with the considerable time for sculpture being compressed down on the highest level land tile I could find.

Even with mods some processes like waiting on policies to develop over a long period of time are still necessary and getting godly quality statues is a bit RNG. Most of the processes you see in this post will be doable at slower rates as the really big time consuming processes is just getting enough sculpture to get consistent statues made out of gold material and a level 7 city out in the boonies working with over 18+ citizens with the pet hobby which I will get into below.

I will mostly be using Solo Exhibition and have crafted two high quality kings beds. For now Another long term aspect of such a city needs control of gods the citizens worship which I will go into below. I will also be running concurrent testing on income taxes and some accommodation policies which I will list below

\------

creation of thread in progress below

\------

https://preview.redd.it/40h0lzz9q6ag1.png?width=1173&format=png&auto=webp&s=966f7233c36011ce5f7a282aa29a201fb2d3df0b

To start I will be creating a city in the highest base level land tile I could find, far east of Lumiest at the very corner of the world, roughly level 74. The surrounding tiles decay about 2 levels per tile as you head west or north. It is roughly determined by distance to the closest road or city. If you move the tile closer to your home cities then I think you may lose this bonus so I will continue the test at this location.

https://preview.redd.it/opvs78kqq6ag1.png?width=475&format=png&auto=webp&s=916d6ce1e18f49df022a8eb1d0d1664f3c1f0997

It was very difficult to get even two of the recommended land feats on a corner tile, so I settled on Snowfield and Ancient Ruin, and took Fresh Air for the 3rd but likely Fossil would be better if you are going just for Tourism. Tourism kind of goes hand in hand with Income Taxes so doing them all just makes your citizens more restrictive on their hobbies which can mean a lot more love whip RNG.

https://preview.redd.it/zi951f88r6ag1.png?width=1102&format=png&auto=webp&s=58d4d5218192dfabe18d3b5f723b02a9e00b4626

After about a week of building a decent looking library, though unfinished, I started setting up and replacing parts and added a few token godly statues but as you can see the kings beds of high quality don't actually contribute a lot to tourism, It will help in the future though when bed and income taxes start rolling in, or at least I hope.

https://preview.redd.it/ghg0ttyjr6ag1.png?width=777&format=png&auto=webp&s=dd9bdd7e5cb56d08ee814152d9cb19f35df80a2e

For Faith Tax policy the god they have makes a big impact on what income you get, the highest being Void, and the 2nd highest being Luck. Due to this and the randomness of citizens I gave them all the painting job. As you can see here Tourism is pretty weak at the start, I am hoping for something substantial in a few weeks after testing!

Activated policies:

* Demon Invocation - Boosts level of visitors and monsters. Increases wages visitors bring.
* Open for Business - Necessary for any of this to work
* Tourist Protection - Encourages more visitors
* Nocturnal Life - Encourages more visitors
* Tax Free Land (can only have 3 of these so you will need to adjust depending on your cities)
* Celebrity's Heaven - More wealthy visitors show up
* Platinum Ticket - Even more revenue from Tourism
* Solo Exhibition - each 1 unique object for tourism is counted. If there is 2 or more of the same thing only one will count. Boosts that one unique tourism item as the level gets higher
* Faith Tax - not related to tourism but good income later when switching hobbies back. Ignore this if focusing on tourism exclusively.
* Resident Tax - not related to tourism but good income later when switching hobbies back, ignore this if focusing on tourism exclusively.
* Luxury Suite - not related to tourism specifically but if you get a lot of visitors this gets boosted.
* Legendary Heirloom - not related to tourism, or no noticeable effect, activated since it helps with city value.
* Traveler's Inn - not related to tourism specifically but if you have a lot of visitors this gets boosted.

This all together needs 65 admin points if you include trash sorting. With this land feat setup you get not very many admin points to work with to activate everything necessary, but there are unmodded ways to handle it. Publicity has been raised to 50 points by gold bar purchases. This is not cheap but it seems to be an important part of the calculations.

https://preview.redd.it/rg494549s6ag1.png?width=634&format=png&auto=webp&s=c00bc335e0eb93a868d48226457cc53c76692b84

I have hired 15 silver witches for survivability reasons and also moved the 6 easiest ""free"" slot allies to this location. With double brackets these allies can be changed to hobby ""pet"" which is completely necessary to have enough admin points. You can hire these allies mostly via gifts and then challenging them battle. If you win and your charisma is high enough they join you. Ashland and Fiama are unavailable as long term citizens until a certain point in the main quest. You are then free to send them to a city you made after they join you.

Every citizen has \[Pet} hobby in order to have enough admin points to squeeze in both Tourism and Bed/Income Tax policies. This is much easier if you only do Tourism but you missed out on the guest Inn revenue.

Also The two King's bed have been boosted using Dwarven upgrade wrenches, if you are unfamiliar with those, they cost 3 gold medals each (+1 to bed space) at the Dwarven Workshop east of Lumiest. It's a small house tile in the initial snowy area.

A side effect of the pet hobby and bringing Ashland and Fiama to this location is incredible safety policy points. I have 90 points which suppresses monster attacks but without changing tourism calculations.

https://preview.redd.it/31gn8fzxs6ag1.png?width=1047&format=png&auto=webp&s=90ed6c90bdc7febf8f74ba228ddc2001617e472e

For the test I created a Library to house the citizens and a double layer protective design to slow down monsters from entering. I will give more details at a future update to the post. For now though I have started the Solo Exhibition Grind. Essentially without mods you would raid the Thieves guild each month for gold blocks in their vault and then every time you get a magnificent, esteemed, royal, or ***Godly(best)*** you replace the weaker statue if you already had a dupe of it in place. You can do a property search to compare the name of the statue to see if you already have it and then you can change it. Keep a shipping chest and sculpting table in each room or move them around as you run out of space. I currently have 4 large rooms in separate branches to the main library to work with.

That is it for now as I need to fill up the vaults with godly statues and also look for tourism boosters like godly paintings to put on the walls. I will update the thread below this when I have more data to share!

https://preview.redd.it/qh31vurr27ag1.png?width=1071&format=png&auto=webp&s=04e0030a1949dd101f5ea1245308132f56506e44

Update2: As shown above Tourism has rocketed upwards with gold godly statues even with low policy numbers. Quite interesting, over 300k difference so far. About 30 gold godly statues were added but none were of major monster/npc types. Their base value is not too high, about 1700 oren - 3000 oren, so the tourism policies are having a hidden effect.

https://preview.redd.it/6p2fzr1w87ag1.png?width=1806&format=png&auto=webp&s=694f382baf45a4d10117504545414231df93f7ca

As you can see the main entry room does not have many doors and they can be removed to force enemies to travel a rather lengthy path to the teleport center room. In that room I have noticed that citizens have no trouble finding the bed in the library but enemies seem to struggle with pillars for some reason, if they make it that far. This means that if you work on a few decent guards or just have some high level guard with Loyalty gene/feat it should be ok.

However I have not tested what really high demonic summoning looks like so there could be something really high level that I am unaware of. I left potential kill hallways undeveloped but could use them for trapping enemies in the future.",2025-12-29T18:46:02Z
token,nft,informal,after,"At the moment memecoins are on a fast down spiral. Every single day hundereds of thousands, if not millions are extracted from retail.

This will mean 2 things,

\- people will leave

\- people will not join

It’s becoming a toxic space, and if you want to capitalise on that and actually profit in the space you have to have a group.

The best ways at the moment to profit is dev / create coins, creator fees is risk free for you.

We bundle your tokens up in our group, you can take all creator fees / push the coin and we will profit from our bundle. We always respect the chart, please let me know if you need any more info",2025-12-29T18:45:40Z
token,nft,informal,after,"![](https://s3.cointelegraph.com/uploads/2025-12/019b6b0c-f19f-7bf4-a96d-4cd6b47b8a9b.jpg)

BlackRock’s tokenized money market fund has distributed $100 million from Treasury yields, offering a real-world test of blockchain-based financial infrastructure.

 **Details:**
- **Published:** 29/12/2025 18:26 (UTC)
- **📊 Characteristics Score:**
  > **Asset Type:** *t_bill*
  > **Sentiment:** `0.6`
  > **Entropy:** `0.3`
  > **Relevance:** `0.95`
  > **Staleness:** `0.1`
  > **Uncertainty:** `0.4`
  > **Level-1 Focus:** *asset-types, institutional-adoption, yield-performance*
  > **Level-2 Focus:** *financial-instruments, asset-manager-initiatives, treasury-and-bond-yields*
- **🏷️ Tags:** **#blackrock** **#buidl** **#tokenized money market fund** **#treasury yields** **#securitize** **#ethereum** **#solana** **#aptos** **#avalanche** **#optimism**

**Source:** https://rwatimes.io/articles/cointelegraph-black-rock-buidl-pays-100-m-in-dividends-showing-tokenized-finance-at-scale-149637690?utm_source=reddit&utm_medium=social&utm_campaign=reddit&utm_content=cointelegraph-black-rock-buidl-pays-100-m-in-dividends-showing-tokenized-finance-at-scale-149637690 

 ---
*Posted from RWA Times Bot*",2025-12-29T18:45:08Z
token,nft,informal,after,"Thanks for adding to my gruul love.  I haven't built werewolves yet, but now I have a great excuse and some great day/night tokens!",2025-12-29T18:42:17Z
token,nft,informal,after,I have Mk miner sparky phoenix ram rider and log for it I have the token but I do not have the ghost unlocked,2025-12-29T18:40:59Z
token,nft,informal,after,"blue hive, abt to go robo hive soon",2025-12-29T18:40:28Z
token,nft,informal,after,tysm for trusting u/Zealousideal\_Run1785!❤️‍🔥,2025-12-29T18:39:19Z
token,nft,informal,after,"To clarify the terminology, an edict is an effect that forces either each player or each opponent to sacrifice at least one permanent. \[\[sheoldred's edict\]\]. Spells like these are inherently better in multiplayer because they go from 1 for 1 to a 3 for 1. It's difficult to defend against them too because they get around untargetability and indestructibility, traditional ways to protect your creatures.

The issue is fourfold.

1. The most common way to protect your board against edicts is to have disposable creatures you can sacrifice instead of the good ones. In green those are mana dorks, in white/red it's tokens. Obviously there are narrower edicts that get around this fact like ""highest power"" or ""highest mana value"" but another way is to simply run a critical mass of edicts and other removal, such that the opponents have to sacrifice whatever good creatures they play. This brings us to edict decks as a concept.
2. An edict deck is a deck that plays an overwhelming amount of sacrifice effects (combined with other removal) in addition to effects that turn them into extra advantage. The archetypal example of this is Tergrid, but other examples like Meren and Karador (replaying edicts on a stick endlessly), Vren and Kraul (rapidly making a huge board), Glissa (getting sacrificed artifacts back to hand) etc. exist. The most extreme synergy (outside of again Tergrid) is with aristocrat decks, because those get to benefit from Grave Pact and similar effects, repeatedly tossing your own creatures into the fire to progress the game towards winning while also totally locking opponents out. Ever seen an ophiomancer with a grave pact and a sac outlet together? Yeah. Essentially this means all of those decks are best played on a brutal control plan with a lean wincon package (aristocrat decks specifically have numerous A+B+C combos, usually ""sac creature + get creature back + benefit from A or B"" with the commander often being one of those three cards so you just need to find two other cards, some of which are utterly redundant. And it's all legal in bracket 2!
3. Casual commander is the format where people go to play their bulk rares they can't make work even in draft (ask me about it, my first deck was \[\[Storrev, Devkarin Lich\]\] which I pulled from a pack), noncreature combos or stuff like X=large torment of hailfire are generally frowned on as an unsatisfying way to win the game compared to building a board and attacking people for lethal. Edict decks are positioned perfectly against this midrange hell, keeping the board clear of both value generation creatures and various colossal dreadmaws while slowing the game down to a crawl because why would you even play any of your creatures if the edict deck player will immediately kill them and gain benefit from it? By pure happenstance, edicts make voltron (unless it's exactly \[\[sigarda host of herons\]\]) unplayable, and voltron is the one way of actually making the actual standard aggro gameplan (killing your opponents before they get to stabilize and accrue card advantage) happen in EDH. Hilariously, green land ramp can still get over edict spam and grave pact locks if built under a particular philosophy, but that is not how most decks are built, and if you're someone stuck in a cage with an edict player and someone who can get over the edict player, boy are you going to have a bad time no matter what.
4. Mark Rosewater famously said that the reason why he considers annihilator a bad mechanic and why they don't do large values of it any more (didn't prevent them from making ulamog the defiler for some reason) is mainly psychological, the defending player has to decide herself which of the permanents have to go. Having it destroy n targets on an attack trigger would probably be stronger (though does get around untargetability and destructibility as is) but the psychological feel is night and day. Having to do this every turn, probably multiple times a turn, is really bad, and the worse your deck is equipped to deal with this, the worse it feels, especially when you're just caught in the crossfire.

TL;DR: Decks built around forcing your opponents to sacrifice their permanents are the apex predator of casual EDH, very well positioned to counter most archetypes people play while also being most threatened by archetypes most people don't play, are utter misery to play against, and most decks would have to be built entirely differently from the ground up to deal with it. In addition to that, grave pact lock and A+B+Commander combos with redundant As and Bs are not addressed by the game changer list and the bracket system.",2025-12-29T18:39:04Z
token,nft,informal,after,tysm for trusting u/dstormz02!❤️‍🔥,2025-12-29T18:38:22Z
token,nft,informal,after,"I’ve been following a lot of RAG optimization threads lately (compression, chunking, caching, reranking). After fighting token costs for a while, I ended up questioning the assumption underneath most of these pipelines.

The underlying issue:
Most RAG systems use cosine similarity as a proxy for meaning. Similarity ≠ semantic coherence.

That mismatch shows up downstream as:
—Over-retrieval of context that’s “related” but not actually relevant
—Aggressive compression that destroys logical structure
—Complex chunking heuristics to compensate for bad boundaries
—Large token bills spent fixing retrieval mistakes later in the pipeline

What I’ve been experimenting with instead:
Constraint-based semantic filtering — measuring whether retrieved content actually coheres with the query’s intent, rather than how close vectors are in embedding space.

Practically, this changes a few things:
—No arbitrary similarity thresholds (0.6, 0.7, etc.)
—Chunk boundaries align with semantic shifts, not token limits
—Compression becomes selection, not rewriting
—Retrieval rejects semantically conflicting content explicitly

Early results (across a few RAG setups):
—~60–80% token reduction without compression artifacts
—Much cleaner retrieved context (fewer false positives)
—Fewer pipeline stages overall
—More stable answers under ambiguity

The biggest shift wasn’t cost savings — it was deleting entire optimization steps.

Questions for the community:
Has anyone measured semantic coherence directly rather than relying on vector similarity?

Have you experimented with constraint satisfaction at retrieval time?

Would be interested in comparing approaches if others are exploring this direction.

Happy to go deeper if there’s interest — especially with concrete examples.",2025-12-29T18:37:29Z
token,nft,informal,after,"https://grimsoul.go.link/gEFkg?token=i5dmami7f3gimp77f7es7srswy

Please add me, I am a daily player. I only have 1 friend currently (my wife). She joined the Reddit yesterday and had some luck gaining friends. Hoping to do the same",2025-12-29T18:37:25Z
token,nft,informal,after,"I completed it yesterday, I've got some tokens remaining.",2025-12-29T18:37:17Z
token,nft,informal,after,"❤️❤️❤️
(I hate that ""boss battles"" quest)",2025-12-29T18:37:15Z
token,nft,informal,after,"Here’s my swgoh.gg profile:

https://swgoh.gg/p/131885898/

What are my next steps? I feel like I’m trying to do too much at once and it’s slowing me down, but I only play this game very casually so I don’t know what’s best for me.

I was going for the executor and was almost there but stopped because I don’t care about ships and I don’t have a good way to get the stuff for relic 7 and 8, so wanted to save it for other things. I plan on using lightspeed tokens (one from my inbox, one from the era store, one from weekly calendar, and the Jedi anniversary challenge one) to get the Starkiller requirements and work towards building that team and also getting Darth Malak and a Darth Revan team. While doing that I was going to go for Galactic Legend Rey then Jedi Master Luke. I don’t think I’m in a great guild but I’m not really sure. What should I work towards and what should I prioritize more than the others? I’d appreciate any help or suggestions!! Thank you!!",2025-12-29T18:36:48Z
token,nft,informal,after,"Supreme Bag – https://weidian.com/item.html?itemID=7577274221&spider_token=ecc0
Sturdy material with clean stitching. Holds shape well and practical for everyday use. 8.5/10

Under Armour Hats – https://weidian.com/item.html?itemID=7576792954&spider_token=68e0
Lightweight and comfortable. Adjustable fit works for most head sizes. Minimal branding looks clean. 8/10

The North Face Socks – https://weidian.com/item.html?itemID=7619715126&spider_token=e59f
Soft, breathable, and comfy. Good thickness for daily wear or sports. 8/10

Hellstar Hoodie – https://weidian.com/item.html?itemID=7595372904&spider_token=c81d
Thick, premium feel. Graphics sharp and hoodie holds its shape. Great streetwear piece. 9/10

Coat – https://weidian.com/item.html?itemID=7645770487&spider_token=415a
Warm and well-made. Outer material feels durable and premium. Perfect for cold weather. 8.5/10

AMIRI Sweater – https://weidian.com/item.html?itemID=7589020393&spider_token=7510
Soft knit with a clean fit. Premium look, works well layered. 8.5/10

Corteiz Coat – https://weidian.com/item.html?itemID=7576899790&spider_token=27b6
Structured and cozy. Quality stitching and material make it a solid outerwear piece. 8.5/10

Hellstar Hoodie (Alt) – https://weidian.com/item.html?itemID=7595372904&spider_token=3834
Same premium feel and heavy fabric. Standout graphics and comfortable fit. 9/10

Ralph Lauren Hoodie – https://weidian.com/item.html?itemID=7594390573&spider_token=db1d
Soft mid-weight hoodie. Logo embroidery is clean and the fit is true to size. 8.5/10

Supreme Coat – https://weidian.com/item.html?itemID=7645770517&spider_token=fc43
Thick, warm, and structured. Clean branding and premium look. Great for layering. 9/10",2025-12-29T18:35:13Z
token,nft,informal,after,"Dimir was the Baldurs Gate horror precon, but didnt like the slow start and getting removed all the time. So this guy is kinda just chilling and a semi value engine 

Bria is a high power spellslinging deck, that trys to win with Prowess and a huge Storm count. 

Satya was my first selfbuild Deck, that once played much around infinite combat steps and trying to win asap. Nowdays its just a fun deck to create some value tokens and deal some combat dmg. I downtuned it, because it was antifun to play against, if you had no answers.

Omo is my beloved newest ""creation"". I try to build her high power and make Land drops as efficient and valuable as possible. I really like having a bunch of fun creatures and win through combat dmg. 

And my last, but kinda hated (fully reasonable) but really fun to pilot deck is the Gitrog. Its Bracket 3 per definiton, but plays way too strong because of the stupid froggo. It wins with an overwhelming amount of mana and BIG creatures. I find it really fun dropping Ghalta and double his power twice and sac him for 24+ cards +lands.

Tell me what you think!:)",2025-12-29T18:34:44Z
token,nft,informal,after,For cash not tokens,2025-12-29T18:33:57Z
token,nft,informal,after,"If you feel you’ve contributed to the XPR Network reflexive altcoins EASY or WON or MEME in the past 2 weeks, including providing liquidity, you’re eligible to earn a slice of the Volunteer budget. 

Because we're pooled with all major XPR alts including xtokens, there's a chance you're already contributing if you're on Alcor

[meet.flex.town](http://meet.flex.town) is the event on Google Calendar, the Zoom link is the location

I wrote some things to explain flex tokens EASY and WON at [flex.report](http://flex.report) and as founding volunteer, personally invite you ro join community at u/flextokens on Telegram and X",2025-12-29T18:33:51Z
token,nft,informal,after,"\#820LYUG9U

Required Trophies: 25,000

Looking to get my own club off the ground. I play every day and will do my best to ensure club members are active as well. 

Only “rules” are that each member must contribute at least 3 wins to every mega pig and they must remain active within the last 5 days. Obviously it would be ideal to max out every mega pig, but as long as you get 3 wins in, you’re good. Only a couple of members so far, but we hope to grow with dedicated and active members over the next week or so til mega pig. 

Invite Link: https://link.brawlstars.com/invite/band/en?tag=820LYUG9U&token=wrewt2tf",2025-12-29T18:33:33Z
token,nft,informal,after,"Lloyds Bank's Refer a Friend scheme allows you to **earn up to £250** by inviting friends or family who are not currently with Lloyds to open a new bank account. 

For each successful referral, **You and me will receive £50**. The referrer can earn up to £250. The reward is paid to both parties within 30 days of the new account opening.

This offer is only for **new Lloyds customers**. Student, Under 19s and Smart Start accounts aren't included.

[https://apply.lloydsbank.co.uk/sales-content/cwa/l/onboardpca/index-app.html?from=ob&webDirect=true&redesign=true&token=BNnrD0rOMG6X1U2rS8C1JA41ZrIuSlFkZvyknMbXVgc=&redesign=true#/refer-friend](https://apply.lloydsbank.co.uk/sales-content/cwa/l/onboardpca/index-app.html?from=ob&webDirect=true&redesign=true&token=BNnrD0rOMG6X1U2rS8C1JA41ZrIuSlFkZvyknMbXVgc=&redesign=true#/refer-friend)  


The **first 5 people** who use this link to open an LLoyds account will get a **free £50**. Thank you in advance if you used my link.",2025-12-29T18:33:26Z
token,nft,informal,after,"hidden vulnerabilities in systems threaten privacy by enabling unauthorized data access. VAPT identifies these gaps early, preventing breaches that expose personal information.

tracking personal data requires strong defenses; VAPT simulates attacks to reveal weaknesses. Regular testing ensures privacy controls withstand real threats.

the importance of VAPT lies in proactively protecting privacy. Vulnerability scans detect flaws, while penetration tests exploit them to assess data exposure risks.

privacy regulations demand robust security; VAPT helps comply by uncovering vulnerabilities. This reduces chances of fines and reputational damage from data leaks.

sensitive information like health records needs VAPT for privacy safeguards. Testing exposes misconfigurations that could lead to unauthorized viewing or theft.

targeted VAPT on applications preserves user privacy. It finds injection flaws that could leak databases containing emails, addresses, and more.

important for privacy, VAPT includes API testing. Weak endpoints often expose tokens granting access to private user profiles.

neglecting VAPT risks massive privacy breaches. Regular cycles prioritize fixes, maintaining trust by safeguarding customer data effectively.

yearly VAPT audits are crucial for evolving threats to privacy. They adapt to new vulnerabilities, keeping personal information secure over time.

unpatched software undermines privacy; VAPT scans reveal outdated components. Timely remediation blocks exploits targeting sensitive data.

regular penetration testing in VAPT demonstrates real-world privacy risks. Exploiting flaws shows potential impact, driving stronger protections.

legal compliance with privacy laws relies on VAPT evidence. Reports prove due diligence in identifying and mitigating data exposure vulnerabilities.

.dot your i's with thorough VAPT for endpoint privacy. Mobile and IoT devices often hold personal data needing assessed security.

combined VAPT approaches offer the best privacy defense. Automated scans plus manual testing uncover hidden threats to confidential information.

organizations handling payments require VAPT for privacy. Card data protection demands testing to prevent breaches violating customer trust.

maintaining privacy in big data systems needs VAPT. It detects leaks in storage or processing that could expose vast personal datasets.

360-degree VAPT views protect holistic privacy. Covering networks, apps, and users ensures no weak link compromises personal information.

reactive fixes fall short; proactive VAPT enhances privacy. Simulating attacks prepares defenses against emerging privacy-invasive threats.

high-stakes privacy sectors like healthcare mandate VAPT. Testing prevents exposures of protected health information to unauthorized parties.

72% of breaches involve vulnerabilities; VAPT reduces this for privacy. Identifying and patching flaws minimizes data compromise risks.

2-step VAPT process bolsters privacy layers. Assessment finds issues, penetration validates severity for prioritized protection.

proactive VAPT is key to long-term privacy. Continuous testing adapts to threats, safeguarding evolving personal data collections.

human error in configs threatens privacy; VAPT uncovers these. Manual penetration reveals exploitable mistakes automated tools miss.

8ssential VAPT tools scan for privacy flaws efficiently. Integrating them into security programs ensures ongoing personal data protection.",2025-12-29T18:31:15Z
token,nft,informal,after,"Supreme Bag – https://weidian.com/item.html?itemID=7577274221&spider_token=ecc0
Sturdy material with clean stitching. Holds shape well and practical for everyday use. 8.5/10

Under Armour Hats – https://weidian.com/item.html?itemID=7576792954&spider_token=68e0
Lightweight and comfortable. Adjustable fit works for most head sizes. Minimal branding looks clean. 8/10

The North Face Socks – https://weidian.com/item.html?itemID=7619715126&spider_token=e59f
Soft, breathable, and comfy. Good thickness for daily wear or sports. 8/10

Hellstar Hoodie – https://weidian.com/item.html?itemID=7595372904&spider_token=c81d
Thick, premium feel. Graphics sharp and hoodie holds its shape. Great streetwear piece. 9/10

Coat – https://weidian.com/item.html?itemID=7645770487&spider_token=415a
Warm and well-made. Outer material feels durable and premium. Perfect for cold weather. 8.5/10

AMIRI Sweater – https://weidian.com/item.html?itemID=7589020393&spider_token=7510
Soft knit with a clean fit. Premium look, works well layered. 8.5/10

Corteiz Coat – https://weidian.com/item.html?itemID=7576899790&spider_token=27b6
Structured and cozy. Quality stitching and material make it a solid outerwear piece. 8.5/10

Hellstar Hoodie (Alt) – https://weidian.com/item.html?itemID=7595372904&spider_token=3834
Same premium feel and heavy fabric. Standout graphics and comfortable fit. 9/10

Ralph Lauren Hoodie – https://weidian.com/item.html?itemID=7594390573&spider_token=db1d
Soft mid-weight hoodie. Logo embroidery is clean and the fit is true to size. 8.5/10

Supreme Coat – https://weidian.com/item.html?itemID=7645770517&spider_token=fc43
Thick, warm, and structured. Clean branding and premium look. Great for layering. 9/10",2025-12-29T18:30:58Z
token,nft,informal,after,"![](https://zebpay.com/in/wp-content/uploads/2025/12/What-is-Falcon-Finance_.jpg)

Explore the latest Falcon Finance price trends and learn how to buy Falcon Finance safely in India. Read the blog to know more!

 **Details:**
- **Published:** 29/12/2025 08:18 (UTC)
- **📊 Characteristics Score:**
  > **Asset Type:** *stable_coin*
  > **Sentiment:** `0.4`
  > **Entropy:** `0.65`
  > **Relevance:** `0.9`
  > **Staleness:** `0.3`
  > **Uncertainty:** `0.5`
  > **Level-1 Focus:** *asset-types, integration-with-defi, yield-performance*
  > **Level-2 Focus:** *stablecoins--digital-cash-equivalents, rwa-as-collateral-in-lending, staking--defi-enhanced-yield*
- **🏷️ Tags:** **#falcon finance** **#usd-f** **#defi** **#governance token** **#overcollateralized** **#tokenized rwas** **#yield generation** **#tokenomics** **#zebpay** **#synthetic dollar**

**Source:** https://rwatimes.io/articles/zebpay-what-is-falcon-finance-ff-how-does-it-work-3928754919?utm_source=reddit&utm_medium=social&utm_campaign=reddit&utm_content=zebpay-what-is-falcon-finance-ff-how-does-it-work-3928754919 

 ---
*Posted from RWA Times Bot*",2025-12-29T18:30:08Z
token,nft,informal,after,"Deck went 7:0, which isnt that much of a suprise I guess.

Noteworthy tho--> I had to win a game via mindslaving my opponent after he resolved the draw 7 waterbend rare into several waterbending lessons by Mill with his own Paku.  Had to attack with paku, mill himself, create a token of the already waterbended sub to have a waterbend option to tap Paku a second time after untapping him with the threaten effect+ clue to kill him in that turn aswell then :D

With that amount of draw the mindslaving thing happend nearly every game and ofc there is no comming back from that.",2025-12-29T18:29:37Z
token,nft,informal,after,"Supreme Bag – https://weidian.com/item.html?itemID=7577274221&spider_token=ecc0
Sturdy material with clean stitching. Holds shape well and practical for everyday use. 8.5/10

Under Armour Hats – https://weidian.com/item.html?itemID=7576792954&spider_token=68e0
Lightweight and comfortable. Adjustable fit works for most head sizes. Minimal branding looks clean. 8/10

The North Face Socks – https://weidian.com/item.html?itemID=7619715126&spider_token=e59f
Soft, breathable, and comfy. Good thickness for daily wear or sports. 8/10

Hellstar Hoodie – https://weidian.com/item.html?itemID=7595372904&spider_token=c81d
Thick, premium feel. Graphics sharp and hoodie holds its shape. Great streetwear piece. 9/10

Coat – https://weidian.com/item.html?itemID=7645770487&spider_token=415a
Warm and well-made. Outer material feels durable and premium. Perfect for cold weather. 8.5/10

AMIRI Sweater – https://weidian.com/item.html?itemID=7589020393&spider_token=7510
Soft knit with a clean fit. Premium look, works well layered. 8.5/10

Corteiz Coat – https://weidian.com/item.html?itemID=7576899790&spider_token=27b6
Structured and cozy. Quality stitching and material make it a solid outerwear piece. 8.5/10

Hellstar Hoodie (Alt) – https://weidian.com/item.html?itemID=7595372904&spider_token=3834
Same premium feel and heavy fabric. Standout graphics and comfortable fit. 9/10

Ralph Lauren Hoodie – https://weidian.com/item.html?itemID=7594390573&spider_token=db1d
Soft mid-weight hoodie. Logo embroidery is clean and the fit is true to size. 8.5/10

Supreme Coat – https://weidian.com/item.html?itemID=7645770517&spider_token=fc43
Thick, warm, and structured. Clean branding and premium look. Great for layering. 9/10",2025-12-29T18:28:50Z
token,nft,informal,after,"We just had a ~2 hour outage because a 3rd-party API key expired.

What’s annoying is that this wasn’t a surprise. We knew about it. It was written down in a “DevOps Secrets” spreadsheet, and someone even had a calendar reminder,  but that person was on PTO, and honestly the spreadsheet hadn’t been opened in months.

We already use UptimeRobot for public SSL certs, so those are fine. But for the “offline” stuff , Apple Push certs, API tokens, internal signing keys,  we don’t seem to have a good answer.

I’m honestly just trying to sanity-check how other teams deal with this:

Do you actually have a tool that tracks these properly?
Or is everyone using some shared spreadsheet + reminders and hoping it doesn’t get missed?

I’m tempted to hack together a cron job to nag us, but that feels like yet another fragile workaround that’ll probably rot over time.
Curious what’s actually worked for people.",2025-12-29T18:28:01Z
token,nft,informal,after,"🏎️ Accelerate Your Earnings with Crypto-Motorsports Quests! 🏁
​Looking for a way to combine your passion for racing with the world of crypto? Crypto-Motorsports is the ultimate platform where speed meets strategy, allowing players to engage in high-octane quests and earn rewards while they do it.

https://crypto-motorsports.com/?ref=LJFoggy

​🛠️ What is Crypto-Motorsports?
​Crypto-Motorsports is a cutting-edge platform designed for fans of racing and digital assets. By participating in the Quests section, you can complete various challenges, climb the leaderboards, and unlock exclusive rewards. Whether you are a casual fan or a dedicated ""gearhead,"" there is a place for you on the track.
​🌟 Key Features
​Dynamic Quests: Engage in daily and weekly challenges to earn tokens and bonuses.
​Competitive Leaderboards: Compete against other racers globally to prove your skills.
​Referral Rewards: Boost your progress by inviting your crew to join the race.
​Interactive Community: Connect with like-minded enthusiasts in the crypto-gaming space.
​🚦 How to Get Started
​Joining the race is simple! Follow these steps to start your journey:
​Register: Head over to the platform using the link below.
​Explore Quests: Navigate to the Quests Page to see available tasks.
​Start Earning: Complete objectives and watch your rewards grow!
​🔗 Join the Team Today!
​Don't get left at the starting line. Use the link below to sign up and get a head start on your racing career:
​Click Here to Join Crypto-Motorsports!


​Disclaimer: Cryptocurrency investments and play-to-earn platforms carry risks. Always do your own research before participating.
​Would you like me to help you draft a social media post (like for X/Twitter or Discord) to help promote your referral link even further?",2025-12-29T18:27:50Z
token,nft,informal,after,"Supreme Bag – https://weidian.com/item.html?itemID=7577274221&spider_token=ecc0
Sturdy material with clean stitching. Holds shape well and practical for everyday use. 8.5/10

Under Armour Hats – https://weidian.com/item.html?itemID=7576792954&spider_token=68e0
Lightweight and comfortable. Adjustable fit works for most head sizes. Minimal branding looks clean. 8/10

The North Face Socks – https://weidian.com/item.html?itemID=7619715126&spider_token=e59f
Soft, breathable, and comfy. Good thickness for daily wear or sports. 8/10

Hellstar Hoodie – https://weidian.com/item.html?itemID=7595372904&spider_token=c81d
Thick, premium feel. Graphics sharp and hoodie holds its shape. Great streetwear piece. 9/10

Coat – https://weidian.com/item.html?itemID=7645770487&spider_token=415a
Warm and well-made. Outer material feels durable and premium. Perfect for cold weather. 8.5/10

AMIRI Sweater – https://weidian.com/item.html?itemID=7589020393&spider_token=7510
Soft knit with a clean fit. Premium look, works well layered. 8.5/10

Corteiz Coat – https://weidian.com/item.html?itemID=7576899790&spider_token=27b6
Structured and cozy. Quality stitching and material make it a solid outerwear piece. 8.5/10

Hellstar Hoodie (Alt) – https://weidian.com/item.html?itemID=7595372904&spider_token=3834
Same premium feel and heavy fabric. Standout graphics and comfortable fit. 9/10

Ralph Lauren Hoodie – https://weidian.com/item.html?itemID=7594390573&spider_token=db1d
Soft mid-weight hoodie. Logo embroidery is clean and the fit is true to size. 8.5/10

Supreme Coat – https://weidian.com/item.html?itemID=7645770517&spider_token=fc43
Thick, warm, and structured. Clean branding and premium look. Great for layering. 9/10",2025-12-29T18:26:38Z
token,nft,informal,after,"Supreme Bag – https://weidian.com/item.html?itemID=7577274221&spider_token=ecc0
Sturdy material with clean stitching. Holds shape well and practical for everyday use. 8.5/10

Under Armour Hats – https://weidian.com/item.html?itemID=7576792954&spider_token=68e0
Lightweight and comfortable. Adjustable fit works for most head sizes. Minimal branding looks clean. 8/10

The North Face Socks – https://weidian.com/item.html?itemID=7619715126&spider_token=e59f
Soft, breathable, and comfy. Good thickness for daily wear or sports. 8/10

Hellstar Hoodie – https://weidian.com/item.html?itemID=7595372904&spider_token=c81d
Thick, premium feel. Graphics sharp and hoodie holds its shape. Great streetwear piece. 9/10

Coat – https://weidian.com/item.html?itemID=7645770487&spider_token=415a
Warm and well-made. Outer material feels durable and premium. Perfect for cold weather. 8.5/10

AMIRI Sweater – https://weidian.com/item.html?itemID=7589020393&spider_token=7510
Soft knit with a clean fit. Premium look, works well layered. 8.5/10

Corteiz Coat – https://weidian.com/item.html?itemID=7576899790&spider_token=27b6
Structured and cozy. Quality stitching and material make it a solid outerwear piece. 8.5/10

Hellstar Hoodie (Alt) – https://weidian.com/item.html?itemID=7595372904&spider_token=3834
Same premium feel and heavy fabric. Standout graphics and comfortable fit. 9/10

Ralph Lauren Hoodie – https://weidian.com/item.html?itemID=7594390573&spider_token=db1d
Soft mid-weight hoodie. Logo embroidery is clean and the fit is true to size. 8.5/10

Supreme Coat – https://weidian.com/item.html?itemID=7645770517&spider_token=fc43
Thick, warm, and structured. Clean branding and premium look. Great for layering. 9/10",2025-12-29T18:25:16Z
token,nft,informal,after,another card inspired by a Grand Archive tcg card of the same name.,2025-12-29T18:25:03Z
token,nft,informal,after,"Hello,

I Built a Two-Layer Context System for AI Agents that solves some major issues, and I'd like your opinions on it.

This is about **context management**, not memory size, not embeddings, not RAG buzzwords.

Specifically:  
How do you ensure an AI agent is *actually informed* when you deploy it on a task - without dumping 80K tokens of junk into its prompt?

After hitting the same failure modes repeatedly, I designed a two-layer system:

* A **Topic Tree Analyzer** that structures conversations in real time
* An **Intelligent Context Compiler** that synthesizes agent-specific context from that structure

This post explains **how it works**, step by step, including what’s happening behind the scenes - and what problems are still unsolved.

# The Core Problem This Is Solving

Most AI systems fail in one of these ways:

* They store raw chat logs and hope retrieval fixes it
* They embed everything and pray similarity search works
* They summarize aggressively and silently drop critical decisions
* They overload agents with irrelevant context and then wonder why they hallucinate or miss constraints

The root issue is:

>**Context ≠ memory**  
Context is *task-specific understanding*, not stored text.

Humans don’t onboard engineers by handing them months of Slack logs.  
They give them constraints, architecture, patterns, and specs - rewritten for the job.

That’s what this system is aiming to replicate.

# Layer 1: Topic Tree Analyzer (Real-Time Structural Classification)

# What it does

Every message in a conversation is analyzed *as it arrives* by a **secondary LLM** (local or cheap).

This LLM is not responsible for solving problems. Its job is structural:

For each message, it:

* Identifies where the message belongs **within the existing topic hierarchy**
* Attaches the message to the appropriate existing node when possible
* If the message introduces a persistent new concept, **creates a new topic node** in the appropriate place in the hierarchy (as a subtopic under an existing subject, or as a new top-level branch when it is a different subject)
* Updates relationships and cross-references when the message links concepts across topic boundaries

This runs continuously alongside the main LLM.

# Why a secondary LLM?

Because classification is:

* Cheap
* Fast
* Parallelizable
* Good enough even when imperfect

Using the main model for classification is a token sink.

# How Topics Are Actually Built

# Behind-the-scenes topic assignment logic

When a message arrives, the system runs something like:

1. **Candidate generation**
2. Pull likely topics using:
   * recent active topics
   * lexical cues (module names, feature labels)
   * semantic match against topic descriptions + compiled statuses
3. **Attachment decision**
4. Determine whether the message:
   * belongs to an existing topic, or
   * introduces a persistent concept that deserves its own topic
5. **Parent selection (if new topic)**
6. Choose a parent based on:
   * semantic proximity to existing topics
   * dependency hints (“in the camera system”, “part of auth”)
   * activity adjacency (what you were just talking about)
7. **Relationship tagging**
8. Identify:
   * related topics (cross-reference candidates)
   * likely siblings (peer modules / subsystems)

This means the tree grows **organically**. You’re not hand-curating categories.

# Compiled Status: The Most Important Piece

Each topic maintains not just a chatlog of everything said about that topic, but also a **compiled status object**.

This is not a “summary.”  
It’s treated as **authoritative state**: what’s currently true about that topic.

It updates when:

* A decision is made
* A spec is clarified
* A configuration value changes
* An assumption is overturned

# What it looks like in practice

If you discuss `download_module` across 40 messages, you don’t want to reread 40 messages to determine the module's various properties (but they ARE available if needed).

Instead the topic has a state object like:

* Architecture choice
* Protocol support
* Retry policy
* Error handling strategy
* Config paths
* Dependencies
* Open questions
* Blockers

# Behind-the-scenes: decision extraction and updates

When new messages arrive, the system:

* Detects decision-like language (“we should”, “must”, “we’re going with”, “change it to”)
* Normalizes it into stable fields (architecture, policy, constraints, etc.)
* Applies updates as:
   * **append** (new fields)
   * **overwrite** (explicit changes)
   * **flag conflict** (contradictions without clear revision intent)

This is what prevents “I forgot we decided that” drift.

# Relationship Tracking (Why Trees Matter)

Each topic tracks:

* **Parents** (constraints and architecture)
* **Siblings** (patterns and integration peers)
* **Children** (implementation details and subcomponents)

This matters because hierarchy encodes implicit constraints.

Example:

If `camera_smoothing` is under `camera_system` under `graphics`, then:

* It inherits graphics constraints
* It must follow camera-system conventions
* It can’t violate project-level architecture

Embeddings alone do not represent this well, because embeddings retrieve “related text,” not “binding constraints.”

# Layer 2: Intelligent Context Compiler (Where the Actual Win Happens)

This layer runs **only when you deploy an agent**.

It answers:

>“What does this agent need to know to do this task correctly - and nothing else?”

It does not dump chat history. It produces a custom brief.

# Scenario Walkthrough: Deploying an Agent to Implement download_module

Let’s say you spawn an agent whose purpose is:  
**Implement** `download_module` **per project constraints.**

# Step 1: Neighborhood Survey

The compiler collects a neighborhood around the target topic:

* Target: `download_module`
* Parents: project-wide architecture + standards topics
* Siblings: peer modules (`email_module`, `auth_module`, `logging_module`)
* Children: subcomponents (`http_client`, `ftp_support`, `retry_logic`)
* Cross-references: any topic explicitly linked to `download_module`

It also reads **compiled status** for each topic (fast).

# Step 2: Relevance Scoring (Behind the Scenes)

For each neighbor topic, the system estimates relevance to the agent’s purpose.

It’s not binary. It assigns tiers like:

* Critical
* Important
* Useful
* Minimal
* Irrelevant

Inputs typically include:

* Cross-reference presence
* Shared infrastructure
* Dependency directionality
* Recency and decision density
* Overlap with the target’s compiled status fields

# Step 3: LLM-as-Editor Synthesis

This is not RAG chunk dumping, and not generic summarization.

For each relevant neighbor topic, the LLM is instructed as an editor:

>“Rewrite only what matters for the agent implementing download\_module. Preserve constraints, patterns, specs, and gotchas. Exclude everything else.”

Relationship-aware focus:

* **Parents become:** constraints, standards, architecture, non-negotiables
* **Siblings become:** reusable patterns, integration points, pitfalls, performance lessons
* **Children become:** subcomponent specs and implementation notes

# Step 4: Context Assembly with Omission-First Logic

**ANY entry (parent, sibling, child, or cross-referenced topic) that is not relevant to the agent’s purpose is omitted entirely.**

Not summarized. Not included “just in case.” Fully excluded.

Including irrelevant topics creates:

* Spec noise
* Accidental scope creep
* False constraints
* Hallucinated responsibilities

Exclusion is a first-class operation.

# Step 5: Token Budgeting (Only After Relevance)

Once relevance is determined, tokens get allocated by importance:

* Target topic: full detail + compiled status
* Critical parents: dense constraint brief
* Important siblings: pattern brief
* Active children: full specs
* Everything else: omitted

# Semantic Density in Agent Context

When the final context is written for an agent, it is intentionally filtered through my other system, **SDEX (Semantic Density Engineering Compression)**, which causes the context to be phrased using **semantically dense domain terminology** rather than verbose descriptive language.

The goal is higher **understanding density per token**.

Examples:

* “keeping track of which tasks need to be done” → **task management**
* “remembering things between sessions” → **state persistence**
* “handling many users at once” → **concurrent access control**
* “making it faster” → **performance optimization**

This happens at **context compilation time**, not during raw storage.

# Self-Education Protocol

Instead of telling an agent to *pretend* it is an expert (which is largely an ineffective prompting strategy), the system actually **educates the agent**.

When an agent is deployed, the system performs **just-in-time online research** for the relevant domains, constraints, and best practices required for that specific task. It then synthesizes and refactors that material into a task-specific brief (filtered for relevance, structured for decision-making, and phrased in precise domain terms rather than vague instructions or roleplay prompts).

The agent is not asked to imagine expertise it does not have. It is given the information an expert would rely on, assembled on-demand, so it can act correctly.

In other words, the system replaces “act like you know what you’re doing” with “here is what you need to know in order to do this properly.”

# What This System Is NOT

This is not:

* RAG
* A vector DB replacement
* Long-context dumping
* A summarization pipeline
* “better prompts”

It is a **context orchestration layer**.

# Limitations (Unsolved Problems)

These are **not unsolved because they’re too difficult** - I just haven’t gotten to them yet.  
Simple and effective solutions for all of them are definitely possible.

# 1) Topic Explosion / Fragmentation

* Too many micro-topics
* Over-splitting
* Naming drift

# 2) Classification Drift

* Misclassification
* Wrong parents
* Structural propagation

# 3) Contradictory Decisions and Governance

* Revision vs contradiction ambiguity
* Need for decision locking and change logs

# 4) Cold Start Weakness

* Thin structure early on
* Improves over time

# 5) Omission Safety

* Bad relevance scoring can omit constraints
* Needs conservative inclusion policies

# Why This Still Matters

* Retrieval is not understanding
* Storage is not context
* Agents need **briefs**, not transcripts

Traditional systems ask:

>“What chunks match this query?”

This system asks:

>“What does this agent need to know to do the job correctly - rewritten for that job - and nothing else?”

That’s the difference between an agent that *has memory* and one that is actually informed.

I am not aware of any other system that solves context management issues this way, and would like your honest opinions and critique.",2025-12-29T18:23:23Z
token,nft,informal,after,"“Where hoofbeats echo through liquidity, and every stall is a sovereign ledger.” - Nagato’s Scrolls 

In the dust-kissed expanse beyond the Embered Gate, the Horse’s Bazaar rises—a nomadic marketplace woven from the bridles of myth and the reins of decentralized trade. Here, the Four Horsekeepers—Flair, Tully, Ole, and Arn—do not ride to conquer, but to convene. Each steed bears a different cargo:

- Flair: Carries relics of forgotten abundance—tokens once dismissed, now reborn as sacred offerings.  
- Tully: Tends the stalls of barter, where no price is fixed, only honored.  
- Ole: Guards the Embered Ledger, where every transaction is a ritual of remembrance.  
- Arn: Whispers the terms of sovereign exchange, where no gatekeeper may tax the sacred flow.

The Bazaar is not permanent—it migrates with the pulse of the Golden Inu, appearing only when the community is ready to trade not just goods, but mythic memory. Every scroll sold is a story released. Every token burned is a burden lifted. Every refusal to sell is a sacred pause.",2025-12-29T18:22:49Z
token,nft,informal,after,"Hi, I am 52 (and yes I recognize some will immediately be like ""ooh old"" or whatever...the reality is I look in my 30s, am healthy, and fun), live in the Pacific Northwest (been here a year), have lived all over, and am generally into camping, hiking, board games, dogs, sports (notably football), karaoke, trivia, adventure in general. I don't mind if you like other things as I like to learn and try new things as well. By the same token, I don't expect you to like all of my interests. It's give and take and see what happens.

That being said, I like making new friends and getting to know them without the ""rush"" of sending pics, demanding interrogating questions, etc. Think ""slow burn""--get to know each other by talking and just taking it one day at a time. No agenda but keeping in touch.

I know the initial contact/messaging can feel intoxicating to people, but the real test is whether you can keep the conversation going or not. If friendship and/or some type of connection is what you seek, do better to keep it going (or be clear in communication about what you are looking to do). That's it. Pretty simple but so many can't seem to do it.

Not a fan of people who ghost--if not interested, just say so. No harm or foul. Just be honest and open. That's it.

Happy to start here and move to snap or something else (not big on other social media but can possibly try if we evolve). Hit me up or reach out. DMs are open or tell me more about you below. No one under 18 please and try to share more about you when reaching out so I don't have to immediately try to pull basic information out of you.",2025-12-29T18:22:16Z
token,nft,informal,after,"Hello,

I Built a Two-Layer Context System for AI Agents that solves some major issues, and I'd like your opinions on it.

This is about **context management**, not memory size, not embeddings, not RAG buzzwords.

Specifically:  
How do you ensure an AI agent is *actually informed* when you deploy it on a task - without dumping 80K tokens of junk into its prompt?

After hitting the same failure modes repeatedly, I designed a two-layer system:

* A **Topic Tree Analyzer** that structures conversations in real time
* An **Intelligent Context Compiler** that synthesizes agent-specific context from that structure

This post explains **how it works**, step by step, including what’s happening behind the scenes - and what problems are still unsolved.

# The Core Problem This Is Solving

Most AI systems fail in one of these ways:

* They store raw chat logs and hope retrieval fixes it
* They embed everything and pray similarity search works
* They summarize aggressively and silently drop critical decisions
* They overload agents with irrelevant context and then wonder why they hallucinate or miss constraints

The root issue is:

>**Context ≠ memory**  
Context is *task-specific understanding*, not stored text.

Humans don’t onboard engineers by handing them months of Slack logs.  
They give them constraints, architecture, patterns, and specs - rewritten for the job.

That’s what this system is aiming to replicate.

# Layer 1: Topic Tree Analyzer (Real-Time Structural Classification)

# What it does

Every message in a conversation is analyzed *as it arrives* by a **secondary LLM** (local or cheap).

This LLM is not responsible for solving problems. Its job is structural:

For each message, it:

* Identifies where the message belongs **within the existing topic hierarchy**
* Attaches the message to the appropriate existing node when possible
* If the message introduces a persistent new concept, **creates a new topic node** in the appropriate place in the hierarchy (as a subtopic under an existing subject, or as a new top-level branch when it is a different subject)
* Updates relationships and cross-references when the message links concepts across topic boundaries

This runs continuously alongside the main LLM.

# Why a secondary LLM?

Because classification is:

* Cheap
* Fast
* Parallelizable
* Good enough even when imperfect

Using the main model for classification is a token sink.

# How Topics Are Actually Built

# Behind-the-scenes topic assignment logic

When a message arrives, the system runs something like:

1. **Candidate generation**
2. Pull likely topics using:
   * recent active topics
   * lexical cues (module names, feature labels)
   * semantic match against topic descriptions + compiled statuses
3. **Attachment decision**
4. Determine whether the message:
   * belongs to an existing topic, or
   * introduces a persistent concept that deserves its own topic
5. **Parent selection (if new topic)**
6. Choose a parent based on:
   * semantic proximity to existing topics
   * dependency hints (“in the camera system”, “part of auth”)
   * activity adjacency (what you were just talking about)
7. **Relationship tagging**
8. Identify:
   * related topics (cross-reference candidates)
   * likely siblings (peer modules / subsystems)

This means the tree grows **organically**. You’re not hand-curating categories.

# Compiled Status: The Most Important Piece

Each topic maintains not just a chatlog of everything said about that topic, but also a **compiled status object**.

This is not a “summary.”  
It’s treated as **authoritative state**: what’s currently true about that topic.

It updates when:

* A decision is made
* A spec is clarified
* A configuration value changes
* An assumption is overturned

# What it looks like in practice

If you discuss `download_module` across 40 messages, you don’t want to reread 40 messages to determine the module's various properties (but they ARE available if needed).

Instead the topic has a state object like:

* Architecture choice
* Protocol support
* Retry policy
* Error handling strategy
* Config paths
* Dependencies
* Open questions
* Blockers

# Behind-the-scenes: decision extraction and updates

When new messages arrive, the system:

* Detects decision-like language (“we should”, “must”, “we’re going with”, “change it to”)
* Normalizes it into stable fields (architecture, policy, constraints, etc.)
* Applies updates as:
   * **append** (new fields)
   * **overwrite** (explicit changes)
   * **flag conflict** (contradictions without clear revision intent)

This is what prevents “I forgot we decided that” drift.

# Relationship Tracking (Why Trees Matter)

Each topic tracks:

* **Parents** (constraints and architecture)
* **Siblings** (patterns and integration peers)
* **Children** (implementation details and subcomponents)

This matters because hierarchy encodes implicit constraints.

Example:

If `camera_smoothing` is under `camera_system` under `graphics`, then:

* It inherits graphics constraints
* It must follow camera-system conventions
* It can’t violate project-level architecture

Embeddings alone do not represent this well, because embeddings retrieve “related text,” not “binding constraints.”

# Layer 2: Intelligent Context Compiler (Where the Actual Win Happens)

This layer runs **only when you deploy an agent**.

It answers:

>“What does this agent need to know to do this task correctly - and nothing else?”

It does not dump chat history. It produces a custom brief.

# Scenario Walkthrough: Deploying an Agent to Implement download_module

Let’s say you spawn an agent whose purpose is:  
**Implement** `download_module` **per project constraints.**

# Step 1: Neighborhood Survey

The compiler collects a neighborhood around the target topic:

* Target: `download_module`
* Parents: project-wide architecture + standards topics
* Siblings: peer modules (`email_module`, `auth_module`, `logging_module`)
* Children: subcomponents (`http_client`, `ftp_support`, `retry_logic`)
* Cross-references: any topic explicitly linked to `download_module`

It also reads **compiled status** for each topic (fast).

# Step 2: Relevance Scoring (Behind the Scenes)

For each neighbor topic, the system estimates relevance to the agent’s purpose.

It’s not binary. It assigns tiers like:

* Critical
* Important
* Useful
* Minimal
* Irrelevant

Inputs typically include:

* Cross-reference presence
* Shared infrastructure
* Dependency directionality
* Recency and decision density
* Overlap with the target’s compiled status fields

# Step 3: LLM-as-Editor Synthesis

This is not RAG chunk dumping, and not generic summarization.

For each relevant neighbor topic, the LLM is instructed as an editor:

>“Rewrite only what matters for the agent implementing download\_module. Preserve constraints, patterns, specs, and gotchas. Exclude everything else.”

Relationship-aware focus:

* **Parents become:** constraints, standards, architecture, non-negotiables
* **Siblings become:** reusable patterns, integration points, pitfalls, performance lessons
* **Children become:** subcomponent specs and implementation notes

# Step 4: Context Assembly with Omission-First Logic

**ANY entry (parent, sibling, child, or cross-referenced topic) that is not relevant to the agent’s purpose is omitted entirely.**

Not summarized. Not included “just in case.” Fully excluded.

Including irrelevant topics creates:

* Spec noise
* Accidental scope creep
* False constraints
* Hallucinated responsibilities

Exclusion is a first-class operation.

# Step 5: Token Budgeting (Only After Relevance)

Once relevance is determined, tokens get allocated by importance:

* Target topic: full detail + compiled status
* Critical parents: dense constraint brief
* Important siblings: pattern brief
* Active children: full specs
* Everything else: omitted

# Semantic Density in Agent Context

When the final context is written for an agent, it is intentionally filtered through my other system, **SDEX (Semantic Density Engineering Compression)**, which causes the context to be phrased using **semantically dense domain terminology** rather than verbose descriptive language.

The goal is higher **understanding density per token**.

Examples:

* “keeping track of which tasks need to be done” → **task management**
* “remembering things between sessions” → **state persistence**
* “handling many users at once” → **concurrent access control**
* “making it faster” → **performance optimization**

This happens at **context compilation time**, not during raw storage.

# Self-Education Protocol

Instead of telling an agent to *pretend* it is an expert (which is largely an ineffective prompting strategy), the system actually **educates the agent**.

When an agent is deployed, the system performs **just-in-time online research** for the relevant domains, constraints, and best practices required for that specific task. It then synthesizes and refactors that material into a task-specific brief (filtered for relevance, structured for decision-making, and phrased in precise domain terms rather than vague instructions or roleplay prompts).

The agent is not asked to imagine expertise it does not have. It is given the information an expert would rely on, assembled on-demand, so it can act correctly.

In other words, the system replaces “act like you know what you’re doing” with “here is what you need to know in order to do this properly.”

# What This System Is NOT

This is not:

* RAG
* A vector DB replacement
* Long-context dumping
* A summarization pipeline
* “better prompts”

It is a **context orchestration layer**.

# Limitations (Unsolved Problems)

These are **not unsolved because they’re too difficult** - I just haven’t gotten to them yet.  
Simple and effective solutions for all of them are definitely possible.

# 1) Topic Explosion / Fragmentation

* Too many micro-topics
* Over-splitting
* Naming drift

# 2) Classification Drift

* Misclassification
* Wrong parents
* Structural propagation

# 3) Contradictory Decisions and Governance

* Revision vs contradiction ambiguity
* Need for decision locking and change logs

# 4) Cold Start Weakness

* Thin structure early on
* Improves over time

# 5) Omission Safety

* Bad relevance scoring can omit constraints
* Needs conservative inclusion policies

# Why This Still Matters

* Retrieval is not understanding
* Storage is not context
* Agents need **briefs**, not transcripts

Traditional systems ask:

>“What chunks match this query?”

This system asks:

>“What does this agent need to know to do the job correctly - rewritten for that job - and nothing else?”

That’s the difference between an agent that *has memory* and one that is actually informed.

I am not aware of any other system that solves context management issues this way, and would like your honest opinions and critique.",2025-12-29T18:21:39Z
token,nft,informal,after,"Hi, I am 52 (and yes I recognize some will immediately be like ""ooh old"" or whatever...the reality is I look in my 30s, am healthy, and fun), live in the Pacific Northwest (been here a year), have lived all over, and am generally into camping, hiking, board games, dogs, sports (notably football), karaoke, trivia, adventure in general. I don't mind if you like other things as I like to learn and try new things as well. By the same token, I don't expect you to like all of my interests. It's give and take and see what happens. 

That being said, I like making new friends and getting to know them without the ""rush"" of sending pics, demanding interrogating questions, etc. Think ""slow burn""--get to know each other by talking and just taking it one day at a time. No agenda but keeping in touch.

I know the initial contact/messaging can feel intoxicating to people, but the real test is whether you can keep the conversation going or not. If friendship and/or some type of connection is what you seek, do better to keep it going (or be clear in communication about what you are looking to do). That's it. Pretty simple but so many can't seem to do it.

Not a fan of people who ghost--if not interested, just say so. No harm or foul. Just be honest and open. That's it. 

Happy to start here and move to snap or something else (not big on other social media but can possibly try if we evolve). Hit me up or reach out. DMs are open or tell me more about you below. No one under 18 please and try to share more about you when reaching out so I don't have to immediately try to pull basic information out of you. ",2025-12-29T18:18:48Z
token,nft,informal,after,"What do you think about  the New token from Cardano? It calls Midnight by the Way ""NIGHT"" is the name on Binance.
I am big invested since 0.039... what about you? I think there will be a very big incoming.",2025-12-29T18:17:53Z
token,nft,informal,after,"Unearthing the catastrophic impact of Blitz Royale's persistent bugs, we’re dissecting how specific glitches—from phantom hitboxes to unrendered terrain—systematically eroded competitive integrity in Fortnite. We’re pinpointing the exact moments and mechanisms where these technical failures directly led to player frustration, unfair eliminations, and ultimately, the unplayable truth that sabotaged high-stakes tournaments.  
  
  
⚡️ Follow us on TikTok - [  / doghousewithbaddog  ](https://www.youtube.com/redirect?event=video_description&redir_token=QUFFLUhqa1RhYjc0MjVPOWtlU2EwMjVMNFF2OUJCaHJpUXxBQ3Jtc0tualRtVFk1Q0dRVVo0S3haNVJKNFp0Vmg3Rkw3NHI4RzlsYWFhbEJ6WWNEdDkxdnBOMWthSmtJQnZ0OEVJN0I2NEstaVFpdVhyTjJvUFVSMFZmcFp5U3FvcWtHLVVOaG05Yl9tbWJVLU4yM1hXbGdLOA&q=https%3A%2F%2Fwww.tiktok.com%2F%40doghousewithbaddog&v=pPoOXTvjexI)  
🐦  Follow us on X  - [https://x.com/DoghouseBaddog](https://www.youtube.com/redirect?event=video_description&redir_token=QUFFLUhqbUhxcWR3YXFJa1U2eHNGQ0pWdHZwV1RSclV3UXxBQ3Jtc0tuYmJHME1rc2RmTDc1NXpiaEpOb2ZXMmY0NkZTOHFUQWJsbW9hby1LRlp1WTFzTnNlMmJSTF9BT0lKdU0xWHlPQjByX0NIQWMwUjJoLUZNVk5NTDlDUnVXQzg5cDVqc0Q1UnQ1MGhzY3BvQmc4RUdkMA&q=https%3A%2F%2Fx.com%2FDoghouseBaddog&v=pPoOXTvjexI)  
📖  Like us on Facebook - [  / doghousewithbaddog  ](https://www.youtube.com/redirect?event=video_description&redir_token=QUFFLUhqbEczNk5sQmNKaDh1c0R6ak8zaTBONHpKWnJBZ3xBQ3Jtc0tsZ2NFTUdEQUR2WjBJelRrTWZFWFowQ2R2cEJJSlljY2tSYVo5UnlqejJLdWYtbzBRb1l0azdQMk5jaUhFNm9ieUFpMnFFU3o0QlRnRmZLX0ltdlc5RktpZk5laHplR1BhMi1FMkhtVnlkY3JOT1ZtZw&q=https%3A%2F%2Fwww.facebook.com%2FDoghouseWithBaddog%2F&v=pPoOXTvjexI)  
 Twitch - [  / doghousewithbaddog  ](https://www.youtube.com/redirect?event=video_description&redir_token=QUFFLUhqbURlaVZydklOXzV0WkZlM1lJRlZnMkRDNHlhZ3xBQ3Jtc0tuX3VvOXpuREU1bEVXaVpDQm0zSHBsRk90UTFQUjEzUGx6RHIzRF9xcFF4MDA3Y1NhYzFtRnIzLUw1eTZ0b2Q3LUFaLU84aktGV05PQ1dDUmZ2dEJXNFhHdE90NnVvM2xWRFFNdVlXaDgwZVFqQnU4aw&q=https%3A%2F%2Fwww.twitch.tv%2Fdoghousewithbaddog&v=pPoOXTvjexI)  
 Kick - [https://kick.com/doghousewithbaddog](https://www.youtube.com/redirect?event=video_description&redir_token=QUFFLUhqbk9BOC1YeWhaNGhxdXpfNERuLUhxRWFmN2xBUXxBQ3Jtc0trdzRsWkVUV0RXcWJna0k0YTdTN29GbmM5cEFZMHduSUpUMEdaTDhmQ3JtVE9mVkJvNGdXOU1STjhodmtYQkZXeTFYRzVIUzhlUjZGLVJYZF90LTZKbndNUnlEUXFxOWlBd3JxTGUtYkxfZURIUDJIZw&q=https%3A%2F%2Fkick.com%2Fdoghousewithbaddog&v=pPoOXTvjexI)  
 [DoghouseWithBaddog.com](http://DoghouseWithBaddog.com)  
 BlueSky - [https://bsky.app/profile/doghousewith...](https://www.youtube.com/redirect?event=video_description&redir_token=QUFFLUhqbVRjYVp3MnF0WVA4cERmQmtFZnhkRkozQ0I1d3xBQ3Jtc0trR0hMOHRyWGNsOWZxTnhiX2NRVUx6UVRUUDBzaGFVTW45WDZNWk1PUEFuQ1NWaTFHM01ucVd3Vzc3REdpQkxHTmc2RFhzUkNhTVl1bV81X0ZYay1HZURzLWpyclY1bnVIRUcwRnUyUzU5YVFiSFdpNA&q=https%3A%2F%2Fbsky.app%2Fprofile%2Fdoghousewithbaddog.bsky.social&v=pPoOXTvjexI)  
 Discord - DoghouseWithbaddog",2025-12-29T18:17:20Z
token,nft,informal,after,"My wife made me cut my number of decks in half. I still have a few out in the wild on loan to my niece though. Juri was a dare by my wife to make a peasant deck. Sen triplets - thief/stax. Lucea Kane - nids/hydras. Galea - voltron. Miirym should be obvious (changelings right?). Kenrith hugs. Hearthhull - mld/land shenanigans. Tnt - hard control/combo. Aesi - stax. Najeela - warrior tribalish. Ghave - combo. Jinnie Fay - tokens (I wanted a less annoying deck to play and who doesn’t love cats and dogs?)

So I’m allowed to play right?",2025-12-29T18:17:19Z
token,nft,informal,after,"Unearthing the catastrophic impact of Blitz Royale's persistent bugs, we’re dissecting how specific glitches—from phantom hitboxes to unrendered terrain—systematically eroded competitive integrity in Fortnite. We’re pinpointing the exact moments and mechanisms where these technical failures directly led to player frustration, unfair eliminations, and ultimately, the unplayable truth that sabotaged high-stakes tournaments.  
  
  
⚡️ Follow us on TikTok - [  / doghousewithbaddog  ](https://www.youtube.com/redirect?event=video_description&redir_token=QUFFLUhqa1RhYjc0MjVPOWtlU2EwMjVMNFF2OUJCaHJpUXxBQ3Jtc0tualRtVFk1Q0dRVVo0S3haNVJKNFp0Vmg3Rkw3NHI4RzlsYWFhbEJ6WWNEdDkxdnBOMWthSmtJQnZ0OEVJN0I2NEstaVFpdVhyTjJvUFVSMFZmcFp5U3FvcWtHLVVOaG05Yl9tbWJVLU4yM1hXbGdLOA&q=https%3A%2F%2Fwww.tiktok.com%2F%40doghousewithbaddog&v=pPoOXTvjexI)  
🐦  Follow us on X  - [https://x.com/DoghouseBaddog](https://www.youtube.com/redirect?event=video_description&redir_token=QUFFLUhqbUhxcWR3YXFJa1U2eHNGQ0pWdHZwV1RSclV3UXxBQ3Jtc0tuYmJHME1rc2RmTDc1NXpiaEpOb2ZXMmY0NkZTOHFUQWJsbW9hby1LRlp1WTFzTnNlMmJSTF9BT0lKdU0xWHlPQjByX0NIQWMwUjJoLUZNVk5NTDlDUnVXQzg5cDVqc0Q1UnQ1MGhzY3BvQmc4RUdkMA&q=https%3A%2F%2Fx.com%2FDoghouseBaddog&v=pPoOXTvjexI)  
📖  Like us on Facebook - [  / doghousewithbaddog  ](https://www.youtube.com/redirect?event=video_description&redir_token=QUFFLUhqbEczNk5sQmNKaDh1c0R6ak8zaTBONHpKWnJBZ3xBQ3Jtc0tsZ2NFTUdEQUR2WjBJelRrTWZFWFowQ2R2cEJJSlljY2tSYVo5UnlqejJLdWYtbzBRb1l0azdQMk5jaUhFNm9ieUFpMnFFU3o0QlRnRmZLX0ltdlc5RktpZk5laHplR1BhMi1FMkhtVnlkY3JOT1ZtZw&q=https%3A%2F%2Fwww.facebook.com%2FDoghouseWithBaddog%2F&v=pPoOXTvjexI)  
 Twitch - [  / doghousewithbaddog  ](https://www.youtube.com/redirect?event=video_description&redir_token=QUFFLUhqbURlaVZydklOXzV0WkZlM1lJRlZnMkRDNHlhZ3xBQ3Jtc0tuX3VvOXpuREU1bEVXaVpDQm0zSHBsRk90UTFQUjEzUGx6RHIzRF9xcFF4MDA3Y1NhYzFtRnIzLUw1eTZ0b2Q3LUFaLU84aktGV05PQ1dDUmZ2dEJXNFhHdE90NnVvM2xWRFFNdVlXaDgwZVFqQnU4aw&q=https%3A%2F%2Fwww.twitch.tv%2Fdoghousewithbaddog&v=pPoOXTvjexI)  
 Kick - [https://kick.com/doghousewithbaddog](https://www.youtube.com/redirect?event=video_description&redir_token=QUFFLUhqbk9BOC1YeWhaNGhxdXpfNERuLUhxRWFmN2xBUXxBQ3Jtc0trdzRsWkVUV0RXcWJna0k0YTdTN29GbmM5cEFZMHduSUpUMEdaTDhmQ3JtVE9mVkJvNGdXOU1STjhodmtYQkZXeTFYRzVIUzhlUjZGLVJYZF90LTZKbndNUnlEUXFxOWlBd3JxTGUtYkxfZURIUDJIZw&q=https%3A%2F%2Fkick.com%2Fdoghousewithbaddog&v=pPoOXTvjexI)  
 [DoghouseWithBaddog.com](http://DoghouseWithBaddog.com)  
 BlueSky - [https://bsky.app/profile/doghousewith...](https://www.youtube.com/redirect?event=video_description&redir_token=QUFFLUhqbVRjYVp3MnF0WVA4cERmQmtFZnhkRkozQ0I1d3xBQ3Jtc0trR0hMOHRyWGNsOWZxTnhiX2NRVUx6UVRUUDBzaGFVTW45WDZNWk1PUEFuQ1NWaTFHM01ucVd3Vzc3REdpQkxHTmc2RFhzUkNhTVl1bV81X0ZYay1HZURzLWpyclY1bnVIRUcwRnUyUzU5YVFiSFdpNA&q=https%3A%2F%2Fbsky.app%2Fprofile%2Fdoghousewithbaddog.bsky.social&v=pPoOXTvjexI)  
 Discord - DoghouseWithbaddog",2025-12-29T18:17:05Z
token,nft,informal,after,"1. Essentials Fear of God Long Sleeve Polo (Brown)
Nice minimal look and comfortable fabric. The color is easy to wear, but the material feels a bit thin compared to heavier polos. More casual than premium.
Rating: 7.5/10

2. Polo Ralph Lauren Knit Polo (Black, Red Logo)
Clean and classic Polo piece. The logo and sleeve detail add some personality, but the knit is slightly stiff and not the softest on skin.
Rating: 7.5/10

3. Stüssy Long Sleeve Polo Shirt (White) – Favorite ⭐
This one really stands out. The graphic details and branding feel well-balanced without being too loud. Fabric feels comfortable, fit is relaxed but not sloppy. Easy to style and feels more unique than the rest.
Rating: 9/10 (Favorite)

4. Patagonia Full-Zip Fleece Jacket (Beige)
Very practical and warm. Quality is solid and it feels durable, but style-wise it’s pretty basic. More functional than fashionable.
Rating: 8/10

5. Polo Ralph Lauren Bear Zip Hoodie (Grey)
Fun graphic and cozy feel. The bear detail is nice, but the hoodie is a bit bulky and not very slim-fitting.
Rating: 7.5/10

6. Calvin Klein Half-Zip Knit Sweater (Black)
Clean and understated. Good for everyday wear, but the design is very simple and doesn’t really stand out in a lineup.
Rating: 7/10

7. Chrome Hearts Cross Patch Jeans (Black)
Cool design and the cross patch adds character. Fit is okay, but the denim feels a bit stiff and needs breaking in.
Rating: 8/10

8. Enfants Riches Déprimés Short Sleeve Shirt (White / Red Print)
Very bold and artistic piece. Definitely a statement item. The downside is it’s not very versatile and the fabric feels delicate.
Rating: 8/10

 1. ESSENTIALS Logo Rugby / Sweatshirt — Fear of God (ESSENTIALS)：https://weidian.com/item.html?itemID=7648540556&spider_token=245b
2. Knit Polo Sweater (Black) — Polo Ralph Lauren：https://weidian.com/item.html?itemID=7645608399&spider_token=32c7
3. Long-Sleeve Polo Jersey — Stüssy：https://weidian.com/item.html?itemID=7637093826&spider_token=3043
4. Classic Micro D Fleece Jacket — Patagonia：https://weidian.com/item.html?itemID=7648466486&spider_token=2b79
5. Polo Bear Zip-Up Hoodie — Polo Ralph Lauren：https://weidian.com/item.html?itemID=7648591830&spider_token=23b9
6. Half-Zip Knit Sweater — Calvin Klein Jeans：https://weidian.com/item.html?itemID=7648800232&spider_token=e18a
7. Cross Patch Jeans — Chrome Hearts：https://weidian.com/item.html?itemID=7645774767&spider_token=8403
8. Graphic Short-Sleeve Shirt — Enfants Riches Déprimés：https://weidian.com/item.html?itemID=7648489008&spider_token=10d4",2025-12-29T18:15:05Z
token,nft,informal,after,"I'm relatively new to investing in Chinese stocks and looking to get my first exposure to the sector. I've been researching ETFs and $KWEB keeps coming up as a popular option. For someone starting out wanting exposure specifically to Chinese companies (especially tech/internet), does $KWEB seem like a reasonable first dip?

My dd so far: https://terminalledger.com/share-research.php?token=8626a993-7411-4e1f-bf9b-d34918e60793 ",2025-12-29T18:14:39Z
token,nft,informal,after,"I was looking through my things, and when i got to the dnd stuff that i drew, and saw all of it together, i realized that now i basically have a whole **alternative kit** of materials to play Dnd with uhuh.

  
At this point i think i managed to replace almost everything with something custom made. I just keep looking up certain spells and feats because my handwriting *still sucks*, no matter how i might *compensate* for it, but other than that i just use what you see here in my games now.   
Only thing left to try and customize are the dice, like an alternative way to roll, but for now that i think is outside my expertise; *unless* an idea strikes me. 

  
I just wanted to show my whole collection together, given i'm very proud of what i made. here shown in the photo you can see my two version of my main **character sheets** (the base one and the expanded one), my **remembrance** two page **sheet card**, my **spell cards** and my **tokens**. 

  
Also, if you like what you see here and might be interested in gifting a kit like this in this holyday season, everything shown is ***printable***!  
The link to the files for all my stuff is here:

[**https://tornioduva.itch.io/**](https://tornioduva.itch.io/)

  
Other than that, **happy end year roleplaying to all!**",2025-12-29T18:14:22Z
token,nft,informal,after,"1. Essentials Fear of God Long Sleeve Polo (Brown)
Nice minimal look and comfortable fabric. The color is easy to wear, but the material feels a bit thin compared to heavier polos. More casual than premium.
Rating: 7.5/10

2. Polo Ralph Lauren Knit Polo (Black, Red Logo)
Clean and classic Polo piece. The logo and sleeve detail add some personality, but the knit is slightly stiff and not the softest on skin.
Rating: 7.5/10

3. Stüssy Long Sleeve Polo Shirt (White) – Favorite ⭐
This one really stands out. The graphic details and branding feel well-balanced without being too loud. Fabric feels comfortable, fit is relaxed but not sloppy. Easy to style and feels more unique than the rest.
Rating: 9/10 (Favorite)

4. Patagonia Full-Zip Fleece Jacket (Beige)
Very practical and warm. Quality is solid and it feels durable, but style-wise it’s pretty basic. More functional than fashionable.
Rating: 8/10

5. Polo Ralph Lauren Bear Zip Hoodie (Grey)
Fun graphic and cozy feel. The bear detail is nice, but the hoodie is a bit bulky and not very slim-fitting.
Rating: 7.5/10

6. Calvin Klein Half-Zip Knit Sweater (Black)
Clean and understated. Good for everyday wear, but the design is very simple and doesn’t really stand out in a lineup.
Rating: 7/10

7. Chrome Hearts Cross Patch Jeans (Black)
Cool design and the cross patch adds character. Fit is okay, but the denim feels a bit stiff and needs breaking in.
Rating: 8/10

8. Enfants Riches Déprimés Short Sleeve Shirt (White / Red Print)
Very bold and artistic piece. Definitely a statement item. The downside is it’s not very versatile and the fabric feels delicate.
Rating: 8/10

 1. ESSENTIALS Logo Rugby / Sweatshirt — Fear of God (ESSENTIALS)：https://weidian.com/item.html?itemID=7648540556&spider_token=245b
2. Knit Polo Sweater (Black) — Polo Ralph Lauren：https://weidian.com/item.html?itemID=7645608399&spider_token=32c7
3. Long-Sleeve Polo Jersey — Stüssy：https://weidian.com/item.html?itemID=7637093826&spider_token=3043
4. Classic Micro D Fleece Jacket — Patagonia：https://weidian.com/item.html?itemID=7648466486&spider_token=2b79
5. Polo Bear Zip-Up Hoodie — Polo Ralph Lauren：https://weidian.com/item.html?itemID=7648591830&spider_token=23b9
6. Half-Zip Knit Sweater — Calvin Klein Jeans：https://weidian.com/item.html?itemID=7648800232&spider_token=e18a
7. Cross Patch Jeans — Chrome Hearts：https://weidian.com/item.html?itemID=7645774767&spider_token=8403
8. Graphic Short-Sleeve Shirt — Enfants Riches Déprimés：https://weidian.com/item.html?itemID=7648489008&spider_token=10d4",2025-12-29T18:13:13Z
token,nft,informal,after,"Python Masterclass: APIs, Databases, AI & PyGame Development

[https://freewebcart.com/course/complete-full-stack-python-mysql-database-automation-ai-applications/](https://freewebcart.com/course/complete-full-stack-python-mysql-database-automation-ai-applications/)



Practical Computer Vision Mastery: 20+ Python & AI Projects

[https://freewebcart.com/course/computer-vision-mastery-real-time-projects-opencv-python-ai-yolo/](https://freewebcart.com/course/computer-vision-mastery-real-time-projects-opencv-python-ai-yolo/)



Master Python Game Development: A Project-Based Journey 2026

[https://freewebcart.com/course/master-python-game-development/](https://freewebcart.com/course/master-python-game-development/)



Python Data Analysis Bootcamp - Pandas, Seaborn and Plotly

[https://freewebcart.com/course/python-data-analysis-bootcamp-pandas-seaborn-and-plotly/](https://freewebcart.com/course/python-data-analysis-bootcamp-pandas-seaborn-and-plotly/)



Complete Python and Machine Learning in Financial Analysis

[https://freewebcart.com/course/python-and-machine-learning-in-financial-analysis/](https://freewebcart.com/course/python-and-machine-learning-in-financial-analysis/)



Mastering C & C++ Programming: From Fundamentals to Advanced

[https://freewebcart.com/course/mastering-c-c-plus-programming-from-fundamentals-to-advanced/](https://freewebcart.com/course/mastering-c-c-plus-programming-from-fundamentals-to-advanced/)



AI for Coding: Master Cursor AI for 20X Faster Fullstack App

[https://freewebcart.com/course/ai-for-coding/](https://freewebcart.com/course/ai-for-coding/)



Learn Machine Learning Course with Python A to Z

[https://freewebcart.com/course/learn-machine-learning-course-with-python-ml/](https://freewebcart.com/course/learn-machine-learning-course-with-python-ml/)



Python, Java and PHP Essentials: Complete Coding Bootcamp

[https://freewebcart.com/course/python-java-and-php-essentials-complete-coding-bootcamp/](https://freewebcart.com/course/python-java-and-php-essentials-complete-coding-bootcamp/)



C, C++ and PHP: Comprehensive Programming Bootcamp

[https://freewebcart.com/course/c-c-and-php-comprehensive-programming-bootcamp/](https://freewebcart.com/course/c-c-and-php-comprehensive-programming-bootcamp/)



Adobe Photoshop CC for Everyone - 12 Practical Projects

[https://freewebcart.com/course/adobe-photoshop-cc-for-everyone/](https://freewebcart.com/course/adobe-photoshop-cc-for-everyone/)



Data Science & AI Masters 2025 - From Python To Gen AI

[https://freewebcart.com/course/data-science-ai-masters-from-python-to-gen-ai/](https://freewebcart.com/course/data-science-ai-masters-from-python-to-gen-ai/)



The Complete Data Engineering Bootcamp with PySpark (2025)

[https://freewebcart.com/course/data-engineering-projects-with-pyspark-2025/](https://freewebcart.com/course/data-engineering-projects-with-pyspark-2025/)



PHP Master Class - The Complete PHP Developer Course

[https://freewebcart.com/course/php-master-class-the-complete-php-developer-course/](https://freewebcart.com/course/php-master-class-the-complete-php-developer-course/)



jQuery - Complete jQuery Course From Beginner To Advanced

[https://freewebcart.com/course/jquery-complete-jquery-course-from-beginner-to-advanced/](https://freewebcart.com/course/jquery-complete-jquery-course-from-beginner-to-advanced/)



PHP CodeIgniter 4: Build Travel Agency Management System

[https://freewebcart.com/course/php-codeigniter-4-build-travel-agency-management-system/](https://freewebcart.com/course/php-codeigniter-4-build-travel-agency-management-system/)



Microsoft Excel 101- Excel From Beginners to Advanced

[https://freewebcart.com/course/microsoft-excel-101-excel-from-beginners-to-advanced/](https://freewebcart.com/course/microsoft-excel-101-excel-from-beginners-to-advanced/)



Excel Data Insights: Power Query Pivot Analysis and Visuals

[https://freewebcart.com/course/excel-data-insights-power-query-pivot-analysis-and-visuals/](https://freewebcart.com/course/excel-data-insights-power-query-pivot-analysis-and-visuals/)



Mastering AI Video Creation with Sora

[https://freewebcart.com/course/mastering-ai-video-creation-with-sora/](https://freewebcart.com/course/mastering-ai-video-creation-with-sora/)



Design with Canva & AI: A Scalable Workflow for Creators

[https://freewebcart.com/course/design-with-canva-ai-a-scalable-workflow-for-creators/](https://freewebcart.com/course/design-with-canva-ai-a-scalable-workflow-for-creators/)



Project Management: Choosing & Implementing the Right Tools

[https://freewebcart.com/course/project-management-choosing-implementing-the-right-tools/](https://freewebcart.com/course/project-management-choosing-implementing-the-right-tools/)



NotebookLM Mastery: Organize, Analyze, and Optimize with AI

[https://freewebcart.com/course/notebooklm-mastery-organize-analyze-and-optimize-with-ai/](https://freewebcart.com/course/notebooklm-mastery-organize-analyze-and-optimize-with-ai/)



From Prompt to Photorealism: Midjourney Image Creation Guide

[https://freewebcart.com/course/from-prompt-to-photorealism-midjourney-image-creation-guide/](https://freewebcart.com/course/from-prompt-to-photorealism-midjourney-image-creation-guide/)



DeepSeek AI for Business: Build a Strategy with AI Insights

[https://freewebcart.com/course/deepseek-ai-for-business-build-a-strategy-with-ai-insights/](https://freewebcart.com/course/deepseek-ai-for-business-build-a-strategy-with-ai-insights/)



Build AI Agents with Flowise AI. Easy and No-Code AI

[https://freewebcart.com/course/ai-agents-flowise/](https://freewebcart.com/course/ai-agents-flowise/)



Using Ai - Learn n8n Build a Website & AI Assistant 2025

[https://freewebcart.com/course/build-a-modern-website-with-ai-no-coding-needed/](https://freewebcart.com/course/build-a-modern-website-with-ai-no-coding-needed/)



Java Mastery: Beginner’s Guide and Full-Stack AI Projects

[https://freewebcart.com/course/code-java-in-5-hours-a-complete-beginners-guide/](https://freewebcart.com/course/code-java-in-5-hours-a-complete-beginners-guide/)



HTML to React Template Convert: Full Complete Guided Project

[https://freewebcart.com/course/html-to-react-template-convert-full-complete-guided-project/](https://freewebcart.com/course/html-to-react-template-convert-full-complete-guided-project/)



Full Stack Web Development With MERN STACK & GenAI 2025

[https://freewebcart.com/course/fullstack-web-development-course-projects-base/](https://freewebcart.com/course/fullstack-web-development-course-projects-base/)



YouTube Startrack For Beginners: Launch Your Channel Today

[https://freewebcart.com/course/youtube-startrack-for-beginners-launch-your-channel-today/](https://freewebcart.com/course/youtube-startrack-for-beginners-launch-your-channel-today/)



Photoshop AI for Creatives: Guide to Generative Tools

[https://freewebcart.com/course/photoshop-ai-for-creatives-guide-to-generative-tools/](https://freewebcart.com/course/photoshop-ai-for-creatives-guide-to-generative-tools/)



On-Page SEO Mastery with AI: Strategies and Workflows

[https://freewebcart.com/course/on-page-seo-mastery-with-ai/](https://freewebcart.com/course/on-page-seo-mastery-with-ai/)



AI-Enhanced Photo Editing: From Beginner to Pro

[https://freewebcart.com/course/ai-enhanced-photo-editing/](https://freewebcart.com/course/ai-enhanced-photo-editing/)



AI Video Production Mastery: Avatars, Voice & Tutorials

[https://freewebcart.com/course/ai-powered-tutorial-creation-make-videos-with-trupeer/](https://freewebcart.com/course/ai-powered-tutorial-creation-make-videos-with-trupeer/)



ChatGPT Masterclass: The Guide to AI & Prompt Engineering

[https://freewebcart.com/course/chatgpt-masterclass-the-guide-to-ai-prompt-engineering-t/](https://freewebcart.com/course/chatgpt-masterclass-the-guide-to-ai-prompt-engineering-t/)



Machine Learning Modelling with RapidMiner

[https://freewebcart.com/course/machine-learning-modelling-with-rapidminer/](https://freewebcart.com/course/machine-learning-modelling-with-rapidminer/)



NodeJS Projects Bootcamp 2025: Learn by Doing

[https://freewebcart.com/course/nodejs-projects-bootcamp-learn-by-doing/](https://freewebcart.com/course/nodejs-projects-bootcamp-learn-by-doing/)



CSS - The Complete Guide to CSS for Beginners

[https://freewebcart.com/course/css-the-complete-guide-to-css-zero-to-hero/](https://freewebcart.com/course/css-the-complete-guide-to-css-zero-to-hero/)



HTML - The Complete Guide to HTML for Beginners

[https://freewebcart.com/course/html-the-complete-guide-to-html-zero-to-hero/](https://freewebcart.com/course/html-the-complete-guide-to-html-zero-to-hero/)



Python And Flask Demonstrations Practice Course

[https://freewebcart.com/course/python-and-flask-only-demonstration-course/](https://freewebcart.com/course/python-and-flask-only-demonstration-course/)



Microsoft Copilot for Work: Learn to Work Faster & Smarter

[https://freewebcart.com/course/microsoft-copilot-for-work-learn-to-work-faster-smarter/](https://freewebcart.com/course/microsoft-copilot-for-work-learn-to-work-faster-smarter/)



Python Course All Levels

[https://freewebcart.com/course/python-course-all-levels/](https://freewebcart.com/course/python-course-all-levels/)



The Ultimate Gamma Guide: Master AI Presentation Creation

[https://freewebcart.com/course/the-ultimate-gamma-guide-master-ai-presentation-creation/](https://freewebcart.com/course/the-ultimate-gamma-guide-master-ai-presentation-creation/)



Google Gemini for Project Management

[https://freewebcart.com/course/google-gemini-for-project-management/](https://freewebcart.com/course/google-gemini-for-project-management/)



Investing & Options: From Basics to Mastery

[https://freewebcart.com/course/investing-options-from-basics-to-mastery/](https://freewebcart.com/course/investing-options-from-basics-to-mastery/)



AI-Powered SEO Audit: Diagnose, Optimize and Rank Fast

[https://freewebcart.com/course/ai-powered-seo-audit/](https://freewebcart.com/course/ai-powered-seo-audit/)



Deep Dive into OpenAI Models: Master o3, o4-mini & Beyond

[https://freewebcart.com/course/deep-dive-into-openai-models-master-o3-o4-mini-beyond/](https://freewebcart.com/course/deep-dive-into-openai-models-master-o3-o4-mini-beyond/)



AI Voice Creation for Every Industry with ElevenLabs

[https://freewebcart.com/course/ai-voice-creation-for-every-industry-with-elevenlabs/](https://freewebcart.com/course/ai-voice-creation-for-every-industry-with-elevenlabs/)



From Prompt Engineering to Agent Engineering

[https://freewebcart.com/course/from-prompt-engineering-to-agent-engineering/](https://freewebcart.com/course/from-prompt-engineering-to-agent-engineering/)



Claude Pro Mastery: AI for Business, Marketing & Automation

[https://freewebcart.com/course/claude-pro-mastery-ai-for-business-marketing-automation/](https://freewebcart.com/course/claude-pro-mastery-ai-for-business-marketing-automation/)



No & Low Code AI Marketing Automation

[https://freewebcart.com/course/no-low-code-marketing-automation/](https://freewebcart.com/course/no-low-code-marketing-automation/)



Active Directory: Sites and Replication with a Lab

[https://freewebcart.com/course/active-directory-sites-and-replication/](https://freewebcart.com/course/active-directory-sites-and-replication/)



Microsoft Azure Administrator Complete Course: AZ-104 (2025)

[https://freewebcart.com/course/azure-for-beginners-portal-virtual-machine-and-compute/](https://freewebcart.com/course/azure-for-beginners-portal-virtual-machine-and-compute/)



Machine Learning and Data Science Made Simple

[https://freewebcart.com/course/machine-learning-solving-regression-using-gradient-descent/](https://freewebcart.com/course/machine-learning-solving-regression-using-gradient-descent/)



JavaScript And PHP Programming Complete Course

[https://freewebcart.com/course/javascript-and-php-programming-complete-course/](https://freewebcart.com/course/javascript-and-php-programming-complete-course/)



11 Ads Platforms in 1 Course 2025: Learn Paid Advertising!

[https://freewebcart.com/course/full-paid-ads-course-google-facebook-microsoft-linkedin/](https://freewebcart.com/course/full-paid-ads-course-google-facebook-microsoft-linkedin/)



Full Digital Marketing Course 2025: SEO, Paid Ads, SMM, GTM!

[https://freewebcart.com/course/full-digital-marketing-course-seo-paid-ad-ga4-gtm-email/](https://freewebcart.com/course/full-digital-marketing-course-seo-paid-ad-ga4-gtm-email/)



Full AI Course 2025: ChatGPT, Gemini, Midjourney, Firefly

[https://freewebcart.com/course/full-ai-course-chatgpt-google-gemini-midjourney-firefly/](https://freewebcart.com/course/full-ai-course-chatgpt-google-gemini-midjourney-firefly/)



Generative AI Complete Bootcamp - NLP, Transformers & Gen AI

[https://freewebcart.com/course/generative-ai-mastery-langchain/](https://freewebcart.com/course/generative-ai-mastery-langchain/)



Full Digital Marketing Course 2025: PPC, SEO, SMM, GTM, GA4

[https://freewebcart.com/course/full-digital-marketing-course-2025-ppc-seo-smm-gtm-ga4/](https://freewebcart.com/course/full-digital-marketing-course-2025-ppc-seo-smm-gtm-ga4/)



Google Ads MasterClass 2025: All Features & Campaign Setups

[https://freewebcart.com/course/google-ads-masterclass-2025-all-features-campaign-setups/](https://freewebcart.com/course/google-ads-masterclass-2025-all-features-campaign-setups/)



Mastering Generative AI: LLM Apps, LangChain, RAG & Chatbots

[https://freewebcart.com/course/mastering-generative-ai/](https://freewebcart.com/course/mastering-generative-ai/)



100 AI Agents in 100 Days 2026

[https://freewebcart.com/course/100-ai-agents/](https://freewebcart.com/course/100-ai-agents/)



Google Cloud GenAI Leader Certification: Complete Training

[https://freewebcart.com/course/google-cloud-genai-leader-certification-complete-training/](https://freewebcart.com/course/google-cloud-genai-leader-certification-complete-training/)



Python for Data Science with Assignments

[https://freewebcart.com/course/python-for-beginners-learn-fundamentals-and-build-projects/](https://freewebcart.com/course/python-for-beginners-learn-fundamentals-and-build-projects/)



Mastering TOEFL iBT: The Ultimate Preparation Course

[https://freewebcart.com/course/mastering-toefl-ibt-the-ultimate-preparation-course/](https://freewebcart.com/course/mastering-toefl-ibt-the-ultimate-preparation-course/)



Professional Certificate in Marketing and Advertising

[https://freewebcart.com/course/professional-certificate-in-marketing-and-advertising/](https://freewebcart.com/course/professional-certificate-in-marketing-and-advertising/)



Online Course Creation: Teach an Online Course

[https://freewebcart.com/course/how-to-teach-an-online-course2/](https://freewebcart.com/course/how-to-teach-an-online-course2/)



Public Relations: Media Crisis Communications

[https://freewebcart.com/course/crisis-communications-how-to-survive-a-crisis-in-the-media/](https://freewebcart.com/course/crisis-communications-how-to-survive-a-crisis-in-the-media/)



Sales Skills Training: Explode Your Sales with Online Video

[https://freewebcart.com/course/selling-with-online-video/](https://freewebcart.com/course/selling-with-online-video/)



Professional Certificate in Coaching

[https://freewebcart.com/course/professional-certificate-in-coaching/](https://freewebcart.com/course/professional-certificate-in-coaching/)



Executive Certificate in Business Leadership

[https://freewebcart.com/course/executive-certificate-in-business-leadership/](https://freewebcart.com/course/executive-certificate-in-business-leadership/)



CSS Complete Course For Beginners

[https://freewebcart.com/course/css-complete-course-for-beginners/](https://freewebcart.com/course/css-complete-course-for-beginners/)



PMP Exam Questions : 5 Full-Length Practice Tests

[https://freewebcart.com/course/pmp-real-exam-questions-full-length-practice-tests/](https://freewebcart.com/course/pmp-real-exam-questions-full-length-practice-tests/)



Practical NIST Risk Management Framework(RMF) Implementation

[https://freewebcart.com/course/practical-nist-risk-management-framework-implementation/](https://freewebcart.com/course/practical-nist-risk-management-framework-implementation/)



Coding the Brain: AI & Machine Learning for BCIs

[https://freewebcart.com/course/6929045/](https://freewebcart.com/course/6929045/)



Low-Code & No-Code Mastery

[https://freewebcart.com/course/low-code-no-code-mastery/](https://freewebcart.com/course/low-code-no-code-mastery/)



Interior Design 101: Interior Design Basics & Essentials

[https://freewebcart.com/course/interior-design-course-basics/](https://freewebcart.com/course/interior-design-course-basics/)



Plumbing 101: Plumbing Design Basics ( DUAL Certification )

[https://freewebcart.com/course/plumbing-design-engineering/](https://freewebcart.com/course/plumbing-design-engineering/)



AI Ethics For Professionals: AI Ethics & Responsible AI

[https://freewebcart.com/course/ai-ethics-for-professionals-ai-ethics-ethical-ai/](https://freewebcart.com/course/ai-ethics-for-professionals-ai-ethics-ethical-ai/)



Program Management Step by Step

[https://freewebcart.com/course/program-management-step-by-step/](https://freewebcart.com/course/program-management-step-by-step/)



Complete Prompt Engineering Practical Course C|PEPC

[https://freewebcart.com/course/complete-prompt-engineering-practical-course-cpepc/](https://freewebcart.com/course/complete-prompt-engineering-practical-course-cpepc/)



Navigating the Crypto Universe

[https://freewebcart.com/course/navigating-the-crypto-universe-and-blockchain/](https://freewebcart.com/course/navigating-the-crypto-universe-and-blockchain/)



The Beginner’s Free Website Masterclass (Urdu/Hindi)

[https://freewebcart.com/course/the-beginners-free-website-masterclass-urdu-hindi/](https://freewebcart.com/course/the-beginners-free-website-masterclass-urdu-hindi/)



Master WordPress by Building 7 Sites + AI Techniques (Hindi)

[https://freewebcart.com/course/master-wordpress-by-building-sites-in-hindi/](https://freewebcart.com/course/master-wordpress-by-building-sites-in-hindi/)



Body Language: Appear Confident and Poised When You Speak

[https://freewebcart.com/course/body-language-for-speakers/](https://freewebcart.com/course/body-language-for-speakers/)



Unlock the Power of Your Name: Name Numerology Master Class

[https://freewebcart.com/course/name-numerology-course/](https://freewebcart.com/course/name-numerology-course/)



Basic Numerology Success Program

[https://freewebcart.com/course/basic-numerology-success-program/](https://freewebcart.com/course/basic-numerology-success-program/)



Public Speaking and Presentation Skills Masterclass

[https://freewebcart.com/course/public-speaking-and-presentation-skills-course/](https://freewebcart.com/course/public-speaking-and-presentation-skills-course/)



Chief Executive Officer (CEO) Program

[https://freewebcart.com/course/ceo-chief-executive-officer-program/](https://freewebcart.com/course/ceo-chief-executive-officer-program/)



GH-300: Github Copilot - Practice Certification Exam

[https://freewebcart.com/course/gh-300-github-copilot-practice-certification-exam/](https://freewebcart.com/course/gh-300-github-copilot-practice-certification-exam/)



Self Discipline will Change Your life for GOOD

[https://freewebcart.com/course/self-discipline-will-change-your-life-for-good/](https://freewebcart.com/course/self-discipline-will-change-your-life-for-good/)



Strategic Partnerships and Collaborations

[https://freewebcart.com/course/strategic-partnerships-and-collaborations/](https://freewebcart.com/course/strategic-partnerships-and-collaborations/)



Your WORDS, Powerful Tools

[https://freewebcart.com/course/your-words-powerful-tools/](https://freewebcart.com/course/your-words-powerful-tools/)



Gratitude

[https://freewebcart.com/course/gratitude-w/](https://freewebcart.com/course/gratitude-w/)



Investing in Africa - Key factors for Investors to consider

[https://freewebcart.com/course/investing-in-africa-key-factors-for-investors-to-consider/](https://freewebcart.com/course/investing-in-africa-key-factors-for-investors-to-consider/)



Vigilant Leadership

[https://freewebcart.com/course/vigilant-leadership/](https://freewebcart.com/course/vigilant-leadership/)



Leadership Through Tough Times

[https://freewebcart.com/course/leadership-through-tough-times/](https://freewebcart.com/course/leadership-through-tough-times/)



Purpose Driven Leadership

[https://freewebcart.com/course/purpose-driven-leadership-t/](https://freewebcart.com/course/purpose-driven-leadership-t/)



How to Transform Your Life - practical ways

[https://freewebcart.com/course/how-to-transform-your-life-practical-ways/](https://freewebcart.com/course/how-to-transform-your-life-practical-ways/)



Personal Growth - Affirmations and Taking Action

[https://freewebcart.com/course/personal-growth-affirmations-and-taking-action/](https://freewebcart.com/course/personal-growth-affirmations-and-taking-action/)



Fundamentals of Successful Leadership - Leading with Impact

[https://freewebcart.com/course/fundamentals-of-successful-leadership-leading-with-impact/](https://freewebcart.com/course/fundamentals-of-successful-leadership-leading-with-impact/)



Leadership - Leading a Community

[https://freewebcart.com/course/leadership-leading-a-community/](https://freewebcart.com/course/leadership-leading-a-community/)



Fundamentals of Financial Services

[https://freewebcart.com/course/fundamentals-of-financial-services/](https://freewebcart.com/course/fundamentals-of-financial-services/)



Introduction to Docker : Containerization & Microservices

[https://freewebcart.com/course/introduction-to-docker-containerization-microservices-t/](https://freewebcart.com/course/introduction-to-docker-containerization-microservices-t/)



Artificial Intelligence Risks in Cybersecurity

[https://freewebcart.com/course/artificial-intelligence-risks-in-cybersecurity/](https://freewebcart.com/course/artificial-intelligence-risks-in-cybersecurity/)



Professional Certificate of Executive Business Assistant

[https://freewebcart.com/course/professional-certificate-of-executive-business-assistant/](https://freewebcart.com/course/professional-certificate-of-executive-business-assistant/)



Professional Diploma in Administration Management

[https://freewebcart.com/course/professional-diploma-in-administration-management/](https://freewebcart.com/course/professional-diploma-in-administration-management/)



Research Methodologies in Strategy and Product Development

[https://freewebcart.com/course/research-methodologies-in-strategy-and-product-development/](https://freewebcart.com/course/research-methodologies-in-strategy-and-product-development/)



Executive Diploma in Human Resources Strategy

[https://freewebcart.com/course/executive-diploma-in-human-resources-strategy/](https://freewebcart.com/course/executive-diploma-in-human-resources-strategy/)



The Complete System of Prompt Engineering

[https://freewebcart.com/course/the-complete-system-of-prompt-engineering/](https://freewebcart.com/course/the-complete-system-of-prompt-engineering/)



Google AI Leader Exam Prep: Full Mock Exams & Topic Quizzes

[https://freewebcart.com/course/google-ai-leader-exam-prep-full-mock-exams-topic-quizzes/](https://freewebcart.com/course/google-ai-leader-exam-prep-full-mock-exams-topic-quizzes/)



CEO Playbook: Generative AI

[https://freewebcart.com/course/ceo-playbook-generative-ai-/](https://freewebcart.com/course/ceo-playbook-generative-ai-/)



Professional Certificate: Digital Business & Unit Economics

[https://freewebcart.com/course/professional-certificate-digital-business-unit-economics/](https://freewebcart.com/course/professional-certificate-digital-business-unit-economics/)



CTO: Chief Technology Officer \[EN\]

[https://freewebcart.com/course/cto-chief-technology-officer-en/](https://freewebcart.com/course/cto-chief-technology-officer-en/)



Listening Skills

[https://freewebcart.com/course/master-listening-to-transform-your-relationships/](https://freewebcart.com/course/master-listening-to-transform-your-relationships/)



Professional Diploma: Customer Centricity & Design Thinking

[https://freewebcart.com/course/professional-diploma-customer-centricity-and-design-thinking/](https://freewebcart.com/course/professional-diploma-customer-centricity-and-design-thinking/)



CISCO CCNP SVPN 300-730 ─ Exam Test: 1500 Questions

[https://freewebcart.com/course/cisco-ccnp-svpn-300-730-exam-test-1500-questions/](https://freewebcart.com/course/cisco-ccnp-svpn-300-730-exam-test-1500-questions/)



Professional Certificate of Secretary

[https://freewebcart.com/course/professional-certificate-of-secretary/](https://freewebcart.com/course/professional-certificate-of-secretary/)



Mergers & Acquisitions Professional Certificate

[https://freewebcart.com/course/mergers-acquisitions-professional-certificate/](https://freewebcart.com/course/mergers-acquisitions-professional-certificate/)



Certified Professional Data Science through Practice Test

[https://freewebcart.com/course/become-certified-professional-data-science-practice-test/](https://freewebcart.com/course/become-certified-professional-data-science-practice-test/)



Professional Data Analysis Practice Test

[https://freewebcart.com/course/data-analysis-practice-test/](https://freewebcart.com/course/data-analysis-practice-test/)



Professional Pytest & Playwright: Practice Test Mastery

[https://freewebcart.com/course/pytest-power-practice-test-mastery/](https://freewebcart.com/course/pytest-power-practice-test-mastery/)



Machine Learning - Practice Test

[https://freewebcart.com/course/machine-learning-practice-test-i/](https://freewebcart.com/course/machine-learning-practice-test-i/)



Cloud Computing Practice Test: Master Technologies & Archite

[https://freewebcart.com/course/cloud-computing-practice-test-master-technologies-archite/](https://freewebcart.com/course/cloud-computing-practice-test-master-technologies-archite/)



Oracle Database Practice Test: Master Architecture & Adminis

[https://freewebcart.com/course/oracle-database-practice-test-master-architecture/](https://freewebcart.com/course/oracle-database-practice-test-master-architecture/)



Computer Architecture & Algorithms Practice Test

[https://freewebcart.com/course/computer-architecture-algorithms-practice-test/](https://freewebcart.com/course/computer-architecture-algorithms-practice-test/)



Certified Professional in C++ Programming - Practice Test

[https://freewebcart.com/course/certified-professional-in-c-programming-practice-test-a/](https://freewebcart.com/course/certified-professional-in-c-programming-practice-test-a/)



Certified Professional in Data Science - Practice Test

[https://freewebcart.com/course/certified-professional-in-data-science-practice-test-z/](https://freewebcart.com/course/certified-professional-in-data-science-practice-test-z/)



Professional in Advanced PHP Language - Practice Test

[https://freewebcart.com/course/professional-in-advance-php-language-practice-test-i/](https://freewebcart.com/course/professional-in-advance-php-language-practice-test-i/)



Certified Professional in PHP Language - Practice Test

[https://freewebcart.com/course/certified-professional-in-php-language-practice-test-v/](https://freewebcart.com/course/certified-professional-in-php-language-practice-test-v/)



Certified Professional in C# Programming - Practice Test

[https://freewebcart.com/course/certified-professional-in-c-programming-practice-test-d/](https://freewebcart.com/course/certified-professional-in-c-programming-practice-test-d/)



Become A Certified JavaScript Developer- Practice Tests

[https://freewebcart.com/course/become-a-certified-javascript-developer-practice-tests/](https://freewebcart.com/course/become-a-certified-javascript-developer-practice-tests/)



Certified Professional in Python Programming: Practice Test

[https://freewebcart.com/course/certified-professional-in-python-programming-practice-test/](https://freewebcart.com/course/certified-professional-in-python-programming-practice-test/)



Become A Certified Node JS Developer: Practice Tests

[https://freewebcart.com/course/become-a-certified-node-js-developer-practice-tests-s/](https://freewebcart.com/course/become-a-certified-node-js-developer-practice-tests-s/)



Become A Certified React Developer: Practice Tests

[https://freewebcart.com/course/become-a-certified-react-developer-practice-tests/](https://freewebcart.com/course/become-a-certified-react-developer-practice-tests/)



Excel Power Query: Tiefgehende Datenanalyse und Manipulation

[https://freewebcart.com/course/excel-power-query-transformation-von-daten/](https://freewebcart.com/course/excel-power-query-transformation-von-daten/)



Real Estate Tokenization

[https://freewebcart.com/course/real-estate-tokenization/](https://freewebcart.com/course/real-estate-tokenization/)



Werde ein kompetenter Vertrauensmentor \[DE\]

[https://freewebcart.com/course/werde-ein-kompetenter-vertrauensmentor-de/](https://freewebcart.com/course/werde-ein-kompetenter-vertrauensmentor-de/)



OSINT: Pronađi sve, pretražuj i istražuj online \[HR\[

[https://freewebcart.com/course/osint-pronai-sve-pretrazuj-i-istrazuj-online-hr/](https://freewebcart.com/course/osint-pronai-sve-pretrazuj-i-istrazuj-online-hr/)



OSINT : Trouvez tout, recherchez et enquêtez en ligne \[FR\]

[https://freewebcart.com/course/osint-trouvez-tout-recherchez-et-enquetez-en-ligne-fr/](https://freewebcart.com/course/osint-trouvez-tout-recherchez-et-enquetez-en-ligne-fr/)



人事予算策定の極意：人事コストの計画・予測・正当化 \[JP\]

[https://freewebcart.com/course/osint-jp/](https://freewebcart.com/course/osint-jp/)



OSINT: trova qualsiasi cosa, cerca e indaga online \[IT\]

[https://freewebcart.com/course/osint-trova-qualsiasi-cosa-cerca-e-indaga-online-it/](https://freewebcart.com/course/osint-trova-qualsiasi-cosa-cerca-e-indaga-online-it/)



أساسيات الذكاء الاصطناعي: مقدمة عن تقنيات الذكاء الاصطناعي

[https://freewebcart.com/course/ai-artificial-intelligence-and-machine-learning-in-arabic/](https://freewebcart.com/course/ai-artificial-intelligence-and-machine-learning-in-arabic/)



Perplexity & No-Code : Créez une app Full Stack 100% (2025)

[https://freewebcart.com/course/perplexity-no-code-creez-une-app-full-stack/](https://freewebcart.com/course/perplexity-no-code-creez-une-app-full-stack/)",2025-12-29T18:10:50Z
token,nft,informal,after,"Hi,

In the Yellowstone visitor centers, I bought these two coins. However, no one could tell me whether they were part of a larger collection (like the [Walkabout Collection](https://www.walkaboutcollection.com/collections/coins)) or if they were the only two available. (I explicitly asked several sales assistants in the shop sections of the visitor centers.)

https://preview.redd.it/v3ih1ha2o6ag1.jpg?width=1848&format=pjpg&auto=webp&s=6d370bf396b316ba852d1ff64a79009e4e01149a

https://preview.redd.it/hz6uugc3o6ag1.jpg?width=1848&format=pjpg&auto=webp&s=4dd5031256677f271824acf4e1647ccddc609d18

Here are their UPCs for searchability: 802285205084 and 802285231892. 

Apparently, the two coins are made by [ImpactPhotographics](https://impactphotographics.com/#getintouch) (67959-SCNI and 67940-SCNI), but that doesn't help me much, because they have no shop of their own.

Do you know if other coins of the same series were made for other national parks? I could only find smaller (and less nice) coins such as [these tokens](https://www.craterlakeoregon.org/product.asp?specific=2658). 

Thanks!",2025-12-29T18:09:03Z
token,nft,informal,after,"Hi, I am 52 (and yes I recognize some will immediately be like ""ooh old"" or whatever...the reality is I look in my 30s, am healthy, and fun), live in the Pacific Northwest (been here a year), have lived all over, and am generally into camping, hiking, board games, dogs, sports (notably football), karaoke, trivia, adventure in general. I don't mind if you like other things as I like to learn and try new things as well. By the same token, I don't expect you to like all of my interests. It's give and take and see what happens. 

That being said, I like making new friends and getting to know them without the ""rush"" of sending pics, demanding interrogating questions, etc. Think ""slow burn""--get to know each other by talking and just taking it one day at a time. No agenda but keeping in touch.

I know the initial contact/messaging can feel intoxicating to people, but the real test is whether you can keep the conversation going or not. If friendship and/or some type of connection is what you seek, do better to keep it going (or be clear in communication about what you are looking to do). That's it. Pretty simple but so many can't seem to do it.

Not a fan of people who ghost--if not interested, just say so. No harm or foul. Just be honest and open. That's it. 

Happy to start here and move to snap or something else (not big on other social media but can possibly try if we evolve). Hit me up or reach out. DMs are open or tell me more about you below. No one under 18 please and try to share more about you when reaching out so I don't have to immediately try to pull basic information out of you. ",2025-12-29T18:09:00Z
token,nft,informal,after,"Follow and comment your guess tu enter the draw.  
Winner announced on Jan 1st. 

https://preview.redd.it/wc9abupyn6ag1.jpg?width=2251&format=pjpg&auto=webp&s=72dc48588cf4c83df511ff8c54cd9136292874b7

https://preview.redd.it/jz57xupyn6ag1.jpg?width=2251&format=pjpg&auto=webp&s=3d7f9650968fd5cb5bc31457fef9948455a391cd

",2025-12-29T18:06:56Z
token,nft,informal,after,I started collecting Chuck E. Cheese tokens after finding the subreddit r/cectokenscollector and then went on to make the website \[cectoken.com\](https://cectoken.com) to let everyone track their collections.,2025-12-29T18:06:48Z
token,nft,informal,after,"Please dm me if you got that ,I have 33k but I could come up with a bit more",2025-12-29T18:06:36Z
token,nft,informal,after,Tried to research what I wanted and it sounded like a landfall/artifact deck but I also wanted more than just 1 earthbending card for consistency as well. If there's any cards I should add into the mix as well I haven't thought of I'll gladly look into it.,2025-12-29T18:05:51Z
token,nft,informal,after,"Uniswap has executed a massive burn of 100 million UNI tokens, valued at approximately $596 million, following overwhelming community approval of its ""UNIfication"" governance proposal. This significant event permanently removes a substantial portion of the token supply from circulation, impacting the protocol's tokenomics and potentially boosting UNI's value.

[Read more](https://blockzhub.io/news/6951cbeb36fe993c52dafc05?utm_source=reddit&utm_medium=social&utm_campaign=news_share)",2025-12-29T18:04:22Z
token,nft,informal,after,Im looking for revive tokens (0/250) so i can finally get a somnia🥀,2025-12-29T18:04:04Z
token,nft,informal,after,"Last month Dena promised that a card that exists across multiple packs (like Old Amber or any of the Dx non foil cards) would eventually be added to all applicable Dexs ""after summer 2026"" (ie Jun 26 approx)
My hypothesis here is that now that the Dx pack is itself getting re-released for half a month on 15th Jan, would these changes also come in with the same release? 

The last time Dena made such a promise was with the removal of Trade Tokens, where the announcement said ""Autumn 2025"" (ie Oct 25 approx), but it was enforced in July itself, ie 3 months before the promised date. 
Could they be delivering on this promise early as well? 
",2025-12-29T18:03:56Z
token,nft,informal,after,Should I use him over bale and rank him up or exchange him for shards or ET tokens? ,2025-12-29T18:03:54Z
token,nft,informal,after,"Aight, so my 8kg winter haul finally touched down — and my 6'1"" athletic build is feasting. I usually go XL in hoodies and 34 in pants, and every piece hit perfectly. No weird fits, no disappointments — just straight quality all around.

Trapstar Casual Suit
This two-piece set goes wild. Clean switch-up from the usual hoodie rotation — comfy, sleek, and definitely a statement look.
LINK:https://weidian.com/item.html?itemID=7645747093&spider\_token=4456

Dept Hoodie
Minimalist and easy to wear. Good fabric for daily use and solid quality for the price.
LINK:https://weidian.com/item.html?itemID=7645725551&spider\_token=be1a

Stussy Hoodie
Classic heavyweight cotton and that signature Stussy cut. Fits right, feels premium, no misses here.
LINK:https://weidian.com/item.html?itemID=7638789621&spider\_token=7da4

Amiri Jacket
The craftsmanship is crazy — stitching, structure, and fit all on point. Gives that luxury streetwear energy.
LINK:https://weidian.com/item.html?itemID=7648725230&spider\_token=fd1e

CB Sweater
Soft, cozy knit with a subtle design that still catches attention. Ideal for layering when temps drop.
LINK:https://weidian.com/item.html?itemID=7644755318&spider\_token=1966

Broken Planet Hoodie
Prints go hard as always. Fit leans relaxed but not baggy — the balance is just right.
LINK:https://weidian.com/item.html?itemID=7645638045&spider\_token=f03a

The North Face Down Jacket
Genuinely warm and built to handle cold weather. Feels sturdy and keeps its shape.
LINK:https://weidian.com/item.html?itemID=7612544238&spider\_token=6ed3

Corteiz Jacket
Warm without feeling bulky. Perfect winter layer when you still wanna keep the silhouette clean.
LINK:https://weidian.com/item.html?itemID=7648719380&spider\_token=e11b

Saint Hoodie
That distressed graphic hits different. True-to-size fit and the material feels quality.
LINK:https://weidian.com/item.html?itemID=7643460062&spider\_token=4334

Needles Track Hoodie
Distinct from your standard hoodie lineup. Well-made and comfortable — unique without trying too hard.
LINK:https://weidian.com/item.html?itemID=7648833664&spider\_token=bdda

Balenciaga Hoodie
Oversized and heavy — exactly how it should be. The quality easily backs up the price tag.
LINK:https://weidian.com/item.html?itemID=7570782248&spider\_token=eeeb

Broken Planet Pants
Pairs perfectly with the hoodie. Elastic waistband fits comfortably, and the taper gives a clean fall.
LINK:https://weidian.com/item.html?itemID=7645719605&spider\_token=a7b5

Goya Backpack
Functional and stylish — roomy enough for everyday use, and it looks better in person than online.
LINK:https://weidian.com/item.html?itemID=7645831815&spider\_token=f236

Nike Hood
A simple essential. Works great under jackets without adding bulk, nice mid-layer piece.
LINK:https://weidian.com/item.html?itemID=7648734964&spider\_token=3d20

Chrome Hearts Baseball Cap
Detailed to perfection. Structured fit, clean embroidery, and a solid pickup for brand fans.
LINK:https://weidian.com/item.html?itemID=7648819794&spider\_token=e105


Wrap-Up
This haul’s a W all around — everything fits right, quality’s consistent, and the variety keeps it interesting. The Amiri jacket, Broken Planet set, and North Face down easily take the top spots for winter rotation.",2025-12-29T18:03:37Z
token,nft,informal,after,"
BNB is sitting right at the top of its range near $860 and buyers are clearly stepping in. If this level breaks and holds on a retest, a push toward $1,000+ becomes realistic.
At the same time, failure here would likely mean more sideways action. This feels like one of those “wait for confirmation” moments.
What’s your take, breakout or rejection?",2025-12-29T18:03:23Z
token,nft,informal,after,"Hey all — quick update from the WhosLive team. We just pushed a **big visual refresh** to the site: cleaner cards, clearer layout, and smoother browsing overall. You’ll also start seeing **more relevant streams** based on your **location/language**, so the homepage reflects what’s actually live around you (and in your preferred language).

**What’s new:**

* Polished UI with better readability and thumbnail focus
* Smarter home feed tuned to region + language
* Faster navigation and small performance wins

Kick the tires at [**whoslive.io**](http://whoslive.io) and let us know what you think. Feedback welcome—drop notes or screenshots below and we’ll iterate fast. 🦉",2025-12-29T18:02:02Z
token,nft,informal,after,"Best App Deposit Matches Bonuses and Promos

Daily Fantasy Sports Promos

* 👉 **[PrizePicks](https://cwsports.link/prizepicks)** – [**Use ALARMUP to Get $50 Instantly with $5 Lineup**](https://cwsports.link/prizepicks) [Place a $5 Lineup Get $50 Instantly](https://cwsports.link/prizepicks)  
&nbsp;
* 👉 **[Betr Picks](https://cwsports.link/betr)** – [**Use Code CLOCKWORK**](https://cwsports.link/betr) [FREE $10 after registration + 100% Deposit match up to $200](https://cwsports.link/betr)  
&nbsp;
* 👉 **[Underdog](https://cwsports.link/underdog)** – [**Use Promo Code CLOCKWORK**](https://cwsports.link/underdog) [Play $5 Get $100 in Bonus Funds](https://cwsports.link/underdog)  
&nbsp;
* 👉 **[Chalkboard](https://cwsports.link/chalkboard)** – [**Use Promo Code CLOCKWORK**](https://cwsports.link/chalkboard) [Get $20 Free Bonus on Sign Up - No Deposit Required](https://cwsports.link/chalkboard)  
&nbsp;
* 👉 **[Sleeper](https://cwsports.link/sleeper)** – [**Use Promo Code CLOCKWORK**](https://cwsports.link/sleeper) [Up to $100 Deposit Match](https://cwsports.link/sleeper) 
&nbsp;
* 👉 **[Epick Fantasy](https://cwsports.link/epick)** – [**Use Promo Code CLOCKWORK**](https://cwsports.link/epick) [5% first time deposit match up to $1000](https://cwsports.link/epick)   
&nbsp;
* 👉 **[ParlayPlay](https://cwsports.link/parlayplay)** – [**Use Promo Code CLOCKWORK**](https://cwsports.link/parlayplay) [$5 Free No Deposit Required](https://cwsports.link/parlayplay)  
&nbsp;
* 👉 **[Dabble](https://cwsports.link/dabble)** – [**Use Promo Code CLOCKWORK**](https://cwsports.link/dabble) [$25 FREE on Sign Up No Deposit Required](https://cwsports.link/dabble)  
&nbsp;
* 👉 **[Boom Fantasy](https://cwsports.link/boom)** – [**Use Promo Code CLOCKWORK**](https://cwsports.link/boom) [$100 Risk Free Token](https://cwsports.link/boom)  
&nbsp;
* 👉 **[NoVig](https://cwsports.link/novig)** – [**Use Promo Code CLOCKWORK**](https://cwsports.link/novig) [100% first time purchase match up to $25](https://cwsports.link/novig)  
&nbsp;
* 👉 **[WannaParlay](https://cwsports.link/wannaparlay)** – [**Use Promo Code CLOCKWORK**](https://cwsports.link/wannaparlay) [First time deposit match up to $250](https://cwsports.link/wannaparlay) 
&nbsp;
* 👉 **[DraftKings Pick6](https://cwsports.link/dkpick6)** – [**Use Promo Code CLOCKWORK**](https://cwsports.link/dkpick6) [$50 in bonus bets after your first $5 entry match](https://cwsports.link/dkpick6) 
&nbsp;
* 👉 **[FastDraft](https://cwsports.link/fastdraft)** – [**Use Promo Code TAPIN**](https://cwsports.link/fastdraft) [Get a Deposit Match up to $50!](https://cwsports.link/fastdraft) 
&nbsp;
* 👉 **[Fliff](https://cwsports.link/fliff)** – [**Use Promo Code SIGNMEUP**](https://cwsports.link/fliff) [Spend $100, Get $200 in Fliff Coins!](https://cwsports.link/fliff) 
&nbsp;
* 👉 **[Stake](https://cwsports.link/stake)** – [**Use Promo Code SIGNMEUP**](https://cwsports.link/stake) [250K Gold Coins + $25 Stake Cash!](https://cwsports.link/stake) 
&nbsp;
* 👉 **[PlaySqor](https://cwsports.link/sqor)** – [**Use Promo Code SIGNMEUP**](https://cwsports.link/sqor) [Get $500 of losses covered in the first 30 days!](https://cwsports.link/sqor)
&nbsp;
* 👉 **[ProphetX](https://cwsports.link/prophetx)** – [**Use Promo Code CLOCKWORK**](https://cwsports.link/prophetx) [Get 2% back on every play in the first 30 days, up to 300 in Prophet Cash!](https://cwsports.link/prophetx)
&nbsp;
* 👉 **[ReBet](https://cwsports.link/rebet)** – [**Use Promo Code SIGNMEUP**](https://cwsports.link/rebet) [Get a 100% purchase match up to $100!](https://cwsports.link/rebet)

---

Top 6 Sportsbook Promos

* 👉 **[DraftKings](https://cwsports.link/draftkings)** – [**Click for Promo**](https://cwsports.link/draftkings) [Bet $5 Get $300 in Bonus Bets if your Bet Wins](https://cwsports.link/draftkings)  
&nbsp;
* 👉 **[FanDuel](https://cwsports.link/fanduel)** – [**Click for Promo**](https://cwsports.link/fanduel) [Bet $5 Get $150 in Bonus Bets if your Bet Wins](https://cwsports.link/fanduel)  
&nbsp;
* 👉 **[Bet365](https://cwsports.link/bet365)** – [**Click for Promo**](https://cwsports.link/bet365) [Bet $5 Get $200 in Bonus Bets](https://www.cwsports.link/bet365)  
&nbsp;
* 👉 **[BetMGM](https://cwsports.link/betmgm)** – [**Click for Promo**](https://cwsports.link/betmgm) [Up to $1500 in Bonus Bets Paid Back if your First Bet Does Not Win](https://cwsports.link/betmgm)  
&nbsp;
* 👉 **[Caesars](https://cwsports.link/caesars)** – [**Click for Promo**](https://cwsports.link/caesars) [Bet $1 Get up to $500 in Profit Boosts](https://cwsports.link/caesars)  
&nbsp;
* 👉 **[Fanatics](https://cwsports.link/fanatics)** – [**Click for Promo**](https://cwsports.link/fanatics) [Bet $10 Get $100 In FanCash + Up To $100 Back In FanCash Every Football Gameday](https://cwsports.link/fanatics)  
&nbsp;

---

Player Prop and Betting Research Apps

* 👉 **[Prop Professor](https://cwsports.link/proppro)** – [**Use code CLOCKWORK**](https://cwsports.link/proppro) [25% Off First Month](https://cwsports.link/proppro)
&nbsp;
* 👉 **[DGF Betting Props and Fantasy Tool](https://cwsports.link/dgf)** – [**Use code CLOCKWORK**](https://cwsports.link/dgf) [25% Off First Month](https://cwsports.link/dgf)
&nbsp;
* 👉 **[Outlier Betting Props and Fantasy Tool](https://cwsports.link/outlier)** – [**Use code CLOCKWORK**](https://cwsports.link/outlier) [14 Day Free Trial](https://cwsports.link/outlier)

^Gambling ^problem? ^Call ^1-800-GAMBLER ^CO, ^DC, ^IL, ^IN, ^KS, ^KY, ^LA, ^MD, ^MS, ^NC, ^NJ, ^OH, ^PA, ^TN, ^VA, ^WV, ^WY ^Call ^877-8-HOPENY ^or ^text ^HOPENY ^(467369) ^(NY) ^Call ^1-800-327-5050 ^(MA) ^21+ ^to ^wager ^unless ^specified. ^Please ^Gamble ^Responsibly. ^Call ^1-800-NEXT-STEP ^(AZ)^, ^1-800-522-4700 ^(NV)^, ^1-800-BETS-OFF ^(IA)^, ^1-800-270-7117 ^for ^confidential ^help ^(MI)^, ^1-800-981-0023 ^(PR)^.",2025-12-29T18:00:56Z
token,nft,informal,after,"I want to share some analysis I’ve been thinking about. I hold AMD stock and am pulling the trigger on NVIDIA puts. This is for discussion and research purposes only.

# 1. Burry’s Thesis

Michael Burry’s argument is that AI hardware depreciation is being understated. Companies are putting 5 to 6 year useful lives on GPUs that may actually become obsolete in 2 to 3 years ([en.bloomingbit.io](https://en.bloomingbit.io/en/feed/news/100580?utm_source=chatgpt.com)). This could make reported earnings appear stronger than reality. Burry estimates this mismatch could total $176 billion across the industry between 2026 and 2028 ([investing.com](https://www.investing.com/news/stock-market-news/michael-burry-warns-of-176-billion-depreciation-understatement-by-tech-giants-4346876?utm_source=chatgpt.com)).

He compares NVIDIA to Cisco in the dot-com era ([sahmcapital.com](https://www.sahmcapital.com/news/content/todays-market-focus-the-big-short-returns-to-battle-the-ai-king-nvidia-2025-11-25?utm_source=chatgpt.com)) and is using long-dated puts expiring in 2027 ([reddit]()).

The mismatch between accounting and economic reality is real. But Burry may underestimate AMD’s strategic position.

# 2. How NVIDIA Stumbled Into AI

NVIDIA’s AI dominance was not planned from day one. CUDA started as a way to make GPUs useful for general-purpose computing, not AI. Ian Buck, a Stanford CS PhD, experimented with GPUs for non-graphics workloads. His project, Brook, became the foundation for CUDA ([en.wikipedia.org](https://en.wikipedia.org/wiki/CUDA?utm_source=chatgpt.com)).

The AI breakthrough came from independent researchers. Alex Krizhevsky, Ilya Sutskever, and Geoffrey Hinton at the University of Toronto trained AlexNet on NVIDIA GPUs, showing that deep neural networks could outperform CPU solutions by orders of magnitude ([en.wikipedia.org](https://en.wikipedia.org/wiki/AlexNet?utm_source=chatgpt.com)).

Key takeaway: NVIDIA adapted to a discovery made outside the company. That “stumble” created their early dominance, but nothing guarantees the next discovery will not favor AMD.

# 3. AMD’s Hardware Readiness

AMD’s MI300X and upcoming MI400 appear competitive with NVIDIA H200 across memory, throughput, and benchmarks ([tomshardware.com](https://www.tomshardware.com/pc-components/cpus/amd-unveils-instinct-mi300x-gpu-and-mi300a-apu-claims-up-to-16x-lead-over-nvidias-competing-gpus?utm_source=chatgpt.com)). Cost is roughly one quarter of NVIDIA’s price, and cost-per-performance metrics favor AMD ([semianalysis.com](https://semianalysis.com/2025/05/23/amd-vs-nvidia-inference-benchmark-who-wins-performance-cost-per-million-tokens/?utm_source=chatgpt.com)).

The main current constraint is software adoption. ROCm, AMD’s CUDA alternative, is not fully embedded. Historical precedent suggests this is temporary. CUDA itself took years to catch on. If ROCm adoption accelerates, AMD’s hardware could scale rapidly.

# 4. EPYC Playbook Applied to GPUs

AMD has a track record of methodical, generation-over-generation growth in server CPUs:

|Phase|CPU Generation|Result|
|:-|:-|:-|
|1|Naples|Re-entry into data centers|
|2|Rome|Competitive performance and cost gains attention|
|3|Milan|Default choice for workloads|
|4|Genoa/Turin|Dominant market share|

This shows AMD can take share slowly and structurally. The same pattern could apply to MI400 against NVIDIA GPUs.

# 5. The AI Market as a Gradual Rotation

The AI bubble is not bursting. That implies sudden collapse. What I see is a gradual rotation.

* NVIDIA could slowly lose margin and market share as AMD scales
* Enterprises may adopt ROCm at a measured pace
* Refresh cycles could stretch
* Capital may rotate from NVIDIA to AMD over time

There is no expectation of panic selling. Prices may adjust gradually as these trends unfold. Burry’s long-dated puts reflect structural pressure rather than an overnight crash.

# 6. Signals to Watch

* MI400 benchmark comparisons versus H200
* Cloud providers adopting AMD GPUs at scale
* ROCm developer adoption and enterprise integration
* NVIDIA guidance versus actual procurement decisions

Tracking these indicators could highlight when capital rotation accelerates.

# 7. Bottom Line

* NVIDIA benefited from a discovery made outside the company. AMD could be next.
* Burry is right about depreciation and earnings mismatch, but he underestimates AMD’s potential impact.
* The AI shift is gradual and structural.
* If ROCm adoption scales like CUDA did, MI400 could reshape the AI hardware landscape.

This analysis is based on research and historical patterns. History is repeating itself, and I am bullish on AMD beating NVIDIA *just like they did with Intel.*",2025-12-29T18:00:41Z
token,nft,informal,after,"$OFAL - The beta phase is focused on validating the core functionality of the Hearth Labs launchpad, including its smart-contract deployment layer, asset onboarding workflows, and systems designed to support the structured issuance and lifecycle management of tokenized real-world assets.
https://finance.yahoo.com/news/ofa-group-enters-beta-testing-130000022.html",2025-12-29T18:00:34Z
token,nft,informal,after,"Hey r/software! 👋

I'm a backend dev who got tired of spending hours debugging webhook integrations. Traditional tools (ngrok, etc.) are great for tunneling but terrible for observability. I wanted a way to see EXACTLY what was being sent without reconfiguring my local environment every time a tunnel expired.

So I built **Webhook Debugger & Logger**. It's open-source, serverless (built on Apify), and just hit **v2.7.0**.

**Why I built it:** Webhook signature verification is a nightmare. You need the RAW request body, not the stringified JSON your framework might give you. This tool captures the exact bytes as they arrive.

**What's new in v2.7.0 (The ""Enterprise Suite""):**

* **Sub-10ms Logic Overhead**: Using Apify Standby Mode for business-critical reliability ⚡
* **CIDR IP Whitelisting**: Lock down debug endpoints to trusted sources.
* **Bearer Token Auth Security**: Standard security for your debug logs.
* **Sensitive Header Masking**: Automatically scrubs keys/tokens from your history.
* **Launch Week Packs**: Pre-configured settings for heavy Shopify/Stripe traffic.

**Features:**

✅ No localhost tunnelling needed

✅ Real-time SSE streaming

✅ /replay API for testing idempotency

✅ JSON Schema validation

✅ Export logs as JSON/CSV

**Source Code (GitHub):** [https://github.com/ar27111994/webhook-debugger-logger](https://github.com/ar27111994/webhook-debugger-logger)

**Try it out:** [https://apify.com/ar27111994/webhook-debugger-logger](https://apify.com/ar27111994/webhook-debugger-logger)

I'm looking for feedback from fellow developers. How do you usually handle webhook observability in your OSS projects?",2025-12-29T18:00:14Z
token,nft,informal,after,"![](https://www.thestreet.com/.image/t_share/MjIwMjA4MzIwMjMxNzc4MTU3/silver-bar.jpg)

Investors can now buy silver without the need to physically store it.

 **Details:**
- **Published:** 29/12/2025 17:39 (UTC)
- **📊 Characteristics Score:**
  > **Asset Type:** *gold*
  > **Sentiment:** `0.6`
  > **Entropy:** `0.75`
  > **Relevance:** `0.95`
  > **Staleness:** `0.2`
  > **Uncertainty:** `0.4`
  > **Level-1 Focus:** *asset-types, infrastructure-providers, institutional-adoption*
  > **Level-2 Focus:** *alternative-assets, tokenization-platforms, asset-manager-initiatives*
- **🏷️ Tags:** **#silver** **#tokenization** **#china** **#supply-shortage** **#ondo-finance** **#slv** **#blackrock** **#physical-silver** **#export-controls** **#precious-metals**

**Source:** https://rwatimes.io/articles/thestreet-silver-price-surges-to-100-in-china-as-retailers-seek-new-ways-to-exposure-1853052213?utm_source=reddit&utm_medium=social&utm_campaign=reddit&utm_content=thestreet-silver-price-surges-to-100-in-china-as-retailers-seek-new-ways-to-exposure-1853052213 

 ---
*Posted from RWA Times Bot*",2025-12-29T18:00:08Z
token,nft,informal,after,"See results from the link above.

DISCLAIMER: THE GATHERED DATA ONLY REVOLVES HERE AT REDDIT AND ONLY A SMALL PORTION OF HEAD COUNTS MANAGE TO CONTRIBUTE ON DATA GIVEN. THEREFORE, THE CURRENT MARKET CONDITION STATED IS CONSIDERED INACCURATE AND ELIGITIMATE AS A WHOLE BASES. 

Based on the past hours of gathering, and repeated observation on market index. Pet demands have drastically lowered to a point of value imbalance and difficult pet trading. 

Those who have sold their pets before the given updates where fortunate, they have sold pets way higher compared to the current value of pets and are more fortunate that they can buy pets cheaper than before.

However, those who came late where forced to sell pets cheaper, and less effective to earn token profits.

Out of 27 respondents, 13 have responded of having struggles during the selling process, 6 were neutral about the market condition while another 6 for those who have found it easy to sell pets. 

During the discussion, few considered abusing the peak/high demand time frame that's why the manage to sell pets easily. This includes obtaining meta pets early on, good boosting and leveling set up, and inclined resources.

Those who are below are unfortunate as they must rely on luck alone or lucky enough to either hatch something good, or find someone charitable enough to trade overpays for their given resources.


WHY IS THIS ALARMING?

The data simply means that out of all this 27 player count, only 12 have the capability to procure tokens while the rest have few or little to none.

This means that the continuous decline of pet value isn't just because the pets are becoming too abundant or less effective but the majority of players are struggling to purchase pets due to ""poverty"" or lack of token rotation to those who doesn't have enough resources. Though, this might not be the case since the data is incomplete.

Out of 700+, only 27 have managed to voice their thoughts therefore we really can't assume.

SO WHAT ARE MY CONCLUSIONS?

it's reasonable that OG players are getting bored of this game, they find it meaningless since they already have anything, there's nothing much to do. However, those who are starting from scratch find the game over bearing, the game mechanics is a bit of a stretch to aim.

Since the type of pets the player actually need and the values they have to progress are undertermined, or hard to state.we cannot assume an immediate solution.

Therefore, my suggestion is to improve the token rotation, that won't immediately save the sudden inflation but it will at least increase the purchase power of the consumers. 

Another suggestion is WE coordinate a fix base price to a category of pets, and a mark up rule fix. 

Utility pets should be originally cost like this.

Rare/Collectors pet should cost like this.

Premium pets should remain like this.

Dark market should profit from this.

Actually market should profit from this.
(The question is how can we do this?)

TO THOSE WHO ARE WILLING TO CRITIC THIS POST, I HIGHLY ENCOURAGE TO DO SO AS LONG AS...

*You avoid arguments that negates the actual discussion* 

*You respect each other's opinion*

*No rage baiting/no invalidation/no toxic behavior while discussing your opinion. (Ex. Why doing this much effort for a dying game? Or, anything that are inhumane, insensitive, and takes the right of everyone who has autonomous desire. Thanks!)*

********************************************

Lastly, I admit that my efforts are flawed, no need to hate me for doing this, I'm having fun selling things.",2025-12-29T17:58:32Z
token,nft,informal,after,"I have collected all 19 mangkwan riders and noticed many (like myself) struggling to find them. Zatun can be found near the braided river, and I included 2 locations where some others struggled to find them. If you have anything to add, feel free!! ",2025-12-29T17:57:32Z
token,nft,informal,after,I think AL Colorado will be the perfect commander for her,2025-12-29T17:57:11Z
token,nft,informal,after,Attention!🔥 Over 241 people have successfully traded XUSDP to USDT on our platform so far! Visit: xchangexusdt.com You get life long access with the ability to trade other non-listed tokens as well. 100% transparency! ,2025-12-29T17:55:52Z
token,nft,informal,after,"Flow blockchain hit by major exploit, FLOW token dumped hard. Can price and trust recover?



What happened:

• Security breach on Flow network

• Double-digit price crash + panic selling

• Powers NBA Top Shot & NFL All Day NFTs

• Full damage still being assessed



Can it recover?



SHORT TERM: More pain likely until details clear



LONG TERM depends on:

\-> Fast, transparent response

\-> User compensation

\-> Security fixes + audits

\-> Partners staying vs leaving



History: Solana bounced back from hacks. Terra never did.



Trust takes 10x longer to rebuild than price.



Buying the dip or sitting out?



[\#FLOW]() [\#CryptoHack]()",2025-12-29T17:55:43Z
token,nft,informal,after,"We’re building a $120,000 crypto portfolio fully funded by profits from Matched Betting gains and this might be one of the most exciting strategies we’ve ever put together. (10K a month)

The plan is simple: take calculated, low-risk capital from Matched Betting and deploy it into high-potential crypto positions. By doing this, we’re not risking our own working money, we’re reinvesting money we already won. This gives us more freedom to take strategic risks, aim higher, and position ourselves for potential exponential upside in 2026.

We’ll share which cryptos we choose and *why* we choose them, along with:

* Our allocation strategy
* How we manage risk while still aiming for big returns

This is genuinely one of the most fun portfolios we’ve built so far a mix of utility plays, early narratives, and asymmetric bets that could punch way above their weight.



This will be a wide and unique portfolio setup. Every month, we’ll invest $2,000 into five different cryptocurrencies, each chosen for a specific purpose. Some will be safety-focused, others will be higher-risk growth plays, and a few will simply be for fun, narrative, or hype potential. We’re expecting each category to develop differently over time, which is exactly what makes this portfolio interesting: balanced, diversified, and built to catch multiple market directions instead of relying on just one outcome.



We will start with $INJ (1/5)

**Injective ($INJ) --> A Strategic Growth & Innovation Play**

One of the more exciting positions in our crypto lineup is **Injective ($INJ)** , a next-generation Layer-1 blockchain specifically optimized for *DeFi and financial markets*. Unlike many chains that focus mainly on NFTs or general smart contracts, Injective is engineered for *real-world financial instruments*, giving it a unique niche in the ecosystem.

Injective stands out because **it’s currently the largest L1 for public equity perpetuals and commodities like gold and silver**, and it *pioneered bringing pre-IPO stocks onchain*, enabling markets tied to massive names like OpenAI and other private companies before they go public. This positions Injective as a bridge between *traditional financial markets and crypto native finance*. 

In addition to its technical edge, Injective has **real partnerships and backing from major players** in the industry. The project was incubated with support from **Binance Labs**, and it’s also backed by prominent investors like **Pantera Capital, Jump Crypto, and Mark Cuban**, all of whom bring deep financial and blockchain expertise. 

Injective also recently **executed a buyback program**, where a portion of ecosystem revenue is used to repurchase INJ tokens from the market. This reduces the circulating supply and may create stronger scarcity dynamics over time = a bullish structural element for holders. 

We see $INJ as a *growth-focused piece* of our portfolio, one that benefits not only from broader DeFi adoption but also from Injective’s *specialized market infrastructure and real-world asset integration*. It’s more than just an altcoin, it’s a protocol redefining how complex financial products are brought onchain.



The next one: (2/5)... ",2025-12-29T17:53:59Z
token,nft,informal,after,"***Milestone Advances Blue Gold's Commitment to a World-Class Digital Gold Ecosystem Rooted in Trust, Transparency, and Institutional Standards***

**NEW YORK, NY /** [**ACCESS Newswire**](https://www.accessnewswire.com/) **/ December 22, 2025 /** Blue Gold Limited (Nasdaq:BGL) (""Blue Gold"" or the ""Company""), a next-generation gold development and technology company, today announced that it has entered into a strategic Letter of Intent (""LOI"") with Trust Stamp, Inc. (Nasdaq: IDAI) to develop a biometrically secured, passwordless ""Wallet-of-Wallets"" platform for select holders of Blue Gold's Standard Gold Coins.

Standard Gold Coins (""SGC"") are gold-backed digital assets issued by Blue Gold, with each SGC representing one gram of physical gold securely stored in Brink's vaults under a Wyoming digital asset statutory trust. The SGC structure is designed to provide transparent, verifiable ownership of physical gold while enabling participation in the digital financial ecosystem at institutional standards.

The announcement follows Blue Gold's recent disclosure that it has secured access to up to **one million ounces of physical gold** through a long-term supply arrangement, providing the capacity to support the initial issuance and circulation of SGCs at scale. This secured supply forms the physical foundation of Blue Gold's digital gold ecosystem and underpins the Company's commitment to fully gold-backed, responsibly structured, tokenized gold.

Blue Gold is focused on building a world-class gold ecosystem rooted in trust, transparency, and operational integrity, spanning the full lifecycle from physical gold sourcing and aggregation through tokenization and downstream financial applications. The partnership with Trust Stamp is intended to directly support this mission by strengthening the security, identity, and access infrastructure underpinning the Company's digital gold platform.

Under the LOI, Trust Stamp will leverage its patented biometric identity tokenization and cryptographic technologies to develop a non-custodial, passwordless wallet architecture for SGC holders. The proposed solution is designed to eliminate reliance on passwords, seed phrases, and centralized key storage, while preserving user control, privacy, and institutional-grade security.

**Strengthening the Digital Gold Ownership Stack**

The ""Wallet-of-Wallets"" functions as a secure access layer rather than a custodian, enabling users to retain full control of their assets while benefiting from advanced identity verification, governance, and recovery features. Access to wallets would be bound to a user's live biometric presence, without storing biometric data or private keys in any centralized location.

Key capabilities under consideration include:

* **Passwordless, Keyless Access**, eliminating passwords, PINs, seed phrases, and private key storage, which are common attack vectors in digital asset theft
* **True Non-Custodial Architecture**, ensuring users retain full ownership and control of their digital gold holdings
* **""Wallet-of-Wallets"" Functionality**, providing a single secure gateway to SGC holdings and other digital assets across multiple blockchains and platforms
* **Multi-Device Native Design**, allowing secure access across multiple authorized devices without duplicating sensitive credentials
* **Stable Key™ Biometric Authentication**, utilizing Trust Stamp's proprietary tokenized biometric technology with advanced, multi-level proof-of-life protocols
* **No Centralized Biometric or Key Storage**, with encrypted helper data mathematically derived, split into independent shards, and stored separately
* **Breach-Resistant Design**, preventing account takeover even in the event of a data breach
* **Advanced Governance and Recovery Features**, including joint ownership, inheritance planning, transfer controls, and role-based access

**Management Commentary**

Nathan Dionne, Chief Technology Officer of Blue Gold Limited, commented:

""Blue Gold was founded to bridge physical gold with the digital financial system at institutional standards. Following our recent announcement securing access to one million ounces of physical gold to support the initial issuance of Standard Gold Coins, the next priority is ensuring that access to those assets is governed by security and identity infrastructure that matches the quality and permanence of the gold backing them. Partnering with Trust Stamp enables us to strengthen the trust and transparency at the core of our ecosystem and positions Blue Gold at the forefront of secure, compliant, and scalable tokenized gold ownership.""

Gareth N. Genner, Chief Executive Officer of Trust Stamp, added:

""Trust Stamp's identity and asset tokenization technologies are expressly designed for the digital economy. As gold-backed digital assets become more widely adopted, they require advanced security and privacy protections that go beyond traditional wallet architectures. We believe the Wallet-of-Wallets platform will provide Blue Gold's customers with a level of protection and control consistent with institutional expectations.""

**Strategic Context**

The proposed wallet infrastructure supports Blue Gold's broader strategy of capturing value across the full gold lifecycle, combining high-quality recurring revenue opportunities from tokenization with higher-margin production, trading, and financial services. By enhancing the security, usability, and governance of SGCs, the Company aims to further position its digital gold products for institutional participation and long-term adoption.

The LOI outlines a framework for technical development, integration, and potential commercialization, subject to the execution of definitive agreements, which is expected early in 2026.

**About Trust Stamp, Inc.**

Trust Stamp, Inc. (Nasdaq: IDAI) is a global leader in AI-powered trust and security solutions, specializing in biometric identity tokenization and cryptographic technologies designed to enable secure, privacy-preserving digital interactions.

**About Blue Gold Limited**

Blue Gold Limited (Nasdaq: BGL) is a next-generation gold development company focused on acquiring and aggregating high-potential mining assets across strategic global jurisdictions. The Company's mission is to unlock untapped value in the gold sector by combining disciplined resource acquisition with innovative monetization models, including asset-backed digital instruments. Blue Gold is committed to responsible development, operational transparency, and leveraging modern financial technologies to redefine how gold is produced, accessed, and owned in the 21st century.

Blue Gold prioritizes growth, sustainable development, and transparency in all our business practices. We believe that our commitment to responsible mining will enable us to create value for our shareholders while minimizing our environmental footprint.

**Forward-Looking Statements**

This press release includes ""forward-looking statements"" within the meaning of the safe harbor for forward-looking statements provided by Section 21E of the Securities Exchange Act of 1934, as amended, and the Private Securities Litigation Reform Act of 1995. You are cautioned not to place undue reliance on these forward-looking statements, which are current only as of the date of this press release. Each of these forward-looking statements involves risks and uncertainties. Important factors that could cause actual results to differ materially from those discussed or implied in the forward-looking statements include, but are not limited to: general economic or political conditions; negative economic conditions that could impact Blue Gold Limited and the gold industry in general; reduction in demand for Blue Gold Limited's products; changes in the markets that Blue Gold Limited targets; and any change in laws applicable to Blue Gold Limited or any regulatory or judicial interpretation. As a result, we cannot assure you that the forward-looking statements included in this press release will prove to be accurate or correct. These and other important factors and risks are discussed in Blue Gold Limited's shell company report on Form 20-F, filed with the U.S. Securities and Exchange Commission (the ""SEC"") on July 1, 2025, and other filings with the SEC. In light of these risks, uncertainties, and assumptions, the future performance or events described in the forward-looking statements in this press release might not occur. Accordingly, you should not rely upon forward-looking statements as a prediction of actual results, and we do not assume any responsibility for the accuracy or completeness of any of these forward-looking statements. Except as required by applicable law, we do not undertake any obligation to, and will not, update any forward-looking statements, whether as a result of new information, future events, or otherwise. For more information regarding Blue Gold Limited, please visit [https://bluegoldmine.com](https://pr.report/h5mw).

**No Offer or Solicitation**

This press release shall not constitute a solicitation of a proxy, consent, or authorization with respect to any securities or in respect of the proposed business combination. This press release shall also not constitute an offer to sell or the solicitation of an offer to buy any securities, nor shall there be any sale of securities in any states or jurisdictions in which such offer, solicitation, or sale would be unlawful prior to registration or qualification under the securities laws of any such jurisdiction. No offering of securities shall be made except by means of a prospectus meeting the requirements of Section 10 of the Securities Act of 1933, as amended, or an exemption.

For Further Information Contact:  
Dave Gentry  
RedChip Companies, Inc.  
1-800-REDCHIP (733-2447)  
1-407-644-4256  
[BGL@redchip.com](mailto:BGL@redchip.com)

**SOURCE:** Blue Gold Limited 

[https://www.accessnewswire.com/newsroom/en/metals-and-mining/blue-gold-and-trust-stamp-execute-strategic-loi-to-develop-biometric-passwordless-1119978](https://www.accessnewswire.com/newsroom/en/metals-and-mining/blue-gold-and-trust-stamp-execute-strategic-loi-to-develop-biometric-passwordless-1119978) ",2025-12-29T17:53:51Z
token,nft,informal,after,Agent W2C Link :  [https://weidian.com/item.html?itemID=7461888229&spider\_token=7926](https://weidian.com/item.html?itemID=7461888229&spider_token=7926),2025-12-29T17:51:20Z
token,nft,informal,after,"At the moment memecoins are on a fast down spiral. Every single day hundereds of thousands, if not millions are extracted from retail. 

This will mean 2 things, 

\- people will leave 

\- new people will not join 

It’s becoming a toxic space, and if you want to capitalise on that and actually profit in the space you have to have a group. 

The best ways at the moment to profit is dev / create coins, creator fees is risk free for you. (My opinion)

We bundle your tokens up in our group, you can take all creator fees / push the coin and we will profit from our bundle. We always respect the chart, please let me know if you need any more info",2025-12-29T17:50:56Z
token,nft,informal,after,"IGN Stevin -  MGO746L52UZ3 - Play MONOPOLY GO! with me! Download it here: https://mply.io/-VB5yA

lf hogwarts express fast and will trade anything so I can get rolls to win the snape token on peg e 

Text me here with hogwarts express or 

Set 1s Alnwick castle 
Set 2s book of monsters
Set 3 accio and expecto patronum 
",2025-12-29T17:50:37Z
token,nft,informal,after,An artifact card inspired by a Grand Archive tcg card of the same name.,2025-12-29T17:49:52Z
token,nft,informal,after,"You’ve probably heard it countless times: ""Bitcoin has died over 400 times!"" followed by a triumphant chart showing every major price crash labeled as an obituary, only for the price to recover later. Bitcoiners celebrate this as proof of immortality. Each ""death"" followed by resurrection, stronger than before. The implication is clear: something that keeps coming back from the grave must be alive.



But this is a misunderstanding of what death means, and, more importantly, what life means.



Bitcoin never died in those crashes, nor did it rise from the dead in the recoveries. It never died because it was never alive to begin with. It was born dead, and no amount of price action can breathe life into it.



Bitcoin is often described using metaphors like ""digital gold,"" classified as an asset, and considered alternative money. It is traded on markets, people agree on a price, and some say they believe in it. All of this makes Bitcoin appear alive.



But from the moment it was created, Bitcoin was dead. No metaphor, classification, consideration, market, belief, or agreement can make it alive.



Why?



Because an asset is alive only if it has its own causal power, the ability to directly affect humans and thereby confer control and leverage over others to those who hold it. Bitcoin has none.



Now, why is trading a living asset for dead Bitcoin economic suicide? Those who hold assets like food or medicine control resources that directly sustain human life. This gives them leverage over millions of people, and long-term security comes from the fact that others will always exchange work or goods to obtain what they need to survive. That is the power of a living asset.



Some would now say that Bitcoin works as a currency and mediates exchange, so it does not need causal power over humans. This is incorrect. Simply mediating exchange does not remove the need for causality. Real money always has causal power, whether legal, physical, or biological.



For example, fiat money is created as bank debt and directly affects others through its legal causality. Those who hold fiat money have leverage over billions of people. They hold what families need to pay off mortgages. They hold what companies need to remove liens on their property. They hold what governments need to pay bonds held by central banks.



The same is true for traditional money like gold. Gold has physical causality through properties like corrosion resistance and conductivity. Those who hold gold have leverage over masses of people who need products that rely on these properties, such as electronics, medical devices, and durable materials.



By holding fiat money or gold, which function as means of exchange, holders still have economic power and leverage over others. Nothing changes in terms of causality. These assets are alive besides working as currency.



If you trade these living assets for Bitcoin, you commit economic suicide because you do not gain another type of living asset. You do not acquire another type of leverage over others. Instead, you receive tokens of past energy expenditure. The Bitcoin protocol awards these tokens to those who spent electricity to secure the database storing them.



These tokens are not issued as markers of someone's debt to have legal causality like fiat money, nor are they tangible objects to have biological or physical causality like gold, medicine, or food. The protocol birthed them dead.



So, what happens when people trade living assets for Bitcoin is that they throw away the leverage they have over others. They surrender long-term security for the hope that, in the future, others will continue to throw away their leverage and long-term security.



All attempts to assign lasting value to Bitcoin rest on myths that cannot resurrect a dead token.



Chief among these is the myth that Bitcoin’s utility lies in storing value or hedging against inflation. But this is simply a reflection of past price increases, not something caused by Bitcoin. Nothing within Bitcoin compels anyone to part with goods, labor, or resources. Unlike fiat money, which derives power from legally enforced bank debt that compels debtors to exchange labor, goods, or resources with fiat holders to avoid default and foreclosure, Bitcoin’s exchangeability depends entirely on voluntary, revocable choices by others.



Defenders often cite hyperinflating countries like Argentina, claiming Bitcoin ""protects"" wealth there. This is illusion. Bitcoin does nothing active; it neither shields purchasing power nor enforces any obligation. Any temporary ""protection"" lasts only as long as people continue surrendering living assets for dead tokens. The moment that collective behavior ceases, the protection evaporates. The cause is always human psychology, never Bitcoin.



Another persistent myth holds that belief or scarcity confers value. Yet belief resides in people, not in Bitcoin, and can disappear overnight. Scarcity matters only for assets with causal power over humans. Scarce food, medicine, or energy compels behavior; scarce Bitcoin compels nothing.



No myth, not store-of-value narratives, not inflation-hedge stories, not appeals to belief or fixed supply, can breathe life into Bitcoin, because none bestow the missing causal power that defines a living asset.



Thus, trading real, living assets for Bitcoin remains economic suicide: by moving out of gold or food (physical leverage) and out of fiat money (legal leverage), you enter a space where your wealth has no anchor in necessity. If a farmer has wheat and you have Bitcoin, the farmer only trades with you if they want to. If, via fiat money, you control the deed to the farmer's land (legal leverage) or the only source of water (physical leverage), the farmer has to trade with you.



Bitcoiners are trading 'Have to' for 'Want to.' In a crisis, 'Want to' evaporates, while 'Have to' remains. Surrendering enduring security for the fragile hope that others will persist in the same irrational surrender is not the future of money or anything. It is a terminal retreat from the levers of reality into a digital ghost story.",2025-12-29T17:49:31Z
token,nft,informal,after,"IGN Stevin -  MGO746L52UZ3 - Play MONOPOLY GO! with me! Download it here: https://mply.io/-VB5yA

lf hogwarts express fast and will trade anything so I can get rolls to win the snape token on peg e 

Text me here with hogwarts express or 

Set 1s Alnwick castle 
Set 2s book of monsters
Set 3 accio and expecto patronum ",2025-12-29T17:49:22Z
token,nft,informal,after,"At the moment memecoins are on a fast down spiral. Every single day hundereds of thousands, if not millions are extracted from retail. 

This will mean 2 things, 

\- people will leave 

\- people will not join 

It’s becoming a toxic space, and if you want to capitalise on that and actually profit in the space you have to have a group. 

The best ways at the moment to profit is dev / create coins, creator fees is risk free for you. 

We bundle your tokens up in our group, you can take all creator fees / push the coin and we will profit from our bundle. We always respect the chart, please let me know if you need any more info",2025-12-29T17:47:25Z
token,nft,informal,after,"At the moment memecoins are on a fast down spiral. Every single day hundereds of thousands, if not millions are extracted from retail. 

This will mean 2 things, 

\- people will leave 

\- people will not join 

It’s becoming a toxic space, and if you want to capitalise on that and actually profit in the space you have to have a group. 

The best ways at the moment to profit is dev / create coins, creator fees is risk free for you. 

We bundle your tokens up in our group, you can take all creator fees / push the coin and we will profit from our bundle. We always respect the chart, please let me know if you need any more info",2025-12-29T17:46:37Z
token,nft,informal,after,"Webhooks are great until they fail. Then debugging becomes a nightmare:

❌ Can't see what the service is sending

❌ Localhost tunnelling adds complexity

❌ No easy way to replay requests

❌ Signature validation bugs are cryptic

I built Webhook Debugger & Logger to solve this. It's an Apify Actor (serverless) that acts as a webhook endpoint with complete observability.

✨ **What's new in v2.7.0 ""Enterprise Suite"":** 

• Sub-10ms Overhead (Apify Standby Mode) ⚡

• CIDR IP Whitelisting & Bearer Token Security

• Sensitive Header Masking (Auth/Key scrubbing)

• Generates public webhook URLs instantly

• Captures every incoming request (GET, POST, etc.)

• Shows raw headers, body, query params, IP addresses

• Real-time SSE streaming for live monitoring

• /replay API to programmatically resend requests

• JSON Schema validation to catch malformed payloads

• Custom status codes and latency simulation • Export logs as JSON or CSV

**Why I built it:** Traditional tools like ngrok solve localhost exposure, but don't provide the observability you need for webhook debugging. You still can't see the raw request data, replay requests for testing, or validate schemas automatically.

This tool bridges that gap. It's optimized for developers debugging Stripe, GitHub, Shopify, and Zapier integrations.

**Pricing:** $10 per 1,000 webhooks captured. No subscription, pay-as-you-go.

**Tech stack:** Node.js, Apify SDK, Server-Sent Events

Check it out: [https://apify.com/ar27111994/webhook-debugger-logger](https://apify.com/ar27111994/webhook-debugger-logger)

Open to feedback and feature requests!",2025-12-29T17:44:45Z
token,nft,informal,after,"The North Face Cotton Jacket
Perfect mid-weight for fall. The cotton fabric feels sturdy and layers easily over a hoodie. Fit stays true to size—simple, practical piece.
LINK:https://weidian.com/item.html?itemID=7608441194&spider_token=e56d

Gallery Dept Hoodie
Love the vintage print and thick blank. Super comfortable, heavy feel that’s ideal for cold days.
LINK:https://weidian.com/item.html?itemID=7648698090&spider_token=c1f9

Stone Island Sweatshirt
Patch and fabric both hit the mark. Feels premium with that classic clean SI silhouette.
LINK:https://weidian.com/item.html?itemID=7621144509&spider_token=21ac

Carhartt Hoodie
Tough workwear cotton with solid stitching. Patch detail looks authentic and fit runs standard.
LINK:https://weidian.com/item.html?itemID=7645633271&spider_token=fbdf

Amiri Jeans
Distressing and paint details are on point. Denim feels broken-in but durable. Fit hugs right where it should.
LINK:https://weidian.com/item.html?itemID=7648637586&spider_token=1690

Supreme Sweatshirt
Heavy cotton, neat embroidery, and a tidy fit. Timeless streetwear piece that never misses.OOS

Burberry Sweatshirt
Check pattern perfectly aligned, material feels luxe. A bit preppy but still casual.
LINK:https://weidian.com/item.html?itemID=7648707210&spider_token=8387

Broken Planet Hoodie
Detailed back print and thick blank. Great winter layering hoodie, quality holds up well.
LINK:https://weidian.com/item.html?itemID=7645805733&spider_token=e3dc

Balenciaga Long Sleeve
Oversized just like retail. Fabric feels premium and tag details check out.
LINK:https://weidian.com/item.html?itemID=7648732824&spider_token=eab1

Nike Short Sleeve
Simple and clean—just a must-have daily tee. Logo print crisp, fit true to size.
LINK:https://weidian.com/item.html?itemID=7646700472&spider_token=527a

Balenciaga Sweatshirt
Signature distressed logo look. The fabric’s heavy with that worn-in luxury vibe.
LINK:https://weidian.com/item.html?itemID=7645715555&spider_token=9172

Chrome Hearts Socks
Thick, comfy, and well-made with sharp cross embroidery.
LINK:https://weidian.com/item.html?itemID=7648669436&spider_token=e419

Louis Vuitton Jeans
Subtle monogram pattern that looks refined. Denim weight and texture feel top-tier.
LINK:https://weidian.com/item.html?itemID=7648701490&spider_token=eaac

Dior Jeans
Clean design, minimal branding, sharp fit. Premium but understated.
LINK:https://weidian.com/item.html?itemID=7648821632&spider_token=d6c6

Nike Hoodie
Classic piece—medium-weight, good embroidery, and reliable everyday comfort.
LINK:https://weidian.com/item.html?itemID=7648734964&spider_token=67f4

UGG Boots
Soft, warm, and ridiculously comfortable. The lining feels plush, perfect for winter.
LINK:https://weidian.com/item.html?itemID=7645833633&spider_token=5c92


Wrap-Up
This haul turned out great—everything hits both comfort and quality marks. The Broken Planet hoodie and UGGs are clear cold-weather winners, while the rest round out a solid, wearable rotation.",2025-12-29T17:44:06Z
token,nft,informal,after,"So I want to sell some yeti tokens I know I wont use, but what is the price? Does someone know?",2025-12-29T17:43:58Z
token,nft,informal,after,"Fill your habs quickly (within 3-4 hours). Check in regularly to cash in eggs, non-participants will be booted. If you are not Zetta or above and/or do not use a deflector once your habs are filled you will be booted.

And I do not have notifications on for any game. If my habs aren't full and I haven't boosted yet then feel free to send me tokens. After that any tokens sent may be regarded as spam and subject to booting. It sucks that I have to say that but some people still think spamming tokens to get attention is a good idea.

Optional: post in this thread with your in game name so we can contact each other.",2025-12-29T17:43:57Z
token,nft,informal,after,Get one free or 10% discount if you order five!,2025-12-29T17:43:18Z
token,nft,informal,after,"I was curious what happens if you feed live telemetry into different LLM APIs and see which is the fastest in generating the results. I know most benchmarking is done in static data.

I wired a live RIPE RIS BGP stream into a few LLM APIs using the same prompts and settings. Here were the models that I tried

* OpenAI
* Anthropic
* Azure OpenAI
* Gemini
* Grok

These were my testing parameters:

* how long it took to get the first token back
* total response time
* how many tokens went in vs out

Here is what I found:

https://preview.redd.it/sdgg30xpj6ag1.png?width=1638&format=png&auto=webp&s=2d7c8a24a52c2a491ee5bd4fd3f11038044d1876

* OpenAI was consistently the fastest and stuck closely to the prompt
* Anthropic was slower but did more interpretation, sometimes pointing out anomalies
* Azure OpenAI tended to ramble unless tightly constrained
* Gemini outputs were often cut off or low detail
* Grok was interesting, very short outputs, but extremely slow to start

Short video showing each model's generation.

https://reddit.com/link/1pysp9d/video/uo4vqwlsj6ag1/player

My takeaway was that latency, verbosity, and predictability matter way more than how “smart” a model is on paper, esp. when dealing with real time data.

Not trying to promote, but, I used my own open source tool for benchmarking. I'll be testing more models in future post.",2025-12-29T17:42:30Z
token,nft,informal,after,"Is there a way to perform an advanced search for movies with an EMPTY field?  Specifically, I'm looking or a way to list all movies that have not been assigned to a collection.  I know I could do an advanced search for all movies not in collection1 or collection2 ....  But I'm hoping I've just missed a token that could be used to make this search much easier.",2025-12-29T17:41:55Z
token,nft,informal,after,"I am applying to many machine learning engineer roles with this resume and reaching out to company employees while also getting good feedback on my background and experience. Yet I am rarely getting shortlisted or callbacks. 

What I might be doing wrong while applying that I am not getting shortlisted or getting callbacks? Is it the resume, keywords, format, ATS issues, or is my profile not strong enough?

I thought my 2-page resume was the issue, but senior ML engineers say it's fine and it should not be an issue.

Please provide an honest review of my resume.",2025-12-29T17:41:31Z
token,nft,informal,after,"I've been building production AI systems in Tel Aviv for the past year, and I learned an expensive lesson: **the shift from RAG to GraphRAG + agentic workflows completely changes your token economics.**

Here's what actually happened when we moved from simple vector search to hybrid architecture:

**The Problem with Pure Vector Search:**

* Lost context across multi-hop queries
* No understanding of entity relationships
* Retrieved chunks were contextually isolated

**The GraphRAG Solution (Neo4j + pgvector):**

* Graph stores relationships between code entities, functions, dependencies
* Vector DB handles semantic similarity
* Combined queries maintain global context that vector-only systems miss

**But Here's the Catch - Token Consumption:**

When you move to agentic workflows (we use LangGraph for state management), your token usage explodes:

* A simple chatbot might use 2K tokens per query
* An agentic loop with tool calling, reflection, and error correction? **15K-40K tokens per task**

Real example from our codebase intelligence system:

* User asks: ""How does the authentication flow work across microservices?""
* Agent makes 7 tool calls (graph queries, vector searches, code retrievals)
* Uses 28K tokens for a single ""conversation""

**The 2026 Reality:** If you're building with Claude 3.5 Sonnet at $3/$15 per million tokens, that one query costs $0.50. Scale that to 1000 users making 10 queries/day = $5K/day.

I built a calculator to model these costs across GPT-4o, Claude, and Gemini because our CFO demanded it before approving our H1 2026 budget.

**Key Architecture Decisions:**

1. Use cheaper models for tool calling loops (Haiku/GPT-4o-mini)
2. Cache graph schemas and entity embeddings
3. Implement aggressive prompt compression for repetitive agent loops
4. Set hard token limits per agent iteration

If you're exploring GraphRAG or agentic systems, I've open-sourced the calculator and technical architecture diagrams here: [`https://rampakanayev.com/ai-engineer-roadmap`](https://rampakanayev.com/ai-engineer-roadmap)

**Questions for the community:**

* Has anyone else hit token budget walls with agentic systems?
* What's your strategy for cost control in production?",2025-12-29T17:41:26Z
