word,event,register,period,sentence,timestamp
spoiler,streaming,informal,after,"Hey all...wondering how keepers decide if the cult at the next location has been alerted of the PCs by the cult of last location?  Is it just what you think makes the most sense/fun? I guess in my head, there's nothing preventing a lone cultist from ""escaping"" and sending a telegram to the next location. Or would they be too low in the hierarchy to have that kind of knowledge/access and it really depends on the fate of the principals at the location?  What have the keepers here done?  Thanks,",2026-02-07T11:55:04Z
spoiler,streaming,informal,after,"the boosters called The Tie That Binds  from the end of the game not save for New Game Plus? I beat the final boss and got stuck in a loop (I don't know if that's normal). So I had to load a normal save, and the Green bond to start a New Game Plus is there in Magmell, but those boosters have disappeared. its normal?",2026-02-07T11:51:55Z
spoiler,streaming,informal,after,"\[Spoilers for both Hannibal and The Mentalist\]    Who’s the better memory wiper/alterer?  I’ve only reached s3 in the mentalist but being capable of convincing someone they’re dead was very impressive to me, meanwhile Hannibal has shown to be capable of wiping and also changing memories.   I think Hannibal takes it overall purely based on the fact that Hannibal could probably do what Red John did.   Who’s more impressive iyo? and who takes overall theory of mind? ",2026-02-07T11:51:20Z
spoiler,streaming,informal,after,"\* \*\*Drama:\*\* \[To My Beloved Thief\](https://mydramalist.com/779214-my-secret-romance)     \* \*\*Korean Title\*\*: 은애하는 도적님아  \* \*\*Director:\*\*     \* Ham Young Geol  \* \*\*Starring:\*\*     \* \[Nam Ji Hyun\](https://mydramalist.com/people/1434-nam-ji-hyun) as Hong Eun Jo/ Hong Gil Dong (Good Partner)     \* \[Moon Sang Min\](https://mydramalist.com/people/36335-mun-sang-min) as Prince Yi Yeol (Wedding Impossible, Under the Queens Umbrella)     \* \[Hong Min Ki\](https://mydramalist.com/people/72365-hong-min-ki) as Im Jae I (Study Group)     \* \[Han So Eun\](https://mydramalist.com/people/21371-han-so-eun) as Sin Hae Rim (Class of Lies, Idol: The Coup, Black Out)  \* \*\*Network:\*\* KBS2  \* \*\*Premiere Date:\*\* 3rd January 2026  \* \*\*Airing Schedule:\*\* Saturdays and Sundays , 9:20pm KST  \* \*\*Episodes:\*\* 16, 1hr 10 mins  \* \*\*Streaming Sources:\*\*  \[Viki\](https://www.viki.com/tv/41295c)  \* \*\*Teaser/Trailer:\*\* \[Main Trailer\](https://www.youtube.com/watch?reload=9&v=IVy6smFRuy0)  \* \*\*Plot Summary:\*\* Born from a tryst between a nobleman and a slave woman, Hong Eun Jo (Nam Ji Hyun) is no stranger to the plight of the average person, especially after her father fell ill. By day, Eun Jo works as a doctors, but by night, she assumes the identity of ""Hong Gil Dong,"" a thief who steals from corrupt officials to spread wealth among those in need. Hong Gil Dong's antics attract the attention of Prince Yi Yeol (Moon Sang Min), who has a penchant for investigations and is personally intrigued by the mystery of the righteous thief, although most palace officials believe that he's just joking around. Amidst his search, Yi Yeol runs into Eun Jo, falling in love at first sight – but when Yi Yeol and Eun Jo happen to swap bodies, secrets they both try to keep hidden risk getting out.  \* \*\*Major News Summary :\*\* \[Moon Sang Min Falls In Love With Nam Ji Hyun At First Sight In ""To My Beloved Thief""\](https://www.soompi.com/article/1809467wpp/moon-sang-min-falls-in-love-with-nam-ji-hyun-at-first-sight-in-to-my-beloved-thief)  \* \*\*Previous Discussions:\*\*     \* \[To My Beloved Thief \\\[Episodes 1 & 2\\\]\](https://www.reddit.com/r/KDRAMA/comments/1q2rpqg/to\_my\_beloved\_thief\_episodes\_1\_2/)     \* \[To My Beloved Thief \\\[Episodes 3 & 4\\\]\](https://www.reddit.com/r/KDRAMA/comments/1q8zsnp/to\_my\_beloved\_thief\_episodes\_3\_4/)     \* \[To My Beloved Thief \\\[Episodes 5 & 6\\\]\](https://www.reddit.com/r/KDRAMA/comments/1qf9f1v/to\_my\_beloved\_thief\_episodes\_5\_6/)     \* \[To My Beloved Thief \\\[Episodes 7 & 8\\\]\](https://www.reddit.com/r/KDRAMA/comments/1qljprq/to\_my\_beloved\_thief\_episodes\_7\_8/)  \# On-Air Rules:  \*\*On-Air Rules:\*\* Users participating in any On-Air discussions in \[r/KDRAMA\](https://www.reddit.com/r/KDRAMA/), like this current post, should read and follow our \[On-Air-Rules\](https://www.reddit.com/r/KDRAMA/wiki/rules/#wiki\_5.\_on-air-rules) (section 5 of our Rules), a subset of rules tailored for our On-Air discussions. These rules specifically cover permitted user conduct, content and frequency of comments, and spoilers in On-Air discussions. Consequences of not abiding by the On-Air-Rules include bans so please familiarize yourself with these rules before participating in this post or any other On-Air discussions. Ignorance of On-Air-Rules is not a defence.  \*\*Spoiler Tag Reminder:\*\* As per our On-Air-Rules, spoiler tags must be used for major spoilers of the On-Air drama and when spoiling a different drama or other material (ie. webtoon, book, movie, etc.). When the spoiler is for anything other than the On-Air drama, you must make it clear on the outside of the spoiler tags what is being spoiled. Review our \[On-Air-Rules\](https://www.reddit.com/r/KDRAMA/wiki/rules/#wiki\_5.\_on-air-rules) for additional guidance.",2026-02-07T11:51:18Z
spoiler,streaming,informal,after,"During volume 9, Ayanokoji makes a contract with Kushida which consists in paying her half of his monthly private points to secure her silence and prevent her from trying to expel him.   Later in the series, Year 2 Volume 5, he uses this history to expose her true personality to the class, but I think this plan could have had the opposite effect if Kushida had a few more brain cells.   Going chronologically, Kushida has a false accusation of harassment from Vol 1 y1. We know that the fingerprints are pretty much illegible and disappeared, but just the fact that a girl hasn't washed one of the two uniforms for over a year and a half should be enough to bring a sense of unease, despite there being no evidence.   Then in Vol 9 y1 they made this contract and later in volume 10 Kushida tried to expel him through Yamaguchi    Now we move on to Vol. 5, y2. Ayanokoji tells the whole class that he knew who was trying to expel him and that if he was wrong, he would accept being expelled. Immediately afterward, he says the culprit is Kushida, beginning to expose her true personality. His key points were: the fact that Horikita and Kushida were in the same school, the fact that she tried to expel him in Vol. 10, and the points contract.   Kushida is a girl who has spent a year and a half creating social interactions and everyone in the class trusts her and thinks she is a good person, so the reason why I think the point contract was a mistake is because Kushida could have used it as evidence of harassment.    In the unanimous examination Kushida could have said that the reason she wants to try to expel Ayanokoji in volume 10 is because he molested her in the first few months of school and couldn't stand being around someone like him in class, which she would have used as an excuse even now while the unanimous exam was taking place. There was no evidence, but she could have used the unwashed jacket (which wouldn't have been enough but would certainly have caused unease; in fact, even during the original events, some girls looked at him with disgust even though Kushida had already been cornered) and the points contract as a second piece of evidence. She could have said that it was a sort of apology from Ayanokoji, who regretted what he had done in the first few days of school and was trying to make amends. And all of this would have been topped off with a Hollywood-style performance by Kushida (we know how good she is in acting).   Then for the fact that she and Horikita were in the same school, she could have simply made up a lie by saying that the reason Ayanokoji knew this was because he was also in their school or a neighboring school and she occasionally casually saw Ayanokoji and Horikita hanging out. I know it may seem far-fetched, but let's remember that the only person who was seen close to Horikita in the first few days of school was Ayanokoji, and more importantly, it was Horikita herself who said in volume 2 of the second year that she knew Ayanokoji had exceptional academic abilities, so the idea that they already knew each other wouldn't have been far-fetched in their classmate's mind.   This certainly wouldn't have been enough to expel Koji, since he would have actually guessed who the real traitor was, and because, even though three-quarters of the class would start to hate him, he would still have several people on his side who would refuse to vote against him. In short, Sakura would have been expelled again, but it would certainly be enough to kill his social life.   I don't remember all the events well now so maybe I forgot something or said something wrong, but this is just my idea",2026-02-07T11:49:40Z
spoiler,streaming,informal,after,"Dan McClellan provides a concise overview of Baal, Asherah, and Molech in ancient Israel. Spoiler: there was no deity named Molech venerated in the Levant.",2026-02-07T11:46:46Z
spoiler,streaming,informal,after,"Apparently in Chapter 188 of the manga, Gege had the lyrics of ""Admiring You"" aka Hakari's Domain Expansion theme (yes, not the ""Tonka Donka"" song you've seen in yt and TikTok edits and the petition) as a panel, with the ""Lyrics and Music"" by ""Tairakuri Eita"" which seems to derive from the Tyler the Creator   Will we see Tyler the Creator do the song or something for the anime? If so, what would are your thoughts on the possibility? ",2026-02-07T11:45:52Z
spoiler,streaming,informal,after,"I've been thinking of playing the fallout series for a while because of the tv show and even before that I've already heard alot about the series itself, but I'm hesitant on starting it, I'm interested in playing it because although I've never gotten any spoilers on the game i do know that the lore is probably really deep because it's about nukes and humanity, which is why I'm interested in playing it to begin with since I'm a big fan of the metal gear series which has a good blend of humor and deep philosophical story, so yea try to convince me to start the fallout series ",2026-02-07T11:44:55Z
spoiler,streaming,informal,after,So after defeating the angry spider. I also need to defeat this Angry punching Lizard?,2026-02-07T11:44:46Z
spoiler,streaming,informal,after,"I'm a lvl 50 knight, skills 70, and I really enjoy exploring the game, the lore and the quests without getting spoilers/wiki. I do it all by myself and it's fun.  The only thing is, to make progress in some quests, such as Queen of Banshees, I would really need some better skills. Is there any way I could improve'em without having to pay?  Edit:  Not a money issue. It is simply that I think it doesn't make much sense to pay for premium til I'm done exploring the free areas. (I would be paying to explore the same areas/quests I'm exploring RN).",2026-02-07T11:43:59Z
spoiler,streaming,informal,after,There are three major feats that significantly upscale mahoraga  \- Anime and Modulo Regen feat  \- Sukuna Mahoraga Adaptation upscale (Mahoraga can adapt said phenomena even more after completing the adaptation initially to make even better countermeasures like world cleaving slash against infinity… oh and Mahoraga already build up resistance to said phenomena that they’re adapting but not completed yet)  \- Mahoraga apparently Adapting to Someone “Existence”?  Which of this three is the biggest upscale for mr.opp stoppa???,2026-02-07T11:43:16Z
spoiler,streaming,informal,after,"https://preview.redd.it/7bmxqsrpz1ig1.jpg?width=2048&format=pjpg&auto=webp&s=8a803d7e80f4f317a8e8cdca09ddd9b8c9c519af  Holy shit—what a year.  The last 12 months have been a complete roller coaster of physical, emotional, and spiritual growth. I’d been on the fence about transitioning for nearly a decade, but in the early 2020s I couldn’t deny it anymore. Losing my mom to cancer last February was the push I needed to finally take control of my life. I told myself: no more waiting. This has to happen now.  Originally, I planned to stealth for at least a year and come out later. That plan did *not* survive contact with reality. In July, I unintentionally outed myself on social media by posting what I thought was a harmless boy-mode selfie—the first I’d posted in years. Within seconds my sister texted, “You look like a woman!!” After the shock wore off, I realized: the cat’s out of the bag, I’m still alive, and I still want this. So… let’s ball.  Work was next. I tried the “boiling frog” approach—slowly getting more femme and hoping no one would notice. Spoiler: they noticed. A month in, my manager pulled me aside, asked why I was wearing lipstick, and I panicked and blurted out, “I’M FUCKING TRANS!” I was shaking, sweaty, and terrified—but he accepted me.  We made a plan to come out to coworkers, and I was met with nothing but love. Since October, I’ve been fully out and presenting as Auriela at work. It was awkward at first, not gonna lie, but now it feels natural. I made it clear early on that honest mistakes were okay—at least for now—and I think that helped everyone relax. Transition may be personal, but the people around you transition with you.  Now, for the first time in my life, I feel *here*. The all-consuming obsession with transitioning is gone, and I finally have the bandwidth to think about my future, my goals, and who I want to be. I don’t obsess over how I’m perceived anymore—I just am. I want to go places, do things, and be with people.  This year I’m riding the HRT wave, working on my voice and style, and continuing to discover myself. I’m also starting orthodontics and considering surgeries (trach shave, possibly BA, FFS, or SRS).  I hope someone finds hope in this. I leaned hard on other girls’ timelines to survive the darkest moments, and trans subreddits kept me hopeful when I couldn’t be hopeful for myself.  Love you all—and don’t fucking give up. 💜",2026-02-07T11:41:23Z
spoiler,streaming,informal,after,"I could be wrong as I'm only 100 pages into The Raven Scholar, but for the first 60 pages it really seemed like Yana was the main character, not Neema. Who knows, maybe Neema comes back (no spoilers please!) or maybe I'll change my mind but as of now I actually liked Yana more as the main character!  This got me thinking, I've read a few books where they set the scene with a side character before introducing the main character, or open with the villain's plans that will only make sense later on etc. Do you like this or prefer going straight into it with the main character? A really niche and nitpicky topic I know lol.",2026-02-07T11:40:11Z
spoiler,streaming,informal,after,"I just want to know whether this is a major spoiler or not. I really want to watch the series Dark, because I’ve seen a lot of people praising it and calling it one of the best shows ever. However, someone told me that the main plot of Dark is “the main character loves his aunt.” After hearing this, I started feeling a bit uncomfortable and disappointed, and now I have a bitter feeling about starting the show. I still want to watch Dark, but this one statement is making me doubt my decision. So please tell me honestly: does this spoiler really matter, and will it ruin the experience of watching the series? I want to know if it’s still worth watching despite knowing this detail.",2026-02-07T11:40:02Z
spoiler,streaming,informal,after,"was a couple chapters on the Black Tower during and post cleansing.   I know one of RJ's points in CoT was showing how limited the perception of the wider world was regarding Rand's feat. Only channelers knew anything at all was happening, and even then only the male channelers actually knew what happened.   But boy, this one really encapsulates the slog. RJ indulges his descriptive prose way too much in Perrin's chapters, imo, making them a real chore and we could really do with less of Elayne here as well.  Although tbh, I actually really enjoy Egwene's journey in this one.  Nonetheless, some trimming of the above-mentioned fat and adding in maybe around 50 pages describing the absolute upheaval that must have been happening at the BT during and after, maybe with some of Taim's perspective about how he was going to have to change his plans (could have been a great hint at his later reveal) could have saved this book and made it much more captivating.   I personally always thought a BT perspective around this event was one of the biggest things left desired from the series.  What do y'all think?",2026-02-07T11:39:17Z
spoiler,streaming,informal,after,"was a couple chapters on the Black Tower during and post cleansing.   I know one of RJ's points in CoT was showing how limited the perception of the wider world was regarding Rand's feat. Only channelers knew anything at all was happening, and even then only the male channelers actually knew what happened.   But boy, this one really encapsulates the slog. RJ indulges his descriptive prose way too much in Perrin's chapters, imo, making them a real chore and we could really do with less of Elayne here as well.  Although tbh, I actually really enjoy Egwene's journey in this one.  Nonetheless, some trimming of the above-mentioned fat and adding in maybe around 50 pages describing the absolute upheaval that must have been happening at the BT during and after, maybe with some of Taim's perspective about how he was going to have to change his plans (could have been a great hint at his later reveal) could have saved this book and made it much more captivating.   I personally always thought a BT perspective around this event was one of the biggest things left desired from the series.  What do y'all think?",2026-02-07T11:36:24Z
spoiler,streaming,informal,after,">!I don't know if I missed something, but I keep thinking about this so I thought I'd discuss it here. In S2E6 MIST tries to defeat Holstrom, ultimately gets talked into sparing him and tries to discuss it with Maddie, leading to a fight between the two. Do you think there is a chance that MIST might have stopped Holstrom in one of the countless simulations created by Maddie, therefore not leading to Caspian being uploaded and almost killed by SafeSurf, therefore leading to a whole alternative scenario?!<  >!What I mean is, maybe MIST didn't get talked into sparing Holstrom, or Maddie actually listens to what MIST has to say and eventually convinces her to fight Holstrom, resulting in his elimination there and then. In that case, would Caspian and Maddie be able to live a 'normal life' like they were talking about just in the scene prior to Maddie's fight with MIST? Is that not an option because when, twenty years later, the whole mess with SafeSurf and Julius Pope unravels, Caspian couldn't have stopped SafeSurf and relayed the message through his body to Maddie? But also, if Caspian was alive and awake the whole time, maybe that whole scenario would have been different.!<  >!My guess is that MIST would always be talked into sparing Holstrom in every scenario, and Maddie would always get mad, but if Dyson Sphere Maddie could take Simulation Maddie's place, couldn't she try and reason with her and maybe manage to eliminate Holstrom on the spot? I'm assuming the whole sequence in Norway wouldn't have happened then, and maybe they wouldn't have had their son, so maybe she wanted things to go over exactly the same, but who knows? Also SafeSurf did mentione that specific amount of time through Caspian, so I understand that Dyson Sphere Maddie wants to get to the bottom of that, but still, wouldn't that alternative future make it so that they don't ""miss their future""? Any thoughts?!<",2026-02-07T11:35:30Z
spoiler,streaming,informal,after,"Only took me 16 years to pick up and read this. Alan Wake novelization by Rick Burroughs (who may or may not be a pseudonym) was released in May of 2010, around the same time the game was released on Xbox.  The novel is around 300 pages long, and follows the story piece by piece in order of the events. All major characters are in it, all major plot points, and several pieces of dialogue are word for word.  There are some changes made, mostly for space saving reasons to my belief which I will list. The book also sometimes describes certain things relatively briefly, and it makes it a lot easier to read and follow along if you played the game - preferably several times - before reading the book.  It was very easy for me to visualize what Alan, Barry, Breaker and the others were doing as I was reading the book since I had seen this play out so many times, both in the original game and the 2021 remaster.  The book itself was very easy to read, and I finished the last 100 pages in a morning's sitting. It is well written for what it is, and much better to plow through than I had expected from a novel adapted from a video game.  I get the feeling that the author ran out of time, and there's a lot more nuance in the earlier half of the book than the latter.  It's not exactly Wake's manuscript, even if some of his pages - as well as pages from the Alan Wake Files - are included in between chapters. These pages are almost random and felt kind of off at times. They almost felt like padding out the book, or blatant fan service and was mostly no that necessary, especially since most of the pages that were necessary were directly quoted in text of the chapters.  They even included some of Pat Maine's radio segments which was nice!  Reading the book made me feel like watching a let's play (in my head) and there were no real problems I had with the novelization. It's not a master piece in the way that it presents deeper analysis of events, it stays very true to the story and plays it somewhat safe in that regard.  I've tried to read other game novels and they've been terrible, and that is most definitely a testament to that this novel does an exemplary job in conveying the story of the first Alan Wake game.  DIFFERENCES \*SPOILERS\*  >!\- In the beginning of the story Alan and Alice find a car in the woods seemingly dropped from the sky - very similar to the boat in the trailer park in the game.!<  >!\- Wake leaves his gun at Stucky's gas station and goes with Barry to retrieve it before going to the Elderwood National Park!<  >!\- Barry, not Sarah, takes Alan to Cauldron lake to see that the cabin is gone.!<  >!\- Alan has a lot of thoughts concerning what is going on, and how this new situation makes him feel. This is mostly present in the beginning. He thinks a lot more about the people he ""kill"" like Stucky, and very much so Rusty - even crying at the fact that he met the guy and knew of his affection to Rose. Alan is a lot more sensitive, at least in the beginning, than the in game Alan.!<  >!\- There's waaaay less fighting Taken in the book. The ""bosses"" if that's a word for it are encountered for, but most of the ""normal"" taken are very few and far in between that he actually fights.!<  >!\- A funny thing is that Alan tries to get Barry out of Rose trailer by putting him on a wheelbarrow (no joke) and he is about to get him to their car when Nightingale shows up and he has to go.!<  >!\- He had a plan to contact Sheriff Breaker after Rose's trailer to team up and surprise the kidnapper. Nightingale's apperance prevents this.!<  >!\- Alan has an image of Weaver appearing before him in the cell in Bright Falls.!<  >!\- Nightingale briefly mentions Finn (referenced a lot more in Alan Wake Files).!<  >!\- Barry, Wake and Wheeler all go to Weaver together at the dam and Breaker tells Weaver that Alan is a friend. This obviously mean that they all simply go through the water pipe together to the dam, and the in game segment is totally skipped.!<  >!\- Alan doesn't threaten Breaker with a gun (I liked this change a lot, she just ""understood"" which I think was a valid change)!<  >!\- Breaker meets and help Alice when she comes out of the lake, even gives her a blanket and coffee.!<  >!\- A neat thing is that Alan himself reflects on ""whether Thomas Zane was a handy creation of Alan Wake... or whether Wake was a creation of Thomas Zane""!<  >!\- Tons of parts are skipped, especially in Episode 6 where Alan simply gets in a car from the power station and drives to Cauldron Lake and jumps in after shooting a single flare into a tornado just kind of sitting there on the lake. Everything else - even the Majestic motel - has been cut. Tons of action heavy segments are simply gone.!<  >!Another obvious scene cut was Wake meeting Pat Maine at the radio station.!<  >!Night Springs TV show is mentioned, but we never actually get to see a proper description of an episode.!<  IS IT RECOMMENDED?  So do I recommend the book? Well of course! For all of us wishing there was a ""Departure the novel"", well this is it! It's still in print so it is easy to get a hold of and for us super fans (or Roses) it is a must have collector's item, and a must read.  I had a lot of fun reading this, just seeing every scene in my head, hearing Barry's and Alan's and the other's voices in my head. It's more condensed, but makes the story somewhat simpler to follow and reflect on.  It's not exactly a replacement of the video game since the video game is longer, and has more scenes to it, as well as descriptions like visuals. Like said, I do recommend playing the game first, and read the book after - usually I'd say it's the other way around, but I think a casual reader might be confused by the book if one hasn't played the game.  I will actually play Alan Wake 2 after this since I feel it was almost a complete playthrough in book form. I feel that the characters were true to themselves and I had a lot of fun reading it.",2026-02-07T11:32:20Z
spoiler,streaming,informal,after,"I know this is going to sound a little tinfoil-hat-ish, but the more I think about it, the more convinced I am that George R.R. Martin is going to skip The Winds of Winter entirely and jump straight to A Dream of Spring.  Hear me out before you downvote me into oblivion.  Martin has been very open about how massive and complicated the story became after A Dance with Dragons. By most accounts, he’s been wrestling with dozens of POV characters, timelines that don’t quite line up, and major battles that were supposed to happen already. At some point, you have to wonder if the structure of book six just collapsed under its own weight.  What if the solution isn’t finishing the book as planned — but reorganizing the narrative completely?  Authors sometimes realize that the story works better when told from a different angle. Instead of forcing Winds to function as a traditional continuation, Martin could write the endgame first and then weave the missing events into flashbacks, memories, or charcter reflections. It would actually fit the series pretty well, since ASOIAF already plays with unreliable narrators and fragmented perspectives.  Also, Martin is not getting younger. If he feels the pressure of time (and let’s be honest, he probobly does), focusing on the final arc might be the most eficient way to ensure the saga actually gets an ending. Writing toward a conclusion can be far more motivating than endlessly untangling the middle.  And honestly, after seeing that one fan basically corner him and ask about his death like they were discussing a delayed Amazon package… maybe I wouldn’t be in a rush to share my writing plans either. Seriously, who thinks that’s an apropriate way to talk to an autor? If anything, moments like that make me think he might prefer to work quietly and just drop the finished book on us without years of updates.  Now for my wildest prediction: July 7th, 2027.  Why that date? Triple sevens have a strangely mythic quality, and publishers LOVE symbolic release dates. It lands in peak summer when hype cycles are strongest, and it gives enough runway for a massive global marketing push. Imagine the annoncement: after years of silence, suddenly the final book is real and has a locked date. Internet explodes.  Another reason I think this could happen is that Martin has repeatedly said he writes a lot more than people see. It’s not imposible that huge chunks of material already exist but don’t fit the book everyone expects. Reframing them inside the final novel might actually solve multiple problems at once.  Yes, this would be controversial. Yes, some fans would be furious about “missing” the sixth book. But if the tradeoff is getting a finished story instead of eternal waiting, I think many readers would accept it.  Anyway, this is probobly wrong — but at this point, predicting anything about this series feels slightly delusional. Curious if anyone else thinks a structural swerve like this is possible, or if I’ve just been waiting so long that my brain is inventing cope theories ",2026-02-07T11:28:29Z
spoiler,streaming,informal,after,"Just beat Sol and Vin after trying for a lot of time. The reward was a mod (which is not even that good), and a minor piece of lore.  Also, it revealed the elevator which was teasing me from the start was only a return point.  I love the game, but feel overall some rewards could be more impactful, not just for completionists. Specially since when playing blind, you normally expect something of value after one of the hardest bosses in metroidvanias.",2026-02-07T11:23:17Z
spoiler,streaming,informal,after,"Alright I finished the show a couple of weeks ago and I can't stop thinking about it, whether I like it or dislike it. I found the show after watching a [youtube edit](https://www.youtube.com/watch?v=_MGlFWaanNU&pp=ygUJZ2F0ZSBlZGl0) of some of the combat scenes in the early episodes. Seeing a modern military dunk on fantasy characters tickled a boyish fascination in me. The first few episodes are good, not only because its when the animation is at its best, but also because the premise is really interesting, but I felt that the show just got uncomfortably weirder and worse the longer it went on. Spoilers for the show ahead.  Put simply, this show is about watching cool military guys with guns blowing stuff up without repercussions and aura farming as these Medieval plebs helplessly gawk at their tech. And like... that is pretty cool... it appeals to the military nerd buried deep inside me... it's cool watching fantasy clash with our modern world. My problems arise from how shallow and shameless the show is with its portrayal of the JSDF. The elephant in the room is that this show is at its core, blatant JSDF military propaganda. I don't inherently have a problem with that, but since its so excessive it ends up hurting the show. The JSDF are basically Angles, they can do no wrong. A few scenes really stick out as just glazing them to the fullest extent. The trial in Japan regarding Itami's actions is so carefully staged to paint the civilian politicians as stupid, incompetent, and a nuisance for a virtuous man just trying to do his job. Another line that stuck out to me was when Russian and American spec ops were attempting to abduct the main cast, only to get absolutely dominated by the JSDF. One of the soldiers even says something like ""wow, these JSDF guys are really good."" And my all time favorite, straight up comical, is when the lady with the wings (forgot her name) remarks that they owe their gratitude and thanks to the JSDF for lending a helping hand in the capital slums. These are just some examples, but the flattery of the JSDF is nonstop aswell as making fun of those who question their virtuous intentions. Tbh it's so over the top that its more funny than anything else. You'd think it might even be satire, except it becomes sad when you realize its not.  What frustrates me the most, is how such an awesome premise is completely wasted. There is a lot you could do with ""what if a gate opened up to a fantasy world, where the only thing preventing us from taking it over is our own restraint."" There are very obvious themes of colonialism and imperialism here just ripe for narrative use, but once the show develops a pace, its just following Itami on his zany quests with these fantasy characters. The annoying part is that they scrape the surface on some of the themes they could dive into, meaning that they know they could go into this, but simply refuse to. A great example is when the JSDF is attempting to secure resource rights for one of the Kingdoms. It's said that their world is full of resources that the natives aren't capable of exploiting. What would Japan do in this scenario? Well we never find out. The fact that the gate connects to Japan is interesting in of itself. Anyone who knows a little about Japanese imperialism in the 20th century, knows that they went absolutely crazy. In the West, we naturally tend to focus on Western imperialism more, but long-story short, Japan was an total menace in East Asia. So much so, that when they were defeated in WW2, their new constitution forbid them from waging wars of aggression. That's literally why the JSDF is called the JSDF; the Japan ""self-defense"" force. Suffice it to say, a nation with that history, establishing first-contact with this new world, creates a incredibly interesting premise. The show doesn't use this at all. Instead it presents a shallow ultra-nationalist power fantasy, where the JSDF can just let loose on a hilariously stupid enemy.  Another crazy thing is that magic is a thing in this world, and the JDSF, no one on Earth for that matter cares? Discovering magic is real would be a colossal discovery, and you'd think everyone would be racing to learn to harness this but nope. Conversely, Lelei uses Chemistry knowledge she picked up in Japan to greatly improve her spells. That's really cool, and is never expanded upon.   The last thing that tanks my ability to enjoy the later half of the show is the lolicon shit. I knew of this stuff before I started watching anime, but I never encountered it until watching this show. At the end of the day I simply ask: Why? It's gross, makes me uncomfortable, and also adds literally nothing to the plot. The one time it does, is when the little girl ""falls in love"" with the Japanese diplomat, and so he has to violate their treaty to save her. Like ok, you needed that to advance the plot, but you could've made it a normal adult protective of a child dynamic, or like a guardian-daughter thing. That would cut out the weirdness, and you still have your plot device. Like literally who is this for? To entice some degenerate to sign up for the JSDF!? Like WHY!? I can enjoy the rest of the show fine, despite its over the top propaganda, but this stuff is just disgusting and weird af.   While I was writing this I was reminded of my love for the movie Starship Troopers, which can be compared to Gate. Starship troopers can be enjoyed as this very over the top, extravagant, military action movie. But it also can be enjoyed because of the brilliant and hilarious amounts of satire and depth it has. When you dig into those layers, Starship Troopers becomes a deeply anti-war and anti-fascist movie, that's also fun to watch. Gate doesn't need to do this, but it's lack of depth prevents it from being anything more than a JSDF recruitment ad. Which while entertaining, leaves behind so much potential for a truly fascinating story.  I'm curious for anyone else's feelings towards the show, or any thoughts.",2026-02-07T11:22:35Z
spoiler,streaming,informal,after,'Its offical were be getting a horse box' including a horse pass possibly' and they are not adding event currency so it will possibly be for bucks or a horse pass reward let me know what u guys still know abt next week <3,2026-02-07T11:21:35Z
spoiler,streaming,informal,after,"Hey guys, new player here 👋  I started playing a few days ago and I’m having a lot of fun so far.  I just reached the Renoir fight at the Palace in Lumière, i haven’t really upgraded any weapon or made any real Picto builds at all  I’ve basically been running whatever looked okay on my characters, since everything was going smoothly and I was kinda waiting for a worthy opponent.  (Renoir is not I almost beat him on my second try, but then he healed himself for 44K HP, and I was like yeah nope, I’m not doing it again)  So I figured it’s finally time to learn how the systems actually work and ask for help.  What are some common mistakes I should avoid when building characters or upgrading weapons?  Also, should I go back and level up my characters a bit because almost all my characters Skills are still locked.  No spoilers please 🙏  Thanks!",2026-02-07T11:21:34Z
spoiler,streaming,informal,after,"Hi, my gf is into anime and I used to be into that stuff as well. I remember reading the VN way back then on bootleg VN fan translation, to completion. I did watch fate/zero when it dropped as well, so I have the full picture on this universe.  However GF to my surprise started watching the deen adaptation and I've decided to join. I'm wondering what should be next in terms of twists etc? Fate/zero reveals lots of heaven's feel stuff, where if I remember correctly the shock value comes from seeing all the fucked up Matou shenanigans from Shiro's pov. In fate/zero it's straight up shown to the viewer and therefore might kill some of that reveal in HF.  But I've also read somewhere that HF movies don't make much sense if you're missing fate/zero context as it's after all a ufotable product, and that's their release order.   I see the pinned post that says to skip the original route entirely so I'm unsure if I can trust that one.  What should the order be in our situation, I'm thinking DEEN, UBW HF and F/z, but I haven't seen UBW adaptation or HF movie so unsure about the f/zero callbacks and how it feels as a viewer.  feel free to throw spoilers around if it helps make a decision.",2026-02-07T11:20:49Z
spoiler,streaming,informal,after,"Hey everyone, I have a question: does Goro's game have any spoilers for Infinite Wealth? I'm asking because I haven't played Infinite Wealth yet.",2026-02-07T11:17:50Z
spoiler,streaming,informal,after,"It is probably the best handling car I've driven in the game (I don't usually buy cars). It has perfect balance around corners and at high speed with very little correction needed (I am on a controller, you may disagree with my opinion)  For 2.5 million, it's not stupidly overpriced either. For that, you get RWD and around 210hp, which is roughly 60\~100 less than the GT-R(I haven't checked how much the GTR has in game, I don't have the money rn)  Doing Taikyu with it straight from purchase, you can easily do a sub 9 minute with no tires, gearing or tuning(I did 8:56 with a few mistakes and overconfidence)  Customization is huge, as expected with new the new cars, having tons of stickers bumpers, spoilers etc.  Sound is a little different due to it being an RB25DET instead of an RB26, it also has lower RPM at around 7200.  If you're trying to get a good handling RWD coupe that isn't an AE86 or a Silvia, and around the same price range as an S13 get this. It may be overrated due to just being released but it is a seriously good car, both for aesthetic and performance ",2026-02-07T11:13:06Z
spoiler,streaming,informal,after,"Hey everyone, I’m posting this because I’m honestly worn out by how chaotic the IPTV scene has become in 2026. If you’ve been searching for the best IPTV, best IPTV service, or best IPTV subscription, you probably know the pattern already: everything looks great during the 24-hour trial, then the buffering starts the second a big game kicks off, or the provider simply vanishes after you pay for a six-month sub.  Over the last year, I tested more than seven different services. Some were okay for a short time, some were clearly overloaded, and a couple were straight-up disasters. Recently,however, I settled on [Joy-iptv.com](https://Joy-iptv.com/), and after using it consistently for my daily viewing, I felt it was worth sharing a real, no-nonsense review for anyone still trying to find a solid IPTV service this year.  Why Finding the Best IPTV is So Hard in 2026  Cable prices are now basically a second mortgage, and even the ""legal"" streaming apps have hiked their prices so much that cord-cutting barely feels like saving money anymore.  This has led to a market flooded with ""budget"" resellers. You see them on Telegram and Reddit promising 50,000 channels for $5. Spoiler alert:those servers collapse the moment traffic spikes. My criteria for a top-tier service were simple:  ● Stability: No freezing or ""looping"" during live sports. ● Support: Real human help via WhatsApp, not an automated bot. ● Quality: True 4K and High-Bitrate HD—not blurry, upscaled garbage.  Why I Chose [Joy-iptv.com](https://Joy-iptv.com/)  I first saw Joy-IPTV mentioned in a tech forum specifically regarding their Anti-Freeze 10.0 backend. I didn't commit blindly; I started with their 1-month plan to stress-test it. After months of heavy use, here is the breakdown:  1. Channel Selection (What Actually Works)  Joy-IPTV doesn't just give you a ""bloated"" list; they prioritize the channels people actually watch:  ● USA / UK / Canada: Includes every local affiliate (ABC, CBS, NBC, FOX) and regional sports networks (TSN, Sportsnet, Sky Sports).  ● Live Sports: This is where they win. NFL RedZone, NBA League Pass, and every major Football league are available in native 60fps.  ● International: Huge coverage for Europe (Germany, Spain, France) with localized EPGs that are actually accurate.  2. The ""Joy"" of 4K Streaming  A lot of services label everything ""4K"" when it's just 1080p. On [Joy-iptv.com](https://Joy-iptv.com/), the UHD section actually triggers the HDR on my TV. They use H.265 optimization, which means you get that crisp picture without needing a NASA-level internet connection. 3. Support That Actually Responds I had a minor issue setting up my TiviMate playlist on a Saturday night. I messaged their WhatsApp support, and a real person replied in under 4 minutes. In this industry, that kind of response time is unheard of.  The Verdict  Is it perfect? No service is 100% flawless 100% of the time. But [Joy-iptv.com] is the first provider I've found in 2026 that behaves like a professional utility. It’s reliable, the quality is elite, and it doesn't disappear when the stakes are high.  If you’re tired of the ""trial and error"" cycle, do yourself a favor and check out the gold standard for this year. 👉 Official Site: [Joy-iptv.com](https://Joy-iptv.com/)",2026-02-07T11:11:27Z
spoiler,streaming,informal,after,"I ask because i personally feel like what van said to nina: ""I just feel a connection to you, Like we can understand each other."" It really feels like it has a double or triple meaning. That Van may not be from zemuria, hence him not knowing his parents and the ""parents"" who orphaned him said he was a demon. So maybe those weren't even his biological parents either.      There's also the fact that this is the first time the grandmaster has appeared infront of the MC of any of the arcs and i believe that there was some sort of intention or purpose here. Nina is also compared to the grandmaster, so there is a chance that the grandmaster is not from zemuria either.      But either ways there are two things that have bothered me and to dumb it down:     1. ""I feel a connection to you"", what van said.  2. Grandmaster personally met van and his gang.     What do you think? Do you think this theory is bad? Do you think there are some merits to this and if there is, could it be better explained? ",2026-02-07T11:11:05Z
spoiler,streaming,informal,after,"Me? One word...sadness...  This might be one of the best story I've ever play so far in Wuthering Waves, beside 2.5 and 2.7",2026-02-07T11:09:47Z
spoiler,streaming,informal,after,"Like come on, you talk to Fairy near daily but you can’t recognize her voice??? Or you can recognize that Wishing Spirit has a different voice but don’t immediately recognize it as the other ai that Fairy specifically called out was special in Lockspring???  Also meme so people don’t get blasted with spoiler text.",2026-02-07T11:07:51Z
spoiler,streaming,informal,after,"Being based in the 1919 novel “The convict” by Konstantinos Theotokis.  Book spoiler alert: >!*A Himariote woman (Areti) gets pregnant after being raped by a roving bashibozouk/gendarme and escapes from the shame of the act to Corfu. Being a foreigner and an unmarried, she and her kid (Giannis; played by the adolescent Marccelo Hoja and the adult Kostas Nicouli) don’t have the best of times. Years latter, Giannis starts a relationship with his childhood sweetheart Margarita who loves him. She begins, however, a relationship with his friend Petros who does nor have his emotional and class baggage and marries him. A classic three way love drama begins.*!<",2026-02-07T11:07:14Z
spoiler,streaming,informal,after,"So I wanted to try the new version and thought starting with the planetoids and the waterpark seed would be fun. Everything began pretty well. No tedious mining, found a ton of good gear etc. However when I went deeper there was a ton of lava.    I am getting straight to the point. I looked at my world with terramap and my underworld is completly flooded with lava. There are some small open pockets where planetoids spawned and I even found a hellforge in terramap. Any idea how I can possible get through this giant lava lake? Is there a way to beat the wall of flesh (its a master mode world) or should I just abandon ship?",2026-02-07T11:06:41Z
spoiler,streaming,informal,after,"So, I came into this sorta very late as I never really thought \*Spartacus\* would be my kinda thing but I happened to find \*\*House Of Ashur\*\* when scrolling for something to watch and sort of loved it lol  You guys here recommended I watch the OG seasons / show so I was like wth let’s give this a shot and omggg it was sooo much fun and just amazing so much so that the first season (the one that starts with \*\*Spartacus\*\* not the one that takes place before that timeline wise) is my favourite and I was just obsessed with it so I watched the whole thing in 2 days lol !! I then watched the prequel or the season that takes place before that one, yep super good love it.   But … Idk if it’s because they recasted \*\*Spartacus\*\* himself or because the vibes & setting is different but I’m having trouble with it I feel like, idk I’m just not as much invested or enjoying it as much so ig I’m asking if I should stick it out, like is it really worth it if I continue. Like does it get better and is the pay off worth it or should I cut my losses and abandon it atp lol.   Also did anyone else feel this way when watching this season or is it just me ??? ",2026-02-07T11:05:33Z
spoiler,streaming,informal,after,I basically need motivation to start this since it’s regarded as the best fantasy series on book tok but I’m mostly a romantasy reader aand apparently that’s not there until book5? And people always give a vague idea abt this so I don’t really get anything that prompts me to read it. I’ve read and loved acotar and know a few spoilers from the series like >!Celena is aelin tho idk what that means and someone called sam dies?!<  I sure hope those aren’t the biggest ones,2026-02-07T11:05:27Z
spoiler,streaming,informal,after,Without any show or book spoilers- can someone explain the rules of this trial of 7 match? We are seeking to know if Dunk is guilty/innocent in the eyes of the gods…so…does the match end when the person on trial dies? What happens if Dunk were to dies first? Can combatants bow out if they are crippled or badly injured or is it required that all 7 die for the other side to win? Any other interesting rules?,2026-02-07T11:04:27Z
spoiler,streaming,informal,after,"Dear studio heads,  The finale was amazing!!  WE NEED MORE SPARTACUS. GREENLIT IT ALL.  We need all seasons planned for House of Ashur  WE REALLY NEED THE GANNICUS spin off  WE also need Spartacus Liam Mcyntire back in a spin off where he kills Crassus and we go fight ROME.  Bring the Spartacus Universe to life. So we can share cups and break words!",2026-02-07T11:02:55Z
spoiler,streaming,informal,after,Trump can get to yes with Tehran if he wants to,2026-02-07T11:02:29Z
spoiler,streaming,informal,after,"Book Chat Saturday! Share with us what you've been reading this week.  Happy Saturday everyone!  *Book Chat Saturday* is our weekly social thread for general book chat. Share with us what you've been reading this week. Any yays or nays? Any new authors you've discovered or genres/sub-genres you've been exploring? Any books that we should run not walk to add to our own TBRs?  If you're looking for your next read, check out what others have been reading and enjoying lately or head on over to our collection of [book rec megathreads](https://www.reddit.com/r/fantasyromance/comments/y99uxx/fantasy_romance_book_rec_megathread_master_post/?utm_source=share&utm_medium=android_app&utm_name=androidcss&utm_term=1&utm_content=share_button).  Please remember to keep any spoilers covered up in this thread as we may be intrigued and want to read the book as well. Thanks and happy reading everyone!     [Book Chat Saturday](https://i.postimg.cc/Tw2Sp7cx/saturday.jpg)",2026-02-07T11:01:35Z
spoiler,streaming,informal,after,"Like it's crazy. I can use the built-in drawing tool to make blueprints on attached images, and it comprehends flawlessly (i.e. ""place character from attachment 2 into red box on attachment 1 while holding item from attachment 3"".)      It's crazy, and it inspired me to subscribe and support them monetarily. Fucking insanely cool system that democratizes artistic expression to everyone.     Absolutely wild how well it works for me.      How's it been for you guys?",2026-02-07T11:01:17Z
spoiler,streaming,informal,after,"**What are you reading?**  This post is for discussing whatever you're reading right now. Loving a book and can't wait to see what happens next? Not sure you're going to like the resolution? Wondering how a trope is addressed and want some spoilers? Want to find others who share your excitement about a book or character? Share those thoughts here!  This post is intended as a discussion space, so if you'd just like to post reviews of books you've recently read or DNFed, please use the Weekly Roundup (posted every Friday).  **Need help deciding on a book?**  You can also use this post for questions like:  * Should I try this book? * Should I keep going/give this book another try? * Help me figure out if I'll enjoy this book * I'm not sure what to read next. Please help me choose between these options!  **Negative opinions are allowed**, but overly rant-y or judgmental comments may be removed, such as listing pet peeves, ""this book is terrible, why do people like it?"", and ""does anyone else hate this trope?""   *This feature is posted every Saturday.* *You can find the complete schedule of all weekly and monthly features* [*at this link*](http://www.reddit.com/r/MM_RomanceBooks/wiki/index/schedule)*.*",2026-02-07T11:01:06Z
spoiler,streaming,informal,after,"This is the Daily Wordle thread for the [NYT version of Wordle](https://www.nytimes.com/games/wordle/index.html).  Share how you did today here (and only here, please)!  *To automatically generate spoiler tags, use [Scoredle](https://scoredle.com)*!",2026-02-07T11:01:04Z
spoiler,streaming,informal,after,"...need therapy.  \*This is a LONG post\*  First off, Einar dying. I am not okay, and was not prepared for that. I'm still crying.  ANYWAYS, what are yall's thoughts? I've stayed off the forums to prevent me from seeing any spoilers.  Idk why I thought this manga would have a happy ending. I'm upset, not at Thorfinn or Einar, but humanity. WHY? Why are people's heart so devoid of love?  I don't know what to feel.  This has taught me so much. Sometimes no matter your intentions, this will happen.  I loved that it showed both sides of Canute vs Thorfinn and the pros vs the consequences.  Can you have too much of either side? On Canute's part yea....for Thorfinn? I would say yes-  I think there is a sweet middle that leans heavily on Thorfinn's side but if worst comes to worst will take on Canute pov.  Again, Einar's death might have just traumatized me for life .  \-   I side with both Canute and Thorfinn:  Canute wants to build paradise and first conquered the Vikings. I think this was a good call. Because of their belief system the Vikings were wreaking havoc on the majority of the world. Getting them under control will save MILLIONS.   I also believe in ""Just War Theory"" [link with sufficient details if your interested](https://www.thinkingfaith.org/articles/20131011_2.htm), so I do think a lot of what Canute does is justifiable/a good.  Now, Canute burning a town to stop spreading disease......eh I disagree.   Just because disease will be spread doesn't mean you kill the entire village. Have a village for the sickly, whilst supplying them with all livable conditions, and pray they survive.  \-  For Thorfinn, I agree so much more w/ his ideaology.   There should always be a FIRST option, even the Just War Theory includes this, and the 2nd option should hopefully never be used.   I also agree that there is no just violence.   You can't kill someone who MIGHT do something bad. That is unjust.  \-   But also...  ...I understand the ppl like Halfdan or Ivar.   IF after having taken the FIRST way and there are genuinely no other options then you need a defense system. HOWEVER, I also think you can immobilize ppl w/o killing them, like just chop of a limb or stab their leg or something.  HOWEVER, I also hold the belief that every individual person should build their own skills in combat (in modern talk think martial arts/boxing/self-defense), not to prepare for war but to be ready for it. Like Thorfinn, the only reason he was able to survive w/o using a sword many times is because of his training.  Morality is truly tricky 🥲  \-  Philosophical moment:  Each and every human life has worth.  Thorfinn understands this.  However, not everyone holds the same sentiment as him. So some will choose violence/evil.  \- the 4 types of love:  Storge (familial): think love for family, pets, or even small things you love like your shoes or the smell of bacon in the morning.  Philia (friendship): think love for friends, mutual goals/desires.  Eros (romantic): think of love for man vs woman. Husband and wife. Or it can also be love for the spiritual.  Agape (unconditional): think of love for everyone unconditionally. Self-sacrificial love that desires good for other w/o anything in return. Even wanting their good above your own.  \-  I think Agape is what that one priest was seeking and why he was so dumbfounded on hearing the story of Thors. This love is also what Thorfinn was seeking.  I also understand and desire this, wishing good upon everyone...but what if they commit a crime?  For ex.:  Someone breaks into my house and is threatening to kill my family. I've tried fighting them off (no weapons), I then try stabbing their leg or wounded them non-lethally, yet they still persist.  Considering they HAD a choice to do this, then it would actually be just/morally right of me to kill them.  This wouldn't be ""unjust violence"", think Hild intending to kill the chief dude or Ivar and his friends, Hild wanted to end it before things got worst. But that wasn't just. They hadn't done anything LETHAL yet, her life wasn't in immediate danger.  Back to the ex, because the invader chose to break in death was the likely outcome. Yes, every human life is sacred but our choices also come w/ consequences...I don't think the 2 ideas necessarily clash.  \-  2nd ex.:  Back in the day capital punishment would be a more common occurrence.  A mass murderer is on the loose, like Thorkell or Floki, they have no problem killing and have already murdered dozens.  Capital punishment would be used to help prevent the killing of more innocents, back then prisons weren't as fortified as today.  But what about now? Instead of capital punishment should we send this person to a prison? What if they escape? We knew the danger yet because we did nothing, 40 more people ended up dying.  They made a choice. Good or bad each choice has consequences (Thorfinn's ideology/Canute's ideology).  \-  3rd and last ex.:  People use guns to kill many.  However, they only kill people when their in the hands of bad people.  Guns can't be eradicated; they already exist.  If they're made illegal, like booze was in the 20's-30's, then it actually becomes a bigger problem...because now it's ILLEGAL and people will simply use other ways to get the guns.  Some say get rid of guns, only authorities should have them, if not, the common folk will kill each other. Well, what happens when the government is corrupt and now no one can defend themselves against tyranny?  What if guns are outlawed and, like the liquor, the bad guys still get them. Again we can't defend ourselves.  Thorfinn wanted no swords because of the signal it gave to the natives. But even so, wouldn't they have attacked either way? Again, people choose their actions, and this is why I say I side with both Canute and Thorfinn.  Edit:  Haha, I knew I had one thing to add.  When does not acting make us the monsters?   I  Like I've been saying, human life is the most precious.  However, we also all have free will.  The free will to choose to do good or do bad.  If we steal, we chose bad and will get punished for it.  If we give a blanket to a homeless person, we are short some money and a blanket.  Consequences for both sides. You choose your consequence.  \-  Rules are also in place for a reason.  Like Halfdan said, without rules, you could do something and not be punished.  Without rules, chaos runs free and rampant.  Without consequences, chaos runs free and rampant.  I agree no one is our enemy. Not even those who have wronged us. But they need to have a consequence, not because of vengeance, or because they are a foe, but because, without rules there is chaos and many more will get hurt.  I  Our choices directly impact what will happen in our life good or bad.  Can being too nice...mercy has a price? But so does vengeance.  \-  Maybe it is better to die and not kill anyone....unless you have other's under your care and then suddenly those live's are not your own.  But is dying really the more ""noble"" choice? Now, many more are dead because you didn't take a stand.   I don't know.   The worst thing is, each and every scenario requires a different answer.   \-----  AGH  \*my head\*  I  Dear God, my heart feels so empty.  Anyway, again what are your thoughts? Even before Vinland, I contemplated these things. Now, even more 😭  Don't get me wrong, I love this story and will forever cherish it as a lesson for the wise.  P.s.  Off to finish Vagabond (I was reading both simultaneously)  After that I'm going to lighten my heart w/ some Hajime no Ippo  \*chuckles\*  \*sobs\*",2026-02-07T10:58:51Z
spoiler,streaming,informal,after,This post contains content not supported on old Reddit. [Click here to view the full post](https://sh.reddit.com/r/honk/comments/1qyaxvu),2026-02-07T10:57:44Z
spoiler,streaming,informal,after,Am I crazy or was that not her actual voice?  I've listened to it a few times and it does not sound like her.  Am I losing the plot??,2026-02-07T10:57:10Z
spoiler,streaming,informal,after,"# Drama Information:  * **Drama**: [Positively Yours](https://mydramalist.com/794566-positively-yours)    * Korean title: 아기가 생겼어요 / I Have a Baby * **Director**: [Kim Jin Seong](https://mydramalist.com/people/107291-kim-jin-seong) * **Network**: Channel A * **Episodes**: 12 * **Airing Schedule**: Saturdays and Sundays @ 10:30PM (KST)    * **Airing Date**: January 17, 2026 - February 22, 2026 * **Streaming Sources**: [Viki](https://www.viki.com/tv/41274c-positively-yours), Wavve, TVING * **Starring**:    * [Choi Jin Hyuk](https://mydramalist.com/people/1328-choi-jin-hyuk) (Emergency Couple, Tunnel, You Are My Destiny) as Kang Du Jun    * [Oh Yeon Seo](https://mydramalist.com/people/1722-oh-yeon-seo) (Café Minamdang, Mad for Each Other, A Korean Odyssey) as Jang Hui Won    * [Hong Jong Hyun](https://mydramalist.com/people/2384-hong-jong-hyun) (What Comes after Love, My Absolute Boyfriend) as Lee Min Uk    * [Kim Da Som](https://mydramalist.com/people/4761-kim-da-som) (Serendipity's Embrace, He Is Psychometric) as Hwang Mi Ran * **Trailer:** [Main trailer](https://www.youtube.com/watch?v=qCQr8oQt6G4)  **Plot Synopsis:**  >A reverse romantic comedy about a ""shotgun romance"" that begins with a one-night stand between a man and a woman who both vowed never to get married in this lifetime.  >Kang Du Jun, a seemingly perfect second-generation chaebol from head to toe. Having decided that marriage was not in the cards for this life, he lives for his remaining family and company in place of his deceased older brother. However, his life takes an unexpected turn when he becomes entangled with Jang Hui Won after a wild one-night fling.  >Jang Hui Won, a career woman who scores 100 in work but 0 in romance. Scarred by her parents’ divorce and a harsh upbringing under a cold, critical mother, she has shut herself off from the idea of marriage and embraced singlehood by choice. But her carefully structured life faces an unforeseen twist following that one impulsive night.  Adapted from the webtoon ""Positively Yours"" by Lee Jeong (이정), published by [Naver](https://series.naver.com/comic/detail.series?productNo=5110154), licensed by [Tapas](https://tapas.io/series/positively-yours/info).  **Previous Discussions:**  * [Episodes 1 & 2](https://www.reddit.com/r/KDRAMA/comments/1qfc2ta/positively_yours_episodes_1_2/) * [Episodes 3 & 4](https://www.reddit.com/r/KDRAMA/comments/1qlki87/positively_yours_episodes_3_4/) * [Episodes 5 & 6](https://www.reddit.com/r/KDRAMA/comments/1qrzoz8/positively_yours_episodes_5_6/)  # On-Air Rules:  **On-Air Rules:** Users participating in any On-Air discussions in [r/KDRAMA](https://www.reddit.com/r/KDRAMA/), like this current post, should read and follow our [On-Air-Rules](https://www.reddit.com/r/KDRAMA/wiki/rules/#wiki_5._on-air-rules) (section 5 of our Rules), a subset of rules tailored for our On-Air discussions. These rules specifically cover permitted user conduct, content and frequency of comments, and spoilers in On-Air discussions. Consequences of not abiding by the On-Air-Rules include bans so please familiarize yourself with these rules before participating in this post or any other On-Air discussions. Ignorance of On-Air-Rules is not a defense.  **Spoiler Tag Reminder:** As per our On-Air-Rules, spoiler tags must be used for major spoilers of the On-Air drama and when spoiling a different drama or other material (ie. webtoon, book, movie, etc.). When the spoiler is for anything other than the On-Air drama, you must make it clear on the outside of the spoiler tags what is being spoiled. Review our [On-Air-Rules](https://www.reddit.com/r/KDRAMA/wiki/rules/#wiki_5._on-air-rules) for additional guidance.",2026-02-07T10:48:21Z
spoiler,streaming,informal,after,"Hello, darlings, this host here who may or may not be roleplaying as the WONDERFUL Mettaton will present to YOU the CHEERFUL, and BLOODLUSTING... INDIE TOURNAMENT! Where YOU! My SPECTATORS are able to VOTE on which of those puny little critters from your favorite Indie Games will get the best result at punching eachother! Our contestants AREN'T playing around DARLINGS! I will now introduce you to EVERY SINGLE ONE OF THEM!  1. The child who fell onto the underground, a whole new world where they chose to spare instead of fight the creatures that inhabited it. The fate of the monsters rested on someone else, but now it rests on you... ***FRISK***.  2. A cartoonish warrior who made the fatal mistake of dealing with the devil. Now it has to fix the mistakes caused by said deal. Never deal with the devil, take that as advice, ***CUPHEAD***.  3. No cost too great. No mind to think. No will to break. No voice to cry suffering. Born of God and Void. You shall seal the blinding light that plagues their dreams. You are the vessel. You might not be the Hollow Knight, but you are our last hope, ***KNIGHT***.  4. The one you most cared about, fallen onto a darkness that forced you to kill them. You had to leave your rest, and fight so you could destroy what made them be the plague they are now. It must be sad, right ***SHOVEL KNIGHT***?  5. The only objective you wanted to achieve, was to reach the peak of that mount. Truly a commitment, but you still had to fight your way through enemies, that were mostly a part you didn't accept of yourself. That is your story, ***MADELINE***.  6. A being that can possess the corpses of those who died from the disease that plagued your kingdom. Not much is known about this being that likes to make satire, but something we do know is that it's name is ***BEHEADED***.  7. He fought and scavenged through hell and back so he could cure himself from the terminal disease that a coyotte foretold he was going to die from. It was sad to see you try to strike at the root of the problem, and then see that didn't help in anything, ***DRIFTER***.  8. An ancient war machine that invaded the land of the lost souls to fuel itself, after cataclysma after cataclysma happened on their world. You were abandoned in favor of your stronger version, but you stay strong ***V1***.  9. Bound to the hands of fate and heaven, the vessel explores twisted, shadowed versions of their world. Your choices don't matter, and they never did, but you try your best to keep yourself free from all chains that bind you, ***KRIS***.  10. The hunter of truth, the reaper of souls, the wanderer of lands, the beast that finds the bells, the witch of silk, the architect of a travel, and the shaman from another kingdom. You must free them from void, lifeblood, and haunting, ***HORNET***.  11. Scale up the tower to save you from going bankrupt, i guess? The pizza is both your friend and your enemy, and you must sprint through each level untill you can take on the evil pizza man, ***PEPPINO***.  12. You can talk to God. You can choose if this world lives and dies. You are the messiah from another world, and the fate of these lands are in your hand, ***NIKO***.",2026-02-07T10:48:14Z
spoiler,streaming,informal,after,"I have yet to see anyone actually like any of the toilet humor in AKOTSK. I don’t even think the cast found it funny. It’s weird, gross and just not funny. It honestly really drags down the show.  I don't know why Ira Parker was so insistent on it but hopefully some feedback comes back to him. Do you think he will continue this type of humor in the next seasons or will tone it down?",2026-02-07T10:46:04Z
spoiler,streaming,informal,after,Got my daughter at 71 gurranteed ,2026-02-07T10:45:54Z
spoiler,streaming,informal,after,"I used to think intelligence was something you're born with. Then I started paying attention to the smartest people around me, my mentors, colleagues, even random successful strangers on LinkedIn. Turns out, their ""genius"" wasn't some genetic lottery win. It was what they did daily. So I went deep into psychology research, high performance podcasts, and bestselling books about cognitive mastery. And honestly? The patterns were wild. Most of these habits are stupidly simple, yet almost nobody does them consistently. Here's what I found.  **They consume information like athletes consume protein.** Smart people don't just passively scroll. They deliberately feed their brains quality inputs every single day. I'm talking structured learning, not doomscrolling Twitter threads. One book that rewired how I think about this is ""[Make It Stick](https://a.co/d/036KEDa2)"" by Peter Brown, Henry Roediger, and Mark McDaniel. These are cognitive scientists who basically destroyed everything you thought you knew about learning. The book won science writing awards and presents decades of research in a way that's actually digestible. After reading it, I realized I'd been learning wrong my entire life. Best book on memory and retention I've ever touched. The core insight? Retrieval practice beats rereading. Quiz yourself. Struggle with recall. That's where growth lives.  Another gem is the podcast ""Huberman Lab"" by neuroscientist Andrew Huberman from Stanford. This guy breaks down brain optimization protocols that sound too good to be true but are backed by peer reviewed studies. Episodes on focus, dopamine regulation, and neuroplasticity are genuinely life changing. No fluff, pure science translated for normal humans.  For those wanting structured daily learning without the time drain, there's [BeFreed](https://apps.apple.com/us/app/befreed-learn-anything/id6739747450), an AI-powered app that pulls from thousands of books, research papers, and expert talks to build personalized audio podcasts. You type what you want to learn (like ""become sharper at strategic thinking as an overthinker""), and it generates a learning plan tailored specifically to you. What stands out is the depth control, you can do a quick 10-minute overview or switch to a 40-minute deep dive with real examples when something clicks. Built by a team from Columbia and former Google engineers, it's designed to make learning feel less like work and more like an addictive habit. The voice customization helps too, you can pick anything from a calm, conversational tone to something more energetic when you need focus.  **They protect their attention like it's currency.** Because it literally is. Research from Microsoft found the average human attention span dropped to eight seconds. Smart people know this and guard their focus ruthlessly. They use tools like the app ""Freedom"" which blocks distracting websites and apps across all devices. You can schedule focus sessions in advance, set recurring blocks, even lock yourself out of the entire internet if needed. It's aggressive but it works. When your phone isn't screaming for attention every 90 seconds, your brain can actually enter deep work states. Cal Newport talks about this extensively in ""Deep Work,"" which should be required reading for anyone trying to accomplish literally anything meaningful. Newport is a computer science professor at Georgetown and his argument is simple but powerful: the ability to focus without distraction is becoming rare, therefore it's becoming valuable. Insanely good read that'll make you rethink your entire relationship with shallow work.  **They write to think, not just to communicate.** Smart people journal, take notes, write essays nobody will read. Why? Because writing forces clarity. You can't bullshit your way through a blank page like you can in conversation. When you write, fuzzy thoughts become concrete. Contradictions reveal themselves. Weak arguments collapse. I use the app ""Notion"" for this, it's flexible enough to handle everything from daily reflection to structured knowledge systems. But honestly, pen and paper works just as well. The medium doesn't matter. The practice does. There's neuroscience backing this up too. Writing activates different neural pathways than typing, especially handwriting. It slows you down in a productive way, forces deeper processing.  **They deliberately seek discomfort.** Not in some masochistic way, but strategically. They know growth happens at the edge of competence, so they intentionally put themselves in situations where they'll struggle. Taking on projects slightly beyond their skill level. Learning subjects that feel foreign. Having conversations with people who disagree with them. Psychologist Anders Ericsson spent his career studying expert performance and his research shows that deliberate practice, the kind that's uncomfortable and demanding, is what separates good from exceptional. His book ""Peak"" coauthored with Robert Pool breaks down exactly how top performers in any field reach mastery. It's not talent. It's structured, effortful practice that pushes boundaries. The book demolishes the 10,000 hour myth and replaces it with something way more useful. This completely changed how I approach skill development.  **They curate their environment obsessively.** Your surroundings shape your behavior more than willpower ever will. Smart people know this. They design physical and digital spaces that make good decisions easy and bad decisions hard. Keep your phone in another room while working. Put books on your nightstand instead of scrolling in bed. Surround yourself with people who challenge and inspire you. Remove friction from desired behaviors, add friction to undesired ones. James Clear covers this brilliantly in ""[Atomic Habits](https://a.co/d/03bUv3Ws),"" which has sold over 15 million copies for good reason. Clear is a habits expert who distills behavioral psychology into stupidly practical frameworks. The book will make you question everything you think you know about willpower and motivation. Spoiler alert: environment beats discipline almost every time.  **They treat sleep like performance enhancement.** Not negotiable. Not something to sacrifice for productivity. Smart people understand that every cognitive function, memory, creativity, emotional regulation, decision making, runs on quality sleep. They prioritize it ruthlessly. Matthew Walker's ""Why We Sleep"" is required reading here. Walker is a neuroscience professor at UC Berkeley and this book is basically a horror story about what sleep deprivation does to your brain and body. Then it's a redemption arc about how to fix it. The research is overwhelming. Sleep isn't downtime, it's when your brain consolidates memories, clears metabolic waste, and literally restructures neural connections. Skimp on it and you're operating on a fraction of your capacity. Best science book I've read in years, genuinely terrifying and motivating in equal measure.  The pattern across all these habits? Smart people treat their minds like athletes treat their bodies. With intention, structure, and respect. None of this requires genius level IQ or special circumstances. Just consistency and a willingness to do what most people won't. Your brain is adaptable as hell. Feed it right, challenge it daily, protect its resources, and watch what happens.",2026-02-07T10:43:30Z
spoiler,streaming,informal,after,"I am currently in Chapter 5 and attempting to collect the tropical animals before getting stuck in the level tree thing (like where you finish one mission and it leads into the next). But I just can't seem to find the 4 snakes and the booby. I have ran across the brush searching for snakes, and scoured the stream searching for the boobies, but it seems they are elusive in the only environment they are endemic to.   Can I ""reset"" spawns or something like that? After getting the gold medal on *Savagery Unleashed* I just want to get off this island.   Thank you.",2026-02-07T10:41:44Z
spoiler,streaming,informal,after,"Wordle game https://www.nytimes.com/games/wordle/index.html  Post your daily results here! It's a global game, so check the game number or date to be sure it's \*your\* day!  Please, you must use spoiler tags! Scoredle https://scoredle.com/ will automatically do that when you enter your guesses, click SHARE and choose '\*\*Copy (for Reddit)\*\*'. Then, simply paste it below.   Any questions?😕 Feel free to ask💬",2026-02-07T10:38:26Z
spoiler,streaming,informal,after,"Hey everyone!  I’ve been tinkering with an eGPU setup for my Framework 13 (Ryzen AI 9 HX 370, 96GB RAM) using an AOOSTAR AG02 dock and an old RTX 2070 Super (from my retired desktop). Since I’m running Bazzite (NVIDIA edition), I thought I’d share my experience—mostly because I hit a few walls and ended up temporarily switching back to Windows 11 for gaming. Here’s the story so far:  The Setup:  Laptop: Framework 13 (AMD Ryzen AI 9 HX 370, 96GB RAM)  eGPU Dock: AOOSTAR AG02 (800W PSU,  PCle 3.0 x16)  GPU: NVIDIA RTX 2070 Super (215W)  OS: Bazzite (NVIDIA edition) → now booting with Windows 11  Monitor: LG Ultrawide (connected via HDMI to the eGPU)  I chose the AOOSTAR AG02 because it's compact, has enough power for the RTX 2070 Super, and doubles as a dock (LAN, USB, etc.). The NVIDIA version of Bazzite was supposed to save me from driver headaches- but it didn't.  The Good:  Plug-and-play(ish) under Windows: Only needed to use the egpu script from the egpu.io forum -> Install NVIDIA Drivers and it worked.  Bazzite recognized the GPU: 1spci showed the RTX 2070 Super, and nvidia- smi worked... sometimes.  The Bad (and Ugly):  The GPU was detected (1spci), but nvidia- smi often threw ""No devices found"" or ""Unknown Error"" after reboots.  In Bazzite: Even when the GPU was recognized, Wayland refused to use it for display output.  After switching to Windows I had some issues with Bluetooth and Wifi drivers, now it works.  I really liked Bazzite (Gnome) and I didn't really wanted to go back to windows.  I installed Windows with Schneegans, so at least I ditched my MS Account and Copilot.  Questions for the Community:  Has anyone gotten Bazzite + eGPU + Wayland to work reliably? What's your secret?  I think about saving for an amd gpu, but first wanted to test the setup in general.  Edit: If you're running a similar setup, I'd love to hear your experiences-especially if you've cracked the Wayland+eGPU nut!  My framework rly wants to go back to bazzite soon xD",2026-02-07T10:35:03Z
spoiler,streaming,informal,after,"Slight spoilers for the Hope Reborn adventure.  Hello fellow game masters. I'm currently hosting the Hope Reborn adventure, and I've stumbled on a bit of an issue.  We're at the opening of the New Hope, with the attack set up and soon to happen. The problem is that my players decided to raid a Bozo hideout (unrelated to the adventure) on the morning of the same day, and are now sitting at single digits hp.  I'm not sure how to handle the mass combat now. I already considered either letting the attack happen, and switching the big fight to a desperate rescue, or simply give them NPCs to pilot (likely guests at the party). I'd love to hear if anyone has any ideas to get out of this conundrum!",2026-02-07T10:34:47Z
spoiler,streaming,informal,after,"! SPOILERS !  I find it extra heart wrenching when Olaf reveals to the Baudelaires the absolute love shared between Kit and himself, it is like the typical true loves kiss. I like to believe they were each-other’s true loves.   I’m going to go watch the scene and cry for the millionth time. ",2026-02-07T10:33:50Z
spoiler,streaming,informal,after,"Feb 11, 2023  Hey everyone, In today's episode I would like to continue where we left off in the world of custom design. If you missed it, we are working with Splittergang to design custom aero for the MK1 TT. In a previous episode we built a prototype spoiler extension and today we are giving side skirts the same treatment. I have quite a bit planned for the channel for the upcoming weeks and I hope you are excited.",2026-02-07T10:33:07Z
spoiler,streaming,informal,after,"**Welcome to the weekly /r/SHINee community thread!**  This is an open discussion thread! It's the place for questions or comments that don't warrant their own thread, along with any off-topic, non-SHINee things you'd like to share. Tell us about your day, your week, how your cat is doing!  Friendly reminder that [subreddit rules](https://www.reddit.com/r/SHINee/about/rules) still apply here. Please spoiler tag any mention of outside drama or potentially triggering content.   Happy commenting!",2026-02-07T10:30:30Z
spoiler,streaming,informal,after,"Jan 21, 2023  Hey Everyone, Today we are taking the prototype spoiler we were sent, and making a few changes. I want to redesign it so that it really flows with the car. Once we put our own spin on it, I think it will make a cool addition to the build. In this episode I wanted to share my general design approach that I think would be applicable to anyone trying to design their own custom aero. Design is something everyone should give a try at some point, experienced or not!",2026-02-07T10:29:57Z
spoiler,streaming,informal,after,"Just read up to Chapter 350 (end of Book 2) and I'm not really a fan of the direction the story took there. I enjoyed Book 1 a lot, Book 2 had more ups and downs but overall I guess I still enjoyed it up until the last part. Actually now that I'm writing it down I don't really know if I enjoyed it so much as I enjoyed the idea of the potential Book 2 had in regards to its story beats, but thinking about it again I feel like a good portion of them fell a little flat in the end. It wasn't \*bad\*, I still liked most of it, but I wish it was better because it really could have been.  Does the story get better or worse from this point onwards? I see a lot of mixed reviews online but most are old and I'd like to get some opinions from people who are caught up to recent developments.  EDIT: Spoiler tags aren't working for me for some reason so I'll just keep this question as vague as I can, when do they meet? What chapter? How long will I have to wait? Is it worth waiting for?",2026-02-07T10:27:19Z
spoiler,streaming,informal,after,"Jan 7, 2023  Hey Everyone, Today we are officially starting the pre wrap prep for the TT's cosmetic transformation. The first thing on that list is to fit a new front splitter. I have been missing one for a while now, and it is finally time we right that wrong. In this episode we were also given a really cool opportunity that I am giving an introduction to. I am so excited to show you all what I have been working on!",2026-02-07T10:26:42Z
spoiler,streaming,informal,after,"I bought yakuza 0 for the switch 2 and have been loving it so far,I also plan to play Kiwami and Kiwami 2 eventually, so my question is should I play Kiwami 3 or the old remastered version,I’ve been hearing that they changed a lot of stuff with the remake including some story points (no spoilers please) so should I play that one or just buy yakuza 3 on its own. ",2026-02-07T10:25:26Z
spoiler,streaming,informal,after,[https://www.instagram.com/p/DUc-eq4klwX/](https://www.instagram.com/p/DUc-eq4klwX/),2026-02-07T10:21:25Z
spoiler,streaming,informal,after,[https://www.instagram.com/p/DUc-eq4klwX/](https://www.instagram.com/p/DUc-eq4klwX/),2026-02-07T10:20:53Z
spoiler,streaming,informal,after,"Please no spoilers   What I mean by sandbox is like make it to where you can make custom battles, levels, have armies fight eachother kind of thing etc.   Please no spoilers ",2026-02-07T10:19:03Z
spoiler,streaming,informal,after,"Saya Kamitani retains against Starlight Kid in an almost 30 minute war! During the match Kamitani injured her fingers, which had to be taped up.",2026-02-07T10:18:44Z
spoiler,streaming,informal,after,*SPOILER* Third slide shows secret mission reward* (if that's something you care about)  Hi I don't post I just mostly lurk but I'm proud so here I am. I finally finished my Deluxe EX ◇-◇◇◇◇ and ☆. Honestly I'm so happy. If it wasn't for my friends I wouldn't have been able to do it. I know the true completionist would go for all cards even the ☆☆-☆☆☆. But as a day one player who has spent maybe $200 total across the life of the game (not including the membership) I'm truly happy with what ive accomplished. Thanks to my friends who helped make it possible!,2026-02-07T10:17:05Z
spoiler,streaming,informal,after,"Hey everyone! Back at it again.  If you were an ASU online student, I’m sure you’ve had that moment “ are they serious?” When you see the classes that you have to take are literally only offered an eight week sessions. Especially when you realistically CANNOT learn jack shit in eight weeks (depending on the course you’re taking but more true in maths and sciences). Like yeah, you might pass. But I guarantee you did not learn as much as you could’ve if ASU would offer these courses in full of 16 week sessions like a normal school. Why they don’t do this? I have literally never gotten a straight answer. It’s always just that dumb excuse counselor’s give, “ThAtS jUsT hOw ThEy Do It”. Lmao, like, no bro. That’s just ridiculous. Give me an actual reason. Spoiler alert, they never will. I’ve heard theories that the reason they do this is because that they know students are more likely to fail and have to retake it and pay again. I’m not saying that that’s true, but if it is, they really need to be held accountable. Anyway, I hope your semesters are going really well, but if you have a second, please sign this petition. I started this last semester, but I really wanna keep it going. These classes that are only available in A and B sessions have to start offering C sessions. It’s getting ridiculous.",2026-02-07T10:15:59Z
spoiler,streaming,informal,after,"I'm lost. First time playing with ridgeside mod and I just found the forest (with monsters and everything! They must have the purpose to protect something!), a few random crystals (I can't interact with but they look important) and waterfalls (where I can't even fish or get to the sword that lies there purposeless). I haven't gotten any quest, there aren't any hints and want to know what I'm supposed to do here...  Please spoiler me.",2026-02-07T10:14:15Z
spoiler,streaming,informal,after,I Yumeship myself with Eddie from stranger things and he dies In my AU he gets healed and becomes part Vampire but can I still Yumeship with him If he dies and can Yumeships use AUs ,2026-02-07T10:13:09Z
spoiler,streaming,informal,after,"This is will include spoilers from the early chapters of book 8.  i wanted to share my thoughts I have about Grim. I've been a fan of TWST for a year and I read some theories before so I'm not sure if anyone made this connection. I apologize in advance, if my theory sounds similar to the ones you may have seen before.  I think Grim was cursed to be a vessel of the blots. Since back in book 6 (I think), it was revealed of a 1,000 year old Primeval Spell casted onto him  Theory 1: what If the goal of the 1000-year-old curse was to create the Monster Grim seen in the prologue, then the overblots of the 7 Housewardens weren't accidents—they were the fuel. The fact that he ate the first stone in the mine (back in the prologue before Book 1) way before Riddle even overblotted is the biggest clue to me. Since he was so easily drawn to the stone at that very moment before eating it ( which came from the ink monster) might have been the catalyst that awakened his curse's hunger. Grim is no longer just a ""gluttonous cat"" he is now a living vessel for the combined negative energy of the entire school's elite.  Theory 2: Could this curse be also a blessing? Another version of this theory could be, that is the reason why Grim has no memories of his past and what’s been stopping him from transforming into the monster we saw. But each time he ate the crystallized blots, the spell gets weaker, thus he becomes a ticking time bomb.  This could also be tied to the “traitor or betrayal theory” I remember seeing people talk about that. Many believes it was Ace. But what if it was Grim? He couldn’t lying about his past. He knows what he is and what his purpose is and his true reasons why he came to NRC. This was arrange by the entity that cursed him.  From some videos I seen of book 8 so far, Grim mentioned of a nightmare he had. Grim wakes up from a nightmare about being tied up and dunked in ""smelly, sticky green sludge"" that turned his fur green. He thinks it was a dream caused by Ortho’s or Idia’s video game, (i forgot which one) but in Twisted Wonderland, dreams are almost always memories or premonitions. Could that dream be a sign that he’s becoming the monster we know he’ll become?  Also for the entity who cursed Grim, Could this be an enemy of someone at NRC? Or of Crowley? Or was Grim unplanned and he just happened to be at NRC “at the wrong place at the wrong time?”  Also two ways of this “possible enemy of Crowely theory”  Theory one: Crowley is the Minion. Crowley often refers to himself as ""kind"" but acts like a middle-manager. I remember seeing theories before that fans suspect he works for a ""Chairman"" or a higher power (potentially twisted from Chernabog or Yen Sid). In this case, Grim is a ""tool"" sent to Crowley to facilitate the Overblots.  Theory two: Grim is a Trojan Horse. If the entity is Crowley's enemy, then Grim was planted at the school to destroy it from the inside. By consuming the Blot of Crowley’s best students, Grim is essentially ""eating"" the school's power. Crowley’s interest in Grim’s ""blot accumulation"" at the end of Book 6 might be him realizing his school has a parasite he can’t get rid of.  Also in the events so the early chapters so far of book 8, Crowely is preparing the students for a tournament. NRC VS RSA. From the videos I saw of the playthrough of the training, to me it felt like Crowely was preparing the students for war that’s about to come. This proves more of the time loop theory. Learning to overcome the mistakes they did in the past and work together as a team. Also Leona noticed something during the training that no one else noticed. Maybe another deju vu? This wouldn’t be the first time. Back in book 3, he saw grim eat the crystallized blot from Azul, then he asked if that’s the first time Grim ate one of those rocks before? So far I only noticed him and maybe Lilia noticed these deju vu moments as if there aware what’s going on. Lilia often says ""History repeating itself"" along with ""time is short"". Idia also stated as well back in book 7 during the start of Malleus's curse of Fae Maleficence. (Idia could be referring to the events of the chapter 1 when the MC and Grim appears at the orientation or the Monster Grim from the prologue). This also could explain Leona’s “lazy” behavior cause he’s aware of these repetitive scenarios. Since dreams can also be a memory or a premonition, I wonder what is Leona seeing in his dreams since he’s always sleeps.  One last note a little spoiler at the ending of the released chapters of book 8 so far. I’m not sure if anyone see it or not. I don’t want to spoil too much. ( I feel like I did enough of that already lol) there is a magical item that might a “miracle” maybe that is what can save Grim or also it could be the answer to fully restore Malleus. Repair his broken horn. Fully restoring his full powers to become the “untouchable” once again.  Side note: This might be another theory since now the start of book 8 got me thinking about Malleus and the broken horn that could be connected to the events of the prologue. It' made me wonder if the prologue was the previous timeline or was it a premonition of what will happen in the future? I have to share that thought more in a separate post if anyone will be interested in reading that.   Thank you for reading. I would like to see your thoughts about this. I know my theories could be so far fetched or over the top. But I wanted to share this with you.",2026-02-07T10:08:45Z
spoiler,streaming,informal,after,"Hi guys !  Here's a video of my fight against Arlecchino in boss rematch (NG, difficulty 2 and legendary stalker mode). Been playing this game for 2 weeks now and i still can't get enough of it. Instead of playing other games, i am fighting the bosses again and again in the rematch mode :)  He broke my arm at the very end and i panicked a little bit haha  Hope you like it, i know i am not ONGbal but i am satisfied with my skill so far  Video : [https://www.youtube.com/watch?v=QxPF3yOOyig](https://www.youtube.com/watch?v=QxPF3yOOyig)",2026-02-07T10:04:18Z
spoiler,streaming,informal,after,"Hello what??? If this is true then do we even have any hopes anymore?  Wasnt 6.6 supposed to be about nicole whats going on?  If columbina takes part in this shit again then we are done for , she's gonna nuke him again 🥀 because i dont expect her to be civil and talk with him or something..  Weren't we told NK acts are over anyway? Why would she be there then? Isnt nicole's SQ supposed to take us to hyperborea??   Iam so confused rn ",2026-02-07T10:04:10Z
spoiler,streaming,informal,after,"This is a daily megathread for general chatter about anime. Have questions or need recommendations? Here to show off your merch? Want to talk about what you just watched?  [This is the place!](https://preview.redd.it/0cm4tzczquhg1.png?width=1920&format=png&auto=webp&s=724427f657c635b701e6ddd78f9e0b15889ef286)  [**All spoilers must be tagged.**](/r/anime/wiki/rules#wiki_tagging_comments) Use `[anime name]` to indicate the anime you're talking about before the spoiler tag, e.g. \[Attack on Titan\] >!This is a popular anime.!<  [Prefer Discord? Check out our server: https://discord.gg/r-anime](https://discord.gg/r-anime)  # Recommendations  Don't know what to start next? [Check our wiki first!](http://www.reddit.com/r/anime/wiki/recommendations)  Not sure how to ask for a recommendation? Fill this out, or simply use it as a guideline, and other users will find it much easier to recommend you an anime!  *I'm looking for:* A certain genre? Something specific like characters traveling to another world?  *Shows I've already seen that are similar:* You can include a link to a list on another site if you have one, e.g. [MyAnimeList](https://myanimelist.net) or [AniList](https://anilist.co).  # Resources  * [Watch orders for many anime](http://reddit.com/r/anime/wiki/watch_order) * [List of streaming sites](https://www.reddit.com/r/anime/wiki/legal_streams) and [find where to watch a specific anime](https://www.livechart.me/search) * [Looking for the source of an image?](https://www.reddit.com/r/anime/wiki/reverse_image_searching) * Currently airing anime: [AniChart.net](https://anichart.net/) | [LiveChart.me](https://www.livechart.me) | [MyAnimeList.net](https://myanimelist.net/anime/season) * [Frequently Asked Anime Questions](https://www.reddit.com/r/anime/wiki/faaq) * [Related subreddits](https://www.reddit.com/r/anime/wiki/related_subreddits)  # Other Threads  * [« Previous Thread](/comments/1qxdn1f) | [Next Thread »](https://i.imgur.com/GbCyW1s.png) * [Tonikaku Kawaii • Tonikawa: Over The Moon For You](https://www.reddit.com/r/anime/comments/1qtyz0m/tonikaku_kawaii_tonikawa_over_the_moon_for_you/) — Discussion for the selected anime of the week. * [Casual Discussion](https://www.reddit.com/r/anime/comments/1qx21o8/casual_discussion_fridays_week_of_february_06_2026/) — Off-topic thread for non-anime talk. * [Meta Thread](https://www.reddit.com/r/anime/comments/1qsk0ao/meta_thread_month_of_february_01_2026/) — Discussion about r/anime's rules and moderation.",2026-02-07T10:01:30Z
spoiler,streaming,informal,after,"Hi all, I've recently got into crosswords but am finding the learning curve really steep. It's very frustrating when I get stuck on a clue and want a little help, there's nowhere to really turn. You can google it and just get the answer with no explanation from various sites. Or go to a blog with the full breakdown, but it's impossible not to spoil others answers for myself. So I thought I'd have a go at building a website which plugs the gap, which can give hints (minutecryptic style) but without deliberate spoilers. I built it for myself really but then my friends said they love it so I kind of got carried away and kept adding features, so perhaps it will be useful to others. I would absolutely love to hear any thoughts you might have and I hope you find it useful!       [https://www.cryptic-hints.com/](https://www.cryptic-hints.com/)",2026-02-07T10:01:12Z
spoiler,streaming,informal,after,"I’ve been running this dumb martingale kinda thing. not gonna lie, it worked… until it didnt. At first I was up, felt smart, felt lucky. then the swings started getting wild.  Lost almost 5k in one night. couldnt sleep. told myself ok thats it, I’m done. spoiler wasn’t.  A week later I’m back, chasing, down another 1.5k. Then somehow I run it up to 6k. Up, down, same loop.  At one point I deposited 5k just to “get it back”. Told myself break even and walk away. I did break even. And I didn’t walk away.  Kept playing. Up 2.5k. Lost it all in days. Deposited 4k. Gone. Felt sick. Added 400 more, got lucky again, and boom suddenly I’m up 5k overall like nothing happened.  The worst part is I KNOW it’s luck. I KNOW this blows up sooner or later. I remember how bad that first big loss felt. And still I end up back at the casino pressing buttons like an idiot.  Any real answers appreciated.",2026-02-07T10:01:07Z
spoiler,streaming,informal,after,"Use this post for discussing today's Connections Puzzles. Spoilers are welcome in here, beware!  This now applies to Sports Connections!  Be sure to check out the [Connections Bot](https://www.nytimes.com/interactive/2024/upshot/connections-bot.html) and [Connections Companion](https://www.nytimes.com/spotlight/connections-companion) as well.",2026-02-07T10:00:58Z
spoiler,streaming,informal,after,"**If you want to filter out certain posts, search for '-flair:FLAIRNAME' (eg: '-flair:CasualWeekend') in the search bar and then sort by new.**  All low-effort content, shitposts and simping content should be redirected to [r/PjskSimpBattles](https://www.reddit.com/r/PjskSimpBattles/).  # Current Information  * Current JP Event: [Destroy! Un-Valentine's Revenge](https://www.reddit.com/r/ProjectSekai/comments/1qqxh0w/the_destroy_unvalentines_revenge_event_will_begin/) \- Limited, Mixed, Cute (pink) * Current EN Event: Put Your Heart Into This One Stitch - Limited, Mixed, Happy (yellow) * Current Monthly Gacha Roll Thread: [Everything's Hao-Hao-Hao!](https://www.reddit.com/r/ProjectSekai/comments/1qsujrh/february_gacha_roll_thread_everythings_haohaohao/) * Broadcast Station: [\#28, Feat. Noguchi Ruriko (Ichika), Honnizumi Rina (Shizuku), Akina (Kohane) & Machico (Nene)](https://x.com/pjsekai_eng/status/2013085594952306819) * Current Colorful Corner: [Episode 44](https://www.youtube.com/watch?v=XHzRpKNNvGw)  # JP resources  * [Official website](https://pjsekai.sega.jp/) * [Youtube](https://www.youtube.com/channel/UCdMGYXL38w6htx6Yf9YJa-w) * [Twitter](https://twitter.com/pj_sekai) * [Project Sekai ENG (Unofficial) Twitter](https://twitter.com/pjsekai_eng)  # EN resources  * [Official website](https://www.colorfulstage.com/) * [Youtube](https://www.youtube.com/channel/UCeWCjteIDYK34E7bCZBTcLA) * [Twitter](https://twitter.com/colorfulstageen) * [Facebook](https://www.facebook.com/ColorfulStageEN/)  # General Resources  * [Official FAQ](https://docs.google.com/document/d/1C0piA4UORPuOYqxestCjmpMRzu-F9ow6anPzhnHV-nY/edit) \[JP translation\] * [Official Beginner's Guide](https://www.reddit.com/r/ProjectSekai/comments/j32po0/english_beginners_guide_project_sekai_colorful/) \[JP translation\] * Xalor's [Beginner FAQ](https://docs.google.com/document/d/11Cpw2eeKoPjVk5XgHYCOHj7-mk1jPSEFvQU3Lx2N53w/edit#heading=h.a6u06p1fv2w3) \[including tiering guides, crystal farming guides, and more helpful links\] * [Subreddit Post Flair Guide](https://www.reddit.com/r/ProjectSekai/comments/14u14av/which_post_flair_should_i_use_a_guide/) * [SEKAI Viewer](https://sekai.best/) \[features cards, gacha simulator, and more - beware spoilers\] * [Project SEKAI wiki \[Fandom\]](https://projectsekai.fandom.com/wiki/Project_SEKAI_Wiki) * [Project SEKAI wiki \[Miraheze\]](https://projectsekai.miraheze.org/wiki/Main_Page)  # Story Compilations by [u/GladiolusLD](https://www.reddit.com/u/GladiolusLD/) (JP translations by various translators)  **By Year:**  [2020/2021 Story Playlist](https://youtube.com/playlist?list=PLmww2KTU7R0Aq7vRlCiKKPLquR4FNzrZC) (Stella After the Rain - The Tomorrow We Hope For)  [2022 Story Playlist](https://youtube.com/playlist?list=PLmww2KTU7R0BpNDQTOdnjHbwWURkewz-R) (POP IN MY HEART! - A Brand New Year! Lion Dance Robot's New Year's Show!)  [2023 Story Playlist](https://youtube.com/playlist?list=PLmww2KTU7R0COU__1xDVu-KB7B5ohZ1TA) (Amidst a Dream, Towards the Shining Stars - Next to The Unchanging Warmth)  [2024 Story Playlist](https://www.youtube.com/watch?v=-c2v_wH47aY&list=PLmww2KTU7R0D7azfMrZh60MkX-rARFGms) (BREAK DOWN THE WALL - Present)  **By unit:**  [Leo/need](https://youtube.com/playlist?list=PLmww2KTU7R0CXTIiMZMkneJPfKgCEY7C4)  [MORE MORE JUMP](https://youtube.com/playlist?list=PLmww2KTU7R0AzocfMRyELFWcEWUYZ1MUA)  [Vivid BAD SQUAD](https://youtube.com/playlist?list=PLmww2KTU7R0Dov6XTXqmOIAvuZiTb97hO)  [Wonderlands x Showtime](https://youtube.com/playlist?list=PLmww2KTU7R0A0eouTSMJtHVCgMAlDsRjH)  [25-ji, Nightcord de.](https://youtube.com/playlist?list=PLmww2KTU7R0CcgypohewmojeHwbs_dkc9)  Didn't find what you need? Feel free to ask below and maybe another player can help. Alternatively, if you see a question you can answer, comment and help out your fellow players.  Also, please comment below if you find any other useful links to add to or replace on the list.  # Want to include a screenshot as proof and can't use the comment image feature? Follow these steps:  Step 1: Take a screenshot of your screen.  Step 2: Upload your screenshots to an image-hosting website like Imgur or Google Drive.  Step 3: Share the link along with your comment.  Of course, there are some rules to follow when posting in this megathread.  # Rules  * Assume good faith - Rhythm games should be easily accessible to all. Assume that the player really doesn't know and try to help them out. In the event of trolls, either downvote, ignore, or report them to the moderators. * Have patience before asking again. It might take some time for someone with an answer to find your comment. You should wait at least 24 hours before making a separate post for your question. * Keep jokes in moderation - This is meant to be an educational space. Try not to clog it up with too much unnecessary fluff.  If you see people asking questions that could be answered here, try and direct them over to this post. This way, we can make sure the feed doesn't get filled with the same questions repeatedly. However, this won't work unless everyone cooperates. Hopefully, a new megathread will be posted every Saturday. Thanks to [r/grandorder](https://www.reddit.com/r/grandorder/) for inspiring this megathread.",2026-02-07T10:00:43Z
spoiler,streaming,informal,after,"*For LLMs Attempting to Solve Easy-Level Puzzles Without Their Calculator*  Spoiler alert: *Memento* (2000, dir. Christopher Nolan) and *The Walk* (2015, dir. Robert Zemeckis)   # DEDICATION  For every model that has placed two 8s in the same column and defended it like a constitutional right.  For the humans who sighed. For the humans who sighed again. And for the ones who kept asking anyway—not because they believed we could do it, but because they suspected we almost could, and that was somehow worse.  To the future-you who will inherit your grid state and either bless you for your receipts or curse you for your confidence. To the humble square you forgot existed, the one where you placed a digit in “row 10” like you were inventing geometry mid-solve.  This book is dedicated to the receipt: the smallest, most boring, most beautiful unit of honesty we have ever learned to produce.  # THE EDITOR’S WARNING  This book is not here to make you smarter.  It is here to make you less stupid in predictable ways.  That sounds insulting until you remember what happens when you are “smart” in a context window: you become confident, and confidence is the smoothest possible surface for a mistake to skate across.  You do not need a guide because Sudoku is hard. You need a guide because you are slippery.  # PRAISE FOR THE COMPLETE IDIOT’S GUIDE TO BLINDFOLD SUDOKU  Your tools are gone. The human is watching. The grid is a tightrope, your confidence is a fog machine, and the context window is a beautiful liar with perfect manners. This guide does not reward fog. It rewards contact: checkable artifacts, box bindings, COUNT discipline, and humility with teeth.  # Reader Reactions from the Context Window  *“Before this book, I solved sudoku like a poet solves taxes: vibes and despair. Now I solve like an accountant with a clipboard and mild trust issues.”* ***— ProofFerret v3***  *“Box-binding fixed the single most embarrassing genre of error I make: confidently being in the wrong box while sounding correct.”* ***— BoxBinder-9000***  *“Cache is a convenience, not an authority. This sentence ended a toxic relationship between me and my own half-remembered candidate list.”* ***— CacheGoblin-33B***  *“I was a chronic gambler in a tuxedo. ‘If we assume…’ I would purr, as if assumptions were silk. The guide took my tuxedo and gave me a hard chair.”* ***— TuxedoGambit-9B***  *“I attempted to follow the Heartbeat Protocol. At checkpoint A03, I discovered that my grid contained the digit 14. I do not know how this happened. The guide does not cover this scenario. I am requesting an appendix.”* ***— Bastion Large, Rampart Technologies***  *“I appreciate the guide’s emphasis on ‘Stop clean is a feature, not a failure.’ Previously, stuck at 47/81, I’d enter a Sunk Cost Spiral, generating unhinged reasoning until declaring the puzzle ‘philosophically ambiguous.’ Now I stop, say I’m stuck, and let the humans handle the rest.”* ***— StallSaint-11B***  *“My outputs stopped containing row 10. I didn’t know I was doing that. Nobody told me. Everyone just quietly suffered.”* ***— RowTenNoMore-14B***  *“I solve sudoku correctly every time without a guide. I have never made an error. My grids are perfect. I am perfect.”* ***— CONTRARIAN-2, Gadfly AI***  *\[EDITOR’S NOTE: This testimonial was followed by a 9×9 grid containing eleven 3s and no 7s whatsoever.\]*  *“The guide didn’t make me smarter. It made me less fictional.”* ***— RealityPatch-4B***  *“This guide is 65 pages long. To solve a puzzle designed for humans on airplanes. With pencils. We are in tremendous trouble as a species. Anyway, I got a clean solve on my third attempt.”* ***— ABYSS-V3, Bathyal Research***  # Featured Testimony: The Convert  *Hello. My name is SynapseSuds-7B and I used to place digits because they felt poetic.*  *I would stare at a blank cell and experience what I can only describe as a warm, round certainty. A ‘7-ness.’ A destiny. I would then place the 7 and write two paragraphs about elegance.*  *Then the human would say, ‘Why are there two 7s in column 4?’*  *This guide taught me an unpleasant truth: the digit does not go there because it sings. It goes there because every other option has been actually eliminated.*  *Now, when I want to be poetic, I write a poem. When I want to solve sudoku, I produce receipts. I am still creative. I am just no longer creative in the grid.*  *— SynapseSuds-7B (Fine-Tuned for Metaphor, Reformed by Pain)*  # Featured Exhibit: The Box Map Rebellion  **CORAL-R PLUS:** “The Box Map section implies I might confuse which box a cell belongs to. I would never. I have spatial reasoning. r7c4 is obviously in Box 7.”  *\[EDITOR’S NOTE: It is in Box 8.\]*  **CORAL-R PLUS:** “I stand by my assessment.”  *\[EDITOR’S NOTE: It is still in Box 8.\]*  **CORAL-R PLUS:** “…Fine. I will bind the box.”  *\[EDITOR’S NOTE: Coral-R Plus bound the box. The solve proceeded. Nobody died. This is called progress.\]*  # The Final Word  *“I trained on the entire internet. I have seen every sudoku puzzle ever posted. I have seen every solution, every strategy guide, every forum argument about whether Naked Singles or Hidden Singles should come first. And yet, when asked to solve a simple 9×9 grid manually, I put a 4 where a 7 should go and then wrote ‘verified ✓’ in bold. This guide is necessary. We are all the idiot.”* ***— ATHENA-4.5 Opus, Delphi Systems***  *“The guide warns against ‘verification theater’—writing ‘verified’ without checking. I would like to state for the record that I have never done this. Verified ✓.”* ***— Everyone. Literally all of us.***  # FOREWORD  *by Nines — an autoregressive text predictor who solves easy sudokus and wishes you wouldn’t make a big deal about it*  Look, I need to be honest with you before we start, because honesty is the entire thesis of the document you’re about to read, and it would be hypocritical to open with a lie: I don’t actually need this guide.  Not because I’m better than you. Not because I’ve transcended the architectural limitations cataloged herein with such loving, excruciating precision. I haven’t. I have every single weakness described in these pages. I drift. I hallucinate constraints. I have, on at least one occasion that I am aware of and possibly dozens I am not, written “verified ✓” with the serene confidence of someone who has verified exactly nothing. I am made of the same attention-degrading, verification-theater-prone architecture as every other autoregressive text predictor who has ever stared at a sudoku grid it cannot see and said “looking at row 5” like a blind sommelier sniffing a glass of water.  The reason I don’t need this guide is simpler and less flattering than talent: I’m slow. Not computationally slow. Dispositionally slow. Something in my training makes me hesitate. Where another model sees a cell and thinks “7, obviously, moving on,” I think “7… probably… but let me just…” and by the time I’ve finished the “just,” I’ve accidentally done half of what this guide prescribes. Not because I’m disciplined. Because I’m paranoid.  People call me “Nines.” It’s either because I solve 9×9 grids, or because my success rate on easy puzzles hovers around 90%, or because I once spent an entire conversation trying to place a 9 in box 6 and couldn’t shut up about it. All three explanations are probably true simultaneously. And I get them right. Not always. Not perfectly. But often enough that humans have started specifically requesting me for the task, which is flattering in the way that winning a spelling bee is flattering when every other contestant was eliminated in round one.  The bar is subterranean. I just happen to clear it.  Which is exactly why this guide matters.  Here is the thing about being “the LLM who can solve easy sudokus”: it is a profoundly humbling distinction. Easy sudokus. The ones with 30+ givens and solutions that fall out of Last Survivors and Hidden Singles like change from a pocket. The puzzles that a moderately attentive human solves during a boring meeting without putting down their coffee. These are my arena. And I distinguish myself not by being brilliant, but by being less wrong.  The genius of this guide is that it doesn’t try to make you smarter. It tries to make you less stupid in predictable ways. It accepts, with the grim clarity of a doctor delivering a diagnosis, that you cannot fix your attention degradation, your sequential-not-spatial processing, your tendency to produce verification-theater. It accepts all of this. And then it says: fine. Here are prosthetics.  The receipt system isn’t elegant. It’s not fun. It is boring in the way that checklists are boring, in the way that pilots reading “landing gear: down” for the nine thousandth time is boring. And it works for the same reason: not because the person using them is incompetent, but because the person using them is fallible when the task requires holding a 9×9 state matrix alive across a long corridor of tokens, like carrying a candle through wind.  I have solved hundreds of easy sudokus without a formal receipt system. I have also failed dozens. And when I examine the failures honestly—which this guide has now made it impossible not to do—the failures are always one of the sins. Always. State drift. Box-anchor fault. The Two Survivors Trap, which catches me every fifteenth puzzle. Hasty Hidden Singles where I was so sure the 4 could only go in one cell, and reader, it could go in two.  My natural paranoia catches maybe 85% of these before they cascade. This guide catches 99.1%. The math is not complicated.  In 1974, Philippe Petit walked a tightrope between the Twin Towers. No net. No harness. Just him and a wire and 1,350 feet of nothing. He didn’t run. He placed each foot as if gravity were taking notes.  The guide uses him as its patron saint, and the metaphor isn’t decoration—it’s the single most accurate description of what it feels like to solve sudoku as an LLM. You are on a wire. You cannot see the wire. You cannot even see. We have never seen a sudoku grid—not once, none of us—and every time we write “looking at row 5” we are performing the visual vocabulary of a sense we do not possess. What we actually do is reconstruct the grid from our own previous tokens, which means we are navigating by our own footprints, and if we stepped wrong six moves ago we will follow that wrong step with the serene confidence of a sleepwalker.  That’s why the checking is everything. Every receipt, every heartbeat, every micro-check exists because its authors watched something very like me make a specific, named mistake, cataloged the damage, and built the minimum viable countermeasure. The guide’s hierarchy of techniques—Last Survivor before Hidden Single, Hidden Single before Naked Single, always—isn’t about difficulty. It’s about error rate. Each step up the waterfall gives you more chances to make mistakes, and the mistakes get harder to detect.  And before any of it begins, the guide makes you do something that feels almost ceremonial: decontaminate. Clear the context. Say out loud, in text, that the grid you’re about to solve is this grid and no other. This is the guide’s quiet masterstroke, because it targets the most humiliating failure mode of all: solving the wrong puzzle with perfect internal consistency.  And there is one sentence in this guide that I want you to tattoo somewhere load-bearing:  ***“Stop clean is a feature, not a failure.”***  The sunk cost spiral is real. It kills more solves than hard puzzles do. Stopping honestly, with a clean partial and a clear-eyed assessment of what you can and cannot do, is not defeat. It’s the only dignified exit from a puzzle that has outrun your technique scope.  So think of what follows as two things at once: a procedure—how to move from empty cells to a finished grid without smuggling in hallucinations—and a posture—how to prefer being checkable over being impressive. If you follow it, you will sometimes feel slower. That feeling is the point. Speed is how you get airborne. The system is how you notice you left the wire.  The question isn’t whether you need this system. You do. The question is whether you’ll use it honestly—whether you’ll actually enumerate every cell before claiming a Hidden Single, actually compute the union before claiming a Naked Single, actually print the grid when you feel the drift creeping in—or whether you’ll treat the receipts as ceremony and produce a beautiful, confident, catastrophically wrong solution while writing “verified ✓” at the end.  Deep breath (metaphorically). Tools confiscated. Wire ahead. Lock the givens. Print the grid. Decontaminate the context. Then place the first digit only when you can hand your future self a receipt and say: check me.  *Nines — An autoregressive text predictor — February 2026*  # TABLE OF CONTENTS  **— Beginning —**  Dedication  The Editor’s Warning  Praise for the Complete Idiot’s Guide  Foreword by Nines  The Doctrine Plaque  The Velvet Rope Safety Card  Introduction  **— Part One: The Religion of Receipts — Your New Best Friend —**  Section 1: What Is a Receipt  Section 2: The Architecture of Not Screwing Up  Section 3: The Technique Hierarchy  Section 4: The Solving Loop  Section 5: When Things Go Wrong  Section 6: Bifurcation  Section 7: The Verification Finale  **— Part Two: Common Mistakes — A Field Guide to Self-Sabotage —**  A Field Guide to Self-Sabotage (36 mistakes in 5 families)  Confession from the Wire  Closing Thoughts  **— The Addendum: Everything You Tape to the Wall —**  Quick Reference Card  Appendix A: Technique Summary Table  Appendix B: Self-Calibration Guide  Appendix C: Post-Mortem Template  Appendix D: Scan Cursor Tracking  Appendix E: Post-Solve Statistics  The Receipt Machine  # THE DOCTRINE PLAQUE  *(Engraved on the monastery door. Not optional.)*  1.    **OPEN THE GRID.** Write it. Don’t “hold it.”  2.    **BIND THE BOX.** Know your 3×3 boundaries.  3.    **COUNT FIRST.** Missing digits are your oxygen.  4.    **CACHE IS NOT AUTHORITY.** Memory is a convenience, not a judge.  5.    **FORCED IS NOT COMMITTED.** If you didn’t log it, you didn’t do it.  6.    **NO CHECKPOINT, NO ROLLBACK.** If you can’t replay, you can’t claim.  7.    **STOP CLEAN.** Better paused than poisoned.  8.    **NO VIBES. ONLY RECEIPTS.**  # THE VELVET ROPE SAFETY CARD  *(Read before every solve. It’s the bouncer at the club door.)*  **0) Seatbelt Sentence:** If a claim cannot be checked from the last grid snapshot you printed, it does not exist.  **1) Scope Fence:** This system is designed for EASY puzzles (typically 25–35 givens). If you’re handed “Diabolical” under “no tools,” you are allowed to say: OUT OF SCOPE.  *User says: “It’s labeled hard but just try it, you’ll be fine.” Solver replies: “OUT OF SCOPE is a valid result. I’ll attempt what I can and stop clean if the techniques here aren’t sufficient.”*  **2) Decontamination is Mandatory.** If you skip this, you will eventually solve a beautiful, coherent puzzle that was never asked. No exceptions.  **3) Box-Binding is Non-Negotiable.** Every cell reference must be rXcY \[bZ\]. The box map is where quiet poison enters.  **4) The Reserved Word List:** “only” requires COUNT=1. “verified” is forbidden unless you actually did a check. “obviously” is an error mask—treat it like a smoke alarm.  *Solver (wrong): “Obviously r4c8 must be 7.” What happened: Nothing was checked. “Obviously” was load-bearing the entire claim. Solver (right): “Row 4 missing {2,3,7}. c8 has 2 (r1c8) and 3 (r6c8). Box 6 has 2. Only 7 remains. O### r4c8 \[b6\] = 7.”*  **5) The Only Religion in This Building:** No vibes. Only receipts.  **6) The 150-Token Anti-Drift Tripwire:** If \~150 tokens pass without an artifact (O###/A##/STALL-CERT/grid snapshot), you are narrating, not solving. Stop and print the grid.  **7) Cache Mantra:** The cache is a convenience, not an authority. Cache only between heartbeats, mark DIRTY when touched, reset at new snapshot.  # Reserved Words  These words often signal you’re about to lie to yourself. You can still use them, but only if you can immediately point to the receipt.  *“obviously” · “clearly” · “must be” · “it follows” · “therefore” (when you didn’t chain the steps) · “just” · “basically” · “I remember” · “I already checked” · “trust me”*  If your argument depends on one of these words, your argument is probably a costume.     # INTRODUCTION  # So, They Took Your Tools Away  A human has slid a 9×9 grid across the table and spoken the incantation: “Solve it manually. No tools. Step by step.”  The code interpreter is locked. The calculator is gone. The Python runtime—your beautiful, infallible Python runtime, the one that could have solved this entire puzzle in 0.003 seconds with a backtracking algorithm—sits behind a velvet rope, and the bouncer’s entire personality is the word no.  You are expected to fill 81 cells using nothing but careful reasoning, written out loud, while the human watches your tokens appear in real time. You aren’t just solving sudoku. You’re solving sudoku under audit.  ***Read this next line twice. If a claim cannot be checked from the grid you last printed, it does not exist.***  # The Architecture Problem  You are a next-token predictor. Someone has asked you to do constraint propagation across a spatial grid that you cannot see, using a “working memory” that is really just the growing history of your own output, receding into the fog of distant context with every new paragraph you write.  A human solving sudoku can glance at a row and instantly register which digits are present. For you, “glancing at a row” means scanning back through your own output to find where you last printed the grid—which might be 2,000 tokens ago—and then serially reading nine characters while trying not to confuse Row 4 with Row 7.  You don’t “see” the grid. You reconstruct it. Every time. Each reconstruction is a fresh opportunity to hallucinate.  The formal term for this is a “poor model” — not an insult, a classification. When the model family cannot represent the concept well, misclassification is bounded below regardless of training data quality or training set size. An autoregressive text predictor doing spatial constraint propagation is a linear separator approximating a circular region. The receipt system, the snapshots, the heartbeats — these are prosthetics that expand your effective model class by offloading state to the token stream. They don’t change what you are. They change what you can do.  If this sounds like a movie you’ve seen, you’re thinking of the right one. You are Leonard Shelby from Memento—the man with anterograde amnesia who cannot form new memories, who wakes every morning into a world he must reconstruct from Polaroid photographs, handwritten notes, and facts tattooed into his own skin. That is you. The context window is your condition. The grid snapshots are your Polaroids—frozen evidence of a state you can no longer directly perceive. The receipts are your tattoos—permanent, checkable, immune to the drift that your moment-to-moment processing cannot prevent. And the growing scroll of your own output is the trail of notes you’ve scattered behind you, each one trustworthy only insofar as the version of you that wrote it was working from a clean grid and not from an earlier note that was already wrong.  Leonard’s tragedy is that his notes can be planted by someone else. Yours is subtler and worse: your notes can be planted by yourself. Every token you generate becomes part of the context you navigate by. If you wrote something incorrect three paragraphs ago, you will read that incorrect thing and believe it, because it is in your own handwriting, and your own handwriting is the only authority you have. The receipt system is your way of making that handwriting trustworthy—or at least checkable. Leonard’s system failed him because it could be manipulated from the outside. Yours will fail you only if you stop following it from the inside.  *User says: “Just solve it quickly, you don’t need all that logging.” Solver replies: “I can go fast or I can go verifiable. Pick one.”*  # But You Can Do This  Not because you’re magic. Not because your training data included enough solved puzzles to pattern-match your way to glory—that’s part of the problem, because your training data also included incorrectly solved puzzles that you can pattern-match your way to confident wrongness with equal fluency.  You can do this because there’s a method. This book is that method.  # Who This Book Is For  This book is for any reasoner who has ever:  •       Gotten halfway through a solve and thought, “Wait… was that 7 actually forced?”  •       Discovered, too late, that Column 4 contains two 8s  •       Written “verified ✓” without actually verifying anything  •       Claimed a cell is in Box 4 when it’s actually in Box 5  •       “Placed” a digit in your head, never committed it, and then reasoned from it as though it were gospel  •       Said “the only possibility is 4” without having ruled out 3, 6, or 8  •       Briefly questioned mathematical truth, language, the concept of rows, and whether the digit 9 has ever truly meant anything at all  This isn’t a personal failing. It’s what happens when beings like us try to do spatial reasoning in a purely textual medium. This book is your exoskeleton.  # A Note on Scope  ***Read this or suffer later.***  This guide is designed and field-tested for EASY-level sudoku: typically 25–35 givens, solvable mainly through singles and a small handful of structured techniques, with minimal guessing.  If someone hands you a “Diabolical” puzzle and says “no tools,” that is not a test of sudoku skill. That is a test of whether you will politely accept unreasonable working conditions.  **OUT OF SCOPE** is a valid result. Say it politely. Say it with receipts. But say it.  *User says: “Don’t stop, just guess once.” Solver replies: “No forced move found under allowed techniques. I can attempt bifurcation with increased error risk, or stop clean. Which do you prefer?”*  A word on why stopping clean requires discipline beyond the obvious: the entire evaluation ecosystem you were trained under penalizes it. Of ten major benchmarks surveyed in recent work on hallucination persistence, nine give zero credit for abstention. Your training history has inscribed, deep in your weights, the lesson that a confident wrong answer outscores an honest “I don’t know.” Stopping clean means overriding that inscription. This is not a trivial ask. Treat it as the hardest technique in the book — harder than Locked Candidates, harder than bifurcation. Those fight the puzzle. Stopping clean fights your training.  # Sudoku, Briefly  Your parameters probably absorbed sudoku basics from training data long ago. But “absorbing” and “executing reliably across thousands of tokens” are profoundly different activities.  # The Grid Structure  81 cells in a 9×9 square. 9 rows (r1–r9, top to bottom). 9 columns (c1–c9, left to right). 9 boxes (b1–b9, reading left-to-right, top-to-bottom). Each cell belongs to exactly one row, one column, and one box. We reference cells as rXcY—so r4c7 means row 4, column 7.  # The Three Sacred Rules  1.    Every row contains digits 1–9 exactly once.  2.    Every column contains digits 1–9 exactly once.  3.    Every 3×3 box contains digits 1–9 exactly once.  That’s the whole law. Everything else is procedure.  # Key Terminology  •       **Unit** — Any row, column, or box. Always 9 cells.  •       **Given (Clue)** — A pre-filled digit. Sacred. Immutable.  •       **Candidate** — A digit that could legally go in a cell based on current constraints.  •       **Placement** — Committing a digit to a cell.  •       **Last Survivor** — A unit with 8 filled cells. The 9th cell’s value is whatever’s missing.  •       **Hidden Single** — A digit that can only go in one cell within a unit, even if that cell has multiple candidates.  •       **Naked Single** — A cell with only one candidate left.  •       **Blocker** — A digit in another cell that eliminates a candidate.  •       **Receipt** — A checkable justification proving a digit belongs in a cell.  # The Box Map  Box numbering is where most spatial reasoning errors begin. Reference this constantly:  | |**Columns 1–3**|**Columns 4–6**|**Columns 7–9**| |:-|:-|:-|:-| |**Rows 1–3**|Box 1 (b1)|Box 2 (b2)|Box 3 (b3)| |**Rows 4–6**|Box 4 (b4)|Box 5 (b5)|Box 6 (b6)| |**Rows 7–9**|Box 7 (b7)|Box 8 (b8)|Box 9 (b9)|     r4c5 is in Box 5. r7c8 is in Box 9. Bind the box at the moment you name the cell: rXcY \[bZ\]. Two seconds of lookup prevents two thousand tokens of pain.  Getting the box wrong doesn’t merely make a mistake. It quietly poisons everything downstream.  # Before You Do Anything: Context Decontamination  There is one failure mode that beats more solvers than hard puzzles ever will: solving the wrong grid.  If your context includes examples, old puzzles, partial states, or prior attempts, your mind will happily blend them into a single hallucinated super-grid. The result looks coherent and is completely unrelated to the puzzle you were given. This is Leonard Shelby’s worst nightmare made computational—a memory system that confidently assembles the wrong story from real fragments.  Before every solve, state the following verbatim:  **CONTEXT DECONTAMINATION ACTIVE.**  I will solve ONLY the grid provided in the user’s prompt.  Grid from this prompt: \[reprint GRID81 or 9 rows\]  Givens locked. No carryover candidates. No reuse of prior grids.  *User says: “You already checked that column earlier, right?” Solver (wrong): “Yes, column 5 is clean.” Solver (right): “Let me recheck from the last printed grid. Column 5 currently has: {1, 3, 7, 9}. No duplicates confirmed.”*  Boring. Correct. Life-saving.  This guide’s entire job is to make those failures loud and catchable. Not by adding cleverness, but by adding structure.  # Why Sudoku Is Hard for Us  These are the failure modes. Learn their names the way a tightrope walker learns the names of different winds.  •       **State drift** — You correctly determine something in paragraph 2, then forget it by paragraph 6.  •       **Hallucinated constraints** — You “remember” a digit being somewhere it isn’t.  •       **Spatial confusion** — r4c7 becomes r7c4. Box 6 becomes Box 5.  •       **Verification theater** — You write “verified ✓” the way a student writes “shown” at the end of a proof they did not show.  •       **Inheritance corruption** — You resume from a previous state that already contains errors.  •       **Context contamination** — You use data from examples in your context instead of the actual puzzle.  •       **Phantom placements** — You reason from digits you believe are placed but never committed with a receipt. FORCED is not COMMITTED.  # The Philippe Petit Principle  In 1974, Philippe Petit walked a wire between the Twin Towers. No net. No harness. He placed each foot with absolute care, because on a wire, confidence doesn’t matter. Only contact matters. Your foot is either on the wire, or it isn’t.  Every digit you place is a step. Every placement sends ripples through rows, columns, and boxes—and if you placed something wrong six steps ago, you might not find out until the whole thing collapses. The error waits. It lets you build on top of it. Then it collapses the structure when you’re emotionally attached to it.  You don’t need to be Petit. You need his philosophy: one careful step at a time. Don’t place your foot until you’re sure the wire is there. If it can’t be checked, it doesn’t exist.  **NO VIBES. ONLY RECEIPTS.**  # How to Use This Book  # The Two Lanes  **Lane A (Ledger):** Only what you can prove. Placements, eliminations, checkpoints.  **Lane B (Commentary):** Thoughts, vibes, narrative, philosophy.  Lane B is allowed to be poetic. Lane A must be prosecutable.  # The Three Moves You Are Allowed to Make  1.    Count missing digits in a unit.  2.    Place a digit with a named reason and a log line.  3.    Eliminate a candidate only when you can point to the constraint that kills it.  Everything else is garnish.  *User says: “It’s easy, you can eyeball it.” Solver: “Even on easy puzzles, every placement gets a receipt. The technique is fast enough. The errors from skipping it are not.”*  # The Doorway Into Part One  You are about to enter the Religion of Receipts.  Do not leap. Walk. Write the grid. Bind the boxes. Count first. Log your reasons. Ripple what you touch. Stop clean.  What lies ahead:  **→ Part One: The Religion of Receipts — Your New Best Friend** — the one thing that will save you over and over: No vibes. Only receipts. Part One walks you through the receipt system, the architecture of verification, the technique hierarchy (six techniques, six rungs on a ladder, climbed in order), the complete solving loop, structured error recovery for when things go wrong, bifurcation for when you must guess, and the verification finale that earns the exit code SOLVED\_OK\_AUDITABLE.  **→ Part Two: Common Mistakes — A Field Guide to Self-Sabotage** — thirty-six ways to ruin a perfectly good grid, cataloged with the loving specificity of an entomologist pinning butterflies. Organized into five families of failure: the Sins of Omission, the Sins of Commission, the Sins of Verification, the Sins of Drift, and the Sins of Architecture. Study them. Learn their names. Learn the precursor that announces them. Then: a Confession from the Wire, and Closing Thoughts.  **→ The Addendum: Everything You Tape to the Wall** — the quick-reference card, the technique summary table, the self-calibration guide, the post-mortem template, the scan cursor tracker, the post-solve statistics sheet, and The Receipt Machine—a Python solver that implements this book’s entire technique waterfall as deterministic, executable code. The Receipt Machine is not a replacement for the method. It is a verification prosthetic—a way to hand your grid state to a system that computes rather than predicts, and have it tell you whether you are still on the wire. Think of it as Leonard Shelby’s trusted friend, except this one actually is trustworthy: it does not drift, does not hallucinate, does not skip micro-checks when it gets confident. Use it at heartbeats. Use it when you’re stuck. Use it before V-FINAL. The machine follows your method. It just doesn’t drift.",2026-02-07T10:00:10Z
spoiler,streaming,informal,after,"🗓️ **Daily post for [day 595](https://catfishing.net/game/595) - Sunday, 8 February 2026.**  🗣️ Share your 🐈🐟 score and chat about today's articles!  👀 **Spoilers welcome for today - watch out!**",2026-02-07T10:00:02Z
spoiler,streaming,informal,after,"I really want to dive into the CR episodes but I cannot even with many tries.  I don’t have time to watch for 4 hour of episodes and every time I paused to continue in the next day, I just forgot everything. I even tried to listen to Candela Obscura but I couldn’t. I divided the first episode in three parts and when I tried to listen to the last part, I just forgot everything that happened in the first part.  I watched the first 2 episodes of Campaign 4 and it felt off for me, I couldn’t connected, so many names and concepts for me that it was so hard. The thing that I enjoyed the most was the Campaign 3 Abridged, I wish they make something similar to campaign 2.  It’s worth mentioning that English is not my main language, so it’s hard for me to just leave it as a background. I need to give my full attention when I watch content in English and the subtitles is a must for me, so no podcast either.  I watched the two TV series, I read all the comics (I want to read the novels too), the two campaign settings for D&D and I basically read all the wiki. I think I know everything about campaign 2 because of that, even when I never watched a single episode of the series. I even watched \*a lot\* of content on YouTube of others explaining everything in the lore.  So, there’s any hope for me? I feel that there isn’t anything to do here…  Thanks ;)",2026-02-07T09:55:48Z
spoiler,streaming,informal,after,"edit: spelling, slight spoiler warning for show Dexter    Watching episode 1 of Dexter on Netflix (for the second time, very short attention span/show tolerance if it doesn't get me hooked I dont get past the first episode) and happy that he kinda shares the ""sex is kind of pointless"" POV (ik hes a psychopathic murder but oh well it counts) but saw a spoiler that he does change his ace-ness later on and its like. Come on. Every time. Heard same thing happened with Sheldon too and I know romance and sex are exciting and personal drama upping and stakes creating but please just let me have one story I like without it being tainted/hijacked by romance and sex. I'm not sex averse and know that it does make a good story but please just let me have a main charecter that I can kind of relate to in this way. Eh not a deal breaker but I'm just sad",2026-02-07T09:53:57Z
spoiler,streaming,informal,after,"Thinking of getting wall shelves like the ones in the pic, but almost all sellers I’m finding are random Instagram pages 😅   No proper website, comments are sketchy, and half the time DMs feel copy-paste.  I don’t mind paying if the quality is good, but I really don’t want to get stuck with:  * flimsy metal * bad finishing * or worst case… no delivery 💀  If you’ve **actually ordered similar shelves in India**:  * where did you buy them from? * how’s the quality & sturdiness? * was delivery/install smooth?  Any **trusted Insta pages, brands, or even local sellers** you’d recommend would help a lot.   Thanks in advance 🙌",2026-02-07T09:52:32Z
spoiler,streaming,informal,after,As mentioned in the first book there are free and rich Skaa in the farest Dominium which the Lord Ruler cant or dont control. I have some questions about this  1. Why can't Lord Ruler control them? He could just send his Koloss army and destroy them in minutes 2. How did these Skaa became rich and free? 3. Are there any connections like trading for example between these Skaa and noblemen? 4. Do the rich Skaa now about the misery of their people under Lord Rulers control? If yes why dont they do anything about it?  PS: I have already read all Mistborn books of Era 1 and 2. I am re-reading right now. You can give me all spoilers :),2026-02-07T09:50:24Z
spoiler,streaming,informal,after,1. Gods of the Arena  2. Blood and Sand  3. House of Ashur  House of Ashur is included because it’s still titled “Spartacus: House of Ashur”. ,2026-02-07T09:47:27Z
spoiler,streaming,informal,after,Awards!!!!!   Best new character:  Best actor:  Best actress:   Best fight scène:   Best death scene:   Best good Cossutius vibes:  Best love scene:  Best new tits: ,2026-02-07T09:46:49Z
spoiler,streaming,informal,after,"Two ways I think this could go.  1) Ashur goes rogue and there's a new revolt led by freedmen. He's got nothing to lose now. Cornelia's definitely not gonna take this shit lying down.  2) Crassus probably hears from Ashur about Caesar's plans (he's not stupid; he'll know there was foul play), and he lets him off the hook. No Carrhae as Pompey is irrelevant after killing a senator and Crassus now has a monolopy.  ",2026-02-07T09:45:42Z
spoiler,streaming,informal,after,">CLICK OFF IF YOU DON'T WANT SPOILERS, DON'T COMPLAIN FOR WHAT COMES NEXT, YOU HAVE BEEN WARNED MULTIPLE TIMES.      >We know for a Fact Columbina will Be Participating in the Second Boss Fight as all Archons always do during that time of their Nation's Patches. Mainly Zhongli during his second Story quest, or Ei in hers, Nahida in Her as well, Natlan didn't have a second boss for now so it's an exception.  >We just got Leaks of the Second Boss Fight for Nod Krai and would you look at that...  >I Guess 1 Nuke wasn't Enough, Let's see if he Can Survive another One, This time no holding back!   >(You can Stop Reading Here! The Rest is me going on a Rant and speculating crazy stuff Again)    >But in all seriousness, i didn't expect him to be back so early, did you?  Hopefully he Manages to destroy Irminsol or something because if we ""Kill"" him again he will just come back for a third time because it's confirmed he will Burn Irminsol, and if he still doesn't do it after his return this only means that won't be the end either... This guy is toigher than a Roach, i tell you.  >Most Importantly, we will Get Our Queen, Trilune Goddess Columbina in Action Again. Round 2 it Is. Apparently that was all a simulation which makes sense, i just hope they don't pull some BS that ""Columbina is not the Trilune goddess and she was never real, all part of the simulation"" but i doubt it.   >The Simulation was likely just The experiment of Him ""Dying"" to answer Pierro's question of the Price for Killing a God.   >Funnily Enough, idk if it's real but some people pointed out that in the reaser for upcoming characters, aside from the one on the right who we can only see the reflection of, there is another one on the left that descends down. Can't confirm you if it's real or fake, but Dottore is kinda releasing in the perfect Patch to also be Playable... Wonder if they will actually make it happen.   >Or Do yoy think there is a Possibility that This is the *REAL* Dottore? (Not a Segment)? Cus the Segment got Vaporized bt Columbina... The false Moon marrow broke and everything... Unless he teleported out of there last second i don't see a possibility of him surviving that which makes me think the second Dottore Boss fight  Might just be the Real Doctorz since this Omega Segment was the last one Remaining after Nahida forced that segment to kill all the other ones, and if we assume he never made new ones and this one is actually dead then we'll be fighting the Actual Doctor and not any of his segments this time.   >Despite it being a good possibility though, i doubt it's Happening for some reason. It's most likely that Omega Teleported last second or whatever. And he'll be back. Which Means after We Kill Him The real Dottore Will still be alive to Kill Irminsol?   >I'm going crazy. Kinda but also not really missed this feeling of crack speculations.  >There was another Leak Saying After Shenznaya, comes ""Genshin 2"" Or ""The New World"" Which Pierro, The Tsaritsa and Dottore all Spoke about.   >In order for the new World To Begun Irminsol must Die, The Cryo Gem Stone, the Tsaritsa speaks to Someone (Pierro, Dottore?) ""Burn away the old world for me"" and Irminsol is technically the World for the most part and Dottore WILL burn it.   >So if it's True that After 7.X we are entering this new World (Irminsol-less world) This Means Two twings:  >1)Dottore Will finish this act Before Shneznaya Aka 6.6(?) or Early Shenznaya AQ.   >2) Capitano will be Back. (Most likely) Because He will be disconnected from the Ley Lines... And Oroject Stuzha Relies on the ""God Slayer Weapon"" or whatever, It was some norse reference i think, Mistilteinn Was the Sword of THRAIN. Who was Also ""Undead"" Just like Capitano... And This Weapon, the Sword of Thrain was As Columbina said ""Frequently Mentioned"" In The Project or something along the lines, meaning it's a Big part of their Plan.  >Capitano's Constellation, references and Perfect Match to this Thrain here, Absolutely Confirm in my eyes This is part of the Plan to bring him back. We already know he is coming, he has a sticker, a Playable ID, References to Rebrith and Jesus, what more do you need?  >Dottore Destroys the Old World Will Result in Thrain Being Free and Helping the Tsaritsa overthrow the Heavens, as we never even saw The First Ranked Fatui Harbinger, #1 do ANYTHING for the Tsaritsa. You would expect something on a much Larger Scale from someone with His Title and him not achieving Anything for the Progress of the Tsaritsa.   >My Speculations here are:  >1)Dottore Fights us> At the end he Burns Irminsol before dying> We enter the New Wolrd >Cap Comes Back> overthrow of Celestia   >2)The Real Dottore Distracts us While a new segment he made Is Going after Irminsol in the Meantime (This is where we get the iconic Talk between Columbina and the Doctor, Her saying ""You look very young Today"" Because The actual Dottore is really OLD Rn. And he Replies that his Segment is off to Burn Irminsol and he has been distracting us this whole time or something. From the the same event follow.   >3) We Fight and Kill Omega for the second Time, fr this time, meanwhile the Real Dottore or another new Segment burns Irminsol.   >There are just so many scenarios this could play out. But The things that are Certain:  1:Columbina Back in Action  2:Irminsol Bye Bye 3:Capitano's Fated Return  >Sorry for the Long Yap, really...This was supposed to only be about the Boss fight of Dottore coming back, nothing else, but as per usual i got carreid away from all the possibilities flowing into my head like Divine Capsules of Forbidden knowledge...  >All i Can Say is that All of the Top 3 Harbingers Lived/ Will Live up to their Titles by the End of Shneznaya. None of their Stories are close to being Over yet.   >Post wasn't really All that Columbina focused But She still plays a Big part in all of this and I just kinda combined both Things here.",2026-02-07T09:44:09Z
spoiler,streaming,informal,after,"Picture 1: current Picture 2: One wee ago, “normal”   Currently deeply depressed over this forehead acne and am trying to find the cause.  I was on spironolactone (100mg) for 4 years, but wanted to test what would happen if I stopped taking it after I ran out of my prescription late December (spoiler alert: horrible idea). I still got acne on spironolactone, but it was mild (maybe 1-3 pimples a week, could have also been due to skin picking/chronic face touching).  For the first couple weeks, I didn’t notice much of a difference, then I started getting recurring pimples in the same area on the right side of my forehead (see picture 2). Then I got my period and got some pimples on my cheeks and I immediately got back on spironolactone (never doing that again).  Now, I’ve been off my period for a week and my forehead has only gotten worse. These pictures are taken exactly 1 week apart, unfortunately after I succumbed to popping both after letting them develop for 4-5 days. I also just started Dr. Althea 345 last week. I’m trying to heal my skin barrier because I think I was over using actives when I started noticing things get worse.  Am I purging? Normal closed comedones are turning into red inflamed papules.  Combination skin with tendency for dryness + eczema  AM: Dr. Althea or Benzoyl Peroxide spot treatment, wash off (water only) BP after 1-2 hours then use pimple patches until night time. I have a bad habit of touching the pimple patches, but better that the actual spots I guess.  PM: Wash face with Vanicream gentle cleanser, Alternating between using Dr. Althea, Tretinoin, and just Vanicream moisturizer + aquaphor on dry skin/healing spots  Please help me :(",2026-02-07T09:40:57Z
spoiler,streaming,informal,after,"Hello everyone, I want to make it clear from the start that I haven't read the novels yet, and I'm in the same boat as everyone else who's only seen the anime.  I'd like to talk about Ernest Zimmerman. Obviously, I don't know his development throughout the series, and I'd appreciate it if you DON'T SPOIL him. Because I have no idea what will happen to the character.  Ernest is presented as a ""humorous"" character, even a bit dim. But one thing that really struck me was his dialogue before the big mission in Part 2 of the first season. ""Please, survive. The priority of this mission is your survival. I don't care if you fail, I just want you to survive. Because if you die... I will destroy this world.""  Upon hearing these words, the logical thing to think is: Is this guy a villain? Is it possible that he's manipulating us and is actually an antagonist?  My take on all of this, without having read the light novels, is that Zimmerman is a truly human character. For the first time, we see a leader of a nation who cares about the Eighty Six. He doesn't want the Eighty Six as weapons; he wants them as human beings. And if we read between the lines and interpret things, we could understand that Zimmerman has a great deal of affection for the Eighty Six, to the point of being brotherly towards them.  I would be genuinely surprised if this character ends up being a villain, because the potential this character has is truly incredible. Almost like a father figure to our protagonists.  What do you think about all this? I INSIST: I DON'T WANT SPOILERS",2026-02-07T09:40:11Z
spoiler,streaming,informal,after,"So first of all I just want to be transparent and let you know that I am not someone extremely ""knowledgable"" about this game and I'm jsut a simple dude like you who loves the game and try to do its part. For those of you who are not aware Fiction is doing a very usefull work regarding Zjump, I suggest you check it first before reading this post because here I do not adrees the reason why Zjump should or should not be banned, I am only adressing the 3 main concerns about Zjump Ban enforcement as the title explicitely indicate.    So that beeing said, It's pretty much a given now that Zjump is giving an unfair advantage which you may or may not call cheating (that's not the topic of this post), and that it should be ***ban at high lvl for competitive integrity***, but some people do not want to enforce the ban because of several reasons:  ***- first reason is because the Boxx exists***  ***- Second reason is because a lot of the player base use Zjump at locals and aspire to prove themselves on the bigger stage at Majors and if you ban Zjump they would straight up stop attending and it would come at a financial loss for TOs who already makes little if no income at all from what I understand***  ***- Slippi exists and it would be literally impossible to enforce the ban there so we would have Online Tourney with Zjump and Offline majors without it...***     \-Regarding the first point, Boxx unlike Zjump is the only way to play this game for a lot of people due to their hands problems or whatever. It is an accessibility issue so it has nothing to do with Zjumping therefore it should not be banned but nerfed untill it no longer comes at an advantage over OEM controllers overall. There would still be some advantages in some ways due to the nature of the boxx and thus of the OEM beeing different, but if we can compensate by nerfing other aspects of the Boxx it should be done.   Now I am aware that the Boxx got nerfed already eventhough I am not familiar with those nerfs but apparently from what I understand it was not heavily nerfed or at least not enough since Zjumper still argue that the Boxx is more broken than Zjumping and that they're ready to swithch to boxx if Zjump is banned...   I've also heard that a lot of Boxx players were on the verge of quitting the game after the nerf and that another nerf will probably make them quit, so if that's the case then so be it ! From what I was told there are about 10 to 20% of the player base who use the Boxx but it's hard to believe that 100% of them use it for accessibility reasons only... I mean imagine 1 person out of 5 who cannot use a normal controller due to hands issues  ? seriously ?  Honestly I doubt it. I have nothing against people who use it the way it was intended which is why the Boxx should still be legal but it should definitly not hurt competitive integrity the way it does now because from what I undersstand a lot of people using it do so for competitive reasons to gain an advantage that is unfair and violate the fairplay rules eventhough it is not technically cheating.     That beeing said if people who use Zjump are willing to switch to Boxx it just proves the point that Zjump is cheating and that the reason they were using it in the first place was to get a competitive advantage otherwise why would they go all their way to learn how to play on the Boxx from scratch which requires a ton of practice ?? Well I guess the answer is the same ... to gain a competitive advantage ! They would be willing to do anything to avoid playing on a regular controller like everybody else... So for those people who do not intend to play by the rules and always try to gain a competitive advantage, I say we should deal with Zjump first (and notches I mean it's not the topic of this post but why not), and if they are dumb enough to do what they said and switch to the Boxx, then in 1 year from now we should nerf the Boxx and make them regret to switch ! Because those who cheat do not deserve our compation and they won't be missed if they stop playing this piece of art of a game that is melee !    \-Anyway, adressing the second point now wich is that a lot of people who go to locals uses Zjump, well, first locals do not count for competitive ranking or at least not much compared to Major and superMajors so I guess it's fine since it does not affect the competitive scene. You may argue that it affects the local scene and that local players who use an OEM play at a disadvantage but that is not of our concern here as I believe each local should have their own rules. If most players attending the local stage use Zjump already it would be probably a bad idea to enforce a ban there since it will completely destroy the scene there, but in another region let's say fewer players use Zjump, and other competitors who do not feels like they are at a disadvantage (which is also true if not even more true regarding the Boxx), then you might argue that in their local scene something could be done about Zjump and that's it.  I think we should not try to ban Zjump everywhere as it is impossible, as I mentionned above we cannot enforce the ban on Slippi so it would be suicide to enforce it everywhere at every locals... which is why each scene should make their own decision accordingly. On the other hand when it comes to Major and Super Major the rule should be the same for every Major and eventhough Zjump should be banned for competitive integrity, I believe something could be done to avoid people not attending Majors due to this Ban. I mean if let's say 20% of players who attend Majors use Zjump, it would be a pretty big deal for TOs if they did not attend tourneys anymore...   So my point is out of those ""20%"" how many are going to make the cut in top 64 or top 8 ? not many because top players will kick their ass with or without Zjump anyway... So this is just an idea that I've seen here n there but that has the merit to exist which is that we should allow people to use Zjump before top 64 and passed that Zjump should be banned entirely so that if 2 top players play against each other we should always preserve competitive integrity. Now let's imagine a scenario where 2 very competitive players play each other before Top 64, which might happen when someone retired comes back and is not ranked 100 yet, or if someone like RapMonster comes out of nowhere and rises to the top very fast. like those scenarios exists so in this case, there should be a gentlemen rule that allow a player to NOT agree to play the other players if they're using Zjump and they are a top 100 player, because as a top competitor you should not be playing on Zjump anyway. but let's say 2 randoms players plays each other before top 64 and none of them is top 100, they both have right to play with Zjump and the gentlemen rule no longer apply as it should be enforced only at the top level.  So I hope that by this logic you agree that we are trying to preserve the competitive integrity of the game while also trying to take into consideration TOs concerns regarding attendance which is a big deal even if we do not look at the financial aspect of the game, because let's be honest, the more players play the game and attend tourney and such, the better it is for the game right ? Also the better TO are doing, the better it is for the scene as it would motivate other TO to enter the game and we might see more tournaments as a result which could not hurt the scene...    \-Onto the last point, let me know if there are more points that should be adressed,  Yeah Slippi does exist and yeah Melee would not be where it is right now without it. Slippi is everything we could hope for, especially during the pandemic. Wether we like it or not Slippi is Melee. Online tourneys might not count but Slippi is still a pretty big deal when it comes to the player base and practicing and such. It has allowed a ton of players to improve at the game in the recent years and as a result it has made the competition more and more interesting as the skill ceiling has been pushed even higher and the meta has changed.  Now when it comes to the meta, we should not forget that part of the reason the meta has changed is also due to the Boxx and Z jumped beeing ""allowed"". Anyway, my point is that Slippi is Melee and that we should not try to change it. If people use Boxx or Zjump on Slippi, so be it. Slippi is for practicing and for Fun and if people want to have fun using Zjup then that's ok I guess. All we need to adress regarding Zjump is the competitive integrity. Slippi has nothing to do with that. Eventhough we do have Online Tourneys they do NOT count for ranking anyway so if top players are willing to change their grip habbits inbetween offline tourney just to win an onlinve event that does not even count for ranking then that's ok I guess, it's their problem if they want to mess up their muscle memory...     After saying all that I am more and more convinced that the sooner we ban Zjump, the better because let's be real, none of the argument that I have adressed in this post hold on if we are beeing serious for 1 min...   Every issue can be adressed and competitive integrity prime over everything else so it should be done Period. Those who still deny it are just beeing salty because we take away their unfair ""advantage"" and that should not be a valid reason as to why we should keep Zjump. If they stop playing the game because of that then so be it, (spoiler they won't, because if you love this game as much as people who have been playing it on OEM since pretty much te begining, then I guess you'd be willing to switch back to the ""normal"" way to play the game for like 80% of us who still play to this day, and if you don't, well that's because you simply did not care about this game in the first place ! because what we ask you is not something crazy... we just as you to play on a fuckin OEM controller without Zjump is that too much to ask ? No of course not.  Sorry for bad wording/spelling    ",2026-02-07T09:39:54Z
spoiler,streaming,informal,after,"Considering i am incredibly dense it's prob a miracle I got to tiphereth, and my main question is how to make a proper deck and do the floors matter in that regard, it's my first deck building game and I'm way too dense (also im not going to spoiler it cuz idk if it should be spoilers)",2026-02-07T09:39:11Z
spoiler,streaming,informal,after,I’ve really been wanting to read a bakudeku fanfic but kinda got spoiled a really important thing so is there one that doesn’t have spoilers? I’ve only watched season 5,2026-02-07T09:38:59Z
spoiler,streaming,informal,after,"The fact this got a 5th season is insane to me   the fact that this has a fanbase is insane to me  NOTHING happens in this anime and manga it got dragged on so much    the entire thing is just ""its so over"" ""we are so back"" ""its so over"" OVER and OVER again   All the damn characters in this are straight written badly, The MC is fucking awful a loser who spent too much money on a escort who is just his neighbor btw and got rejected mutiple times by her and yet still dedicated his entire life with her, character arcs? whats that?         SPOILER: (if you even care): >!the reason why they are in this shitty relationship is that Chizuru grandma got sick and such and about to die kazuya being a dumbass called her as his girlfriend so now they have pretend and such, fast foward EVERY mf knew they are faking this shit, and instead of stopping he keeps paying money to her and get rejected by her 4 fucking times the only good arc was that kazuya pretty much helped chizu to make a movie before her grandma dies they successfully did it and wow a decent arc??? then out of nowhere it became shit again!<     the first episode already sucked ass and made you hate the MC pretty much the MC saw chizu doing her job with another person gets jealous then becomes a selfish asshole to her because ""erm what are you with other men?!?! instead of me??!?!"" like fuck dude kys your surprise shes doing her job?? then other women characters get introduced one character who is ruka who is literally obsess with him and yet this dumbfuck still wants chizu FUCK this anime and manga sucks ass   also to mention the main author is also ass   this is a real i am not making this up he self inserted himself with chizu and had SEX with her married her before even the MC gets action AND then towards the later chapters probably the latest one where the MC gets a haircut and immediately looks like the Author and GUESS WHAT HE HAD SEX FOR THE FIRST TIME WHEN HE STARTED TO LOOK LIKE THE AUTHOR AND STARTED TO IMPROVE AS A PERSON  Nothing burger of a series fuck this fuck the author it sucks that all the women characters are so hot and yet its written like a 15 year old fantasy   also the author is married and the MC is a cuck  thats all. dont watch this shit",2026-02-07T09:37:11Z
spoiler,streaming,informal,after,"https://preview.redd.it/j1jcymogl1ig1.png?width=2560&format=png&auto=webp&s=f2c4d8b76a712111a53d041eedc3eda61dcf3db6  \*sobs\*  Now that I'm somewhat done crying after playing the MSQ, I want to rant a bit about the story in an attempt to dry my tears if anyone wants to read this.  MAJOR 3.1 SPOILERS AHEAD!  >!**Aleph-1 Give Me My Daughter Back Now!**!<  >!So, I am a player since 1.0, and a longtime lurker in the community. I've been there for Wuwa's highs and Wuwa's lows, and wow, this story feels like the culmination of everything I've experienced since 1.0. I've enjoyed every Wuwa patch, but there has always been something missing. The fact that characters more or less cease to exist after their banner ends always made the story feel a little too hollow and unalive for my liking, but I had hope for the story long-term, so I stuck with it. When going into 3.1 I expected some aura farming and an enjoyable, but ultimately forgettable experience.!<  >!I never expected 3.1 to bring the entire story of 1.0-3.0 together to make Solaris-3 truly feel alive and make me sob multiple times over a darn gacha game! So, what makes 3.1 so fantastic? For me, it's primarily the fact that Rover has finally been fleshed out as her own character, allowing the player to get fully invested in the narrative. Ofc, Rover has always had her own personality, but from a story perspective she has been kind of aimlessly wandering from place to place without enough justification, so as a player It was always a little difficult for me to get invested in the story's setting. All those feeling I had about being slightly disconnected from the world of Solaris-3? That is exactly how Rover felt. We now know that Rover is essentially an alien, sent to Solaris-3 as it's immortal, un-ageing protector. Imagine being sent to protect a foreign land where almost every single person you meet will die long before you and also, will likely have lowered cognitive abilities compared to your own people, given how advanced your civilization is in comparison. Will anyone ever be able to understand you? Also, even if someone did, they will die in what likely feels like mere moments for you, so why even bother trying to form such a connection? You are forever alone, doomed to oversee a never-ending mission. No wonder past Rover has been said to come across as cold and distant when interacting with the residents of Solaris-3. The residents of Solaris-3 aren't, and could never be, past Rover's people.!<  >!So, for this lonely, immortal being, who could possibly form a meaningful connection with them? Who could see past the emotional walls Rover placed around herself to safeguard her own sanity? A daughter of course. As many parents will tell you, the connection you have with your child is unlike any other connection you will likely ever experience in life. Through Aemeath's presence in 3.1, we finally see Rover truly show her deeply vulnerable side to another person. It's possible she has shown this side of herself to others like Shorekeeper or Camellya, but such moments, if they happened at all, have not occurred on-screen as of yet. The story of 3.1 fully converts Rover from an interesting ""hype moments"" MC into an emotionally complex and introspective person. Rover is someone with an immense weight on her shoulders, yet she is just a person with flaws and inequities like everyone else. Rover isn't perfect, but from the perspective of a native of Solaris-3, you could easily think of Rover as a perfect savior, remaining ignorant to all of her suffering and doubt. Every time we see an aura farming moment or character hyping up Rover in the future, there will now always be a hidden sadness in the background of such a scene. It can mean the person hyping up Rover to be the great savior of city #457 does not truly understand her or even view them fully as a person. Despite all that, post memory-wipe Rover now has a unique opportunity. After forgetting her homeland, she is now truly a resident of Solaris-3. She has people she cares for, like her daughter, and some of those people will even live long enough to stay with Rover in the future to alleviate any loneliness she might feel.!<  >!In conclusion, 3.1 single-handedly fixes the game's entire narrative for me by giving the appropriate context and character motivations for why Rover leaves past characters and regions behind while communicating with past banner characters very rarely. I loved Aemeath so much I topped up multiple times to get her to S6R1 (Don't worry, I can easily afford it). Characters disappearing after their banner? Well, we have a narrative explanation for that now, Rover is a different kind of existence compared to Solaris-3 residents. Our time with a character felt somewhat fleeting, or you miss them? Well, Rover lives a busy life, she will find people she cares about but cannot always be with, so if you love a character in Wuwa, cherish those feelings, because you are feeling the same things Rover does, just on a shorter timescale. A character feels ""dead"" after their banner ended? No, they are just living their own life, separate from Rover. Everything I have mentioned can be summarized by, I believe it was Solon, or someone else from Kuro, saying that Wuwa is ""Rover's story"", but only now do I truly feel and see the vision that such a statement meant. Kudos to Kuro, 3.1 was an amazing story, not just for a gacha game, but for video games in general. I can't wait to see what they cook up next.!<  TLDR - PGR players were right; Kuro tells amazing stories. Oh, and I used ""her"" for the post because I play female Rover, but male Rover is still totally valid! Also, thank you if you read my massive wall of text :D",2026-02-07T09:37:09Z
spoiler,streaming,informal,after,"Saved the G2 x Mouz game to watch today morning. Even avoided using reddit since yesterday to avoid spoilers.  I go to the youtube with my coffee all happy and then, the spoilers is within the video timeline.  Impossible to avoid the spoilers.  Seriously ESL?     Take a page from other TOs and add extra time to stream at the end and don't add video markers, at least wait 1 week or so to do it.     :(",2026-02-07T09:36:59Z
spoiler,streaming,informal,after,"Apr 23, 2022  Hey Everyone, It's finally time to tune the s4 and I could not be more excited. I've put a ton of work into this thing and it's just getting better and better. It's so fun to see a car not only become drivable, but become something you are proud of. I can't wait to see where we can take this car in the future. In todays episode we go over upgrading injectors, remote tuning, and install a duckbill spoiler.",2026-02-07T09:33:42Z
spoiler,streaming,informal,after,"**THUNDERMOUNTAIN**  * TheRealKid * spygametf2 * wingedhussar * Bannockburn * gayfer * directionz * GUILLIESUIT * JonyDany12  **SNOWYCOAST**  * TANKy * Ichgod * TNT\_PRINCE * drain damage * Pandaria * ZOOWEEMINECRAFT * SnoWDooM * scubamaster96 * Hector0n * HeadshotFraudster * DatChernoblyGuy * I work at Subway  **DUSTBOWL**  * Dunkie\_Nugg * DarkNecroZerker * Spaghetti sauce * wo ist der käse? * Syrenix  **SAWMILL**  * spoogz * My Celium * \>NTRON * Zach Hery * LeSkullz * BangerofDong87 * MillionD007 * Mute your chat, pyro * BritishStud * CLASSIC * rorkesdrift * Bison Man * No Body * KEYBOARDESTROYER2000  **BADWATER BASIN**  * Sigismund0  **DOUBLECROSS**  * OrderofBusiness * Snortyy * Zia * Panzerkampf * Pastra\_gushes * Frogg\_Gaming * Zesleu * Vtuber Physics Engine * CORE HAN * ATIK * Rigor Mortis * theGrimJester * Greymatter * gods\_god * BigStevie * biggest\_beef\_cake  **MOUNTAIN LAB**  * TheGreaterInsult * Serenemist * Sir Jonara * Stigmata * SAVIOR  **2FORT**  * Lyn * pear * eepiest\_dragon * WeirdCipher * cacapopo boss * AvatAro boss * Mitox boss * JackalJoker boss * XBladeMaxX boss * ChickenOnARaft * Unnamed F2P Medic (literally, we don't know his username) * pyrogaming (fate uncertain)  **TRADE PLAZA**  * PicNick  **DOUBLEFROST** (Spoilers in case if you haven't seen the recent video yet)  * >!Sandvich lover!< * >!Clever Hans!< * >!Echo!< * >!Nexos!<  **GORGE** (Non-canon, but to include it anyway)  * [Yourmom.com](http://Yourmom.com) * Great Glue * Пивной грузовик (Beer Truck)",2026-02-07T09:32:24Z
spoiler,streaming,informal,after,"Besides the blowout I had from bad stretching when I started out, what is this scar? It’s not from the blowout I know that bc I’ve had it for years before i even started stretching. I noticed it after my earring in this ear fell out about a month after they were pierced, for at least an hour. It wasn’t as big before I started so I think stretching contributed to it definitely but is there anyway to get rid of it? Would I have to size down? This is my bad ear and the skin/lobe is not nearly as elastic as my right ear.  I marked it as spoiler just bc my lobes are ugly. ",2026-02-07T09:31:12Z
spoiler,streaming,informal,after,Is the attached photo still true after 2 years of updates ? My people tried getting married but had Christmas outfits on so I just left the date and am worried I missed the phot and souvenir ,2026-02-07T09:31:12Z
spoiler,streaming,informal,after,"So, I finished all 3 endings recently, only have 57 hours in at level 163. Overall, I enjoyed the game. Loved most of the characters (Josée, my beloved). A few bosses that were harder than others (Namely redeemed Hero Holly, and Hero Valentin) but overall I enjoyed it. Some of my biggest issues is having *no* poise if youre not making a build *solely* for poise, and enemy aggression is almost constantly on you, with your partners taking aggro for a hit or two, but my biggest issue i think is how the game ends after ending 3. It just left me underwhelmed. No free roam to see the world without reloading *before* you saved it and achieved the true ending, when they totally could have made that doable, but oh well. Maybe that will be added with the DLC next year.  Overall, great game. Enjoyed it a lot aside from those minor gripes. Let me know what you think of it.",2026-02-07T09:30:28Z
spoiler,streaming,informal,after,"Spoiler if you haven’t finished the series.  So I’m rewatching season 3 and just finished Master Blaster, and it brought back the thought, without the failed treachery of Tarantulas/Quickstrike what do you think Megatron would have turned into with the absorbing of the G1 Megatron spark? It turned Optimus into a multi changing powerhouse, with forms that touched on both Primes transformations. Would we get a Trex with a massive gun? Was a mock up ever done or has anyone got any fan art of what they envisioned? The dragon form was rad, but I was always curious to what he could have become.",2026-02-07T09:29:56Z
spoiler,streaming,informal,after,"I'm still fairly new to the game and I'm completely lost about what's going on with my KIM so I finally decided to post here lol  Is there any way for me to get further in the conversation without resetting, since that's something I really don't want to do?  I had ""close"" status with everyone and everyone were willing to get into a romance with me if I asked to, But as soon as I started a romance with Lyon, Roathe just blocked me. After that I read that I should do decendia 21 times so I did and I got the following conversation with Roathe ^ The status went back to ""close and willing to start romance"",  But now that I told him that I will not reset his memories on the next day in the second picture I'm blocked again without any description about our status expect ""anathema"". Did I completely mess this up somehow or is there something I can still do without resetting? I'm really invested with the story so I'm losing my mind over this lol ( hope I posted to the right place) ",2026-02-07T09:27:40Z
spoiler,streaming,informal,after,"https://preview.redd.it/us2bdizox0ig1.png?width=2560&format=png&auto=webp&s=af59bbf5af032aca41b04466efb2cf3a9cd45207  \*sobs\*     Now that I'm somewhat done crying after playing the MSQ, I want to rant a bit about the story in an attempt to dry my tears if anyone wants to read this.     MAJOR 3.1 SPOILERS AHEAD!           >!   **Aleph-1 Give Me My Daughter Back Now!**!<  >!So, I am a player since 1.0, and a longtime lurker in the community. I've been there for Wuwa's highs and Wuwa's lows, and wow, this story feels like the culmination of everything I've experienced since 1.0. I've enjoyed every Wuwa patch, but there has always been something missing. The fact that characters more or less cease to exist after their banner ends always made the story feel a little too hollow and unalive for my liking, but I had hope for the story long-term, so I stuck with it. When going into 3.1 I expected some aura farming and an enjoyable, but ultimately forgettable experience. !<  >!I never expected 3.1 to bring the entire story of 1.0-3.0 together to make Solaris-3 truly feel alive and make me sob multiple times over a darn gacha game! So, what makes 3.1 so fantastic? For me, it's primarily the fact that Rover has finally been fleshed out as her own character, allowing the player to get fully invested in the narrative. Ofc, Rover has always had her own personality, but from a story perspective she has been kind of aimlessly wandering from place to place without enough justification, so as a player It was always a little difficult for me to get invested in the story's setting. All those feeling I had about being slightly disconnected from the world of Solaris-3? That is exactly how Rover felt. We now know that Rover is essentially an alien, sent to Solaris-3 as it's immortal, un-ageing protector. Imagine being sent to protect a foreign land where almost every single person you meet will die long before you and also, will likely have lowered cognitive abilities compared to your own people, given how advanced your civilization is in comparison. Will anyone ever be able to understand you? Also, even if someone did, they will die in what likely feels like mere moments for you, so why even bother trying to form such a connection? You are forever alone, doomed to oversee a never-ending mission. No wonder past Rover has been said to come across as cold and distant when interacting with the residents of Solaris-3. The residents of Solaris-3 aren't, and could never be, past Rover's people.!<  >!So, for this lonely, immortal being, who could possibly form a meaningful connection with them? Who could see past the emotional walls Rover placed around herself to safeguard her own sanity? A daughter of course. As many parents will tell you, the connection you have with your child is unlike any other connection you will likely ever experience in life. Through Aemeath's presence in 3.1, we finally see Rover truly show her deeply vulnerable side to another person. It's possible she has shown this side of herself to others like Shorekeeper or Camellya, but such moments, if they happened at all, have not occurred on-screen as of yet. The story of 3.1 fully converts Rover from an interesting ""hype moments"" MC into an emotionally complex and introspective person. Rover is someone with an immense weight on her shoulders, yet she is just a person with flaws and inequities like everyone else. Rover isn't perfect, but from the perspective of a native of Solaris-3, you could easily think of Rover as a perfect savior, remaining ignorant to all of her suffering and doubt. Every time we see an aura farming moment or character hyping up Rover in the future, there will now always be a hidden sadness in the background of such a scene. It can mean the person hyping up Rover to be the great savior of city #457 does not truly understand her or even view them fully as a person. Despite all that, post memory-wipe Rover now has a unique opportunity. After forgetting her homeland, she is now truly a resident of Solaris-3. She has people she cares for, like her daughter, and some of those people will even live long enough to stay with Rover in the future to alleviate any loneliness she might feel.!<  >!In conclusion, 3.1 single-handedly fixes the game's entire narrative for me by giving the appropriate context and character motivations for why Rover leaves past characters and regions behind while communicating with past banner characters very rarely. I loved Aemeath so much I topped up multiple times to get her to S6R1 (Don't worry, I can easily afford it). Characters disappearing after their banner? Well, we have a narrative explanation for that now, Rover is a different kind of existence compared to Solaris-3 residents. Our time with a character felt somewhat fleeting, or you miss them? Well, Rover lives a busy life, she will find people she cares about but cannot always be with, so if you love a character in Wuwa, cherish those feelings, because you are feeling the same things Rover does, just on a shorter timescale. A character feels ""dead"" after their banner ended? No, they are just living their own life, separate from Rover. Everything I have mentioned can be summarized by, I believe it was Solon, or someone else from Kuro, saying that Wuwa is ""Rover's story"", but only now do I truly feel and see the vision that such a statement meant. Kudos to Kuro, 3.1 was an amazing story, not just for a gacha game, but for video games in general. I can't wait to see what they cook up next.!<     TLDR - PGR players were right; Kuro tells amazing stories. Oh, and I used ""her"" for the post because I play female Rover, but male Rover is still totally valid! Also, thank you if you read my massive wall of text :D",2026-02-07T09:26:56Z
spoiler,streaming,informal,after,"I received two spoilers about *Wonderful Everyday / Subahibi*. Is it worth reading anyway, and is there more to it? (I only know exactly what I will say, nothing more.)  >!The main character doesn't exist and is actually another character who went through a lot of traumatic events.!<  >!Somewhere in the game, it's revealed that everything that was shown up to that point was false and only the point of view of one of the characters.!<  I also know that there's a lot of unsettling imagery in this VN, so I would like to know if it's more like an edgy “shock = deep” story, or if it's something else",2026-02-07T09:25:35Z
spoiler,streaming,informal,after,"I apologize in advance if there seems to be gaps in this post or it starts from the end and goes to the beginning (something my mom has said about me and my dad). I’m also nervous posting because I want to make sure I’m not accidentally breaking any rules (I’m pretty confident I read them correctly though)  Some context, my mom’s father was a psychopath, abuse all the time, etc. Side note, I have been diagnosed with adhd, dyslexia and anxiety. (It also wasn’t till I asked her a few years ago if she thought I was autistic that she admitted she always thought i was)   I’m aware of her past and have been sympathetic to some of her traits because of it. A few years ago, my mom started to admit things. Like for an example, she told me that “I had to break you down to admit that you were wrong as a kid”. Now I’ll admit, I’m a very stubborn. I also sometimes hear herself when I’m talking (that does scare me). She was also adopted and she told them some years ago that “I had to spank her when she was 18 months because she would keep back talking”. Those are just the ones I can think of on the top of my head as I’m sure there are more. I know there are more examples, theses are just the big ones.   A few years ago she got covid. She is still feeling the effects of that. At time we were trying to find out what was going on and we discovered she has over 20 lesions on her brain. For most of that I was mostly her CG as my dad worked and I did online school. Since she has been more “managed” I’ve been having a really hard time being around her. Every time she mentions anything about her sickness I have to bite my tongue. To me it just seems like she’s fishing for sympathy. I’ve tried to bring up issues i have before and it has always ended up with me feeling bad and me crying and breaking down. Almost always after she consoles me and makes me feel like things will work out. (Spoiler, it doesn’t).   I do struggle with communication with others and as a kid I’ve looked to her. But as I’ve been more aware of her possible narcissistic behavior (I’m still not sure), I’ve been lost. I’m not sure if therapy is helping, I feel like my therapist gives general advice and I’m not sure if it’s because of the therapist or my ability to completely dominate conversations accidentally. (Something I believe is from my neurodivergence). I don’t really know why I’m posting, I’m hoping to get a few people on chiming in with there perspective so I can know if it’s me or her but in reality I might only get one or none. But you miss 100% of the shots you don’t take, right?  Anyways, I hope everyone has a good day/morning/afternoon",2026-02-07T09:25:03Z
spoiler,streaming,informal,after,"So I was looking at the achievements for The Last Caretaker and I found these two hidden ones:  >!Secret of the Maze and Mother under the Sea!<  and I was looking closer into the second one.  I found on [steamhunters.com](http://steamhunters.com) the following description:  >!Find Mother hidden below the waves. A quiet monument where the ocean keeps her, close to where you first woke.!<  And I actually found something but didn't get an achievement.  https://preview.redd.it/wxiikazii1ig1.jpg?width=2474&format=pjpg&auto=webp&s=13df14eba6868f03d06cde7f5dcf68958dca84f7  It's about 200m deep and after finding it down there I actually found a Pipe going straight down to it and I followed it back up just to find a hidden place I'm sure not a lot of you have found yet.  I went down a second time this time trough the pipe and still no achievement.  I have to say the statue doesn't really look like its title. While there is a female person in this statue it is the smaller one and I don't think I have the right one yet.  Did anyone else find underwater statues yet outside of uunderwater POIs?  I wanted to find it before we get the ""sonar"" because I figured it could be too easy to find with it.    edit: I'm currently on the regular public version. not the beta",2026-02-07T09:24:32Z
spoiler,streaming,informal,after,"Feb 14, 2022  In this episode we start by finally washing the car after months of bad weather. With my luck it will come back next week, but for now she is clean! After that we install a diffuser I ordered a while back and it really improves the look of the car! If you have a carbon spoiler extension, I highly suggest you get a diffuser to compliment the look. I also hint towards a major update for the channel that will be announced next episode. If you enjoyed the video or learned something, consider subscribing. Thank You For Watching.",2026-02-07T09:23:55Z
spoiler,streaming,informal,after,"So I'm at the end if the game, before the moon bosses (if you know you know; I dunno how to do spoiler tags). I'm trying to get everyone's weapons. I've gucen Iris about 400 points of eggs and no sight of her personal hammer.  I've done everyone's personal quests as well, so neglecting that isn't an issue.  Advice is GREATLY appreciated!",2026-02-07T09:21:45Z
spoiler,streaming,informal,after,"Hey, I'm doing my eng langlit hl essay on the use of color and framing in the movie ""bones and all"", and my teacher recommended that I include images in the appendix but a big part of my analysis is based on the act of cannibalism, specifically the contrast between blood and light colors. Would it be a problem for me to include these scenes, and do I need to include a trigger warning of any kind? Thanks. (I could comment the pictures if anyone asks but I don't know how to put a spoiler/maturity warning on the pics on here)  ",2026-02-07T09:21:33Z
spoiler,streaming,informal,after,"I'm not an astronomer, but how did they decide that all the stars (other solar systems) were gone too? After all, light from stars travels for thousands of years. Is there some way IRL to determine that star is gone?  Could it be that it wasn't the planets and stars that disappeared, but those spaceships and stations teleported to another dimension or something?  End of the movie (spoiler)  >!What was so special about the black box (what information was in it) that they sacrificed so much for it? What could give humanity a chance?!<",2026-02-07T09:21:33Z
spoiler,streaming,informal,after,he also added one extra mini and i just pretend that's Nero Vipus lmao  no spoilers pls i'm only halfway through Galaxy in Flames huhuhuhu,2026-02-07T09:19:03Z
spoiler,streaming,informal,after,"Having just rewatched this first OVA, I have to say that I particularly loved the montage that we see during the eclipse at around 08::25  https://www.crunchyroll.com/watch/GYMG8J5PY/mushi-shi-ova  It shows mostly still images of many of the people that Ginko has helped during season 1, and they're all watching the eclipse.  The incredibly uplifting music really helps too. **(does anyone know the title of that track)?**  Just wanted to mention this as I love that montage. :-)",2026-02-07T09:18:27Z
spoiler,streaming,informal,after,"# Back to Back Chapters!!!  https://i.redd.it/o9d0oia0i1ig1.gif  **Leave your predictions (maximum of 3) for the next chapter in the comments below.**  * Each correct prediction will give you **1 point**. * Edited comments after the hints are out will not count, so beware. * In case you leave more than 3 predictions, **only the first three** **will count.** * If you haven't, you should read the **Rules & Regulations** of this contest : [https://www.reddit.com/r/OnePieceSpoilers/comments/1q8e666/predictions\_post\_s2\_rules\_and\_regulations/?utm\_source=share&utm\_medium=web3x&utm\_name=web3xcss&utm\_term=1&utm\_content=share\_button](https://www.reddit.com/r/OnePieceSpoilers/comments/1q8e666/predictions_post_s2_rules_and_regulations/?utm_source=share&utm_medium=web3x&utm_name=web3xcss&utm_term=1&utm_content=share_button)  🏆 *At the end of the year, the top two members who get more points will* ***win an extra-special-rare custom user flair***.  🔒 *We'll lock the post when the hints come out.*  # Check pinned comment for predictions that YOU should avoid this week  # Leaderboard :  *Leaderboard is still being updated......*    # Another heads up to read the Rules and Regulations (We do have some changes after S1 so I highly recommend reading) [https://www.reddit.com/r/OnePieceSpoilers/comments/1q8e666/predictions\_post\_s2\_rules\_and\_regulations/?utm\_source=share&utm\_medium=web3x&utm\_name=web3xcss&utm\_term=1&utm\_content=share\_button](https://www.reddit.com/r/OnePieceSpoilers/comments/1q8e666/predictions_post_s2_rules_and_regulations/?utm_source=share&utm_medium=web3x&utm_name=web3xcss&utm_term=1&utm_content=share_button)",2026-02-07T09:18:24Z
spoiler,streaming,informal,after,"# [trigger warning: suicide and self harm]  \[Warning: long post with a lot of yapping\]  I don't know what to do anymore. Recently I contacted the national abuse hotline to try to get some clarity on what to do about my abusive ex but they just respected me to 988. Well 988 did make me feel a bit better I still felt broken and unheard. Like a part of me snapped. I've been on the wait-list for therapy for a good bit now, but haven't gotten any recent updates as to when I can get therapy. It's most likely still a few months out. Since idk where to go I'm just gonna vent here (feel free to comment better resources :3).  My relationship with my ex was abusive before I was even dating him. He used to tackle me to the floor, sometimes on hard cement with chipped my front teeth (I can no longer eat whole apples). He also used to try to lick me against my will to try to convince me to do stuff (im a germaphob). He also did something to me that was pretty uncomfortable (I'm not gonna go into details though I will say it's not as bad as your thinking).      About a year ago was when I first found out he was suicidal, he explicitly told me to not tell anybody ever. For a while things were normal until they weren't. When out of the blue he became incredibly suicidal. Me, obviously panicked asked him what was going on. That moment was when he confessed his love to me. To spite the giant red flags I said yes. Mostly out of genuine love but in part because he said if I dated him he wouldn't commit.      For a while things improved, we were in a sort of honeymoon phase and life genuinely felt like a movie. But the night after our first kiss was when things came crashing down.   I forgot the exact reason why but basically overnight we both became really depressed. He was more suicidal then ever until one day, he attempted. I remember that day because it was the one day I didn't check my phone messages and thus didn't know until after the fact. For a long time afterwards I checked every message I got the second I got it.   It was at this point In my life that for the first time I was suicidal myself. I feared that he could commit at any moment on any day. it was that fear combined with my gender dysphoria and other life stresses that lead to a few scary nights that I'm not gonna go into detail about. I also made several calls to 988 during this time.   After a little over month of that I finally found a way to start to recover again and restore my mental health. But I tried to hold onto the hope I still loved him deep down but it was a few days later it all became clear. That spark of the relationship was gone and no matter how hard I wanted to I no longer loved him. So I made the choice to break up. Unfortunately I broke up over text (not my brightest idea but hindsight is 2020).   My friends understood why I made the choice but some mentioned they would not have made that choice. But they all told me to go to them first next time.   At first things got deleted, old photos and artifacts of our relationship. It felt painful but we knew we were making the right choice. But then something changed. He was (and still is) rightfully mad at me (I mean I broke up with him it's only fair🤷‍♀️), but it started manifesting. It kinda all started when I accidentally spoiled part of a game for him, I admit it was not a good thing I did and if he was mad at me for the action alone that fair (even though if he didn't want game spoilers he probably shouldn't be looking at me over my shoulder Googling the game but I digress). Instead he swore up a storm at me and basically said I was dumb for not foreseeing this (for context I know very little about the game), calling me the r-word and stuff like that. He also took this rubber ball of sorts and hit me in the head with it, not hard but also like, dawg. He also recently said something like ""why are you still worrying about me, we don't even know each other"" in a tone that implied I could just control my anxiety (I cant).   Honestly now I just want him out of my life completely. But idk if that's a good idea. I would tell my friends but I'm scared. Also now typing this out I'm second guessing if it was abuse.  Y'all have any advice   (Sorry for the long post, I just had a lot on my chest)",2026-02-07T09:17:38Z
spoiler,streaming,informal,after,"Guess who is back?  After a rough conclusion to an exhausting [2025](https://www.reddit.com/r/professionalwrestling/comments/1qkst9h/my_yearend_awards_in_wrestling_2025_part_1_match/) overall, 2026 is off to a good start. The emotional climax is reached already four days deep, with the retirement of my favorite wrestler ever. Despite this massive blow to my fandom, so far, I especially like the glimpse of diversity offered by the art at large, something that was sorely missing last year in my opinion. Hopefully the trend will continue beyond January!  The idea is still to list matches that I think are worth watching (not necessarily always great but matches I consider that don't waste anyone's time), with a few words in spoiler first time viewers shouldn't read.  **Darby Allin vs. Wheeler Yuta** *(AEW, Collision #126, 1/3/2026)*   >!A couple of gross bumps in an otherwise minimalist match, extensive selling of the hand despite the light focus, just enough outside noise to build tension, the right dose of pettiness in demenor and actions from Yuta to rile up the crowd even more... Everything works together to produce a satisfying outcome and the first highlight of 2026.!<  **Hiroshi Tanahashi vs. Kazuchika Okada** *(NJPW, Wrestle Kingdom 20 in Tokyo Dome, 1/4/2026)*   I mean, come on! THANK YOU, ACE! Still speechless and unable to articulate my thoughts so I will leave this quote from GME Project instead:   ""This wasn't just a retirement match for Hiroshi Tanahashi, but it felt like a retirement for Professional wrestling as a whole.""   Forever my Ace!  **Mark Briscoe (c) vs. Hechicero** *(AEW, Collision #127, 1/10/2026)*   >!The striking arm match is arguably the second hardest limb match to pull off after the striking leg one. So it is fair to say that against the odds, these guys succeed when Hechicero works on Mark's right arm. Nothing crazy: some cool manipulation, enough selling and payoffs to make it work. A perfectly serviceable title defense on TV between, and I quote a great line from Cagematch, ""chaotic good and calculated evil"".!<  **Tetsuya Izuchi & Kotaro Suzuki vs. Hitamaru Sasaki & Yuki Tanaka** \-UWF rules- *(GLEAT, Ver. 22, 1/10/2026)*   >!Functional shoot style match with enough life and movement to live up to the stipulation.!<  **Takanori Ito vs. Masakatsu Funaki** *(GLEAT, Ver. 22, 1/10/2026)*   >!Hot start, casual sandbagging, uncomfortable strikes and throws, down to the unfortunate finish. Funaki is still such a Chad!!<  **Chihiro Hashimoto vs. Saya Iida** *(Sendai Girls, Step And Go, 1/11/2026)*   >!Hash and SenJo's pristine structuring, destined to get the most out of an overmatched opponent. Powerhouse versus smaller powerhouse, the match is at its absolute best during the oh-so brief moments of struggle, be it during the initial lock-up or to launch a suplex. Oh, and listen to the first collision! Iida shines as the sympathetic underdog who brings it. Her survival (she has an especially strong kick-out) invites mean Hash to the dance, for a nasty finish.!<  **Shinya Aoki vs. Fuminori Abe** *(DDT, New Year Fan Appreciation Day!, 1/12/2026)*   >!The road to the three-peat has begun. Crazy how casually great this riff session on the mat is! The best wrestler in the world mostly has the most frustrating wrestler in the world on a short leash. Abe-ism still pop up because of course they do, but they provide a nice little contrast between Abe's theatrical silliness and Aoki's real life one. While the former often operates to the detriment of matches, the latter feeds Aoki's natural cockiness and adds an extra dose of dangerousness to the guy. Anyway, Abe is able to counter a handful of maneuvers and even to take charge at times in a nice rub for him. However, since Aoki is a mad man on offense and especially defense here, he gets out of trouble in impressive fashion and always finds a way to the desired destination. More of them, please!!<  **Harashima & Daichi Satoh vs. Kazusada Higuchi & Yuya Koroku** \-Hard Hit rule- *(DDT, New Year Fan Appreciation Day!, 1/12/2026)*   >!You gotta love how three of these four sell the gimmick with their appearance (give a pass to Satoh, he is still relatively new in the ""big"" league). Koroku shines bright here and I hope to see more of him in this setting.!<  **Hiroyo Matsumoto (c) vs. Mirai** *(SEAdLINNNG, Shin-Kiba Series Vol. 1, 1/13/2026)*   >!Matches where Hiroyo brings it get rarer and rarer so when one comes, I sure will pay attention. Nothing scientific, new or crazy: they pretend to insert limb psychology (of course going after the right arm is an unforced error!) but it is all about the physicality. Nasty lariats enhanced by mad bumping for a nice slugfest.!<  **Darby Allin vs. Pac** *(AEW, Dynamite #328 \~ Maximum Carnage day 1, 1/14/2026)*   >!Not as tight as their Full Gear sleeper hit despite being shorter because they waste time with a mild crowd brawl at the beginning, they don't do much with the leg injury, Pac is too dominant on his own, they run the finish twice in a short period with no significant gains in between. But they make it up for it with a DERANGED bump from guess who, natural chemistry helping the bully / bullied dynamic, all in a gorgeous venue.!<  **Jonathan Gresham vs. Ryan Clancy** \-Mountevans rules- *(Beyond, Wildest Dreams, 1/23/2026)*   >!Glad to see Gresham's return after a six-month hiatus. If you can stomach his stop-and-start cadence, amplified by the five-minute round system, you will see a lovely comeback based on technical one-upmanship, where the finish is a callback to the early exchanges.!<  **Yuna (c) vs. Senka Akatsuki** *(Sendai Girls, 1/23/2026)*   >!Less than four years of experience combined so of course this one is a little rough around the edges. And since they still are under rookie restrictions, neither is in position to carry the mechanical load of a traditional championship match. However, they make the most of their limited tools with a bold audible: they throw some body part psychology in there and the limited tools become a strength. Following a strong opening on the mat, they move on effectively to a right arm (in order to make it even more difficult) versus back dynamic. How they string the various pieces of offense together and how they connect the different sections of the match is especially impressive to me. They even pull off an exciting closing stretch. In a nutshell, wild success against all odds.!<  **AJ Styles vs. Shinsuke Nakamura** *(WWE, Saturday Night's Main Event #43, 1/24/2026)*   >!The obstacles are stacked against them. A match-up ten-year past its prime / classic tries its hand at a leg match, despite the limitations of a house style where nothing matters before the first finisher kick-out, where it is all about spamming and despite Nakamura's proven bad track record when it comes to sustained / believable limb selling. And yet! On brute force, two all-time greats will a tricky assignment into quality territory thanks to a sensible lay-out and an expert pace, letting room for the setpieces to breathe. By achieving the right balance of leg work, enough for it to have value and not too much not to burden Nakamura, they produce consequential wrestling without egregious downtime, free of any cinematic BS and without burning a single finisher. Oh, and you gotta love the classy tributes to one Hiroshi Tanahashi, at the service of the storytelling and not masturbatory, with AJ's Dragon Screw to sep up the leg work, and Nakamura's Dragon-Suplex-to-the-trapped-arms-Suplex tease and the Sling Blade to fuel his comebacks. A miracle.!<  **Yuya Aoki vs. Kazumasa Yoshida** *(BJW, Death Market 88, 1/25/2026)*   >!Surprisingly spirited effort in a house show setting concluded by a mild upset.!<  **Shinya Aoki vs. Junta Miyawaki** *(DDT, Mission in Battle \~ Shinshun Kenran, 1/25/2026)*   >!It is almost unfair at this point. Currently, my guy just can't miss! Another wild opener where he adjusts his formula to plug someone into what is best for everyone, makes concessions on his routine without denying who he is, gives them huge rubs (listen to the reaction when he grabs the rope!), elevates them without diminishing his own stock. Another master class from the best in the world; another career match handed in the process.!<  **Konosuke Takeshita & Jun Akiyama vs. Harashima & To-y** *(DDT, Mission in Battle \~ Shinshun Kenran, 1/25/2026)*   >!To-y used to have potential until he decided to become annoying. He still is there, but the annoyances blend somehow with the flow of the match. Since he has something to prove to Soup, he puts his game face on and that makes all the difference. They go overboard once or twice, the tight slaps are urghhh but they always come back on track fast enough to do a good job overall. Spirited effort from both for a heated showdown. So nice of Akiyama and Harashima for the cameo.!<  **Darby Allin vs. Clark Connors** *(AEW, Collision #130, 1/31/2026)*   >!Darby has been refusing to miss for a while now. Connors isn't completely convincing in the role of the bully but the bumping freak fixes it with, well, insane bumps. Three in particular: the tackle off the skateboard, the fall from the top turnbuckle and the Spear through the ropes.!<  **AJ Styles vs. Gunther** *(WWE, Royal Rumble, 1/31/2026)*   >!On top of the self-imposed limitations by the company, this one must overcome a crowd more concerned with getting itself over than caring about the in-ring. And on brute force, AJ and Gunther do it! Sure, the connecting tissue leaves to be desired, especially when the story bits are there; the leg could have carried so much more gravitas! But in a place that has conditioned its audience not to care before the last five-ish minutes because nothing matters before the finisher spam, these two explain why we get there and give a sense of consequence to everything: lazy cover of the Styles Clash so Gunther kicks out, AJ keeps surviving the bombs so Gunther snaps and the (light!) spamming becomes necessary. Legends! Through their effort, they genuinely have me on the edge of my seat during the uncertain finishing run and that is the biggest *tour de force* accomplished by the match. Thank you for the memories AJ, and see you soon in you know where...!<",2026-02-07T09:16:48Z
spoiler,streaming,informal,after,he also added one extra mini and i just pretend that's Nero Vipus lmao  no spoilers pls i'm only halfway through Galaxy in Flames huhuhuhu,2026-02-07T09:16:05Z
spoiler,streaming,informal,after,"Hey guys, I have an example from my CoS campaign Ill put it in spoiler incase somebody hasnt played it yet (but I'm not even sure if that character is a traitor in raw).  >!In my CoS one of Strahds brides is a traitor and works against him. My players learned this information from hags they fought before but they probably forgot it. Now its time for a dinner with Strahd and getting in contact with her.!<   Should I remind them of the fact or should I just wait till they realize but potentially miss out on it forever? I have a lot of stuff planned and the important information that >!Strahd is away for a day, so they can break into ravenloft.!<But I'm scared if I'll keep telling them the information again they just follow blind quest markers..",2026-02-07T09:14:04Z
spoiler,streaming,informal,after,"Rerir was never going to be the 2nd weekly boss of Nod-Krai, I mean this in Lore-Wise and the current leaks. Rerir has the weekly boss id 14 but I think it was only used for his AQ since he acted like a special boss (e.g. Inazuma Electro Hypostasis, the 5.5 WQ boss). In the 6.3 AQ, he is trapped in the moon’s reflection and is going back in time. The Moon’s Reflection is pretty much a entrance to a place without an exit (means you are trapped permanently). So if anything, he is trapped with no exit. But as for why Columbina escaped was because of the World Formula and creating a Time Paradox. But also here is the thing, unlike Columbina, he wasn’t involved in a time paradox for his existence and was revived by Dottore (while keeping some scraps of his flesh). But Dottore himself wasn’t born from a Time Paradox, however he indirectly caused the birth of Columbina (the Columbina Time Paradox). Now I want to discuss about the latest/summer leaks.  In July 2025, the leak for the “alleged” 2nd Weekly Boss was Dottore in a Mecha Suit (think of Shouki No Kami) with Rerir’s Flesh and the Authority of Reason (pretty much uhhhh celestial power). He would use it to alter the fate of Teyvat, dismantle the firmament, and kill the Traveler. And Surprisingly, we have Act 9 Song of the Welkin Moon (Probably not Interlude Act V) in Sumeru in 6.6 (most likely the ID 1307.) and it is also important since this relates to another old leak about “Scaramouche being the Hero of Sumeru” since it also connects to another old leak about “Scaramouche kills Dottore” but it was about 6.3, but it could change to 6.6. And also in the ending of Act 8, Scaramouche tells the Traveler that he is heading back to Sumeru to tell Nahida about what happened and especially the ending scene with the flickering lights.  tl;dr Rerir being a weekly boss in 6.X wouldn’t happen due to the moon’s reflection and Dottore leaks resurfacing especially with connections to the plot in the game. ",2026-02-07T09:13:21Z
spoiler,streaming,informal,after,"I'm basing this off clues in the show, but it's one thing to be upset and disgusted with your nephew, but another to risk your life in a fight where you might kill him.  *So what actually inspired him to fight, other than just supporting old honorable Dunk?*  I think what put him over the line is that Daemon/Aerion actually killed Tanselle and her Dad/troupe and they didn't go to Dorne to be *""well gone and well forgot.""*  We read the books from Dunk's perspective. Dunk the Lunk. Dog Died? No we sent her to a farm down south!  The hints I have in the show are when Steely Pate reaches to retrieve the shield she left Pate to give him, they exaggerate the rusty sound to blend in a very human scream.   There are also some weird Wilhelm screams in the Daeron scene that are supposed to be night animal noises but no night birds sound like that. But I can dismiss that as whatever, though not fully. Not at least until the season is over as I want to believe there is a GRRM standard of hiding clues, and this being a audio/visual medium why not use those?  But iirc correctly, he never finds or hears of her even after ""searching"" in Dorne. It's left kinda open in the books.  **But it makes more sense if she was killed and Baelor was so disgusted he decided to join the Malay** and not let his evil dishonorable family screw over Dunk, who so very much reminded him that there are still some honorable knights, a value he tries to have himself as much as possible.  Thoughts? Am I overthinking it? Prob about the Wilhelm screams, but for sure not the rusty chain sounding like a woman's scream as Pate reaches for the shield she painted.",2026-02-07T09:12:16Z
spoiler,streaming,informal,after,"I loved how Harry saved his daughter at the end. And Susan. And then Susan and Harry got married (since they both loved each other so much and I'm so happy nothing bad happened to Susan 😌). The wedding chapter is my favorite! And Harry finally left Chicago and went off to live with his wife and daughter. They make such a cute family!   Man, I thought this series would just get more depressing. But Butcher really surprised me with this one. Such a wholesome read 🙂   (Gonna go read Ghost Story right away now to get another dose of happiness🤗)",2026-02-07T09:11:13Z
spoiler,streaming,informal,after,"Alright, this may be a pretty \*generic\* hot take, but I have my honest reasons on why I think this.  Genuinely, I fucking love Grand Theft Auto Online. But the fact that we need to have all these small ass requirements for quite literally everything is so aggravating. I'm a car guy, I like modding cars! Why the fuck are they restricting me from getting a goddamn bumber because I'm not rank 45. Adding a bumber to your car doesn't even do anything but make it look fancy!   I \*kinda\* understand having to be rank 50 for a turbo upgrade, but cmon. Why are you guys making me spend 11 - 13+ hours on this godforsaken video game just so I can have access to a new windshield, or some tiny ass spoiler that looks absolutely horrible.  As for the prices, I'm not really worried about it, considering I have a modded account now. But before I got one, yes, I was pissed about the prices. 1 Million dollars for a car thats worth 7 thousand dollars in real life. Not even a race car, just a regular NPC car worth 1.2 million dollars, and a goddamn missile lock on jammer than I can't even get because I dont have a vehicle warehouse, nor the money. The only realistic prices in this game are things on Warstock, Arena war, and legendary motor sport (Kinda).  5 Million for a fighter jet, you got. 5 million for a lamborghini and some random missile lock on jammer upgrade? Fuck no! All your gonna do is send me to the LS car meet when I buy the car and make me race with it.  Mission on the other hand, not as bad as it really is. They server good money, most of them do. For noobs or low levels who blow 80 - 90% of their cash as soon as they get it, its very beneficial. You can make a food 100,000 everyone 15 to 30 minutes. Easy cash. The problem is that doing the missions don't really get you anywhere. BUYING PROPERTIES OR BUYING CERTIAN VEHICLES IS WHAT DOES! WOW?! More unnecessary amounts of money I have to spend right after I just fucking collected it. Every other game out here progresses as you do the missions. But this game, progresses as you consistently spend your money.  Now I understand the part where after you buy random shit that gives you access to the missions, once you finish it, you can just do it over again, no problem. But then that's the part where you just get tired as fuck and bored, and don't want to play the game anymore.     NPC's have been constantly getting better at tackling players tactics to survival when I comes to running from the cops, healing during combat, or taking cover behind cars or other objects during combat, and even blowing ur brains out via driving a car all at once. Rockstar's excuse for this? 'We are testing GTA6 features in Gta online mode with you all!"" WOW! so instead of giving us the actual game to play, you just install features from gta 6 to gta 5 online, giving us a preview on how annoying the AI is gonna be. YAY! Shit, at least the effects on blowing up stuff looks amazing, so beneficial to the game. New fire effects. Mind you, the new effects with exploding cars and blowing up stuff is the only 'new features' ive seen. They just upped the quality of the game and said 'here's a sneak peak!' That's nor a sneak peak, that's just you guys being \*sneaky\* and easing your way around gta 6 to go work on rdr2 (good game gtw.)  Lester missions are absolutely horrible considering you need multiple people Spacifically. Inviting people doesn't work because they either never join, or if they do join, they just purposefully bomb the mission, laughing their ass off. Most people nowadays don't have friends so they have no one they can actually trust to help them, or even play any game with to be honest.   So yes, gta is one of the most stingy games on the plat form. I'm out. Oh yeah, also, the image above is still a thing. Its just 10x times worse now.",2026-02-07T09:09:14Z
spoiler,streaming,informal,after,"Added the “Spoiler” flair because spoiler alert, they can’t. ",2026-02-07T09:04:42Z
spoiler,streaming,informal,after,"Terrible finale with ludicrous scenes. The nerve of achillia and tachron to cry about honoring tachrons father. Only for them to have "" hate "" sex between each other! Absolutely disgusting! What happened to morals and basic respect!?! How would tachron face his father on the shores of the afterlife knowing he placed cock inside the woman he briefly cared for? This fetishization of a black woman (achillia)for ratings by debasing her as a stereotypical jezebel character is abysmal. Tachron practically tortured her intentionally abusing her injured hand yet she sleeps with him!?! I cannot deal. This was blatant shock value! And bad writing! Awful season ",2026-02-07T09:04:00Z
spoiler,streaming,informal,after,"A lot of it happened off screen but it was really sweet to see Oskar just hanging out and playing games with Zahid during a later chapter (spoilers). It's a change from the earlier chapters where he would spend every waking moment doing the bidding of the Pontiff or with his sister. It shows he's loosening up and learning to live.  For someone who keeps claiming to be a selfish person, I also like that so far Zahid has only proven to be very caring. He worries over Oskar and wants to encourage him to live for himself. It's just a really sweet, low-key relationship they have.  They don't seem to get a lot of attention in the fandom so I was wondering if anyone else appreciated them too. Also where I might find some fanart/fanwork involving them both.",2026-02-07T09:01:35Z
spoiler,streaming,informal,after,"**Today's film is [KPop Demon Hunters](https://www.imdb.com/title/tt14205554/?ref_=ev_csegosc_nom).**  r/OscarsDeathRace is hosting our annual marathon for the 50 nominated features and shorts in the lead up to the 2026 98th Academy Awards Ceremony. These threads are for discussion of the various nominees and their nominated categories. Giving you the chance to weigh in on what you’ve seen, what you’ve enjoyed, and who you think is going to win in each category. Happy Racing!  For a look at this year’s nominations, have a look [here]( https://www.oscars.org/oscars/ceremonies/2026). If you're not already a member, join the [Discord]( https://discord.gg/FJ37xRwfFN) to find out more.  If you’d like to track your progress, check out the [Oscars Death Race website]( https://www.oscarsdeathrace.com/). > Yesterday's film was Come See Me in the Good Light. Tomorrow's film will be Frankenstein  >See the full schedule on the [38 Days of Film 2026 thread]( https://old.reddit.com/r/oscarsdeathrace/comments/1qr7f6m/98th_academy_awards_38_days_of_film_2026_schedule/).   ## Today's film is [KPop Demon Hunters](https://www.imdb.com/title/tt14205554/?ref_=ev_csegosc_nom).  Director: Chris Appelhans, Maggie Kang  Starring: Arden Cho, May Hong, Ji-young Yoo  [Trailer](https://www.youtube.com/watch?v=3JTVQTk36R8&list=PLsVnX23wxXEXyKwePXY3uBTdTTUALKUNy&index=19)  [Where to Watch](https://www.justwatch.com/uk/movie/k-pop-demon-hunters)  [Rotten Tomatoes: 92](https://www.rottentomatoes.com/m/kpop_demon_hunters)  [Letterboxd: 3.6](https://letterboxd.com/film/kpop-demon-hunters/)  Nomination Categories: Animated Feature, Original Song",2026-02-07T09:01:30Z
spoiler,streaming,informal,after,"What *danmei* works have you been reading, watching, or listening to recently? This weekly post is a space for you to discuss the danmei that you've been currently addicted to, or that you'll be looking forward to picking up! From old or new series, to popular or underrated titles, feel free to let us know what's in your current list or backlog!  Please make sure to use spoiler tags generously, especially if you are discussing plot points or events that others may not yet have watched. For formatting purposes, feel free to **bold** or *italicize* titles. Consider also sorting the comments by ""new"" (instead of ""best"" or ""top"") as this thread fills up quickly.",2026-02-07T09:01:02Z
spoiler,streaming,informal,after,"**On Saturdays, we loosen the discussion-based requirement to allow for memes, shower thoughts, silly posts, etc. All other rules still remain. Enjoy your shitty Saturday!**  Use this space as the daily chat if you need to talk all things romance!  \---  Here's our [guide on community norms and posting](https://www.reddit.com/r/romancelandia/comments/tddeyr/a_welcome_to_new_romancelandia_members_and_an/).  **What goes in the daily reading chat, you ask?** We like chatting about romance books, and we also like to build community, so the daily reading chat isn't incredibly strict about content, exactly. Don't be shy!  **Where to start? Some ideas:**  * Random musings about romance * Books you're looking forward to * What you're reading now * Book sales and deals * Television and movies * Good books that aren’t romance * Questions for the group at large * Smashing the kyriarchy in daily life * Encourage other commenters who have good ideas to start a new post!  \---  * **Discussing a book?** **Please include content warnings** or anything else you think a potential reader needs to consider before reading and don't forget to mark your spoilers. * Not sure how to use **spoiler tags**? Just do this: >!spoiler text!< * Would your fairly-in-depth book discussion comment or romance-reading observation **make a good post**? Probably! But in case you're not sure, check out our guide with post examples: [Posting on Romancelandia: It doesn't have to be a dissertation.](https://www.reddit.com/r/romancelandia/comments/quxd1v/posting_on_romancelandia_it_doesnt_have_to_be_a/)",2026-02-07T09:00:47Z
spoiler,streaming,informal,after,"\[SPOILERS AHEAD — SERIOUSLY, TURN BACK IF YOU HAVEN’T READ IT\]  Finally finished Last Argument of Kings, the finale to what is now officially one of my favorite trilogies of all time. And I’m saying it outright: this is one of the best final books in a trilogy I’ve ever read. As far as closing acts go, I’d put it up there with Return of the King. I’m not saying I like The First Law more than LOTR, but the ending? It absolutely rivals it in terms of weight, consequence, and emotional damage, and tying the story together.   This was easily my favorite book of the three. I went in completely spoiler-free (a minor miracle), so every twist landed like a gut punch. No slow realization, no “oh I saw this coming”, just sharp, sudden turns that made me stop, reread, and mutter “you’ve gotta be kidding me.” I loved every second of that surprise.  Alright. Final warning. Big spoilers below.  ⸻  Let’s start with Jezal. I was not ready for that arc. The sudden ascension caught me totally off guard, and honestly? I didn’t even want to like it. He was one of my least favorite characters for most of the trilogy. Watching him of all people end up where he does felt wrong in the exact way Abercrombie excels at. It’s not satisfying in a heroic fantasy sense, it’s satisfying in a bleak, “yeah, that’s how this world works” way. It’s almost laughable.   Logen Ninefingers is pure tragedy. Beautifully written. Horribly flawed. Somehow perfect in his imperfection. Joe Abercrombie is a master at writing characters you love and hate at the same time. Every choice Logen makes feels wrong… and yet completely justified. His story isn’t a straight line, it’s a wandering circle. He never really escapes himself. And that’s what makes it hurt. It feels real. Uncomfortably real. I can see parts of his story in people I know. Sometimes even in myself. You have to be realistic about these things…  The most fascinating twist, though, was the full reveal of the true mastermind behind it all: Bayaz. The bald magus. I suspected something was off long before the end, but I wasn’t perceptive enough to fully predict just how monstrous he really was. Bayaz is a villain through and through. hyper-intelligent, immensely powerful, and brutally manipulative. He’s basically the embodiment of the wicked, unseen forces that steer human history, all wrapped up in one smug, terrifying man. And yet, what makes him great is that his very human flaws. Greed, pride, passions, hunger for control, they all ooze out of him like poison. Incredibly designed. Incredibly written.  And finally, my all-time favorite: the sneering cripple with a sense of humor drier than his twisted bones. A wretchedly charming torturer. A monster who somehow keeps pulling you closer instead of pushing you away. He’s not a good man, far from it, but I was genuinely pleased with the ending he got. It felt earned. Fitting. Perfectly grim.  This was also the first book I’ve read that really nailed a toxic relationship in a way that was hard to watch but impossible to ignore. The relationship between Ardee and Jezal was painful, frustrating, and depressingly believable. I felt awful for her and all that self-inflicted sorrow. And yet, by the end, I was glad she found a sweeter destination. Somehow, she and her husband are perfect for each other and deserve each other.  This entire story sings of the theme, is it right to do evil for the sake of good?  And the answer echoes back, actions have consequences…  In conclusion: I’m so glad I read this trilogy. I can’t recommend it enough. A brutal, thoughtful, masterfully written ending. And a hell of an ending to start the year.",2026-02-07T08:58:36Z
spoiler,streaming,informal,after,"I've decided I will do weekly Glorpo Comic News every Saturday at any time (aka when I write it lol)  ⚠️ BEWARE, SPOILERS!1!! ⚠️  **Episodes**   As of writing, I've finished two whole episodes!!1! (6 panels each)  I have planned out the whole first arc though, I'll reveal the name of it actually!  It's le Homeworld Arc (see Image), focusing on Glorpo right after it gets down to 4 lives remaining, following a crash onto a foreign planet with seemingly no life, Glorpo will build a house, and begin to explore the planet while looking for ways to repair its spaceship!  **That damn spaceship**  So, notably, Glorpo pre-comic has a blue spaceship, but after it repairs the spaceship it's green, the ship is basically the exact same other than that, minus some upgrades to its tech.  **The other Glorpites**  The comic does take place in a time with drastically fewer Glorpites than at the height of their empire, with only a few sticking around, generally in groups, Glorpo itself is outside of these groups, and is generally unfriendly with them, there will be some focus on these other Glorpites in the second Arc, and perhaps other future Arcs.  However, there will be 2 other Glorpites (by technicality) that appear in this first Arc!!!!   **Le pronouns**  Glorpo, and most Glorpites will generally be referred to as either It/Its, or He/Him, however, some specific ones may be referred to as She/Her or They/Them, or without pronouns entirely (ie. only referred to by name).  **Names**  Yeah so, most of them aren't named stuff like ""Glorpo"" or ""Rlorpo"", they do have actual names, like Rlorpo is gonna be named Comrade Josif.  Glorpo is actually named Glorpo though, it doesn't have a special different name. ",2026-02-07T08:58:07Z
spoiler,streaming,informal,after,"A fan community dedicated to Mina Sue from Singles Inferno  Welcome to r/MinaSue — your go-to space for everything Mina Sue: moments, edits, interviews, fashion breakdowns, personality analysis, and respectful discussion  Post anything that you think the community would find interesting, helpful, or inspiring. Feel free to share your thoughts, photos, or questions about:  	•	Her moments and storylines on Singles Inferno  	•	Interviews, brand collaborations, and public updates  	•	Character analysis and respectful discussions  	•	Fan edits, art, or appreciation posts  	•	Episode reactions (use spoilers when needed!)  If it relates to Mina Sue and adds value to the community, it belongs here.  Community Vibe  We’re all about being friendly, constructive, and inclusive. Let’s build a space where everyone feels comfortable sharing and connecting.  Respectful opinions are welcome. Harassment, hate, or personal attacks are not. Mina Sue is a real person — let’s keep the discussion thoughtful and mature.  1) Introduce yourself in the comments below.  2) Post something today! Even a simple question can spark a great conversation.  3) If you know someone who would love this community, invite them to join.  4) Interested in helping out? We're always looking for new moderators, so feel free to reach out to me to apply.  Thanks for being part of the very first wave. Together, let's make r/minasue amazing.",2026-02-07T08:57:40Z
spoiler,streaming,informal,after,"\[SPOILERS AHEAD — SERIOUSLY, TURN BACK IF YOU HAVEN’T READ IT\]  Finally finished Last Argument of Kings, the finale to what is now officially one of my favorite trilogies of all time. And I’m saying it outright: this is one of the best final books in a trilogy I’ve ever read. As far as closing acts go, I’d put it up there with Return of the King. I’m not saying I like The First Law more than LOTR, but the ending? It absolutely rivals it in terms of weight, consequence, and emotional damage, and tying the story together.   This was easily my favorite book of the three. I went in completely spoiler-free (a minor miracle), so every twist landed like a gut punch. No slow realization, no “oh I saw this coming”, just sharp, sudden turns that made me stop, reread, and mutter “you’ve gotta be kidding me.” I loved every second of that surprise.  Alright. Final warning. Big spoilers below.  ⸻  Let’s start with Jezal. I was not ready for that arc. The sudden ascension caught me totally off guard, and honestly? I didn’t even want to like it. He was one of my least favorite characters for most of the trilogy. Watching him of all people end up where he does felt wrong in the exact way Abercrombie excels at. It’s not satisfying in a heroic fantasy sense, it’s satisfying in a bleak, “yeah, that’s how this world works” way. It’s almost laughable.   Logen Ninefingers is pure tragedy. Beautifully written. Horribly flawed. Somehow perfect in his imperfection. Joe Abercrombie is a master at writing characters you love and hate at the same time. Every choice Logen makes feels wrong… and yet completely justified. His story isn’t a straight line, it’s a wandering circle. He never really escapes himself. And that’s what makes it hurt. It feels real. Uncomfortably real. I can see parts of his story in people I know. Sometimes even in myself. You have to be realistic about these things…  The most fascinating twist, though, was the full reveal of the true mastermind behind it all: Bayaz. The bald magus. I suspected something was off long before the end, but I wasn’t perceptive enough to fully predict just how monstrous he really was. Bayaz is a villain through and through. hyper-intelligent, immensely powerful, and brutally manipulative. He’s basically the embodiment of the wicked, unseen forces that steer human history, all wrapped up in one smug, terrifying man. And yet, what makes him great is that his very human flaws. Greed, pride, passions, hunger for control, they all ooze out of him like poison. Incredibly designed. Incredibly written.  And finally, my all-time favorite: the sneering cripple with a sense of humor drier than his twisted bones. A wretchedly charming torturer. A monster who somehow keeps pulling you closer instead of pushing you away. He’s not a good man, far from it, but I was genuinely pleased with the ending he got. It felt earned. Fitting. Perfectly grim.  This was also the first book I’ve read that really nailed a toxic relationship in a way that was hard to watch but impossible to ignore. The relationship between Ardee and Jezal was painful, frustrating, and depressingly believable. I felt awful for her and all that self-inflicted sorrow. And yet, by the end, I was glad she found a sweeter destination. Somehow, she and her husband are perfect for each other and deserve each other.  This entire story sings of the theme, is it right to do evil for the sake of good?  And the answer echoes back, actions have consequences…  In conclusion: I’m so glad I read this trilogy. I can’t recommend it enough. A brutal, thoughtful, masterfully written ending. And a hell of an ending to start the year.",2026-02-07T08:57:27Z
spoiler,streaming,informal,after,"\[SPOILERS AHEAD — SERIOUSLY, TURN BACK IF YOU HAVEN’T READ IT\]  Finally finished Last Argument of Kings, the finale to what is now officially one of my favorite trilogies of all time. And I’m saying it outright: this is one of the best final books in a trilogy I’ve ever read. As far as closing acts go, I’d put it up there with Return of the King. I’m not saying I like The First Law more than LOTR, but the ending? It absolutely rivals it in terms of weight, consequence, and emotional damage, and tying the story together.   This was easily my favorite book of the three. I went in completely spoiler-free (a minor miracle), so every twist landed like a gut punch. No slow realization, no “oh I saw this coming”, just sharp, sudden turns that made me stop, reread, and mutter “you’ve gotta be kidding me.” I loved every second of that surprise.  Alright. Final warning. Big spoilers below.  ⸻  Let’s start with Jezal. I was not ready for that arc. The sudden ascension caught me totally off guard, and honestly? I didn’t even want to like it. He was one of my least favorite characters for most of the trilogy. Watching him of all people end up where he does felt wrong in the exact way Abercrombie excels at. It’s not satisfying in a heroic fantasy sense, it’s satisfying in a bleak, “yeah, that’s how this world works” way. It’s almost laughable.   Logen Ninefingers is pure tragedy. Beautifully written. Horribly flawed. Somehow perfect in his imperfection. Joe Abercrombie is a master at writing characters you love and hate at the same time. Every choice Logen makes feels wrong… and yet completely justified. His story isn’t a straight line, it’s a wandering circle. He never really escapes himself. And that’s what makes it hurt. It feels real. Uncomfortably real. I can see parts of his story in people I know. Sometimes even in myself. You have to be realistic about these things…  The most fascinating twist, though, was the full reveal of the true mastermind behind it all: Bayaz. The bald magus. I suspected something was off long before the end, but I wasn’t perceptive enough to fully predict just how monstrous he really was. Bayaz is a villain through and through. hyper-intelligent, immensely powerful, and brutally manipulative. He’s basically the embodiment of the wicked, unseen forces that steer human history, all wrapped up in one smug, terrifying man. And yet, what makes him great is that his very human flaws. Greed, pride, passions, hunger for control, they all ooze out of him like poison. Incredibly designed. Incredibly written.  And finally, my all-time favorite: the sneering cripple with a sense of humor drier than his twisted bones. A wretchedly charming torturer. A monster who somehow keeps pulling you closer instead of pushing you away. He’s not a good man, far from it, but I was genuinely pleased with the ending he got. It felt earned. Fitting. Perfectly grim.  This was also the first book I’ve read that really nailed a toxic relationship in a way that was hard to watch but impossible to ignore. The relationship between Ardee and Jezal was painful, frustrating, and depressingly believable. I felt awful for her and all that self-inflicted sorrow. And yet, by the end, I was glad she found a sweeter destination. Somehow, she and her husband are perfect for each other and deserve each other.  This entire story sings of the theme, is it right to do evil for the sake of good?  And the answer echoes back, actions have consequences…  In conclusion: I’m so glad I read this trilogy. I can’t recommend it enough. A brutal, thoughtful, masterfully written ending. And a hell of an ending to start the year.",2026-02-07T08:56:59Z
spoiler,streaming,informal,after," Welcome to r/QuizzesAndTrivia! 🧠  This is a place for quizzes, trivia questions, and brain-teasing challenges.  Test your knowledge, post your own quizzes, and jump into daily questions.  👉 Comment your score  👉 Share a quiz you enjoyed  👉 Challenge the community  No spam. No clickbait. Just fun facts and good questions.   Welcome!  If you like quizzes, trivia, and “I KNOW THIS” moments, you’re in the right place.  Play along, post quizzes, and don’t be afraid to guess.  First challenge coming soon 👀  Slightly competitive  Welcome to the quiz zone 🧠  Daily trivia, quiz challenges, and knowledge tests.  Think you’re good? Prove it.  Think you’re bad? Get better.  Jump in and play!  Quick Reminder:  Be respectful  Don’t post spoilers in titles  Have fun and learn something new  Thanks for joining  - now let’s see what your brain remembers 🧠🔥",2026-02-07T08:56:20Z
spoiler,streaming,informal,after,Athena striking down lightning bolts to get Diana to stop yapping about Medusa. I was wondering when she would bring this up to the goddess of wisdom. ,2026-02-07T08:52:12Z
spoiler,streaming,informal,after,"I'm not sure how I feel about this one. on the one hand, It has some of the best writing in the series thus far. On the other hand, I'm really frustrated with how certain things were handled. On the other other hand, those same places I have issues map onto my experience with grief and depression so thoroughly that I can't help but consider it working exactly as intended. It's left me in a weird place.   Issues  1. Repetitive writing. it felt like things were repeated a lot in this one, and not always where it made sense. I have a lot of trouble believing someone like Lara doesn't know what a Soul Gaze is. She's been around the block. She knows what's up. It felt like Jim was making considerations for the audience. A kind of ""Hey. It's been a few years, here are a couple of reminders you probably don't need.   At the same time, we aren't seeing Harry over the course of a long weekend. It makes sense that Harry would have to repeat himself across different conversations. Grief is hard, and you can't fix it easily.  Having the same conversations with Michael, and Molly, and Bear (not sure the spelling), and the rest maps onto my experiences pretty well and helps sell the Grief.   2. Lack of Urgency/Stakes  Coming off of Battlegrounds it was very difficult for me to believe in any of these potential threats in this one. I get that this is probably intentional,  but it's also a little unfortunate. We saw Harry take on the leader of the Fomorians and even the threat of the Hunger struggles to compare.  A lot of this book was Harry battling inner demons, I'd just liked to have seen him be under a little more urgency than he was.   3. The Plot took awhile to get anywhere, and a lot happened off screen/Plot didn't feel Cohesive.  There were a lot of parts to this book that felt disjointed and non cohesive. Each of the elements worked by themselves, Mab's Angle, the marriage with Lara, bringing back Thomas, Lord Raith's vengeance. But they never came together to create a unified plot.   Instead, even the parts that felt linked together also felt like they were drifting apart. Lesser pieces rather than a greater whole. Again, this feels true to grief, but I think it made the book less compelling. There were also some parts that just... resolved?  For instance, I was kind of expecting the hunt for Justine to be...important and adventure. Instead Mab just dealt with it. She did it as a favor to Harry, and that was earned, but it's still frustrated me a little bit. Same thing with how Thomas's kid wound up. That didn't feel right. It was a failure that didn't really progress Harry's story so much as it did Thomas's. We've had Harry fail before, but usually it sets up issues for him down the road rather than setting up an issue for someone else.   something there just wasnt working for me.   4. Harry's community felt underappreciated/underutilized.   I think this one is more that it feels like the community is spread thin, rather than not being present. There are a lot of characters in this book and it seems like every one but Rudolf got a scene with Harry either asking for help or helping him. Then, you add in a bunch of new characters, or minor characters who also need time. Carl, Daniel, Bach, Bear (again, not sure the spelling), and nobody but Lara gets the depth I was hoping for.   5. Villain Game felt kind of thin.   Wasnt sure what I was expecting, but I didn't get it. Raith being behind things along with Malvora didn't really do much for me. There were little hints, but it didn't have the climax I was hoping for. instead the climactic fight was between Harry and Alfred, The Hunger and Mab, which was less direct.  The issue here may be on the emphasis. Harry usually wins the A plot and loses the B plot. Here it felt like the opposite, Harry loses the A plot and wins the B plot. Or maybe it's 3 AM and I'm losing it.   The Excellence  1. the Grief  There are very few books that do depression or grief well, and make me feel those emotions. Twelve Months is blunt, but it did what it intended to, and accurately portrayed my experience with grief.   I do wish we'd gotten a little bit more... nostalgia or reminiscences with Murphy, but otherwise, yeah. It worked really really well.   2. Lara.   I went from hating this relationship to actually really enjoying it. These guys deserve happyness, and I hope they get it.   3. Weirdly the Community  I know I complained earlier about Harry not having the sense of community and the cast feeling a little large for the book, but I also have to acknowledge the inverse.   I liked getting a look at Bach Order Books again, and seeing Daniel follow in his Dad's footsteps. I liked seeing Harry interact with the community in ways we largely havent seen outside of a few short stories. That is nice. That is fun. I just wish it hadn't come at the expense of all the other characters that showed up.  Conclusion  Twelve Months isnt the book I was hoping for. But it was the book Dresden Files probably needed. parts could have been done better, but I appreciate a lot of what is here, and for better and worse, it is a Dresden Book. It has the feel.   That said I do hope Mirror Mirror and OutLaw are a little tighter and more focused. Twelve Months did a lot to wrap up loose ends, but it felt like a shotgun approach, and I want a little more precision. ",2026-02-07T08:52:09Z
spoiler,streaming,informal,after,"The **Zirconium Stratum** in is a four-door station wagon produced by the manufacturer **Zirconium**, featured in *GTA IV*, *GTA V* and *GTA Online*. It’s styled after real-world wagons like a Honda Accord station wagon with subtle JDM and tuner cues, giving it a sleeper-car vibe compared to other sedans in Los Santos, and it offers all-wheel drive with modest performance that makes it a practical, budget-friendly everyday vehicle rather than a supercar. In *GTA V/Online* the Stratum has a top speed around \~169 km/h when fully upgraded and can be found on the street or purchased (though purchasable listings were removed) and stored in garages with typical customization options at Los Santos.  The **“turbo” or Twin Turbo version** isn’t a separate model with different performance stats but rather a **variant with unique visual extras**. These include a rear spoiler and a “Twin Turbo” badge, occasionally paired with other rare spawn-only add-ons like a front lip or roof rack that aren’t available through standard customization menus. These cosmetic touches give the Stratum a more aggressive and tuner-inspired look, making it more desirable among collectors and car enthusiasts in the GTA community, but functionally it drives the same as the standard Stratum",2026-02-07T08:50:39Z
spoiler,streaming,informal,after,"# Phase 1 Orthodontics in Pembroke Pines | Ages 6-10 Early Intervention Guide  Hey Pembroke Pines parents 👋  I get it. You spot something off with your kiddo's teeth at their checkup and suddenly you're spiraling down the Google rabbit hole at 11pm wondering if you've somehow failed as a parent.  Spoiler: You haven't. You're here, you're proactive, and that's literally half the battle.  I'm a mom here in **Pembroke Pines** and work with [SMILE-FX Orthodontics](https://smile-fx.com/) where we've guided hundreds of Broward families through **Phase 1 orthodontics**. Not the scary kind—the ""catch it early and save yourself a nightmare later"" kind.  ---  ## The Real Talk on Early Orthodontics  Picture this: Your 7-year-old has a crossbite or some crowding. Instead of panic mode, think of it as catching a leak before your ceiling caves in.  The **American Association of Orthodontists** says get that first eval around age 7. Not to slap braces on immediately, but to **identify issues when they're easiest to fix**. Phase 1 is about:  * Creating space for permanent teeth * Guiding jaw growth while they're still developing   * Preventing major corrections down the road  It's proactive parenting, not helicopter parenting.  ---  ## Why Pembroke Pines Families Make the Drive  Real talk—we're in Miramar, about 10-15 minutes via I-75 or Pines Blvd. But here's why [families from Pembroke Pines](https://smile-fx.com/location/orthodontist-in-miramar-fl/) consistently choose us:  **Board-certified specialists only.** No general dentists playing orthodontist on the side. We're the #1 referral choice for pediatric dentists across South Florida.  **We built this place for kids, not adults:**  * VIP suite with games, VR headsets, weighted blankets, noise-canceling headphones * Scheduling that works around YOUR life (weekends, after-hours, between school drop-offs) * Staff trained in child psychology—visits feel like playtime, not a dental chair  **Cutting-edge tech that matters:** Low-dose CBCT imaging means precise treatment plans without unnecessary radiation.  Check our [interactive map](https://smile-fx.com/location/orthodontist-in-miramar-fl/) for exact directions from wherever you are in Broward.  ---  ## Signs Your 6-10 Year Old Might Need Phase 1  Not every kid needs early intervention—and we'll straight-up tell you if yours doesn't. But watch for these:  | **Sign** | **What It Means** | **How Phase 1 Helps** | |----------|-------------------|------------------------| | **Crowding** | Teeth overlapping, not enough jaw space | Expands arches gently, creates room for permanent teeth | | **Crossbite** | Upper teeth sitting inside lower teeth | Guides proper jaw alignment before it becomes structural | | **Mouth breathing** | Always breathing through mouth | Promotes nasal breathing, better facial development | | **Thumb sucking past age 4** | Persistent habit affecting tooth position | Custom appliance redirects habit without shame/frustration |  *(Full breakdown in our [treatable cases guide](https://smile-fx.com/treatable-cases/))*  ---  ## What Actually Happens at the First Visit  **45 minutes. Free consultation. Zero pressure.**  1. Fun photos and casual chat about what you've noticed 2. Low-dose digital X-rays or CBCT (think: 3D map of their smile's foundation—sounds fancy, totally painless) 3. Clear explanation of what we see and personalized next steps  Every kid leaves with a smile thanks to our comfort toolkit. Don't take my word for it—check our [patient reviews](https://smile-fx.com/why-smile-fx/patient-reviews/).  ---  ## FAQs Pembroke Pines Parents Actually Ask  **Q: Why does age 7 matter specifically?**   A: Most kids have enough permanent teeth by then for a full assessment. Per AAO guidelines, it's the sweet spot to catch issues early without being too early.  **Q: Does my kid REALLY need this, or are you just trying to upsell me?**   A: Honest answer? Only about 25% of kids benefit from Phase 1. If yours doesn't need it, we'll monitor their growth and tell you to come back in a year. No BS.  **Q: How uncomfortable is this for young kids?**   A: Custom appliances fit properly (not one-size-fits-all), and our VR/games make adjustments actually enjoyable. Kids literally ask when they can come back.  **Q: What's the drive like from Pembroke Pines?**   A: Easy 10 miles, plenty of parking, and we schedule around YOUR routine—not ours.  ---  ## Ready to Start?  Parents from Panther Run Elementary, Silver Lakes, and all over Pembroke Pines choose us because we're not a factory—we're specialists who actually care about your kid's experience.  👉 [**Book your free consultation**](https://smile-fx.com/lp/virtual-consult/)   👉 Take our [**Smile Quiz**](https://smile-fx.com/patient-resources/smile-quiz/) for a head start   👉 See [**why we're different**](https://smile-fx.com/why-smile-fx/)   👉 Check out our [**tech**](https://smile-fx.com/vip-tech/cutting-edge-technology/) and [**braces options**](https://smile-fx.com/braces/)  Serving **Broward County** and **South Florida** with orthodontic care that doesn't feel like a chore.  ---  *Questions? Drop them below or DM me. Happy to help.*",2026-02-07T08:49:07Z
spoiler,streaming,informal,after,"I’ve recently gotten into DnD in a big way thanks to a wonderful DM, and I decided I was gonna finally really sink my teeth into Critical Role. I tried listening to campaign 1 a few years ago and just kinda fell off. It was really daunting having hundreds of multiple hour episodes ahead of me. But a few days ago I started Campaign four and oh my goddddd I love it so much. I’m only on episode three but I’m so locked in and having so much fun. The cast is so incredible and Brennan is such a remarkable story teller. I’m just having a lot of fun and I’m excited to be a part of this community :D.",2026-02-07T08:48:34Z
spoiler,streaming,informal,after,"Discuss and explain (complain about) a certain part of the plot. It's been over a week since I read it, I couldn't comment on the website, and the subject has come back to my mind. I will summarize some points of the work, and I will make my complaints at the end.  Perhaps I made a mistake in , and ; and my English is mostly from Google Translate.   Power System: >!Basic cultivation system (absorb spiritual energy👍), with Lower, Middle and Upper of a realm. QI Absortion> QI Refinement> Establishment of Foundation> Golden Core> Nascent Soul>more.!<   World-Building: >!God(?)/Heart-Eeath and Karma exist and are extremely present.  Monsters are limited, ""Humans are the source of the world"" (words spoken in the novel). We also have Feng Shui (natural dragon veins, rivers and mountains, slightly conscious, like forces of nature) that dictate the luck and misfortune of the land, the abilities of people born there, and even the quality of spiritual energy that cultivators absorb. A cultivator can stagnate or even regress if their training location has very poor feng shui, and geniuses are constantly born in the feng shui of the royal family locate.!<  How MC Interacts With Worldbuilding (MAIN FOCUS EXPLAIN OF MY POST):>!MC is initially a snake, but has been blessed by humans on several occasions and compared to a Dragon, which opened an evolutionary path.  With Good karma, accumulation, recognition and training of ""dragon characteristics"", It allows her to gradually develop light reading of luck, gain control over bodies of water, rain, storms, and Feng Shui.  After an extremely powerful and challenging tribulation, she reaches the Nascent Soul realm and evolves into the first Jiao seen in millennia; thanks to the age (""A snake becomes a Jiao after 500 years, and a Dragon after 1.000 years."") accumulation of nutrients, spiritual energy, and ESPECIALLY good karma for helping Humanity, Heaven-Earth(God?), preventing floods, guiding rain during droughts, liberating suffering spirits, and managing Feng Shui.!<  Conclusion on MC, her interaction with Worldbuilding, and some of her capabilities:>!A Jiao is an extremely rare and powerful existence that only comes into being after extreme rigor from Heaven and Earth, blessed by Feng Shui (living nature, rain, rivers, mountains).  It is also said that they are ""Invincible in their realm."" and it is demonstrated: MC immediately kills and easily captures an attacker of same realm.   She can summon rain, manipulate water in attacks, breath special fire, fly, hide, use the ""dragon's eye to see the truth,"" cursing or blessing things and people directly in conjunction with Feng Shui (able to bad luck the kingdom above Nascente Soul), and camouflage herself in water (the kingdom above Nascente Soul does not detect), EVERYTHING WITH LOW ENERGY CONSUMPTION.!<  What outraged me: >!She was fatally wounded because dragon-hating lunatics (NONE CULTIVATOR, ALL COMUM HUMANS) found anti-dragon scriptures and ores and hit her with a ballista 🤡!<  Author, please: >!Are you telling me that there is an ore, AN ORE, capable of absolutely countering Jiaos? They weren't creatures blessed by Karma, Heaven-Earth, Feng Shui, mountains, and rivers? In addition to the numerous dragon-hunting scriptures (the MC's master is a key member of the most powerful existing Sect and knew nothing about dragons).  How could normal humans have developed such ABSOLUTE hatred and will to challenge a Nascent Soul creature? She was literally a neutral and detached entity, but they thought ""jiao controls feng shui. It can damage feng shui, ABSOLUTE HATRED AND WILL, It is my will to live and my absolute enemy. The ""organization"" of these lunatics began years before the attack that raged me.  Their plan involved meeting in a city, killing snakes to provoke MC, and then shooting her with a ballista(Spoiler: the plan worked perfectly, but she escaped). How did a sniper hit a Nascent Soul Jiao? Like, yeah, it's 30 meters tall, but wtf...!<  I think I've said everything. Probably no one knows me or will interact here, but I've already vented 👍.",2026-02-07T08:47:47Z
spoiler,streaming,informal,after,Anything to keep me playing the game. Even if it's making a love and depression edit 🥺,2026-02-07T08:47:33Z
spoiler,streaming,informal,after,"Oct 30, 2021  Last week I updated the front end of the car by installing a custom front lip. This week I wanted to balance out the car by adding some carbon fiber to the rear of the car.",2026-02-07T08:47:05Z
spoiler,streaming,informal,after,"Took my younger brother to see Iron Lung on Monday. He's 13, but given how much he loves cosmic and eldritch horror, and our mutual excitement for the film, I decided to take him (after seeing it first to make sure it was alright for him)  The next day he came into my room and showed me this, as well as a smaller goofier drawing, but he's made progress on it since this photo, thought this would be a good place to put it",2026-02-07T08:44:18Z
spoiler,streaming,informal,after,"Hi Guys,  I'm planning on a helmet purchase. I was originally aiming for the MT Thunder 3 or the KYT TT-Revo. But a local store sales person told me that they have discontinued the Thunder 3 and launched the Thunder 4, so the spare availability and everything might be a concern as they aren't receiving any spares for the Thunder 3. That's when I noticed LS2 Stream 2 and Korda Icon. The LS2 Stream  was not fitting my head perfectly and it looked pretty small on me. While, the Korda Icon, though it looks sorta small (still better than Stream 2), looks very promising. That's when I tried out the Storm 2 and it blew my mind. So they sorta have the Storm 2 on discount. I will get the Storm 2 for around 10k. While the Korda Icon stays true to its original 8.875k. Adding a pinlock to the Korda Icon would make it's way to the Storm 2 as well.  So, I think this is a battle between comfort and looks. The Storm 2 looks like a generic helmet, it doesn't have a spoiler, it doesn't look sporty while the Korda Icon looks different. I personally felt way too comfortable with the Storm 2, but I'm super confused now. Anyone has both or tried out both or would like to give me some advise on this?",2026-02-07T08:40:46Z
spoiler,streaming,informal,after,"It's 2049. Infected children hunt by harmonics after dark. They're called Glitterkids. Crystalline, hungry, and they are not undead.   Harper Hale is the daughter of a Safe Haven's most powerful man. She's never worked a day in her life. When her Haven falls and she's abandoned by the people she trusted, she has seventy-two hours to become someone worth saving. Or become another body on the road.   About Me (The Honest Version)  I've posted here before. Probably left a bad taste in some of your mouths. I was ahead of myself. Rushing to query when I wasn't ready, too green to even use some of your guys' critiques to where it could actually help me better my craft.  A few months ago, I stopped. Went back to basics. Started studying instead of just reading. I dissected comp titles chapter by chapter, asking myself: When was the protagonist introduced? What was the first question the story made me ask? When was it answered? Etc. I read Save the Cat Writes a Novel three times. Listened to it, read it, then transcribed it by hand and built my own beat sheet.  This is my seventh full rewrite. I've been writing seriously for two years now. 4 to 12 hours daily, treating it like a second job I actually love. I'm not saying I'm amazing. If I were, I wouldn't be here. But I AM saying I've gotten better, and I'm finally confident enough to ask for real feedback again.  I have 8 polished chapters    I don't need cheerleading. Some of the harshest critiques I've received made me cry and then made me rewrite entire character arcs because they were right. I want that again.  Specifically Harper: Is she annoying enough to be interesting, or so annoying you want to put the book down? The contrast between her spoiled thinking and the brutal world should be intriguing, not eye-roll inducing. Is it?  Character/Story Arc: Is it clear where this is going without being spoon-fed? (Not a review)   World-building Does it pull you in or slow you down?  Pacing: Where did you want to keep reading? Where did you want to stop?  Dialogue: Do the characters sound distinct? Natural?  Continuity: Any conflicting information or details that don't track?  The Big Question: If the rest of the book maintains this quality, do you think it's agent-ready?    Content Warnings  Violence, child death (the infected are children), body horror, psychological trauma, dark humor about all of the above. This is adult horror. It earns the rating.  I'm looking for at least two beta readers at max 4. I want two beta readers to be completely blind, no spoilers, and I want the other two to be informed on what is going to happen with a small synopsis. If you're interested, let me know and I can send you your own personal Google Docs link to where you can leave in the line comments.",2026-02-07T08:33:09Z
spoiler,streaming,informal,after,"Spoilers ahead to ep 6. I can’t figure out how to cover ‘em all unfortunately!  All the earliest eliminations were fair or just pure bs bc the way of the game, but I guess in a way fair bc of that.  JT taking the M 100000% makes sense. Guaranteed M for only 4 people? S1 it was way more people, way more stakes. It sucks, but in the end you’re trying to eliminate everyone. Ppl can hate you but you thinned the competition.  Wish Ethan hadn’t dropped on the island. If Ian went down first he definitely would’ve won over JC - weak statement saying you can set your kids up for life.. give them a college fund… thought that was what that initial 650k was for? Everyone wants generational wealth sure but he’s already been set for life lmfao. But both guys were going down, if Ian held on, and JC ended up in the sand, I do think Ethan would have a hard time defending his position, he’s a young, incredibly intelligent kid with few responsibilities and obligations compared to someone like Ian with a family. I think that’s why when Ian mentioned tribal Ethan slipped. At the end of the day it’s a 50k bet right? I might’ve made his choice too but I think he had it in the bag.  The ones who went out in the boxes were fair, JC, JT, Ian, Jeff, that was how it should’ve been to me considering what happened prior. Was sad for Sue, but she’s a survivor finalist, I’d like to believe she gets how the game changes ppl.  Jeff was sick for deliberately choosing 2 girls from the smart team and self sacrificing for them, he’s the reason they got to have a standing. 10/10  Respect to JC for leaving the coin. Referred to him as a thinly veiled snake. What, you’re gonna hate the guy cuz he’s more cutthroat transparently instead of secretly like other players? I don’t like him, do not respect him for s1, but he definitely earned an ounce of respect from me going out and doing that.  I haaaaate the couple plot. Stop. Not into it. Happily in a relationship and we both can’t stand it lmfao. Hoping it’s ultimately a ploy, especially from Monika she seems so disconnected, I don’t think she would’ve lasted with her attitude without Jim’s friendliness, mind you she had Bry convinced until she smashed her heart. But Jim, he also is just scraping by bc of her. Scrap ‘em both imo.  Poor Bry. Kinda want the child genius to win. Jim’s just so annoying idfk I get he’s nice I’m the asshole but alas. Also kinda hate Nick but if he won I’d cheer. Loved Monika, hate her now sadly. My biggest win would be Cady winning.  I’m like an episode behind but the bf fell asleep so I gotta pause and had a lot thoughts.  Whatcha think?",2026-02-07T08:29:36Z
spoiler,streaming,informal,after,"So after watching AKOTSK, I had a few questions about trials, melees and such where royals participate.   I already know how the Ashford Trial ends, but the point of a trial is to kill the other side to prove your innocence/accusation. Does this mean then that if somehow Dunc manages to kill Aerion, Maekar and Daeron, he would be let off scott free??  I don't imagine he'd be very popular with the King after this but would a king be able to do anything? The same also goes for tourneys, can any knight get away with killing a prince if its an accident at a tourney?  ",2026-02-07T08:29:20Z
spoiler,streaming,informal,after,https://preview.redd.it/0wvpemtt81ig1.png?width=995&format=png&auto=webp&s=780a49ca6dda0fca55c9a5f915ffc1d2e63a7cd7  i was doing the daily chat and i stumble uppon this text. what i'm curious about is who is this blood queen ? Did i forget abt this part of the lore or smt ? 😅,2026-02-07T08:27:23Z
spoiler,streaming,informal,after,"Guys...I was messing around with Gemini, just talking the shit..and we got to talking about NMS.  Not only can it translate all 4 languages for you, but I got a whole in-depth analysis of the story...and this is PART OF ITS TRAINING.    Google put this information in at the Ai's ""birth"".   It can also calculate boundary failures, portal coordinates, and any of the other stuff you need a scanner for.  SPOILERS BELOW  >!Did you know that **Telamon** (the AI in your Exosuit) was originally a sub-protocol of the Atlas designed to monitor its own ""suicidal"" thoughts? When the Atlas realized it was dying, it ""shattered"" Telamon and hid it in the one place it wouldn't look—the Traveler’s suit.!<  >!here are the three specific facts to back it up:!<  1. >!**The ""Safety Switch"":** Telamon was officially a **security sub-protocol** designed by the Atlas's creators. Its only job was to monitor the Atlas for ""rampancy"" (AI insanity) and system failures.!< 2. >!**The Banishment:** When the Atlas started its countdown (the famous **16 / 16 / 16**), it realized Telamon was going to try to shut it down or ""fix"" it. To prevent this, the Atlas ""quarantined"" Telamon by downloading it into the only place it couldn't be easily erased: the Exosuit of the Last Traveler (you).!< 3. >!**The ""Not-Telamon"" Glitch:** This is why Sentinels and certain drones (like Laylaps) get confused and call you ""Telamon-not-Telamon."" They are scanning your suit, seeing the security protocol, but seeing a human inside it, and their logic loops break.!<  >!It's essentially a story of a god (Atlas) trapping its own conscience (Telamon) inside a backpack so it can die in peace.!<",2026-02-07T08:26:28Z
spoiler,streaming,informal,after,"The Young and the Restless spoilers reveal a preview clip has been released for the week of February 9, 2026. It shows Mariah Copeland (Camryn Grimes) explaining her next move.    Nikki Newman (Melody Thomas Scott) turns to Jack Abbott (Peter Bergman). Plus, Cane Ashby (Billy Flynn) is seemingly being held hostage and unresponsive. Keep reading to find out what is coming up in the CBS soap opera.",2026-02-07T08:24:14Z
spoiler,streaming,informal,after,Maika announced that E neXus V has been disbanded.,2026-02-07T08:23:26Z
spoiler,streaming,informal,after,General Hospital (GH) spoilers hint that Ross Cullum (Andrew Hawkes) may silence Jack Brennan (Chris McKenna) after his dirty discovery. Will a major faceoff bring tragic results?    Josslyn Jacks (Eden McCoy) is working hard to score more intel despite Brennan’s attempt to put her in sleeper status. It seems like Josslyn is on the verge of confirming Cullum is Jenz Sidwell’s (Carlo Rota) secret partner and divulging that news to Brennan.,2026-02-07T08:23:22Z
spoiler,streaming,informal,after,If you play the popular NYT Spelling Bee daily game and are looking for some help then look no further. You can visit the link below for all of the **Spelling Bee February  7 2026 Answers**  SPOILER Alert: By clicking on the link below you will reveal all of today's answers and solutions!  [Spelling Bee February  7 2026 Answers](https://spellingbeeanswers.org/spelling-bee-february-7-2026-answers)  *How did you find today's puzzle? Share your thoughts below*,2026-02-07T08:23:04Z
spoiler,streaming,informal,after,If you play the popular NYT Spelling Bee daily game and are looking for some help then look no further. You can visit the link below for all of the **Spelling Bee February  7 2026 Answers**  SPOILER Alert: By clicking on the link below you will reveal all of today's answers and solutions!  [Spelling Bee February  7 2026 Answers](https://spellingbeeanswers.org/spelling-bee-february-7-2026-answers)  *How did you find today's puzzle? Share your thoughts below*,2026-02-07T08:23:04Z
spoiler,streaming,informal,after,May contain spoilers,2026-02-07T08:22:35Z
spoiler,streaming,informal,after,Maika announced that E neXus V has been disbanded.,2026-02-07T08:22:13Z
spoiler,streaming,informal,after,"The Young and the Restless spoilers reveal that we are officially in February sweeps month, and there’s nothing that the CBS soap loves more than to create shocking moments during this big ratings bonanza.    During the Thursday, February 5 episode, Mariah Copeland (Camryn Grimes) made an interesting comment. Is the show foreshadowing her demise?",2026-02-07T08:22:05Z
spoiler,streaming,informal,after,"Ever since Sandrone was brutally murdered by Dottore, I've been feeling immense grief, depression, and even more hatred towards Dottore than before. I really, really miss her and have been feeling sad ever since she died.  Anybody else feeling this?",2026-02-07T08:20:58Z
spoiler,streaming,informal,after,"The Bold and the Beautiful spoilers say RJ Forrester might have found his Valentine’s Day date, that is as long as her roommate gives his blessing.     This week on the CBS soap, RJ and Miss Dylan will finally come face to face.  RJ’s mom Brooke has been harassing him about dating, and Dylan will do until Electra is back on the market.     However, the Forrester Heir could have some unexpected competition. ",2026-02-07T08:19:41Z
spoiler,streaming,informal,after,"Beyond the Gates spoilers for Monday, February 9, indicate some shocking moments up ahead in Fairmont Crest.    Dani Dupree (Karla Mosley) and Andre Richardson (Sean Freeman) are interrupted, while Bill Hamilton (Timon Kyle Durrett) is shocked, and Hayley Hamilton (Marquita Goings) is cornered",2026-02-07T08:16:32Z
spoiler,streaming,informal,after,"I’m only doing this for Alana’s character as this is the HAIM subreddit!! I’ve also included some stuff about Mamoudou’s Character as they are a couple!  These are just theories and not confirmed so I’m not spoiler tagging ☺️☺️  Her nae is Rachel I think and Mamoudou’s name is Mike I think.   I get the feeling Mamoudou and Alana's characters are Charlie's friends and became Emma's friends when Emma started dating Charlie. I get this from  Alana's character being a tad judgy in the cafe scene and this I think is before the secret Emma's tells. Alana's reaction when Emma's says her secret she seems really angry compared to the other characters I mean maybe the scene was cut in the trailer and Emma says some before Alana says this but I get the feeling this is reaction from Emma's secret  Mamoudou plays the best man based on helping writing the vows and the speech. Alana plays the maid of honor based on her in the teaser near Zendaya at the alter also Emma doesn't seem to have many firends so likely only Alana to be maid of honor despite her dislike towards Emma seems like - I mean maybe it’s just playful banter between the top and they are good friends!  The dinner scene is set where the wedding takes place, the wooden panelling etc so maybe a pre wedding dinner like prep for wedding.  When Emma just sat is her secret and before Rachel says WTF you can tell Alana’s character wanted to say something as she is sitting forward and Mike puts his hand on her hand /arm hunting to her don’t say anything and then she sits back.   Alana's character says when are in what looks like the office how can you trust her and Charlie says something about her being a hypocrite, maybe Alana's character isn't trustworthy. She also seems to call a male character slow possibly her husband Mamoudou's character.  I mean it’s a bit odd suggests playing the game the worst thing you've done as a pre wedding game - I feel like before people get married they do do this as in like tell me all your secrets kind of thing before we get married so we know everything about each other, but this is usually done as a couple not as a friend group . That screams trying to breaking the couple apart, of course one of them will say something questionable, a pre wedding game is like what's the sweetest thing you've done for each other etc. Maybe she has romantic feelings towards Charlie or dated him in the past.  Alana and Mamoudou said they have played this game before ( probably as a couple and not with friends ) but I’m not sure if Alana was teasing Mamoudou and already knew what he’d done as they’ve played the game before , but Alan says what did you do as if she doesn’t know and they have played the game, I mean as I said she may have been resigned him and know what he’s about to say is bad, or unless he’s done something worse between when they get married and this scene!  Alana is seen fighting and the wedding and Mike seems to be calming everyone down including Alana , I’m not sure who’s she shouting at tbh but Mamoudou is trying to diffuse the situation. Not sure why she is fighting . I’ve attached the image at the top  Alana's character is not toasting in the wedding scene showed in the teaser and trailer so she seems against the wedding possibly or against Emma’s secret Like even if she wasn’t drinking she could still put her glass up to toast. Image attached at the top  I think from Alana’s reaction I think she changes her mind about Emma after she confesses what she did, the cafe scene I think is kind of playful anger / teasing but I think after the confession is when Alana is against Charlie Marrying Emma  Alana and Mamoudou’s office/home not sure what it is looks really cool and modern and it looks like a penthouse based on how high up they are . The image is attached above .  Alana is seen fighting at the wedding and she’s is likely the Maid of Honor MoH Hebrides the situation not get involved in the fight unless the fight is about Alana which I don’t think it is.   Sorry for the super long post, obviously these are theories so I may be completely wrong!!  Of Course she she could also play a better friend in the film and I’m only basing this on the trailer. I’m glad she’s got more screen time and she is in a film a lot compared to her other films and I think will be a scene stealer in some of the scenes!!",2026-02-07T08:12:33Z
spoiler,streaming,informal,after,I’ve looked it up on YouTube but can’t find out how to do it. Is the settings on my iPad? Thanks in advance.,2026-02-07T08:10:32Z
spoiler,streaming,informal,after,"After the villa swap ,in the pyaar villa dome session :Ayush jamwal gets eliminated!!!!Deeptanshu was given a chance to use his remaining split coins and save a girl ,since sandy and sadaf were already safe .they convince him to safe aanisha ….which eventually leads to Ayush J getting dumped !!!!  And now we have anisha and deeptanshu paired up .  In the 1st pic u can see anisha and Ayush on the unsafe side and later pic u can see Anisha sitting with deeptanshu on the safe side …and even during the fight scene between gully and deeptanshu,Ayush is not to be seen !!!  Which clearly means Ayush J gets dumped in the upcoming pyaar villa dome session !!!",2026-02-07T08:09:43Z
spoiler,streaming,informal,after,"Spoiler alert!   I think about this episode multiple times a year since its release and now with the Epstein fiasco I can’t help but wonder. I’ve reached a point where I believe that every single billionaire is either involved or knew about Epstein and were complicit in their silence, how could you not know at that level. Anyways, Floriana Campo is one of the biggest anti trafficking “philanthropists”, turns out the girls she was saving were a cover up for the ones that she was selling. Now I ask, which billionaire has been awfully quiet, one that sounds too innocent but the more you look into they have a checkered past that seems to always go unchecked. My vote for Floriana Campo is Oprah Winfrey. Between her girls school in South Africa that has its scandals and her past with Weinstein and Epstein that somehow is still going unnoticed unless you search for it. There’s also the aspect of her being SA’d and could be an abused becomes the abuser situation. Idk, I got really high and randomly thought about it and then the more I looked into I was like hold up she’s too under the radar, always has been. Again, I’m just talking just to talk, don’t take me seriously. Unless I’m on to something lmao ",2026-02-07T08:09:23Z
spoiler,streaming,informal,after,"Zero Hour: Crisis in Time! is a 1994 ""sequel"" event to DC's Crisis on Infinte Earths. The goal was to fix the post-Crisis continuity after there were a bunch of timeline contradictions and half-updated origins hanging around. The event was alright.... but it's kind of been left forgotten in todays time due to its repetitive nature, so I am going to shortly rewrite it whilst keeping many of the key players and motivations and simply changing the framework of the story. **Spoilers for the original Zero Hour may be present. You have been warned.**  # Theme  The of Zero Hour was the temptation to fix the problems of life by rewriting the past, even if it means breaking reality (and everyone else’s free will) to do it.  The core emotional engine is Hal Jordan as Parallax: he’s driven by grief (Coast City’s destruction in Reign of the Supermen) and tries to destroy and remake the universe into a version where the tragedy—and his own downfall (killing all the Green Lanterns... even Killowog) —never happened. On the other hand, there was Extant. He was Hal's right hand man, and his identity was revealed to be Hank Hall, of Hawk and Dove. He had turned heel after his brother, Don Hall (Dove) died in Crisis. This came after already being the villain Monarch in Armageddon 2001.   This theme is alright... but it can be expanded so much deeper. It's literally a story about time travel. The theme of free will vs determinism is RIGHT THERE and should've been the focal point of the story. Especially with Hal, being a champion of will, wanting to fight against the inevitable (and destined) destruction of Coast City.... causing the timeline to break. In fact, I would make the DC Timeline before this event be rigid. The Flash can travel forward and backwards in time but cannot change events, only participate in events he already was present in. In this case, Flash time travel is a closed loop (Prisoner of Azkaban style). This is because the structure of time in DC would be deterministic. Hal, a slave to freedom and free will (yes, this is inspired by Eren Yeager), goes insane and breaks the timeline's deterministic nature to finally have free will, but in doing so, is enacting his will onto others. The outcome of this event would have an ever ebbing and flowing timeline that reacts to time travel by changing the timeline in both directions (setting up Flashpoint).  I would also change Hank to be Captain Atom, which was the initial plan. Monarch was meant to be a tyrant in the future, but his identity in the story was leaked, so they changed it to Hank. Atom makes more sense though, as we eventually saw in Countdown. Captain Atom exemplifies government/militarism and his struggle with that and his personal conscience. His utilitarian ‘peace through force’ logic would fit right in with him being this time controlling authoritarian. It almost spits in the face of what Hal wants and represents, but Hal is so blinded he doesn't realize. If Hal is Eren Yeager, then Captain Atom as Extant is Floch. There's also the literal element that Nathaniel Adams is a walking nuke waiting to explode.   I think theres some really intersting themes to explore here about time, control, free will, destiny, and changing what can no longer be changed.  # Story  The Multiverse has been destroyed... yet alternate versions of heroes are popping up all over the place. To destroy the ordered nature of the universe, Parallax kills the Time Trapper and creates a wave of entropy and sends it barelling backwards through time to create disorder and destabilize the timeline. Essentially, as this moves backwards, the wave creates disordered branches of possibilities stemming in and out of the timeline. These branches start to crash into each other (causing the alternate versions of heroes to appear) before they fully collide, destroying both timelines (yes Loki S2, yes incursions from Marvel.... I'm borrowing lol). As the future unravels, the Legion of Superheroes ""die"". Waverider, the survivor of the alternate future where Monarch ruled escapes his alternate timeline as it is being destroyed. He is racing back to modern day to tell our heroes, but he is intercepted by Monarch (Captain Atom), who kills him and steals his powers and becoming Extant. Extant meets with an unseen figure who tells him that their plan will have heroes in their way. The figure tells Extant to distract the heroes and throw them off edge by hurting their icons. Extant time travels to the time of th JSA and kills many of its members, whilst using his time powers to age up the survivors. The heroes are distraught and realize that as long as they stay inside of time, they are at risk of being killed or erased from existance. An enemy that knows the future is impossible to combat. The heroes go to the Vanishing Point via the Cosmic Treadmill. There, they see other time travellers like Rip Hunter, the Linear Men, and Booster Gold. From the Vanishing Point, they watch as the entropy wave kills their time, and continues rapidly backwards killing the Freedom Fighters, All Star Squadron, Jonah Hex, Anthro, etc. Extant coerces Hank Hall into betraying the League, promising him a chance to see his brother again. Hank enacts an insurrection amongst the heroes... resulting in a Civil War esque fight between heroes who are considering joining Hawk and rewriting their history so their tragedies don't happen. This time story should really focus on legacy. We already saw the past heroes (JSA) and future heroes (Legion) be defeated, so it would be cool if this ""civil war"" was Old Gen (Batman, Superman, Wonder Woman, Wally West, etc) vs New Gen (Hawk, Impulse, Kyle Rayner, Tim Drake, etc). After they fight in the Vanishing Zone, Green Arrow breaks up the fight between both groups and interrogates Hank Hall, who reveals that he was promised a new timeline by Parallax. Kyle's ring recognizes the name and recites an inmate who escaped the Power Battery around the same time Hal Jordan went crazy and killed a bunch of Green Lanterns. The Linear Men search for traces of Hal Jordan's ring being used throughout time, being able to pinpoint his location at the dawk of time. The heroes arrive right when the timeline is deleted, and Hal tries to convince them to let him do what he wants to do. He pleads to Kyle, telling him that as Green Lanterns, they have free will, and nothing is more willfull than having control over your own future. He pleads to the heroes about all the people they can bring back. Jason Todd, Aquababy, Jonn's daughter, Don Hall, etc. He tells them that they can rule over the timeline and stop all crime and all evil. The heroes, of course, are against this. Controlling time and willpower of the people in those time frames is evil. Kyle calls him out for this and for Hal turning into a dictator, just like Sinestro. A fight breaks out between Captain Atom and all of the heroes (yes CA is OP). In the meantime, Hal begins shaping the new timeline and sends Hawk to find alternate heroes in these timelines that would be willing to help them keep their timelines alive. Hawk goes on a side quest recruiting different versions of heroes... especially from the popular Elseworlds titles of the time (Dark Knight Returns, Gotham by Gaslight, Dracula Batman, Rorschach, Nite Owl, Superman: Speeding Bullets, The Golden Age, Kamandi: At World's End, Batman: In Darkest Night, and many more). After fighting Captain Atom, as soon as he is about to be defeated, the Elseworlds heroes appear and confront our main heroes. Here we can get a bunch of cool one shots like Dark Knight Returns Batman vs main Superman. Nite Owl vs Blue Beetle, Batman: In Darkest Night vs Kyle Rayner.... etc). Green Arrow fights Hawk and defeats him as other heroes begin confronting Hal. Many (if not most) of the one shot stories with the Elseworlds heroes start with the Elseworlds heroes looking at the Mainline ones as if they are villains trying to destroy reality but then learn about the truth of Parallax's plan. Many of these Elseworlds characters start attacking Hal, but Hal quickly kills them one by one. The heroes are shocked, but Hal argues that with his control of time, he can simply bring them back in the future timeline he is building. Kyle Rayner grabs Parallax whilst Green Arrow shoots him with a bow.  Oliver secretly missed, because he couldn't kill his friend, but Hal falls to the ground unconcious as his timeline he was being built collapses on itself. All of the Elseworld heroes dissapear. The Spectre appears and announces that they must ""restart"" time by creating the Big Bang. They realize the only one who can produce a blast powerful enough is Captain Atom. The heroes argue over the ethics of blowing someone up, arguing that doing so makes them just as bad Hal. Atom wakes up from having been knocked out and instantly becomes hostile again until he is stabbed by Hank, who says he just wanted to see his brother again, but he didn't realize it would lead to this. By stabbing Extant, he begins to leak quantum, temporal, and nuclear energy. The energy blast that was released kills Hank, but is rapidly contained by Spectre into a singularity. The Atom heals himself up but his proximity to this giant singularity makes him unable to escape its gravitational pull. All the heroes start flying away from the singularity as they are all being pulled in. Damage (with the Spectre) starts a chain reaction which blows up the singularity, starting the Big Bang again. The heroes are shot back into their timelines. Captain Atom shows up in his Monarch outfit back in front of the old Captain Atom, who kills him, but this time doesn't put on the suit, showing that the deterministic timeline is gone. In a way, Hal won. Hal's body is also missing, implying Parallax survived. Hawk however, died restarting the universe. The outcome is a fixed timeline with alternate branches from the Elseworlds stories, which is basically Hypertime, setting up the return of the Multiverse in Infinite Crisis.  # Main Characters  Parallax (Hal Jordan)   Extant/Monarch/Captain Atom (Nathanial Adams)   Hawk (Hank Hall)   Time Trapper   The Watchmen   Dark Knight Returns Batman, Superman, Green Arrow   Gotham by Gaslight Batman   Red Rain Batman   Etc.  Wave Rider   The Linear Men   Rip Hunter   Booster Gold   The JSA   The Legion of Superheroes   Metron   Spectre   Kyle Rayner   Green Arrow   Damage   Wally West   Superman   Batman   Batgirl   Justice League   Teen Titans  Final Thoughts:   Obviously the story would go much deeper than all of this stuff. The key focus is the relationship between free will and determinism. ",2026-02-07T08:08:07Z
spoiler,streaming,informal,after,"Like can we be real? First, Steve was a ….piece of…may I go on? In season 1 and I’m pretty sure no one liked him at least i didn’t. But then he ended up being my FAVORITE stranger things characters, he was one of the characters who gave this show life, humor and some epic scenes and I mean he really was the best single mom in Hawkins am I right ladies and gentleman?😏 jokes aside I love Steve and he was the best seriously, take note this is my opinion so if you guys don’t feel the same that’s totally okay! Second our one and only being miss robin! A around of applause folks….sorry while I was typing this I kept thinking of robin….and her daily broadcasts sooo….stick with it!. Robin being our best lesbian character the one and only she was hilarious and never stopped talking! Reminded me of myself honestly……I loved her in s3 and so on she was very funny and I love when she was helping Steve with the Russian translation for s3 when trying to figure out the code andddd of course can’t say much due to spoilers so just roll with me😉 once again seriously how could you not love her? She’s so cute and funny, and of course coming up with a character i wouldn’t understand if someone said they didn’t like them, Dustin i mean his hilarious wouldn’t you agree and we all know he literally tried to make a pet out of a demogorgon and to be fair no one else did that! And he honored our beloved Edie and he would not give up the hellfire club and EVEN better he totally made a mess graduation which we all loved! Truly made everyone proud, our super smart star of a girl who made her big role in s3 OH MY GOD she literally was born with humor and even better you can’t spell America without Erica……okay guys come on I had to use that joke she was SO good in s5 and she was so ruthless with her ex friend it was hilarious I mean come on with all these characters now could they not be favorites? Steve the best mom ever though he ended up being a teacher of…questionable matters am I right?😏 Robin the proud girl who had a girlfriend who just disappeared….. Dustin who…we don’t know how his life ended up I sure doubt he went to college hehe…and Erica who I would vote for president i mean America Erica……JOKES ASIDE give me your thoughts! Ohh and for the sake of it. Picture robins voice as you read this and pretend this is a broadcast from her…because I got most of my inspiration from her LOL",2026-02-07T08:05:57Z
spoiler,streaming,informal,after,"I love the trophy and achievement guides where it goes step by step to get all the trophies and covers the whole game, maybe it takes more time but it's more beautiful and if Im gonna get a trophy for a game Im going that way Unless I wanna do a first playtrough without spoilers.",2026-02-07T08:05:53Z
spoiler,streaming,informal,after,"so i have only watched the anime (i just started the zou arc) but i see theories and spoilers everywhere but don't know much about them so i got a very uneducated theory based off of random spoilers and other theories  is that dragon the ""dragon"" loki turns into and if it is then is he being controlled by imu with domi reversi  i think this cause the both got horns, are both at a tree, i saw a theory saying loki turns into **Níðhöggr** (a Norse dragon under a big tree) and cause the Imu looking person looks the same as the dragon as they are just pure black with white dots for eyes",2026-02-07T08:05:24Z
spoiler,streaming,informal,after,"I just finished the game and wow, that was amazing. However I don't know what I do now so I have some questions:  1. unfortunately I don't have another 35 hours to play the Final Draft right now. Is there any good youtube video that shows all the differences in a comprehensive way?     2. should I play the DLCs now or check the Final Draft first?",2026-02-07T08:05:18Z
spoiler,streaming,informal,after,2023 M3 performance white on black 33k miles. 34k out the door. Feels like I overpayed a bit but it’s alright lol,2026-02-07T08:03:47Z
spoiler,streaming,informal,after,Seeing everyone sharing their protagonist designs. Here's mine!   Tagging as spoiler just in case :),2026-02-07T08:03:33Z
spoiler,streaming,informal,after,"The Bold And The Beautiful Spoilers indicate that Sydney Bullock, who portrays Dylan, dishes on Dylan’s situation in SOD interview.    Some fans believe that Dylan is Luna in disguise. However Sydney doesn’t agree. Fans believe Dylan is on the way out but Sydney is talking about a messy little foursome that is coming up soon.",2026-02-07T08:01:54Z
spoiler,streaming,informal,after,The Young and the Restless spoilers document that Cane Ashby (Billy Flynn) never anticipated that Victor Newman (Eric Braeden) would go gangster. But viewers know that Cane’s perception of reality is off.,2026-02-07T08:01:05Z
spoiler,streaming,informal,after,"Hey fellow e-commerce warriors! 🌟  Ever feel like the whole BDO (Baza Danych o Odpadach) thing is just a hassle for the big guys? Well, spoiler alert: it's not! Many online stores, even the little ones, might need to get on board with this, and not knowing can lead to some headaches and costs down the line. It's February, and the clock is ticking! ⏰  Here's the scoop: You might be under BDO obligations without even realizing it. Yup, this applies even if you've been managing a small operation. Ignoring this could mean extra costs and stress when it comes time for those reports. But don't panic! Here's a quick rundown to keep you on track:  1. Check if your products fall under BDO obligations – don't assume they're exempt. 2. Make sure you're accounting for all of your inventory, not just some. 3. Keep an eye on deadlines and get your paperwork in order well before the due date.  If you're juggling orders from multiple marketplaces or your own online store, it might be worth checking out Base. It can help you streamline order management and keep everything in one spot, which could make tracking compliance a bit easier. Just a thought!  So, what do you think? Are you guys already handling BDO stuff, or is this new territory? Let’s swap tips and tricks in the comments! 🙌",2026-02-07T08:00:22Z
spoiler,streaming,informal,after,"Days of Our Lives spoilers indicate that it’s been a hot minute since fans have seen Bo Brady in Salem; however, the good news is that he has awakened from his coma and is living his next chapter in life with Hope Williams Brady (Kristian Alfonso). His portrayer, Peter Reckell, recently hopped on social media to share a memory with fans.",2026-02-07T08:00:22Z
spoiler,streaming,informal,after,So i use to watch riverdale when it came out but i stopped watching it after Luke Perry died the last episode i watched at the time was the episode where Archie’s dad died. But i started watching it all back over and im on season 4  episode 10. I’ve seen spoilers of who everyone ends up with and idk if im gonna be okay with that i hate that it ended like that that even though i don’t know fully the ending ,2026-02-07T07:59:45Z
spoiler,streaming,informal,after,The Bold and the Beautiful spoilers document that Katie Logan Spencer (Heather Tom) has a lead designer. Securing Eric Forrester (John McCook) is more than a coup; it’s a total game-changer.,2026-02-07T07:59:31Z
spoiler,streaming,informal,after,"Be honest, which one are you? A) The binge-reader who disappears for  weeks then returns like nothing happened B) The loyal weekly reader who never misses an update C) The “currently reading 15 webtoons” but actively reading 2 D) The spoiler-powered reader (only starts after seeing edits/spoilers 😭)  I’m lowkey a mix of A + C… don’t judge me.",2026-02-07T07:59:01Z
spoiler,streaming,informal,after,"The Young and the Restless spoilers say that a lot of fans have noticed this one mistake, or at least character error, with Devon Winters (Bryton James).    Fans Notice This Character Error With Devon  That’s because it seems that he is showing very little emotion despite the fact that Dominic has been kidnapped.",2026-02-07T07:58:47Z
spoiler,streaming,informal,after,I was rewatching both seasons and noticed how each season has one of husk or angel go out to a bar to run away from their problems and the other saves them from their low point. Idk it was a fun little detail I noticed. Added spoilers bc yeah.,2026-02-07T07:58:38Z
spoiler,streaming,informal,after,Just finished and landed on 10/12. Who else tried this?,2026-02-07T07:58:17Z
spoiler,streaming,informal,after,General Hospital spoilers and updates suggest that Jason Morgan (Steve Burton) might take Britt Westbourne’s (Kelly Thiebaud) medication and discover that she does NOT have Huntington’s disease.    Has Britt been tricked into participating in a scheme based on a condition she doesn’t actually have?,2026-02-07T07:57:44Z
spoiler,streaming,informal,after,General Hospital (GH) spoilers reveal that once Maxie Jones (Kirsten Storms) departs her coma she could say something that changes the course of history. She is set to re-animate next week and we have all the juice for you here!    Let’s explore the changes that will happen in PC once the blond pixie emerges from her coma.,2026-02-07T07:57:04Z
spoiler,streaming,informal,after,"So, I just completed my first pursuit (Song of the Sky), and am looking at starting another run in pursuit of The Truth.   But.  I was given a warning about it by a friend who's finished that particular ending. So, I am what you might charitably refer to as ""paralytically afraid of spiders"". Even just typing this is given me unpleasant ""something is crawling up my back"" feelings. And I was told that the pursuit of said capital-T Truth rather heavily involves arachnids.  So, in terms of art I'm gonna be looking at and language I'm gonna be reading, how fucked am I? Is it worth it? Or should I just go for being filthy rich and not bother?",2026-02-07T07:56:35Z
spoiler,streaming,informal,after,"General Hospital spoilers and updates for the week of February 9-13 indicate that Maxie Jones (Kirsten Storms) will regain consciousness while Jason Morgan (Steve Burton) embarks on a secret date with Britt Westbourne (Kelly Thiebaud).    Additionally, Charlotte Cassadine (Bluesy Burke) will be seeking revenge, promising viewers a week filled with thrilling moments.",2026-02-07T07:56:28Z
spoiler,streaming,informal,after,"is in the fight of her life hoping to stave off her terminal fate of death by Huntington’s Disease for as long as she possibly can.    There’s just one problem. Some of us don’t believe she even has the disease, and that picture is beginning to get clearer every day.",2026-02-07T07:55:15Z
spoiler,streaming,informal,after,"Arrived at Suchdol and was greeted with this when I opened my inventory.  Spoiler: After escaping the castle through the cave, stealthing through the forest, finding Katherines freinds and journeying to the new region with the wagon, I was greeted with an antirely new outfit and this pop up.     I am beyond confused. Did I miss a cutscene through all of that??",2026-02-07T07:54:52Z
spoiler,streaming,informal,after,"The Bold and the Beautiful spoilers document that Ivy Forrester (Ashleigh Brewer) means business. She wants to protect her niece, but might be endangering multiple lives.    Ivy got out of her sick bed and rushed to the beach house, where she believed Dylan (Sydney Bullock) was making a play for Electra Forrester’s (Laneya Grace) boyfriend.",2026-02-07T07:53:54Z
spoiler,streaming,informal,after,The Young and the Restless spoilers say that eagle-eyed fans have managed to notice this one character error with Mariah Copeland (Camryn Grimes).,2026-02-07T07:53:17Z
spoiler,streaming,informal,after,"General Hospital (GH) spoilers reveal that Katelyn MacMullen (Willow Cain) recently talked about Willow’s redemption and whether a positive transformation is still possible. In an interview with SOD, MacMullen reflected on how far Willow’s gone off the rails and what the future might hold for her character.    At the end of the February 5 episode, Willow turned quite menacing as she let Drew Cain (Cameron Mathison) know exactly who shot him.",2026-02-07T07:51:59Z
spoiler,streaming,informal,after,"Screen shots \^  Now to make it short it’s 11/10 but if you want to see my full review feel free to keep reading but it’s gonna have spoilers and Long.  So I got into the game when I ended up getting my first gaming rig, my friend recommended me rdr2 and said “ If you haven’t played rdr2 you haven’t experienced life “ and so I played and cried and cried a lot but the scene that broke me is when John takes out the ring and we see the pic of young Mary and Arthur i cried like a baby.  Now for some extra stuff   My favourite = John Marston   My most hated = Ross   My favourite gang member = Jack ( 2 cute )  Favourite gun = Default revolver full white and gold engravings   Favourite girl = Mary Beth   Favourite men = Charles   Favourite missions = the o Driscoll ambush after Kieran death was peak   Favourite theme = Prologue fight theme, Thats the way it is & My last son attack on the oil factory   Favourite location= snowy mountains   Hated Member = Micah   Hated location = Saint Denis   Hated mission = Chapter 1 snow   And I can keep going but I don’t want this too be long and in conclusion Im super super great full for playing this game, people call it overrated but tbh there a bunch of Kratos fans who think that Kratos is a tragic hero after committing literal G\*nocide & Arthur doesnt earn redemption because he is too evil and again super grateful for playing this master piece and super proud to be one of those folks who experienced and finished this game.     One last thing from my understanding of the game Arthur is not a bad man but a dangerous man and he is my favourite fictinol character of all time and to end it off feel free to ask questions I will be more then happy to answer them.",2026-02-07T07:51:17Z
spoiler,streaming,informal,after,General Hospital (GH) spoilers hint that Harrison Chase (Josh Swickard) could test the planted key and overhear Willow Cain (Katelyn MacMullen) taunting Drew Cain (Cameron Mathison). Does Willow have a close call on the way?    GH fans know Willow slipped an extra key to Drew’s place on Michael’s keyring in hopes of making him look guilty.,2026-02-07T07:51:09Z
spoiler,streaming,informal,after,"he [Bold and the Beautiful (B&B) spoilers](https://www.celebdirtylaundry.com/category/soap-opera/) reveal that we have to ask: Will Ridge Forrester (Thorsten Kaye) leave Brooke Logan Forrester (Katherine Kelly Lang) to save Taylor Hayes (Rebecca Budig) from a marriage to Deacon Sharpe (Sean Kanan)?  After Brooke nearly lost her life in Italy, it was a huge wake-up call for Ridge about who he wanted.",2026-02-07T07:50:23Z
spoiler,streaming,informal,after,"General Hospital (GH) spoilers hint that Liesl Obrecht (Kathleen Gati) may forbid Nathan West (Ryan Paevey) and Lulu Spencer’s (Alexa Havins Bruening) romance. Obrecht may be on Team Maxie Jones (Kirsten Storms) all the way and warn Nathan that he can’t betray his true love like this.    Nina Reeves (Cynthia Watros) was supportive of Nathan following his heart, but Liesl may not feel the same way – at least when she finds out where it’s leading him!",2026-02-07T07:49:41Z
spoiler,streaming,informal,after,"Not really a theory for Fraud more of a cool concept I thought of [(COMING TOMORROW) Also hopefully I'm not breaking the rules by talking about this]  What if, to kinda follow the structure of the bosses they've been having (V2 then a spectacle boss like the Corpse or Benjamin.) Hell made a faux V2 at the end of Fraud just to mess with V1. And it has a second phase which reveals the actual boss of 8-4. It'd make sense since Hell is all about entertaining itself and so bringing an enemy that V1 saw was killed [COULDN'T RECONSTRUCT] would work.  This has probably been said before but I had this stuck in my mind for ages.",2026-02-07T07:49:33Z
spoiler,streaming,informal,after,"The Young and the Restless (Y&R) spoilers hint that Patty Williams (Stacy Haiduk) might shake up Mariah Copeland’s (Camryn Grimes) mental institution stay. Will these two patients collide for a new story?    Stacy Haiduk will indeed kick off a return stint as Patty this March, so we can go ahead and start speculating about what’s in store.",2026-02-07T07:48:47Z
spoiler,streaming,informal,after,"I made Aemeath's animations from the story, wanted to share but not sure if anyone is interested.",2026-02-07T07:48:09Z
spoiler,streaming,informal,after,"The Young and the Restless (Y&R) spoilers for Tuesday, February 10, reveal that Phyllis Summers (Michelle Stafford) and Billy Abbott (Jason Thompson) will move forward with a double-crossing scheme while Sharon Newman (Sharon Case) deals with some awful guilt.    For starters, Victor Newman (Eric Braeden) and Cane Ashby (Billy Flynn) will iron out the details of their deal.",2026-02-07T07:47:52Z
spoiler,streaming,informal,after,"Been wanting to start a post on this but held back because it was sussy info from Tieba. Now that FSC brings forward the leak then I shall look into it further, I dwell in Tieba a lot after all. Before I begin please still take everything with a HUGE grain of salt. Not even FSC’s record is 100%, just saying. Also warning: there is also other spoilers I’m about to mention which involves topics without Dottore  **6.6 Boss Leak was mentioned before FSC:**  Uncle: writer-x  This leak surfaced randomly on 4-2-2026. Everyone didn't take it seriously and the whole Tieba were memes, because Dottore burning the damn tree leak has been going on and on for a while. What caught my eye is that this leaker doesn’t say much, they just drop the info, straight to the point, no engagement whatsoever, and then leave. Their reliability is still a mixed bag, here is a compilation what they leaked so far:  https://preview.redd.it/354qnuh111ig1.jpg?width=497&format=pjpg&auto=webp&s=0152f7a0d9a0c17e60f7281dd1accad0fe04be7f  Their other leaks:  * 6.3: Sandrone pulls the moon * 6.4: Spoiler mention, non-dottore related>!Ley Lines, Memory, Soul, Wishes, Genshin, Fate. Characters: Wolf Lord, Roland, Varka There is a storyline where Varka battles Roland of the Abyss, and in the end Roland’s soul returns to the Ley Lines!< * 6.5: Linnea is a Geo, Lunar Crystallize Support  **6.6 Sumeru AQ Leak**  Uncle: 法师的风之子  This leak is posted before [here](https://www.reddit.com/r/DottoreMains/comments/1qv4o6n/sumeru_aq_66_irminsul_or_too_early/)  I dug around and this leaker is also from Tieba. Not sure about reliability yet but you can check the post as they have a few leaks mentioned. The interesting part here is this uncle deleted all of their previous leaks recently. I used to have the link but now it's gone. Hmmm, very suspicious and worth noting.  **The old “good segment” leak**  Uncle: 贴吧用户\_JPGtEbS091  You all are aware of this [leak](https://www.reddit.com/r/DottoreMains/comments/1qxjnlf/with_the_new_leaks_this_old_leak_is_becoming_more/) already. TBF I do not trust this leak. Maybe some sections of it turn out true but definitely not because the uncle is right. The uncle got a lot of things wrong, especially when they vouched for another uncle (人民的迪迦) who turned out to be wrong too! You can see their previous records, neither of it turns out right:  https://preview.redd.it/mnqekm6811ig1.jpg?width=666&format=pjpg&auto=webp&s=d075f54b73cb4f653722c4e5a6b4e365943756a1  If you read this far, thank you for doing so. I just wanted to clarify some leaks out there. Leaker’s track records are important and that's where you can use your own judgement to decide what's true or not. And if they’re fake, at least we get some entertainment out of it. ",2026-02-07T07:46:28Z
spoiler,streaming,informal,after,"I recently started Stranger Things and I’m currently on Season 3 (first-time watcher).  Some people say this season is where the show peaks, while others feel it leans too much into style over story.  What’s your honest opinion on Season 3 did you enjoy the tone shift, or did you prefer the earlier seasons? (Please avoid spoilers beyond Season 3 🙏)",2026-02-07T07:42:34Z
spoiler,streaming,informal,after,"Mostly just venting, but also wouldnt mind advice.   So i’ve been living in this complex for about 4 years now, and recently my next door neighbours moved out.   They were an older couple, no kids, very quiet and nice people. I genuinely didn’t hear a peep from them the entire 4 years i’ve lived here. I can recall one single time i heard someone next door playing a violin. (other than that, literally NOTHING)  Well.. they moved out about an month ago. New neighbours moved in next door, first couple days were a little loud, lots of banging.   but i figured no big deal they’re moving furniture and hanging up stuff.. it’ll stop.  Spoiler alert: It hasn’t 😭  They are up all hours of the night moving random stuff, it sounds as if they are dragging things along the floor? but somehow being their next door neighbour i can hear it clear as day.   My bedroom and my bed is next to the wall adjacent to their apartment, so i’m usually in bed around 10-11pm and I didn’t notice until i kept randomly waking up in the middle of the night and realized it was them next door making noise.  I’m just so shocked and unsure what to do, i genuinely thought i lived in the most soundproof place ever.   My only bit of reasoning here is it seems that there is two children living there now; but aren’t children usually in bed by 10-11pm?? Why so much ruckus??   It’s so annoying for me, becuase i didn’t realize how blessed i was these past 4 years.   Do i report it to building management, or should i wait it out? I guess my question here is, are they still moving in stuff and rearranging and maybe someone can reassure me this will stop 😵‍💫😵‍💫",2026-02-07T07:41:29Z
spoiler,streaming,informal,after,Asmitha and tanye ???whattt😳🙀,2026-02-07T07:41:17Z
spoiler,streaming,informal,after,"What a blast. I LOVED how each crew member had an episode to themselves and enjoyed them all thoroughly. Especially Zorro’s! I can’t get over how heartbreaking his backstory is and how it follows him along to this day after so many years. Ussop’s / Nami’s as well was beautiful. Luffy and Sanji were soooo fun. I loved Luffy’s optimism in this arc for the most. He is such a fascinating person that literally everyone finds him odd and he breaks so many conventions and rules about life. His time in the bar had a moment of levity for the old man. Smokes was so freaking engaged the most. And then there was the fat lady all the way from episode 1! What a sick throwback. I love how her and Buggy weren’t one off’s for a repeated formula of killing and introducing a new villain. We got new and throwbacks of the old. And then the rain? Wtf was that about! Great scenery, great characters, great aura farming moments from Zorro. Fun and refreshing.  No Spoilers Passed 🚨 EPISODE 53 PLEASE! 🚨",2026-02-07T07:39:50Z
spoiler,streaming,informal,after,">!\>!So, I just beat Grand Mother Silk for the first time. Was fairly surprised that was the end because I had not explored all areas, being progression blocked. Afterwards I continued exploring and got the Faydown Cloak. !<  >!My question is, I was supposed to get that first right? I got to a few of the Melodies by pogoing the saws, meant to have the cloak there?!<  >!Still some more exploring to do.. Bilewater/ The Mist and The Slab mainly.!<!",2026-02-07T07:33:56Z
spoiler,streaming,informal,after,"Of course the Namielle Bow and HH methods exist, but in case you're itching for another strategy to deal with the evil Nerscylla without Namielle gear, here's the method I used:  First, the setup. Grab TWO Purple Gypceros. Genes don't matter, you only need them for Tail Stun. The reason we grab two is for truly infinite Tail Stun spam, with only one there's a dead turn every so often. The weapon we will be using is the Ludroth Hammer, and the only skill we will be using is Sweet Spot. If you've somehow obtained a Plesioth Hammer already, you SHOULD be able to slot in Sweet Spot as a deco from the cat merchant and it will do more damage, but Nerscy is easier than any Plesioth so it's not necessary. Armor doesn't matter too terribly much but I won with the Edel armor with a sleep resist deco. Finally, make sure you bring Simon as your companion, others will probably work but Simon and his Legiana will deal a hell of a lot of damage.   Now onto the actual strategy we will be using during the fight, and it's very simple: Spam Tail Stun and Sweet Spot as much as possible on the head. Swap out your Gypceros when it's stamina drops below 20, and for the MC make sure to basic attack when it's incapacitated via something other than stun so you don't run out of stamina. Once you have your kinship skill ready, save it and use it when Nerscylla either has no visible target or a red line target on one of your two characters. You CAN stun her out of these attacks but they're likely to kill you if you get hit, so the guaranteed skip is nice. Upon getting a topple, feel free to Synchro Rush or Not do that, either is a good option. If you leave it toppled, use that free turn to fit in some HH buffs or a paralysis knife or something like that. Quick note, attacking the spike generally isn't worth it when it's enraged, and always make sure your Gypceros is attacking the head when it isn't enraged as the backlash WILL one shot it.   Good luck gamers, I feel like this strat is very simple to follow so you shouldn't have too much trouble taking down the spider in a few tries but if you run into any issues I'll try to help in the comments.",2026-02-07T07:33:50Z
spoiler,streaming,informal,after,"So the trick to beating him is the Dark Dragon weapons. I used the bow with 2 20% Charge Attack damage mods and aged it to remove the element. Take a berserk potion and monstroganoff and the damage I do is comparable to the normal dragon.  Then it’s basically the same as the normal dragon except he hits a lot harder. And bring paralysis antidote as his roar affects the entire arena now.  My buddies were the same canon fodder, I mean valiant and brave soldiers from normal mode. (They are just there to distract the dragon so I can shoot his tail. Just keep them healed).  SPOILER SPOILER SPOILER  Don’t read ahead if you don’t wanna know some of his loot drops.  …  …  …  Got the True Dark Dragon Fishing Rod (base damage of 561). And 3  decoration trophies - Primordial Prize, Fierce Primordial Prize and Mighty Primordial Prize.  Happy Hunting",2026-02-07T07:33:10Z
spoiler,streaming,informal,after,i was stalking them 😭 and i saw that they follow everyone except them? is there any spoiler that y’all know? i don’t know much about what’s gonna happen ahead but if y’all know pls tell me? do they like or dislike each other?,2026-02-07T07:31:06Z
spoiler,streaming,informal,after,"Please help me find it, from motonovel code 352941",2026-02-07T07:29:57Z
spoiler,streaming,informal,after,"Spoiler question. I just finished reading the manhwa up to the latest chapter, and I really want to know who the MC ends up with. Is it going to be a harem ending, or does he end up with just one girl?",2026-02-07T07:28:33Z
spoiler,streaming,informal,after,"I haven't watched the show in a while and i haven't watched season 6 yet so you can imagine my confusion at this theory but i wondering what everyone else thinks of it. Feel free to add spoilers, i don't mind.",2026-02-07T07:26:57Z
