word,event,register,period,sentence,timestamp
drop,nft,informal,after,"Hi yall, I'm hosting a sap d4d!! If this post is still up... the drop is on-going!! 3 sap pots minimum! The drop won't start until my den is FULL (with the den capacity potion as well)  Sapphire and party potions welcome. I will be dropping a little over 50~ saps   To get in-- keep your potions on trade! Then send me a buddy request. I'll be keeping track and checking before the drop so there's no freeloading :)   Alts are not allowed for this one <3  Please make sure all clothing items and pets are unequipped to help reduce lag!   Excited to see yall here :3 User: Starlitdragoness  ",2026-02-07T11:55:51Z
drop,nft,informal,after,Obviously he looked completely calm at the meeting but he's really just a glorified actor so surely he knew there wouldn't be a use for him after the bombs fell and that he was likely going to die ,2026-02-07T11:55:33Z
drop,nft,informal,after,"18M. There's a highly extroverted girl I know in college who's been hanging out with me and my friends sometimes for the past month. She and I argue a lot over politics. Our whole group sometimes discusses relationships and she joins in.   Over the past two weeks I've gradually developed a strong liking for her. I often find excuses to spend time alone with her and I think she's noticed. Because at first she was very open with me, initiating the conversations - but now there are awkward silences.   She doesn't have a bf btw and is looking for one, I found that out.   So she and my friends were discussing relationships and she was advising another friend who has a crush. She made some joking remark over him having chances.   I (also jokingly to test the waters) asked her if I had chances. She straightaway dropped the bottle she was holding and muttered smth. Normally she's way more confident than me and I'm the shy one.   What's going on here? Is she behaving like this because she knows and she's uncomfortable or because she actually likes me back? Want to be sure before asking her out in case I lose the friendship I already have.   What are my chances? ",2026-02-07T11:55:16Z
drop,nft,informal,after,"...  Fifth is the second weekend of Markiplier’s Iron Lung with an estimated $4.65M at 2,930 theaters, which would rep a 74% drop after a second Friday of around $1.5M. Running cume by Sunday looks to be $29.45M. ...  20th Century Studios’ Sam Raimi movie Send Help is eyeing $10 million in its second weekend at 3,475 sites after a $3M second Friday. If that keeps in line, that’s a -48%, which is pretty damn good for a genre movie. Pic’s ten-day total would move up to $35.8M in North American.",2026-02-07T11:55:08Z
drop,nft,informal,after,"People’s opinions rise, fall, and sometimes crash — just like a market. If you tie your value to every fluctuation, your emotions will swing with it. Real strength comes from staying grounded, learning from feedback without surrendering your identity, and trusting your long-term worth over short-term noise. Stability isn’t built from approval — it’s built from conviction.",2026-02-07T11:55:02Z
drop,nft,informal,after,"Crypto is a volatile investment. Of course we all know that.   But honestly, if you don’t have, or have never had, any traditional investments, you probably shouldn’t be here.  My mates ask me all the time to get them into crypto. I ask them how they would feel if they put in 1k and a month later it was worth 20% less. They say they would sell. I tell them I'll help them with index funds, once they've done that for a while we can talk crypto. They never do because I show them charts and the losses scare them.   My portfolio is down roughly 40% over the last 4 months.  Am I worried? No. Would my friends be? Yes.   But I believe in the tech, I understand the risk, and I knew exactly what I was signing up for.  More importantly: this isn’t my first time weathering a crash. Whether that is crypto or traditional fiat based investments.   I’ve been invested in the stock market for a long time, mostly through tracker funds. I’ve lived through multiple crashes. It toughens you. It makes you enjoy the chaos and volatility just because it's entertaining.   Most recently the April 2025 Trump tariff crash. Before that, Covid. Watching a 30% drop and then slowly seeing it claw its way back. Not fazed.   I’ve also owned plenty of individual shares that went all the way to zero.  So losing 40% in crypto over 4 months?  I’m indifferent.  I’m about 95% confident that in 5 years this will look like a blip the same way the COVID dip does when you zoom out on an index fund chart.  And the other 5% of me accepts that this could be a slow downward spiral or a sudden crash to zero. If it goes to zero, my life won't be affected. My crypto makes up 5-15% of my total portfolio.   Just like investing in individual stocks, you accept the risk of total loss in exchange for the potential for ridiculous gains. If you can’t live with that, you shouldn’t be here, it doesn't suit your risk tolerance.   Try index funds or cautious funds. Some products offer exposure to market gains with backstops to guarantee you'll receive your initial deposit back. Other products offer ""smoothes returns"". There is a lot of choice out there.   If you can’t stomach a 10–20% drop over a year, what the fuck are you doing investing in an asset class that can drop that in a week?  Crypto isn’t for everyone.  And that’s okay.   Some people want zero risk of capital loss and a steady 3% per year.   Some want very little risk and 5% per year.   Traditional, adventurous investors are happy with higher risk to average 8-10% per year.   I'm happy with total loss in order to generate 50%+ per year.   But if you’re here, at least be honest with yourself about whether the risk of loss in crypto allows you to sleep at night. ",2026-02-07T11:54:52Z
drop,nft,informal,after,"And I somehow managed to win. I bought sadako the other day and after playing survivor for a few hours, and a couple hit or miss games as demogorgon, I decided to try her out in a match. Nothing particularly noteworthy at first as I found a Renalto turning off one of my tv’s outside the nostromo and quickly downed him. But as I go to hook him a Meg rushes up and flashes me. I give chase and quickly down the Ren again (he was very obviously newest of the bunch, even to someone as new to the game as me) but get beamed by the Meg again and get a pallet dropped on me by a second Meg. I chase again but get another pallet dropped on me before getting beamed 2/3 times in a row and all four survivors teabagging on the other side of the pallet. Fairly annoyed and frustrated at that point, I teleported away to take a breath and calm down before teleporting to a halfway finished gen and once again catching the Ren off guard, hooking him for the final time. Tp’ing around for a few seconds after, I find the Leon of the group (haven’t mentioned him because he didn’t really do much) leaving just the two Meg’s left. And they definitely gave me the run around, getting each other off hooks and taking hits for each other until I finally managed to down the second Meg. The first kept running and not wanting to risk her getting hatch (plus I really wanted to mori her after all that teabagging) I leave Meg the second on the floor. The SECOND I finally hit her mid vault, they both disconnected at the same time. Leaving me with two unfinished gens and two downed bots. I definitely could have played better, but I’m pretty chuffed I managed to beat my first beam squad on my first game as a killer I hadn’t played yet.",2026-02-07T11:54:51Z
drop,nft,informal,after,"My ex was the undisputed golden boy at our university.   But when he finally fell for me, I tossed him aside like a spent cigarette.   Three years after that, he returned to the country, successful and renowned, with his new girlfriend, to a gathering.   They stumbled upon me, my face deathly pale, and the room erupted into cold, mocking laughter.   ""Hey, if you hadn't dumped Spencer back then, you'd be the one basking in all this glory and devotion right now, wouldn't you?"" one of his friends sneered.   I ignored them, calmly covering the speckled needle marks on the back of my hand with my sleeve.   Spencer's indifferent gaze swept over me, an arm around his girlfriend's shoulder.   ""Didn't you say you'd rather die than ever show up in front of me again?"" he said, his voice filled with disgust.   I gave a faint smile.   He was right—I was dying.   I had a brain tumor.   My days were numbered.   \*\*\*   The moment I pushed the door open and saw Spencer, the documents in my hand slipped to the floor.   I quickly crouched down. ""Sorry, I walked into the wrong room.""   A university friend of Spencer's cast a contemptuous glance at the documents in my hand.   ""Oh, hey, Sabrina, still the same gold-digger, huh? Whom are you clinging to now? I'm impressed you actually managed to scheme your way into those shares.""   I stood up, my gaze landing on Spencer across from me.   This was our first meeting since the breakup.   Now, dressed in a tailored suit, he was as handsome as ever.   Wherever he went, people treated him with respect and flattered him.   ""Sabrina, are you that desperate for money?""   Spencer's voice was devoid of emotion.   Low chuckles rippled around us.   ""If she weren't desperate for money, she wouldn't be in a place like this. I bet one night here pays better than six months of her actual work.""   Suddenly, I couldn't be bothered to explain.   Glancing at my phone, I realized I was already ten minutes late for my appointment with my lawyer, Bruno Dixon.   As I turned to leave, the girl in Spencer's arms leaned forward.   ""So, you're the girl who was with Spence for four years?""   The girl examined me with a smiling gaze.   ""I guess Spence hasn't changed. We look alike. I'm just a little younger.""   My steps faltered as I clearly saw her pretty face.   When she smiled, dimples appeared on her cheeks in the exact same spots as mine.   In an instant, I was pulled back seven years—to the very first night Spencer and I slept together.   He'd kissed my dimples over and over again, his eyes burning with desire.   ""That's all in the past,"" Spencer said, pulling the girl back into his embrace.   A wave of teasing erupted around them, and the girl's face flushed slightly.   ""By the way, we're about to have our wedding. We'll send you an invitation,"" the girl said.   I ran my thumb over the back of my hand, covered in a cluster of needle marks. The painkillers had been needed more and more frequently lately.   ""Congratulations. But I won't be attending.""   Perhaps it was the glare of the lights, but as I turned away, something inexplicable seemed to flicker in Spencer's eyes.""   After meeting with Bruno, I got back into the car.   The heater blasted warm air.   Yet, an inescapable chill radiated from deep within my bones.   As Bruno started the car, he glanced at me through the rearview mirror.   ""Sab, before takeoff yesterday, the doctor asked us to contact him as soon as we landed. It's already been...""   ""Take me back to the Sherman's villa,"" I interrupted him calmly.   ""I'm going to end up at the hospital one way or another. Another hour or two doesn't matter.""   The night scenery blurred past the window. Bruno opened his mouth to speak, then hesitated, the words dying on his lips.   During these three years abroad, I fought cancer while uncovering what had happened to my family back then.   I'd returned to reclaim what was rightfully mine.   Besides, there was a more personal reason.   I wanted to see Spencer one more time before I died.   But seeing him, and seeing him with another woman, only shattered my hope and broke my heart.   ""We're here. Do you want me to go in with you?""   Bruno's voice pulled me back to reality. I shook my head.   The Sherman's villa was brightly lit, with over half of New York's social elite in attendance.   I went straight upstairs to the study.   When my father saw me, his smile faltered.   ""You're supposed to be in treatment abroad. What are you doing back here, losing your mind again?""   I tossed the documents onto his desk and sat down opposite him.   ""I want half of the Sherman Group's shares. Sign it, and I'll leave. The day my mother died because of you, you should have returned this to me.""   ""Sabrina, your mother made that choice herself!"" He sprang to his feet.   I laughed, grabbing the vase near the desk and smashing it violently on the floor.   ""Should I remind you? Three years ago, you handed my mother over to your enemies to settle your debts—driving her to jump from the top of that hotel.   ""You're a murderer. What right do you have to mention her?   ""If you don't sign, I'll let everyone in New York know that you built your empire on your father-in-law's back, drove your first wife to her death, moved assets overseas, and married your mistress.""   He stared at me fiercely for a moment, then grabbed a pen and signed his name on the agreement.   ""Today is your sister's first day back. You'd better behave and not cause any trouble for me.""   I put the agreement away and let out a sharp, mocking laugh.   Just then, the study door was pushed open.   A sweet voice came through. ""Dad, we're back.""   I turned and saw two people standing in the doorway.   The girl blinked and smiled, revealing dimples identical to mine.   ""Hey, it's you. What are you doing in my home?""  Chapter 2   Megan Sherman, beside Spencer, looked innocent and fragile.   A wave of intense nausea surged up from my stomach.   I turned and walked towards the restroom.   Splashing cold water on my face, I stared at my reflection in the mirror and suddenly laughed.   This world really was so small.   So small that Spencer's new love turned out to be my half-sister, whom I had never met before.   ""I never imagined that you and I shared such a close connection.""   A sickly-sweet voice came from behind me.   Megan affectionately looped her arm through mine.   I immediately shook off her hand. ""Stay away from me.""   But she leaned close to my ear and grabbed my arm.   ""Sabrina, why don't you be my bridesmaid at my wedding? Don't you want to see me marry Spence in my wedding dress?""   ""No!""   I pushed her away with force.   She fell in the opposite direction, her forehead striking the sharp corner of the marble countertop.   The next second, Spencer rushed in and immediately scooped Megan up into his arms.   ""Don't blame Sabrina. I just wanted her to be my bridesmaid. I didn't expect her to react so strongly...""   Spencer held Megan tightly, his gaze towards me cold.   ""Sabrina, you're Meg's sister. Shouldn't you see your sister off when she gets married?""   Waves of dizziness assailed me.   Leaning on the sink, I tried to steady myself.   Then, I raised my hand and slapped Megan hard across the face.   I smiled as I looked at Spencer, ""See? That was me hitting her.""   After saying that, I raised my hand again, this time aiming for her left cheek.   But my wrist was caught tightly in mid-air by Spencer.   ""First, you cheated for money, and now you're taking your anger out on Meg. Who exactly are you putting on this act for?""   After saying that, he suddenly released my hand.   I staggered backward and collided heavily with the marble countertop.   Intense pain instantly spread throughout my body. Spencer walked away, holding Megan.   As she turned, a provocative smirk tugged at Megan's lips.   She silently mouthed the words, ""You deserve it.""   I left the villa, getting into the car.   Then, I could no longer hold back. Blood violently surged up my throat.   I instinctively covered my mouth. Warm liquid seeped out between my fingers.   ""Sab!""   Bruno shouted, but I had already lost consciousness.   When I woke up again, I was wearing an oxygen mask.   A doctor walked to my bedside.   ""Ms. Sherman, your current condition simply cannot withstand long-distance flights. Why didn't you come straight to the hospital after landing?""   I didn't speak.   The doctor sighed, ""Does your father know about your condition?""   My voice was hoarse. ""He doesn't know. Even if I didn't hide it specifically, he wouldn't ask.""   The doctor seemed to want to say more, but hesitated.   ""My will and burial plot are both prepared. No need to tell anyone.""   My tone was as calm as if I were discussing someone else's affairs.   In the evening, a news notification about an auction popped up on my phone.   The accompanying picture was of the necklace my mother loved most when she was alive.   I pulled out the IV catheter in my hand, grabbed my coat, and ran out.   When I arrived at the auction house, the bidding hadn't started yet.   I had just sat down when I saw Spencer and Megan.   He leaned his head towards her indulgently, listening to her speak, a faint smile on his face.   People around them murmured.   ""How lucky Ms. Megan is. I heard all the jewelry auctioned tonight will be her wedding gifts from Mr. Nash.""   ""Mr. Nash must love her a lot. He'll give her everything she wants.""   There was still some time before the bidding. I stood up and walked towards the terrace.   The night wind was cool. Leaning against the railing, I touched a bracelet hidden inside my sleeve.   It was one Spencer gave me for my birthday many years ago.   I had seen the bracelet in a magazine and casually mentioned that it looked nice.   A few days before my birthday, Spencer disappeared. When he returned, he was covered in snow, ice crystals even on his eyelashes.   He pulled the bracelet from inside his coat. I later found out he had saved up for it by tutoring for a long time.   Over these past three years, when the illness tormented me and I could barely hold on, I would clutch it tightly.   As if by doing so, I could be cured by the sweet memories from before.  Chapter 3   The bidding had just started when Spencer left after taking a phone call.   Megan sat down beside me.   ""I've already had the bridesmaid dress sent to you.""   I ignored her and raised my paddle again, saying, ""15 million dollars.""   ""16 million!"" Someone raised the price.   I turned to look at her. ""Megan, last time I slapped you, yet it seems you haven't learned your lesson.""   The host on stage exclaimed excitedly, ""16 million, going once! 16 million, going twice!""   ""17 million,"" I cut him off.   The entire hall was astounded.   Megan suddenly smiled and took out her phone.   ""Tell the event organizer that the jade necklace on stage was listed by the seller in error. Have it taken down.""   I jerked my head up to look at her. ""That's my mother's keepsake! Why do you have it?""   Less than a minute later, a staff member walked onto the stage, took the tray holding the necklace, descended, and left the venue.   The next second, they threw the necklace into the large fountain pool outside the venue.   I ran towards the fountain pool like a madwoman.   That was the last thing my mother left behind.   When I jumped in, the bone-chilling coldness froze me, making it hard to breathe.   I plunged entirely into the water, searching frantically, and finally grasped the necklace.   ""Is this woman crazy? In such cold weather, she jumped into the water?!""   I opened my palm and touched the necklace.   It felt wrong.   The craftsmanship was rough and cheap.   ""This one is fake...""   I jerked my head up to look at Megan standing by the poolside.   An unconcealed sneer hung on her lips.   I stumbled out of the pool, my voice hoarse as I asked her, ""Where have you hidden the real one?""   She let me grab her, smiling as she opened a video.   In the footage, my mother's most beloved necklace was carelessly tossed in a filthy pigpen.   Several pigs rooted around it, stepping on it from time to time.   Megan leaned close to my ear.   ""Before she died, your mother was humiliated by so many men. Shouldn't such a dirty keepsake be kept in such a dirty place?""   I grabbed her hair like crazy, dragging her towards the fountain pool with all my strength.   She struggled in fear, her high heels slipping on the ground.   ""Sabrina, you're insane! Let me go... Help!""   We tumbled into the icy water together.   ""Sabrina! Stop!""   Spencer's furious roar came from the distance.   But I could no longer care about anything.   I pushed Megan's head under the water, then pulled her up.   The moment she gasped for air, I pushed her under again.   Suddenly, a tremendous force yanked me away from Megan, and I was flung hard against the marble edge of the pool.   Spencer pulled the half-drowned Megan out, took off his coat, and wrapped it tightly around her, holding her close.   Megan coughed violently against his chest, her face deathly pale.   I pushed myself up, wiped the blood-streaked water from my face, and suddenly let out a laugh.   ""Spencer, she is too fragile. Don't blame me.""   Then immediately, a harsh slap landed on my face.   The force was so heavy that my whole body tilted to one side.   A metallic taste surged violently up my throat.   Blood trickled from the corner of my mouth, dripping onto my soaked clothes, spreading a small patch of red.   Spencer's hand was still suspended in mid-air, his eyes overflowing with disgust.   ""For a worthless necklace, you almost drowned her?! Do you have any decency at all?""   I slowly raised my head to look at him.   ""Spencer, you're right. My mother died early. I wasn't educated well.""   After saying that, I turned to leave, but he grabbed my wrist.   ""Then I'll teach you. Kneel down and apologize to Meg.""   I clenched my teeth hard, but the bodyguards behind him pressed down on my shoulders, forcing me to kneel on the ground.   ""Spence, my belly hurts so much..."" Megan suddenly spoke up with a sob in her voice.   ""The doctor said last month there were signs of pregnancy. I wanted to surprise you at the wedding. Spence, is it our baby...""   Spencer froze for an instant, then suddenly snapped into action, sweeping Megan up into his arms.   ""Don't be afraid, Meg. I'll take you to the hospital. The baby will be fine...""   He murmured soothingly, his voice holding a tenderness I had never heard before.   Before turning to leave, he gave me one last look.   ""Someone, retrieve the surveillance footage. Take her to the police station and charge her with intentional assault.""   I knelt on the cold ground, watching his disappearing figure.   It felt as if something deep in my chest had shattered completely.  Chapter 4   Someone shoved me roughly into a car, then took me to a deserted, vacant lot.   Several men wearing prison uniforms emerged from the shadows, their faces wearing malicious grins.   I turned to run, but my hair was yanked back violently.   I didn't remember how many slaps I took. My mouth was full of the taste of blood.   Curled into a ball on the ground, I could only feel pain.   By the time the sky began to lighten, I was left alone.   I looked down and saw congealed blood on my legs.   A drop of blood fell from my nose onto the cold cement ground.   Then another drop followed.   Like a broken faucet, it wouldn't stop.   My vision began to darken. I reached out to grab something, but caught nothing.   When I woke up again, I found myself locked in a detention cell.   I suddenly remembered one summer, when I was cornered in an alley by my father's rivals.   They pinned me against the wall, their hands reaching into my clothes.   ""You think you can run away from us? Ms. Sherman, have you ever expected today?""   Then, I heard the sound of a brick shattering.   The person holding me clutched his head and collapsed.   I turned around and saw Spencer holding half a brick, his eyes bloodshot.   ""Sab, come here.""   I rushed over and hugged him.   He shielded me behind him, speaking to the men who were getting up, ""Anyone who dares touch her, I'll take their life.""   I thought Spencer just hated me for leaving him for money.   But I never imagined he would have people do this to me.   A metallic taste rose in my throat.   I covered my mouth and coughed up a large amount of blood.   The blood seeped between my fingers, dripping onto the filthy floor of the detention cell.   The doctor didn't lie to me.   The cancer cells had already spread to my liver.   At night, I started to run a fever.   When a bucket of ice-cold water was thrown over me, I thought I was already dead.   The bone-chilling water drenched me completely. I jerked my eyes open.   Megan stood outside the iron bars.   She wore a white dress, and the exposed skin of her collarbone was covered in red marks.   ""Sabrina, I should have come to see you sooner. But these past two days, I was kept in bed by Spence, exhausted.   ""And in two days, I'll be marrying him.""   Using the last bit of my strength, I spat a mouthful of bloody saliva in her face.   ""Megan, your mother is a slut, and so are you! I guess like mother, like daughter.""   Megan's expression froze for an instant.   But she quickly took out a silk scarf and leisurely wiped the blood from her face.   ""So what? Sabrina, you're about to die, right? Didn't the doctor say you had at most three years to live?""   I jerked my head up. ""How do you know that?""   Megan revealed her shallow dimples. ""Of course, Spence told me. He said he wanted you to see him marry me with your own eyes before you die, so you could rest in peace.""   My mind went blank. All the noise vanished.   I leaned against the wall; my body slowly slid down.   I didn't know when Megan left.   I only knew that whenever I was about to fall unconscious, someone would pour ice water over me again and again, waking me up.   Until finally, curled on the floor, I didn't even have the strength to tremble.   So, Spencer had known all along that I was sick.   And he had planned all along to take revenge on me this way.   For these three years, every time the pain made me wish for death, I survived by holding onto memories.   In those memories, Spencer would hold me when I had nightmares, would smile when I threw tantrums, and would stay awake all night when I was sick.   For these three years, my greatest wish was to see him one more time.   Now that I had seen him, it was time to let go.   \*\*\*   The day before the wedding, Spencer sat outside the fitting room.   His phone screen lit up and then dimmed. The name ""Sab"" stung his eyes painfully.   He still remembered that day at the auction, when the bodyguards forced Sabrina to kneel, that look in her eyes when she raised her head to look at him.   Stubborn, yet mixed with a kind of finality he couldn't comprehend.   His chest suddenly felt unbearably heavy.   He opened his phone, his finger hovering over that number for a long time before dialing.   A long ringtone, then it switched to voicemail.   Frowning, he told his assistant to contact the detention facility immediately.   Just then, Megan walked out in her wedding dress.   For a moment, Spencer seemed to see Sabrina standing before him in a wedding dress, smiling at him.   ""Spence?""   Megan walked over to him, took his hand, and placed it on her abdomen.   ""It feels like fish are blowing bubbles inside my belly,"" she said, her face flushing slightly.   ""Does the baby know we are getting married?""   Spencer's hand stiffened.   At that moment, his assistant hurried over, looking somewhat troubled.   ""Mr. Nash, the detention facility says Sabrina has already been picked up. It wasn't our people who picked her up.""   Spencer stood up abruptly. ""What?""  Chapter 5   ""It was me.""   Megan walked over, holding up the hem of her wedding dress.   ""Spence, it was me. I had people pick Sabrina up. Don't you remember? She agreed to be my bridesmaid that day. I sent someone to take her to try on the bridesmaid dress.""   Spencer stared at her for a few seconds.   His tense shoulders slowly relaxed, his voice somewhat hoarse.   ""Did she make any conditions?   ""Given her temperament, she wouldn't yield so easily. Did she have you bring any messages for me?""   Megan's eyes suddenly reddened.   ""Spence, do you still love her?""   Spencer was taken aback. He took a deep breath, reached out, and drew her shoulders close.   ""Sorry. You look beautiful in the dress.""   After saying that, he gently released her and instructed his assistant.   ""You stay and help Meg finish trying on the dresses.""   ""Spence, you're not staying with me?"" Megan grabbed his sleeve.   ""Something came up at the company. I have to go back.""   The moment he turned, the smile vanished from his face.   Being with Megan these past three years was entirely an accident.   Back when he was studying abroad, Megan was his junior.   The first time they met, she acted exactly like Sabrina had when she pursued him.   She deliberately grew her hair long like Sabrina's. She learned to smile with her lips pressed together like Sabrina. Even her tone of speech carried a deliberate imitation.   Spencer wasn't unaware.   Sometimes, when drunk, he would dizzily think that Sabrina had returned.   Then, a year ago, while trying to close a major deal, he was drugged by a rival.   The moment the drug's effects hit, Megan supported him.   In that instant, Spencer truly thought she was Sabrina.   He reached out to touch her face, but abruptly sobered up.   He pushed her away, submerging his whole body in a bathtub filled with cold water.   Megan cried pitifully outside the bathroom door.   ""Spencer, I've been with you the whole time. How am I any worse than she is?""   Spencer's voice was cold and trembling. ""Megan, I'm sorry. I won't fall in love with a second person in this lifetime.""   Megan looked at him despairingly.   ""Even if I'm her sister?!""   Spencer raised his head, looking at her deliberately imitative face through the steam.   ""You're not her.""   For several days after that, Megan didn't appear.   Then, the day he was rushing to a venue, a car charged towards him while he was crossing the street.   A figure lunged forward, pushing him aside forcefully.   Megan lay on the ground, smiling weakly, ""Spence, I'm just glad you're okay...""   At that moment, Spencer was swayed.   ""Let's give it a try, if you don't mind that I'm still in love with someone else.""   Megan nodded through her tears.   But Spencer knew it wasn't love; it was merely a sense of guilt.   A month ago, he saw messages in a classmate group chat saying Sabrina had latched onto a rich man.   That night, Spencer drank himself into a stupor alone.   When he woke up in the morning, Megan lay naked in his arms.   Looking at Megan's face, that face bearing some resemblance to Sabrina's, he suddenly felt all of this was absurd and laughable.   ""Spence, I'm your woman now. You have to marry me.""   ""Alright. Then we'll return to the country and hold the wedding.""   If possible, he wanted to see for himself who Sabrina's man was.   He wanted to ask him just how much money it was back then that made her leave so heartlessly.   But the moment he truly saw Sabrina, all his hatred crumbled.   He missed her more than he thought he would.",2026-02-07T11:54:38Z
drop,nft,informal,after,Does the ammo drop rate increases with less ammo available?,2026-02-07T11:53:48Z
drop,nft,informal,after,I guess the joke is too old?  any new ones for me? ,2026-02-07T11:53:34Z
drop,nft,informal,after,"Sweat dripping, muscles burning, mind focused. This is my sanctuary. This is where I push past my limits and find out what I’m truly made of. It’s more than just lifting weights; it’s about forging strength, both inside and out. Every rep, every drop of sweat, is a step towards a stronger version of myself.  What are you training today? Let’s crush our goals together! 💪  汗が滴り、筋肉が燃え、心が集中する。ここは私の聖域。自分の限界を超えて、本当の自分を見つける場所。ただウェイトを持ち上げること以上の意味があるの。内側と外側の両方から、強さを鍛え上げること。一回一回のレップ、一滴一滴の汗が、より強い自分への一歩になる。  今日のあなたのトレーニングは何？一緒に目標を達成しよう！💪  \#gymmotivation #workout #fitnessgirl #strengthtraining #beastmode #noexcuses #bodybuilding #筋トレ #ワークアウト #フィットネス女子 #ジム #トレーニング #筋トレ女子 #美ボディ",2026-02-07T11:53:29Z
drop,nft,informal,after," You've ruined sex for me...  I haven't had sex since we broke up, and probably won't for a long time.  I'm newly confident in my body, and I must thank you for giving me that.   I feel like a fine specimen for a 38 year old man-child.  My abilities, too, feel above the norm. I don't think men typically put much effort into sex...   I have an insatiable appetite, and you're my favorite flavor now. Everything before was just vanilla.  By far, we had the most amazing sex, and it almost makes the abuse I endured worth it. Almost...  I'll be measuring every future experience against our diabolical goblin fucking. I fear nothing will begin to touch the debauchery.  I can just barely taste your piss... Faintly smell your sweet, pretty pussy in my beard...  Come sit on my face, stap up and fuck my ass, slap me around a bit...  I don't care anymore, I just want to feel something for a night...  But only you...  I want to hear you cum so I can fill you up one last time.   Feel the grip of that sweet flower pulling every last drop...  I'm sorry BB,  Daddy (is backed up...)",2026-02-07T11:53:05Z
drop,nft,informal,after,# --- Summary --- (Waiting for players to join)  [https://discord.gg/NhDa7tmk](https://discord.gg/NhDa7tmk)  8-10 player survival experience  Fast mod setup that takes under 2 minutes  Story driven progression with freedom to Faction PvP or cooperation - Control the fate of your ending  Already started and unsure to join? No worries we are welcome to new players all the time!  Waiting for enough players to start this world!  Join and be part of something extraordinary.  # -- Note --   Server is self hosted and managed by me and currently in a monitored test phase to ensure stability for all users. Feel free to ask to be a tester!  # --- Nitty gritty info ---  * TacZ firearms * Massive zombie hordes (day & night) * Large custom map to explore * Faction claiming & territory control * Dynamic weather events * Custom zombie drops & loot balance * Optional shader support * Carefully chosen mods focused on atmosphere & gameplay  # Link   [https://discord.gg/NhDa7tmk](https://discord.gg/NhDa7tmk),2026-02-07T11:52:52Z
drop,nft,informal,after,"Alright hear me out.   Imagine a new mini-game that takes inspiration from games such as league of legends and Dota. Bear with me. Each side has a village, yes there can be 3 lanes per se , bare with me.. 12 vs 12, choose your loadout at beginning , mellee ranged etc.. push your lanes with goblins and fight for buffs that spawn around the map that would spawn higher class mobs to push your lanes or giving buffs or even chests that drop higher tier gear.   Also unique mobs or chests would spawn around the map which could give higher tier weapons or buffs.  The main thing hear is seeing a half baked vision and imagining the RuneScape style to it with rivers and villages and the other side might be wilderness looking , it doesn’t have to be 3 lanes per say and it doesn’t have to be anything like the games I’ve taken the inspo from which are the most played pvp games point and click style there is and I believe rs3 has the ability to do this well if they wanted to.  The game doesn’t necessarily need wilderness pvp to have a fun pvp twist to it, it’s a new dawn for RuneScape so let’s not waste anytime trying to bring back dead and broken system and build a new better one. look at wow for example, it’s PvP is another entire side to the game entirely without involving its PVE side. It’s rewarding With PvP gear, mounts and cosmetics tied into it seasonally and a ranked system aswell for higher level rewards and bragging rights. ",2026-02-07T11:52:39Z
drop,nft,informal,after,"Hello! I am M41 from Bangalore. As the days go by, the need to have that one person only grows stronger. Here is one more attempt at finding my person.  I am hoping to connect with a mature woman who is preferably 28+, married (I am too), confident, emotionally available, who can communicate well and can chat throughout the day. Being from the same city is a big plus.  What am I looking for? Something real and genuine, something beyond just a person hiding behind a username, someone who understands that strong connections take time, patience, effort, understanding, honesty, trust, transparency and good communication.  I am not looking for relationships, neither am I looking to change our life situations. Just looking to connect, build a safe space where two people can be real, be heard, be seen, be our true selves without judgement, and maybe even rediscover a part of each other.  I respect privacy but I do hope you are someone who would be comfortable connecting outside Reddit at some point. Please reach out only if you are serious about building a real, long term connection.  If something about this post interests you, why don't you drop me a message? I would love to know more about you!",2026-02-07T11:52:29Z
drop,nft,informal,after,"I’ll keep this honest. I’m a 16-year-old indie founder from India and I just launched my first real SaaS. It’s called ViralHook. And no — it’s not just another “AI hook generator”. What it actually does You paste a video URL and it: analyzes the full video, not just the first line finds exact drop-off reasons (hook, pacing, clarity) gives step-by-step fixes rewrites better opening hooks suggests SEO title/description/tags Basically: instead of guessing why a video failed → you get a clear report. Why I built this I was stuck at 0–200 views for months. Editing wasn’t the problem. The real issue was: I had no idea why viewers were leaving. So I built the tool I needed myself. What I’m looking for Not free users. I want serious creators willing to pay and give real feedback. Early beta pricing: $9/month (keeping it low to learn fast, not to stay cheap forever) If you’re growing a YouTube / Reels / Shorts channel and want to know exactly why videos don’t perform… Comment “beta” and I’ll send access. What I want in return Brutal feedback. Not compliments. If this tool is useless → I’d rather know now.",2026-02-07T11:52:29Z
drop,nft,informal,after,"Hello everyone! I’m just a guy looking for more friends to play with. I play a variety of genres but my biggest ones would be shooters, mmos, survival, strategy and gacha.  Some of my biggest multiplayer titles would include arc raiders, Destiny 2 (Really need friends for this!), Warframe, fc 26, Honkai: Star Rail, rainbow six, Division 2, marvel rivals, Fortnite, PoE 2, MTG Arena, Minecraft, league of legends and valorant. I’m also trying to get into Deadlock if someone is willing to take me under their wing!  Overall, these are a small part of what I play so I am sure we could find something in common! Im also willing to look into any games people suggest!  I also like cooking, anime, game development, trading card games, sports, and writing! I am more than down to talk about any of those too! I’m a good listener so we can talk about anything!  If you are interested in getting to know me better than feel free to dm me or drop your discord in a reply!",2026-02-07T11:52:20Z
drop,nft,informal,after,"Hey all, trying to go fo naneinf here, I think I’m in a pretty decent spot but I’m not sure if I should drop rebate for DNA. Still some deck editing I have to do, so I’m leaning yes (plus I’ll need it for ante 24). What’s everyone thinking?",2026-02-07T11:52:12Z
drop,nft,informal,after,"So yeah… AEEE results are finally out. Checked mine and now I’m lowkey confused 🤨 What percentile did you guys get? Just trying to see where everyone’s at this year. Also, if anyone has an idea about what percentile is usually needed for CSE in Coimbatore or Bangalore campus, that’d really help. Seeing different things everywhere and not sure what’s realistic. Drop your scores, campus expectations, or any cutoff info you know👀",2026-02-07T11:51:54Z
drop,nft,informal,after,"Hello everyone! I’m just a guy looking for more friends to play with. I play a variety of genres but my biggest ones would be shooters, mmos, survival, strategy and gacha.  Some of my biggest multiplayer titles would include arc raiders, Destiny 2 (Really need friends for this!), Warframe, fc 26, Honkai: Star Rail, rainbow six, Division 2, marvel rivals, Fortnite, PoE 2, MTG Arena, Minecraft, league of legends and valorant. I’m also trying to get into Deadlock if someone is willing to take me under their wing!  Overall, these are a small part of what I play so I am sure we could find something in common! Im also willing to look into any games people suggest!  I also like cooking, anime, game development, trading card games, sports, and writing! I am more than down to talk about any of those too! I’m a good listener so we can talk about anything!  If you are interested in getting to know me better than feel free to dm me or drop your discord in a reply!",2026-02-07T11:51:50Z
drop,nft,informal,after,"Three months ago, I was up at 2:30 AM, slamming my keyboard in frustration. I just wanted a simple, realistic portrait – nothing fancy like cyberpunk art or hyper-detailed landscapes. Just a normal human face that didn't scream ""AI-generated garbage.""  After burning through 40+ generations on free tools like Midjourney and Stable Diffusion, every single output had that telltale flaw:  Shiny, plastic-looking skin that looks like it's from a bad video game  Lighting that defies physics (shadows going the wrong way, anyone?)  Eyes that stare into your soul... unnaturally  Or the classic ""AI sheen"" that makes everything feel off   I remember thinking:  > ""In 2026, with all these advancements in AI like Grok's image gen or DALL-E 3, why does this still feel like a beta test instead of pro-level output?""    That night, I ditched prompt engineering hacks and started hacking together my own solution. No VC funding, no co-founders, no hype. Just me, a beat-up laptop, and a burning need for images that don't need endless Photoshop fixes.   ---  Month 1: Crickets and Self-Doubt  I coded the first MVP solo – think late-night caffeine binges and debugging sessions that felt endless. The core idea? A tool that layers in realism tweaks automatically: better skin textures from real photo datasets, dynamic lighting models inspired by photography basics, and eye rendering that mimics human imperfections.  Launched it quietly on a simple site. Expected a trickle of users... got zilch. Zero signups, no comments, just tumbleweeds.  That silence hit hard. Public flops suck, but ghosting from the internet? That's soul-crushing. I almost shelved it.   ---  Month 2: Pivoting to What Works  Instead of spamming ""Try my tool!"" posts, I flipped the script. Started sharing raw outputs on subs like r/Artificial, r/MachineLearning, and even r/photography – no salesy BS, just honest questions:  ""Rate this: Does it pass as a real photo?""  ""What's the dead giveaway it's AI?""  ""Would you use this for your portfolio?""   Boom – engagement spiked. Threads blew up with debates:  ""Totally real, I'd print this.""  ""Nah, the pores are too uniform – classic AI tell.""  ""Eyes are spot on, but hair needs work.""   People weren't just lurking; they were invested. And buried in my bio or comments? A subtle link to the tool. Slowly, clicks turned into trials.   ---  The First Real Win: That $9 Payment  Then it happened – dashboard refresh, and there's $9 sitting there. Not life-changing, but massive validation. Someone saw the sample, trusted it wouldn't waste their time, and pulled the trigger on a premium gen.  From there, momentum built. Tweaked based on feedback (e.g., added better ethnicity diversity after a r/AI thread called it out – super valid point in 2026's diverse creator scene).   ---  Where We're At Now (Feb 2026 Update)  Fast-forward: The tool's hit ~$2,000 in total revenue. Still small potatoes in the grand scheme, but it's all organic – no ads, no influencers. Users are mostly freelancers, indie artists, and small biz owners who need quick, usable portraits without the hassle.  Key stats I've tracked:  85% of users say outputs need zero post-edits.  Retention's at 40% month-over-month – people come back because it delivers.   It’s not perfect; still working on video integration, but it's proof: You don't need a unicorn team or millions in funding. Just solve a real pain point.   The Big Takeaway  Forget flexing your tech stack. Users only care: ""Does this save me time and look damn good?""  Focus there, and the rest follows.  If you're building something similar or just wanna roast/test my outputs, check out [PicX Studio.](https://picxstudio.com?atp=photo) What do you think – still got that AI vibe, or passing the Turing test for images? Drop your thoughts below; I read every comment.  Thanks for reading my ramble – let's chat!",2026-02-07T11:51:43Z
drop,nft,informal,after,Now is easy to liberated than aurora,2026-02-07T11:51:31Z
drop,nft,informal,after,"theres 20 more piles out of render distance   Is it just me, or is there a scientific reason why dropping trees is addictive but loading them onto a trailer makes you want to scream and uninstall? The vanilla grab physics are currently my worst enemy.  Wish me luck on the transport phase. I'm going to need it.",2026-02-07T11:51:30Z
drop,nft,informal,after,"I recently released an iPhone app called \*RealGeoGuess\* — it’s a real-world location guessing game that uses Street View and GPS to turn exploring your city into an adventure.   The concept is simple: You are dropped into a certain area and have to actually navigate (walk) through the streets to find a specific target location shown in a photo.  App Store Link: [https://apps.apple.com/us/app/id6758271322](https://apps.apple.com/us/app/id6758271322)  Any suggestions, impressions, or thoughts — positive or negative — are super welcome! Thanks so much! 🙏",2026-02-07T11:51:29Z
drop,nft,informal,after,Together with my Pebble Core Duo watch this little guy makes me all cozy and warm. Will be reading more for sure now that I have something this portable in my pocket at all time. Now all I want is a color variant that can display pictures in the same size. Please make one. Plz... To go with my Pebble Time 2 soon! <3,2026-02-07T11:51:23Z
drop,nft,informal,after,"# Acoustic Doors Manufacturer  Unwanted noise affects productivity, comfort, and even health in both industrial and commercial environments. From generator rooms and compressors to offices and studios, sound control has become an essential part of modern building design. One of the most effective ways to reduce noise transmission between spaces is the installation of [**Acoustic Doors**](https://www.envirotechdoors.com/acoustic-doors/) or **Soundproof Doors**. **Envirotech Systems Limited** offers engineered door solutions including **Metal Acoustic Doors** and **Wooden Acoustic Doors** designed to control noise efficiently while maintaining durability and aesthetics.  https://preview.redd.it/pvk8kr3592ig1.png?width=1280&format=png&auto=webp&s=e839b8b81c7f0aed711f006cade9443cd039c468  # Understanding Acoustic Doors  [**Acoustic Doors**](https://www.envirotechdoors.com/acoustic-doors/) are specially manufactured doors built to reduce sound transfer from one area to another. Unlike ordinary doors, they contain high-density cores, insulation materials, and perimeter sealing systems that minimize gaps where sound normally escapes.  They are commonly installed in:  * Industrial equipment rooms * Auditoriums and recording studios * Hospitals and laboratories * Offices and meeting rooms * Residential buildings exposed to traffic noise  These doors are designed based on sound reduction ratings (STC value), ensuring measurable and reliable performance.  # Acoustic Doors vs Soundproof Doors  The terms [**Acoustic Doors**](https://www.envirotechdoors.com/acoustic-doors/) and **Soundproof Doors** are often used together. In practice, absolute soundproofing is not achievable because sound travels through structures. Therefore, acoustic doors are engineered to reduce sound to safe and comfortable levels, effectively functioning as practical soundproof doors in real applications.  # Metal Acoustic Doors  [**Metal Acoustic Doors** ](https://www.envirotechdoors.com/metal-acoustic-door/)are suitable for heavy-duty and industrial environments where strength and reliability are critical. They are manufactured using galvanized steel or powder-coated sheets filled with mineral wool or rockwool acoustic insulation.  To prevent sound leakage, the doors include compression seals and bottom drop seals that block airborne noise pathways.  **Benefits of Metal Acoustic Doors**  * Strong and durable construction * Resistant to harsh industrial conditions * Suitable for generator and compressor rooms * Fire-resistant properties * High sound attenuation performance  These doors are widely preferred in factories and mechanical rooms where continuous high noise levels are present.  # Wooden Acoustic Doors  [**Wooden Acoustic Doors**](https://www.envirotechdoors.com/wooden-acoustic-doors/) are ideal for interior spaces requiring both appearance and sound control. They are made with solid or composite wooden cores combined with acoustic insulation layers and edge sealing systems.  They are commonly used in:  * Conference rooms * Home theatres * Hotels and offices * Educational facilities * Recording studios  Wooden acoustic doors provide a balance between interior aesthetics and noise reduction, making them a popular choice for commercial and residential environments.  # Why Choose Envirotech Systems Limited?  **Envirotech Systems Limited** manufactures customized acoustic solutions designed to meet specific project requirements. Our doors are engineered for effective noise reduction and long-term performance.  **Key strengths include:**  * Site-specific acoustic door design * Reliable sealing arrangements * Quality tested materials * Consistent sound reduction capability * Professional installation assistance  We provide both **Metal Acoustic Doors** for industrial applications and **Wooden Acoustic Doors** for architectural spaces.  Effective noise management improves working efficiency, comfort, and safety. Installing high-quality [**Acoustic Doors** ](https://www.envirotechdoors.com/acoustic-doors/)or **Soundproof Doors** is one of the most practical ways to control unwanted sound in buildings.  With engineered solutions from **Envirotech Systems Limited**, businesses and facilities can achieve quieter environments without compromising durability or appearance. Choosing the right acoustic door ensures long-term performance and better acoustic comfort for any space.",2026-02-07T11:51:02Z
drop,nft,informal,after,"My friend Kelly lives two streets over. Last week an Amazon package showed up at my door with HER name but MY address.  I texted her and she said ""Oh yeah I accidentally put your address, can you drop it off?"" I said sure, I'll bring it by this weekend.  She said ""Actually I need it tonight for an event can you bring it now?"" I was in pajamas about to go to bed. I said I'll bring it this weekend like I said.  She got snippy and said ""Well I NEED it tonight so I guess I'll come get it."" I said ok fine.  She drives over, gets the package, leaves. Next day she Venmo requests me $8 with note ""gas money for having to pick up my package from your house.""  I said what?? You put the wrong address, I was doing YOU a favor by holding it. She said ""You refused to bring it when I needed it so I had to use my gas.""  I declined the request. She's now saying I'm ""making her pay"" for a mistake and I should cover her gas since she ""had to drive because of my inflexibility.""  Her boyfriend texted me saying $8 isn't a big deal and I should just pay it.   I offered to bring it this weekend for free! She chose to come get it immediately. Why should I pay for gas when SHE put the wrong address?? AITJ for refusing to pay?  TL;DR: Friend's Amazon package came to my address by her mistake, I offered to drop it off on weekend, she needed it immediately and came to get it, now wants me to pay $8 for her gas.",2026-02-07T11:51:00Z
drop,nft,informal,after,"My trauma patterns tend to be over-functioning in the world until I burn out and then I spend days in bed binging on food, media, and just veging out, until I recuperate enough energy to start over-functioning again. I have been stuck in this nervous system cycle for years now.  Basically, a few days prior i was really overfunctioning and hit my limit right before the therapy session, which was on Wednesday this week. Literally the morning on the Wednesday before the session in the afternoon, I kinda collapsed in bed.  So while kinda collapsed, I joined the call with therapist and said to her that I wasn't feeling great, I was burnt out. And she said I was in shutdown. I felt hesitant to tell her the full extent of how I was feeling, there was a guardedness and lack of trust I felt. She was asking me if I had gotten out of bed today, in a kind of judgmental way (I did, actually, several times, but im not sure if i told her that). She then told me to get out of bed, tense all my muscles in my body, and shout ""I can"" out loud. I then reiterated to her that I was burnt out, and I'm feeling this burnt out because I was too active, too busy, doing too much movement, so I said I wasn't comfortable doing that.  She then basically started saying things like ""Ok, if you want to rest, we can end the session then"". I then said to her that I've done therapy in bed before without a problem, and other therapists didnt have an issue with it. She then kept trying to order me to get out of bed and move my body. I kind of lost my cool and said I'm this burnt out because of MOVING TOO MUCH AND BEING TOO BUSY and I'm not allowing people to force me to do things against my own will and walk all over me and if she's gonna keep insisting i'm gonna end the call right now. I was pretty angry when saying this and was getting very defensive and heated.  She then said ""Right, I think it's best we just end the session then"" so I just left.  Her tone felt like my bad mood was inconveniencing her.. kind of a stern, concerned tone, which is kind of a trigger for me. Especially at the end. Also at the start when i mentioned i wasnt doing well she immediately emailed me a worksheet about the nervous system, but overall I was getting the vibe that any of my negative emotions/states are something she wants to ""fix"" immediately rather than listen to and understand, and she was weaponising the nervous system science and somatic work to carry this out.  I've had that problem with a few therapists now (Although one was on the NHS tbf), like they sound so inconvenienced and bothered when i say im not doing well, so that then pressures me to hide things about how im doing. It also festers resentment and before this session actually, I was having fantasies of yelling at this therapist and screaming at her.  So in short i basically think the core problems were me just feeling misunderstood/judged/emotions seen as a problem. And that makes me hide things, feel mistrust, feel I am walking on eggshells etc.  Do you think I was being too harsh? I am learning to audit therapists and trust my gut, because I feel in the past I have not listened to my gut when it came to therapists, and it lead to either staying with ones I don't trust and give me bootstraps/tough love, or the other opposite end of the spectrum and ones where im comfortable but dont go anywhere. So I think listening to my gut was the correct decision here. Any thoughts?    One more thing i forgot to mention is she served in the armed forces for like 15 years. But I don't think you can treat the nervous system like the military. Emotional healing imo needs emotional safety, and from experience i think if there's no safety then emotions wont come up and theres no healing. I'm not going to therapy to become a soldier im going to heal lol.",2026-02-07T11:50:55Z
drop,nft,informal,after,"Hi I tried posting on the residency Reddit   I feel super nervous about starting residency as I have this thing where I lose my appetite when I’m under stress.   I was wondering how I can stop this? I know it may sound good from the outside, but I can literally drop 5kg in 2 weeks if I don’t eat properly, anyone found anything that helped?   Thank u ",2026-02-07T11:50:41Z
drop,nft,informal,after,Drop the GPT prompts that help you analyse your answers better!,2026-02-07T11:50:40Z
drop,nft,informal,after,"I’ll keep this honest. I’m a 16-year-old indie founder from India and I just launched my first real SaaS. It’s called ViralHook. And no — it’s not just another “AI hook generator”. What it actually does You paste a video URL and it: analyzes the full video, not just the first line finds exact drop-off reasons (hook, pacing, clarity) gives step-by-step fixes rewrites better opening hooks suggests SEO title/description/tags Basically: instead of guessing why a video failed → you get a clear report. Why I built this I was stuck at 0–200 views for months. Editing wasn’t the problem. The real issue was: I had no idea why viewers were leaving. So I built the tool I needed myself. What I’m looking for Not free users. I want serious creators willing to pay and give real feedback. Early beta pricing: $9/month (keeping it low to learn fast, not to stay cheap forever) If you’re growing a YouTube / Reels / Shorts channel and want to know exactly why videos don’t perform… Comment “beta” and I’ll send access. What I want in return Brutal feedback. Not compliments. If this tool is useless → I’d rather know now.",2026-02-07T11:50:35Z
drop,nft,informal,after,"Hey everyone! ​I’m making the trip from out of town this weekend and I am beyond stoked for the vibes. Unfortunately, two of my friends had to drop out last minute, so I have two extra tickets for Saturday that I don’t want to see go to waste.  ​Since they can’t make it, I’d love to pass these along to someone(s) who could use them. The tickets are completely free. I’m  just looking to share the good energy, meet some new people, and hopefully make some new friends while I’m visiting!  ​If you’re looking to go on Saturday or know someone who is, shoot me a DM or comment below. ​Safe travels to everyone heading to the desert! 🌵🎶",2026-02-07T11:50:16Z
drop,nft,informal,after,I tried to play through got to 1754 then it became worse ...drew a lot of games and lost 1 then dropped to 1707 as you can see here i am getting nothing but 2 bar network ...the moment i drop to 1600 i will be getting 3 or 4 bar network...same happens when i play through the hell hole and get to 1800 network becomes worse and worse it insane ....there's no way this isnt Intentional...already the servers are poor then this,2026-02-07T11:49:47Z
drop,nft,informal,after,"First, just wanted to say things look really good rn, based on what rellsin said movie 3 probably drops march, and that means the game is really close to completion, and with how much excitement they had in there voice talking about the game, seems like they're REALLY proud of what they accomplished.  Now about the ship, having a big ship is good, but having too big of a ship might makes it kinda weird, I know there will be some type of NPC crew to help u manage the ship, but still, the size in the video seems like it can fit 10-15 ppl, I'm just thinking how the smallest ship in the game can handle that. Maybe there's a certain lvl u can get it ? Or it will cost so much that u need to progress a tone so no newbie will encounter that often. I feel like I'm missing something ",2026-02-07T11:49:47Z
drop,nft,informal,after,Like will there be new releases after part 2 drops? I wasnt paying attention if there was during season 3. It's just that i'll miss luke and yerin so much that i'm excited for part 2 but dreading the end of this press run 🥲,2026-02-07T11:49:43Z
drop,nft,informal,after,"My partner (31F, 172cm/5'8"", currently 51kg/112lbs) has been losing weight unintentionally over the past few months. She dropped from 56kg to 52kg during an infection, and has since lost another kilo. BMI is now 17.2 — underweight.  **Her situation:**  * Chronically low appetite — this predates the infection, it's been going on for a long time * She's moved past eating junk food (used to default to quick convenient stuff like bakery sandwiches) — that's progress * She's open to keto/animal-based eating but finds strict carnivore ""too extreme"" for her * Even when good food is available and ready in the fridge, she eats small portions * The problem isn't knowledge or willingness — it's that she genuinely doesn't feel hungry  **What I'm wrestling with:**  I eat carnivore myself and I've seen the benefits firsthand. Part of me thinks: just eat meat, eggs, butter — your body will figure it out. But I have two concerns specific to her case:  1. **Protein is the most satiating macronutrient.** If she's already struggling to eat enough, won't a meat-only diet make her eat even less? She needs to gain 5-7kg, not lose more. 2. **The low-carb / thyroid question.** I've read arguments (Jaminet, Masterjohn, others) that very low carb can reduce T4→T3 conversion. For an underweight woman who may already have a downregulated metabolism, could zero carb make things worse?  **What I'm looking for from this community:**  * Has anyone here been **underweight** when starting carnivore and successfully **gained weight**? What was your experience in the first few weeks — did appetite increase or decrease initially? * Any **women** here who started carnivore at a low body weight? How did it affect your cycle, energy, appetite? * For those who gained weight on carnivore — did you have to consciously force yourself to eat more at first, or did hunger eventually come naturally? How long did that take? * Would you recommend going strict carnivore from day one, or easing in with something like animal-based (meat + fruit + honey + dairy) first, and tightening up later once weight stabilizes? * Anyone have experience with carnivore **restoring appetite** after a period of undereating? Or did it suppress it further?  I'm genuinely open to the answer being ""yes, carnivore will fix this — just give it 4-6 weeks."" But I'm also open to ""this is the wrong tool for this specific problem right now."" Looking for real experience over theory.  She's getting bloodwork done (TSH, fT3, ferritin, vitamin D, cortisol, CBC) to rule out underlying issues.  Thanks in advance — this community has been a great resource.",2026-02-07T11:49:39Z
drop,nft,informal,after,"I've been working on an open-source tool that adds smooth rounded corners to Unity's Image component. It's shader-based, performant, and super easy to use.  ✨ Features:  * Individual radius control for each corner * Gradient support * Outline/border options * Performance-friendly shader implementation * Drag-and-drop workflow  GitHub: [https://github.com/berkencami/round-ui-unity](https://github.com/berkencami/round-ui-unity)",2026-02-07T11:49:12Z
drop,nft,informal,after,"**Would really appreciate any help or guidance in pointing me towards the right direction. If you’ve run a franchise, owned a QSR/café, or have experience with office-park or metro-adjacent locations, I’d love to hear what worked (or didn’t) for you.**  **This information has been collected over the last month with a lot of back-and-forth, calls, and number crunching, so I’m trying to make a well-thought-out decision and avoid rookie mistakes. If you think there are other brands I should look at, or even a completely different business model that would suit this location better, I’m very open to suggestions.**  **Even dropping a comment for reach so the right person sees this would help a lot. Small inputs, honest opinions, or real-world experiences — everything is welcome and appreciated. Thanks in advance**  # Retail Shop Overview -  * **Location:** Pune * **Shop Size:** \~370 sq ft * **Floor:** Ground floor * **Ownership:** Owned * **Ecosystem:**    * 3 office towers (2 × 8 floors, 1 × 13 floors)    * Ground & 1st floor retail    * Dedicated banquet / events space    * Metro station **30–60 seconds walk** * **Footfall Mix:**    * Office lunch crowd    * Evening metro commuters    * Retail visitors    * Banquet & event spillover * **Goal:** First outlet | Franchise-based QSR/café | Good ROI | Controlled risk | Manageable operations  # Brands Considered / Mentioned  # ❌ NOT AVAILABLE / NO RESPONSE  (Approached but not actionable right now)  * **Rolls Mania** – No response * **Roll King** – No response * **Belgian Waffle Co.** – Not available * **The Chickster** – No response * **Tibbs Frankie** – No response  # AVAILABLE / SERIOUSLY EVALUATED  * **Doner Club** * **The Waffle Co.** * **Jumbo King** * **Wow! Momo** (Available but personally rejected due to quality concerns) * **Café Durga**  # Actionable Franchise Options (With Pros & Cons)  # DONER CLUB (Savory QSR + Dessert Add-On)  **Status:** Available   **Key Point:** Brand allows **waffles as a dessert option**  **Menu Type**  * Doner rolls, burgers, loaded fries * Veg & non-veg * Shakes, mojitos, juices * Waffles added as dessert  # ✅ Pros  * Strong **office lunch relevance** * Full meal replacement * Hybrid model possible (savory + dessert) * Better perception as a “proper food outlet”  # ❌ Cons  * High savoury food cost (\~50%) * More kitchen complexity * Higher staff & quality-control dependency * Lower margins vs dessert-only models  **Summary:**   Balanced but operationally heavier. Works best if lunch traffic is strong and execution is tight.  # THE WAFFLE CO. (Dessert QSR)  **Status:** Available   **Scale:** 150+ outlets across India & international markets  **Menu Type**  * Waffles (core) * Thick shakes, frappes, coffee * Cakes, pancakes, kunafa, fries  # ✅ Pros  * Low food cost (\~35%) * Very simple operations * High net margins * Strong evening + weekend demand * Best downside protection in slow months  # ❌ Cons  * Weak lunch relevance * Discretionary / impulse product * Relies on evening footfall & delivery  **Summary:**   Financially the strongest and easiest to run, but not a lunch-driven concept.  # JUMBO KING (Veg QSR)  **Status:** Available  **Menu Type**  * Veg burgers & fries * Low-ticket, fast service  # ✅ Pros  * Designed for **metro + office grab-and-go** * Simple operations * Affordable pricing → repeat consumption * Proven regional brand (strong in Maharashtra)  # ❌ Cons  * Not a premium brand * Mostly veg (limits audience) * Volume-dependent business  **Summary:**   Safe, predictable, but not exciting. Works best with consistent footfall.  # CAFÉ DURGA  **Status:** Available   **Presence:** \~110 outlets across **15 cities**   **Investment:** **₹15–16 lakh**  # Franchise Support (Important)  * **Entire set up done by franchisor**:    * Furniture & fixtures    * Crockery & cutlery    * Machinery & equipment    * Display boards & advertising Brochure * **Fully trained skilled staff provided by franchisor at no extra cost** Brochure * Helpers & cleaners hired locally, with **training by franchisor** Brochure  # ✅ Pros  * Lower investment vs most QSR brands * Strong franchiser involvement in setup & staffing * Reduced hiring and training headache * Café format suits office + retail mix * Established footprint (not a single-outlet brand)  # ❌ Cons  * Brand pull weaker than national QSR chains * Margins likely lower than waffle-only model * Café demand depends on consistency & ambience * Less excitement for Gen-Z compared to dessert brands  **Summary:**   Operationally supportive and lower risk than assumed earlier, but brand pull and upside are moderate.",2026-02-07T11:48:56Z
drop,nft,informal,after,"I started running into this issue relatively recently when trying to record anything with the Audient ID4's loopback feature, whereas I did not use to have this issue in the past; that is, on my old laptop with Windows 10 I don't remember ever having this issue with my recording dropping the signal completely in short bursts every second.   I noticed in my loopback mixer there seems to be something going on where the left and right channels aren't aligned, and the dropouts seem to be occurring as often as the signal offset is displaying.   I tried changing the buffer size, tried switching monitoring from auto to off, and also unplugged all other USB connections and also tried an alternative USB cable for the Audient ID4 itself.  It's actually driving me mad because I somehow managed to fix it for what I was working on a couple of weeks ago, but I have tried this a couple of times in the last week and I cannot get anything to record properly over loopback. Just wondering if this is some kind of Windows issue, if my ID4 is faulty all of a a sudden, or if this is genuine user error.   This also happens whether or not I am using the dedicated ASIO driver or loopback: the loopback mixer is showing this offset when Ableton is open and completely idle. I also tried this on my default template and on a track with just a single audio channel, so I'm really stumped as to how I actually solved this issue a couple weeks ago.   ",2026-02-07T11:48:32Z
drop,nft,informal,after,Hey all!  So the subject of detaching seems to be one that causes a little bit of confusion across the manifesting community so I thought I’d write a little article based on my experience with the law to debunk what it actually means.  Does detaching mean you have to forget all about your dreams and desires? No! Does it mean we need to stop wanting it? No! What it does mean is we have to detach from the NEED to have it.  Think about it this way when you were with your SP at the start there’s a good chance you wanted to be with them still even though you had them right? Multimillionaires with all their money in the bank still want it right? Of course! But they do not have that neediness to have it which keeps it away.    It’s not about forgetting all about your desire. Think of it this way a thought fused with feeling becomes an assumption and an assumption when persisted in hardens into fact so we need to be thinking about our desire but thinking about it in the right way. We must think about it and embody the confidence and conviction that it is already ours.   If we had our desire would we be desperate for it? No we’d be chill and basking in the thoughts of having whenever it crossed our mind.   To detach do we need to stop doing techniques? No! Of course not. I have my SP and I still affirm from time to time because it feels good. It becomes a way of life. Something that runs alongside an already fulfilling life. The key point there being I do it because it feels good 😊💪  Was I already fulfilled before I got my SP back? Yes! We gotta be happy in ourselves otherwise we just create the same old stories over and over again as soon as the SP doesn’t respond as fast as we’d like or says something that’s not ideal.   If you know they are yours would we be reacting to little things like that? No we wouldn’t.  For me detaching means dropping the need to have. Once we do this it becomes so much easier to feel into the good stuff. You gotta find calm inside you first. You gotta start being the best version of yourself and putting yourself and what makes you feel good first and then mix a little bit about the SP in.  You see so many stories of ‘once I stopped caring my SP came back.’ Well that makes perfect sense because when we think about it this person dropped the need and shifted their focus from desperation which allows this law of ours to pull the strings. When we grasp on so tight we constrict our ability to get into the feelings of having.  If this is something you feel you’d like a hand with I’ve got a couple of coaching slots available for next week 💙💪,2026-02-07T11:48:11Z
drop,nft,informal,after,"Just dropped the lower unit, replaced impeller and gasket and its new parts. Reassembled properly, ensured it fit flush, did up the bolts.   When it came to reattaching the shift linkage it was low so I pulled it up, (into neutral I believe, unsure) reattached it and tightened the screw.  When it comes to using the tiller arm it’s not switching gears (say it’s in neutral, switching to reverse or drive the prop still spins freely either way) in the video I started in neutral, shifted to reverse, to neutral and then to drive. Is there anyone who can help me here? Really stuck. Any pointers or advice please say so!  First time rebuilding an engine, if it’s an issue perhaps with assembly and you need any more details of how I did then just ask, it might relate to the problem. Thank you!",2026-02-07T11:47:42Z
drop,nft,informal,after,so yesterday everything blew up. my sister is getting married and apparently i’m expected to cover 50% of her wedding expenses. not help a bit not contribute what i can literally half. this was dropped on me last minute after they’ve been planning this wedding for almost a year.  i said no. i told them i wasn’t part of the planning i wasn’t asked before and i’m not a backup wallet just because they ran out of budget. my sister lost it. my parents backed her up and started guilt tripping me hard saying family helps family and i’m ruining her big day.  things got heated fast. voices raised accusations flying me being called selfish ungrateful dramatic all of it. i felt completely cornered in my own house. so i packed a bag and left. i went to stay at a friend’s place just to breathe and cool off.  now my family is furious that i “walked out” and made things worse. they’re saying i abandoned them and proved i only care about money. i see it as protecting my peace after being blindsided and pressured.  i didn’t refuse because i don’t love my sister. i refused because i was never responsible for funding her wedding in the first place.  aita for leaving and staying with a friend instead of caving in?,2026-02-07T11:46:47Z
drop,nft,informal,after,"Hi! I’m hoping someone might have advice. I have been weaning for the past six weeks or so and got down to just one feed at bedtime. I dropped the last feed on Wednesday night and both boobs felt good up until yesterday afternoon (just about 48 hours with no breastfeeding) when my right boob started to feel a little engorged and has one very sore spot. I tried to pump a little bit to see if I could just release the spot on that side, but could not get more than a few drops out. Will this soreness just eventually go away on its own?! Or do I have to get this potential clog out? I am leaving for a work trip on Monday so I’m not sure what to do! I have been using ice packs and taking sunflower lecithin. I’m terrified of getting mastitis! I got it a bunch of times with my first, but I’ve been lucky to not have it with my second. Anything else I should do? Thank you in advance!!",2026-02-07T11:46:40Z
drop,nft,informal,after,"My trauma patterns tend to be over-functioning in the world until I burn out and then I spend days in bed binging on food, media, and just veging out, until I recuperate enough energy to start over-functioning again. I have been stuck in this nervous system cycle for years now.  Basically, a few days prior i was really overfunctioning and hit my limit right before the therapy session, which was on Wednesday this week. Literally the morning on the Wednesday before the session in the afternoon, I kinda collapsed in bed.   So while kinda collapsed, I joined the call with therapist and said to her that I wasn't feeling great, I was burnt out. And she said I was in shutdown. I felt hesitant to tell her the full extent of how I was feeling, there was a guardedness and lack of trust I felt. She was asking me if I had gotten out of bed today, in a kind of judgmental way (I did, actually, several times, but im not sure if i told her that). She then told me to get out of bed, tense all my muscles in my body, and shout ""I can"" out loud. I then reiterated to her that I was burnt out, and I'm feeling this burnt out because I was too active, too busy, doing too much movement, so I said I wasn't comfortable doing that.     She then basically started saying things like ""Ok, if you want to rest, we can end the session then"". I then said to her that I've done therapy in bed before without a problem, and other therapists didnt have an issue with it. She then kept trying to order me to get out of bed and move my body. I kind of lost my cool and said I'm this burnt out because of MOVING TOO MUCH AND BEING TOO BUSY and I'm not allowing people to force me to do things against my own will and walk all over me and if she's gonna keep insisting i'm gonna end the call right now. I was pretty angry when saying this and was getting very defensive and heated.     She then said ""Right, I think it's best we just end the session then"" so I just left.      Her tone felt like my bad mood was inconveniencing her.. kind of a stern, concerned tone, which is kind of a trigger for me. Especially at the end. Also at the start when i mentioned i wasnt doing well she immediately emailed me a worksheet about the nervous system, but overall I was getting the vibe that any of my negative emotions/states are something she wants to ""fix"" immediately rather than listen to and understand, and she was weaponising the nervous system science and somatic work to carry this out.  I've had that problem with a few therapists now (Although one was on the NHS tbf), like they sound so inconvenienced and bothered when i say im not doing well, so that then pressures me to hide things about how im doing. It also festers resentment and before this session actually, I was having fantasies of yelling at this therapist and screaming at her.   So in short i basically think the core problems were me just feeling misunderstood/judged/emotions seen as a problem. And that makes me hide things, feel mistrust, feel I am walking on eggshells etc.   Do you think I was being too harsh? I am learning to audit therapists and trust my gut, because I feel in the past I have not listened to my gut when it came to therapists, and it lead to either staying with ones I don't trust and give me bootstraps/tough love, or the other opposite end of the spectrum and ones where im comfortable but dont go anywhere. So I think listening to my gut was the correct decision here. Any thoughts?",2026-02-07T11:46:35Z
drop,nft,informal,after,"I commented on “Early sign on narcissism” but thought I’d elaborate here with my experience with a narc. Often lot of the sign like gaslighting, manipulation, lovebombing etc. are easy to recognise in theory but why are they so hard to recognise in practice? It’s because of the set up they put in place in your mind before they engage in these behaviour. I’ll give you plenty of examples from the one I dealt with.  \- Lovebombing & gaining your trust: they tell you everything you want to hear, they’ll pay for your meals, they’ll use love emojis to save their name on your phone when they meet you. It’s subtle ways for you to drop your guard very quickly. When you occasionally start pulling away this behaviour comes back. Suddenly they get you expensive gifts, they want to hear all about you and your life, they give you explosive gifts - affection skyrockets when you pull away & affection disappears when they see you are no longer going anywhere else.  \- Projection: if someone is accusing you/mutual friends constantly of something that does not fit your/their personality, they are projecting traits that are theirs and they can’t hold onto those traits. By projecting on you/someone else, they offload those traits. I was told I was trying to humiliate her. I never go after people and use sensitive information against them (this will become relevant later.)  \- Something about them feels off: I remember when I met my ex narc friend first time one to one. Something in my gut told me to not trust her but it’s almost like you are car sick. Your body is telling you one thing and your eyes are telling you another. And often we trust our eyes than our body but in this case it’s important to trust your gut/body. It’s warning you about something. Every time they lied to me, gaslit me & manipulated me, that gut feeling would comeback but I couldn’t make sense out of it because I bought into the fantasy she wanted me to buy into.  \- The story they tell you and the story you hear from everyone else doesn’t match up: keep log of stuff like this. They are good at explaining things away however if this happens one too many times. KEEP ASKING QUESTIONS. From them and everyone involved. They separate people to keep their fantasy alive. They tell different pieces of information to different people and they take a step back and watch the disaster happen. People have fallouts, minor arguments, distrust between people develops. Learn to communicate with the people they are trying to cut you off from so you can save so much time when you start comparing notes with other people.  \- They don’t have long lasting friendships (eventually they’ll mask slips and everyone gets tired of their BS) or they constantly speak shit about the current friends they have. They are also shit talking about you as well.  \-  Gaslighting: it starts by changing small events. Location where you tried food and drinks for the first time, where object is stored/where you placed it. Nothing too big or too alarming. They are testing how much you trust your memory. You give in because arguing about whether you places the cup on table or cupboard sounds crazy. Then it gradually escalates, especially when you confront them about something. Suddenly the whole story is changed and you now begin to doubt your memory. “I swear none of that happened but she has always been right about stuff so I guess I must be remembering wrong” is what crossed my mind, the first argument we had. Last time I interacted with her, she tried to gaslight me about where we tried something (at this point she could feel I was pulling away so she went back to small gaslighting). I kept correcting her and refused to give in and she kept arguing that we tried it in a different locations. I didn’t cave in. By the end of the night, she told me my “energy has changed”. In her words she admitted I wasn’t falling for her traps anymore.  \- Trying to fish information from you: constant set ups to find sensitive information from you so it can be used against you later when it’s convenient. This is ultimately what destroys any relationship they have with someone. They get too big for their boots and one day share sensitive information you told them in attempt to humiliate you in front a group. Remember when I said the humiliation projection will become relevant? Yep, that’s what ultimately made me see this person was never my friend. Throughout the day, they kept taking jabs at me. I was annoyed but brushed it off. Then came the bomb of sharing something so private with a group of people. Never felt humiliated in my life to that extent. From that day on I distanced myself from her and ultimately cut her off from my life. The humiliation she was accusing me of was her coping mechanism when she was triggered. The trigger was me speaking to a man she liked about a topic she couldn’t contribute to.  \- Constant humiliation: They take jabs at you over and over and over again but as light hearted joke etc. they specifically do it in front of people so if you get upset, you look like the unstable one. I was dealing with lot of my own personal shame and I was addicted to my own shame and internal pain which is why I let lot of it slide. How this works in practice is that they take the most “humiliating” part of information and package it as something good. I started working for prestigious company but she would mention my salary which isn’t that high for junior staff. She never mentioned the company I worked for though. The slicing and packaging of information is something to look out for. They never mention the highlights of your life but anything “low” to maintain the illusion of them being superior when behind closed doors they are the inferior one.  \- Boundary pushing & the retaliation that comes afterwards: The point of lovebombing is for you to not have boundaries. How can you say no to someone who paid for your meals? Listened to your struggles? Got you expensive gifts that was heartfelt? Who was always there for you? It’s a covert contract you never knew you signed. And now it’s your time to pay back. How could you say no? After everything? Now they need you? I kept giving till almost costed me my sanity. Eventually felt like I paid my debt and then I ran. I realised the lovebombing will keep coming back and I keep re-entering the contract. The last expensive gift she gave me was (and I am so fucking certain she manufacture a crisis - this will become relevant too). She got me expensive gift but it got lost, in tears she told me how valuable it was and how sentimental she wanted it to be for both of us and now it won’t be special when she has to order it again. At this point I was already distancing myself and she was pulling her last moves to try to trap me. Took the gift because you can’t really say no to a gift without looking like an asshole and threw it in the bin. They always want something pulling your heart towards them even in their absence. Prior to this event, I had started saying no. She asked me something and later offered me something else and I said no to both. By the end of the night got called bitch. Setting boundaries comes with them repeatedly punishing you for it or constantly disrespecting it and you just get tired of the constant push and pull.  \- Manufacturing a crisis: They will invent a massive lie about anything and everything so you can’t say no. Something terrible has happened and you have to come over immediately, something terrible has happened you have to stay the night with me, something terrible has happened so you have to stay on this call with me. Always something so terrible, you learn to just keep making exceptions and your baseline of boundaries gets fucked in the process.  \- Self-centred and needy: Every conversation is about them when you are trapped. Everything about you is giving them validation and them getting sympathy from them. They are always the victims too in anything and everything. This is where their true agenda becomes relevant. You are just a prop in their fantasy world. You exist to feed their ego and delusions. You hold the mirror for their existence. You are the audience who keeps them alive.  \- Competitive jealousy: Someone gave you a compliment? They have to insert themselves into it. Someone did something for you? Someone else also did something similar for them. You have a hobby? At some point in their life time they’ve also had that hobby. Also they never compliment you. Someone else is giving you a compliment via them. So and so thinks you are smart. So and so thinks you are nice. So and so thinks x,y and z about you. They watch you very close and comment on the things you have but never compliment you for those things.  \- They can’t be alone: one sure way to tell a narc from a non narc is they are never alone. You are supply and the moment you leave, they’ll find someone else. This person is chronically incapable of being alone. The world will implode before she is alone. Someone is always attached to them by the hip because they need someone to feed off of and help them carry that mask.  \- Sabotage of your life if you don’t perform to what they want: In hindsight this was the hardest part to accept and move on from. How she had fingers in trying to derail and ruin my life every time she got triggered. She went after my job, my living situation, my friends etc. She stayed with me for a while and tried to cause a fight between me and my housemates while simultaneously begging me to move in with her. Are you noticing what is being done here? She tried to cause a fight in my living space so I would move in with her and she would ultimately have complete total control of me. Thank god I saw past all of this. I even had multiple friends warn me when I told them about her suggestion.  \- Using you for social status or financial gain: you are not just a supply. You are also a supply that makes them look good. There are several agenda why they want you by their side. I helped her socially because I am a likeable person. Very soft and authentic, so I smoothed over her abrasiveness. Introduced her to people I liked. Helped her financially over the salary she was making fun of.   \- Manipulation and lying: You will sense it happening. You don’t know it’s happening though until much later. Triangulation is used. This is exactly what she said “so and so loaned me money but because it was your first paycheque I didn’t want to ask you for your money. Are you hearing the entitlement over my money? Over the salary she was making fun of? Months later she asked me to loan her money. I did. She did pay me back but I found out the part about friends loaning her money was a lie. Those mutual friends didn’t loan her money. They will say and do anything to get to that end goal. Always verify the information they tell you.  DARVO: Deny, Attack, Reverse, Victim, Offend. It’s a common tactic they use when they get confronted but what does this realistically mean? I told her I was having friends come over a week before. Gave her plenty of time to decide what she wanted to do (this was while she was staying with me. The night before I remind her I’m having friends over.   She said “ I wish you told me this earlier”  “I did tell you”  “Why are you being mean to me? I bought you food. You were being mean even earlier when you asked me to do z”  And at this point I was apologising for my tone. This is what DARVO looks in action. You forget about the original point and now you are defending yourself and apologising for what you did when you didn’t even do anything wrong.   I’m probably forgetting tons of things and so many techniques that was used on me. I was very naive and gullible so it took me couple years to connect the dots and drop her as a friend. I’ll also give you what I wish someone gave me: listen to your gut, take it slow with people (anyone who brings intensity into your life, is bad news), verify information you are being told and ask around people, stick to your boundaries because once you slip they will take everything, if things are constantly being rewritten write information down (they can’t argue with written stuff), don’t take things at face value (look at pattern of behaviour when you adjust your behaviour), nothing is a coincidence with these people, everything they do or say is just part of a bigger plan, every relationship they are in is transactional, really pay attention to how they talk/treat other people, learn to emotionally regulate yourself (they feed off your reactions and when you become regulated, you become boring to them), find safe people who will help you make sense out of what is happening to you who are most likely seeing all of this happen (few of our mutual friends - they weren’t that close to her but in a same friend group - started stepping in and asking me about my relationship with her and pointing out the distressing things she was doing to me and another mutual friend and it all finally came out. They reassured me I wasn’t going crazy and these things were happening to me. That opened the door to trusting myself again and finally putting the blame on the right person), when you pull away they will do anything to get a reaction from you (negative or positive reaction - don’t give in), create space to process stuff (you can’t process what they have done to you while they keep pulling more and more tricks on you), make peace with your shame (shame is the number one emotion that will keep you attached far too long to these people), understand that you will never think like them so it’s hard to see why they are doing this to you, they will never be fulfilled (the love, adoration, kindness, patience, endless changes won’t fix them or change them), they are deeply miserable people who will drag you to their level if you let them, the best revenge is you recovering and living your life to the fullest (don’t give them the negative energy they want - become boring and irrelevant. That hurts them far worse than arguing & bickering with them).  Learn about all the methods they use but also learn about how those methods manifest so you are better protected. I always thought I was smart enough to avoid these people. I was. However I was in a vulnerable position when all of this happened. I was dealing with PTSD (from something else) while this was happening. Her distressing my nervous system further made it easier for her to control and manipulate me. Recognise your own vulnerabilities as well. I’m now dealing with the aftermath of this all and I was so lucky to escape before things got incredibly dark. I don’t even want to know what would’ve happened if I kept going with her. My body and mind was in absolute shock when I ended my friendship with her.",2026-02-07T11:46:27Z
drop,nft,informal,after,"Hey everyone! ​I’m making the trip from out of town this weekend and I am beyond stoked for the vibes. Unfortunately, two of my friends had to drop out last minute, so I have two extra tickets for Saturday that I don’t want to see go to waste.  ​Since they can’t make it, I’d love to pass these along to someone(s) who could use them. The tickets are completely free. I’m  just looking to share the good energy, meet some new people, and hopefully make some new friends while I’m visiting!  ​If you’re looking to go on Saturday or know someone who is, shoot me a DM or comment below. ​Safe travels to everyone heading to the desert! 🌵🎶",2026-02-07T11:46:21Z
drop,nft,informal,after,"🔥 Something’s off with Lille…   The team is on the pitch, but results haven’t come for five matches in a row 😬  🟢 0-0 draw vs Metz — maybe just a one-off   ❌ Loss to Lyon 0:1   ❌ Strasbourg 1:4 — completely dismantled   ❌ PSG 0:3 — a cold shower   ❌ Rennes 0:2 — no spark, no fight, like everyone knows the outcome  💥 Feels like Lille has lost their balance: pressing and aggression used to define them, now it’s pauses and being a step behind.  🤔 Is this a rough patch, or a warning that something needs to change before the season slips away?  💬 Drop your thoughts below — temporary slump or serious problem? 👇",2026-02-07T11:46:18Z
drop,nft,informal,after," Every Bitcoin cycle looks obvious in hindsight.  But in real time, dips feel different. Fear spikes. Sentiment turns negative fast. And suddenly long-term conviction gets tested.  Historically, some of the strongest Bitcoin recoveries started during periods where confidence was at its lowest — not when everything felt safe.  Not saying every dip is an opportunity. Bitcoin can stay volatile longer than most expect.  But it makes me wonder:  Do you personally treat sharp Bitcoin drops as noise inside a long-term trend… Or do you wait for clear strength before trusting the move again?",2026-02-07T11:46:16Z
drop,nft,informal,after,"Hi all,  I’m looking for feedback on optimizing my FIRE portfolio and ongoing accumulation plan.  Profile  Age: 36  Citizenship/Region: European  Current country: Switzerland  Employment: Still working by choice (low stress, good WLB). I’ll keep going as long as it stays enjoyable.  FIRE status: Already at my FIRE number at 3%Swr (not accounting for taxes inbthe future)  Net worth / allocation (numbers translate in USD for simplicity)  $1.8M liquid NW  85% VT  15% IBIT (held for a long time; at this point it feels more like a bet)  $250k retirement account  Accessible once I leave Switzerland  Thoughts / concerns  IBIT: I’ve held it through the run-up and the recent big drop. Psychologically, it feels wrong to sell after a drawdown, but rationally I’m questioning whether 15% still makes sense. I’m open to reducing it further or even eliminating it.  Accumulation: Since I’m already FI, new contributions are more about risk management and long-term optimization rather than chasing returns.  Important constraints (European-specific)  No US-style tax-advantaged accounts (no Roth, etc.). Everything is essentially brokerage + pension.  While living in Switzerland:  No capital gains tax.  Dividends taxed at marginal rate (\\\~30%).  FIRE plan:  Before leaving Switzerland, I plan to reset cost basis by selling and rebuying.  After FIRE, I’ll switch to UCITS ETFs, which are more tax-efficient for my future country of residence.  Post-FIRE taxes (projected): \\\~20% flat on capital gains and dividends (but that’s a future problem).  Questions  1. How would you think about reducing or exiting IBIT at this stage, given it’s now more of a speculative allocation?  2. Would you keep a simple VT-only approach for new contributions, or start shifting toward something more defensive like dividend paying etfs like schd since I’m already FI?  3. Any portfolio optimizations I might be missing, especially around drawdown risk and taxes?  4. Would you change anything structurally before FIRE vs. after leaving Switzerland?  Appreciate any perspective, especially from non-US / EU-based FIRE folks.  Thanks.",2026-02-07T11:46:03Z
drop,nft,informal,after,   anyone looking  for tickets? Drop me a message . Thankyou ,2026-02-07T11:45:42Z
drop,nft,informal,after,"When I went to my grandmother’s place, it was the rainy season. During this time, frogs could be seen jumping around everywhere. You don’t see that in the city, so for me, it was really astonishing.  The frogs there didn’t look like the smooth, bright green ones you see in pictures— they looked different. That day, while it was raining, I saw a big frog in the open field.  Even though it was my turn to bat, I started chasing after it. My friends shouted, “Leave it and come play!” I said, “Just a second, I’m coming.”  While chasing it, I suddenly hit a wall. The frog jumped straight toward me, and instinctively, I swung the bat.  In one hit, the frog got slammed into the ground.  My friends gathered around. “You shouldn’t have done that,” one said. “You’re not supposed to kill frogs that come out during the rainy season,” another said. A third added, “It causes ear pain.”  “Oh, nonsense,” I said dismissively. “What does a frog have to do with ears?”  Shrugging my shoulders, I walked back home.  That night, I began hearing a gimick-gimick sound echoing inside my ears, and soon my ears started to ache badly. When I screamed, my mother woke up. She put ear drops in my ears, but it made no difference. The pain was still there—and the sound had grown even louder.  My father said, “It feels like something has gone into your ear.”  “What?” I asked, shocked and terrified.  “Some insect must have crawled in,” he said. “We’ll pour some olive oil and try to remove it with ear buds.”  But when they tried that, the pain only increased, and the sound became even louder.  “It’s not the pain anymore,” I screamed. “This sound is driving me crazy!”  “What kind of sound?” my father asked.  “A frog’s,” I shouted.  My parents looked at each other in disbelief.  “Did you kill a frog today?” my mother asked nervously.  “Yes… I accidentally killed one today,” I said.  I was rushed to the hospital immediately.  As soon as the doctors used microsuction inside my ears, I felt relief—and the sound stopped completely.  And then, what came out of my ear…  was a frog. ",2026-02-07T11:45:37Z
drop,nft,informal,after,"&#x200B;  help me find this book please  Five months pregnant, I was pushed down the stairs by my best friend Juniper Monroe and had a miscarriage.  My brother helped me sue her, but he was framed for sexually assaulting a client by someone backing Juniper, and in the end, his law license was revoked.  I begged my husband Ronan for help, and he swore up and down that he would.  But the very next day, my brother was taken into custody and thrown in jail by my friend's lawyer on charges of rape.  That night, I was going to find my husband to sort things out, but I accidentally overheard his conversation with his lawyer.  ""Mr. Prescott, all the connections have been greased. Your wife's brother won't be getting out anytime soon, but if Mrs. Prescott finds out the truth—that you framed him, that you're the one who put him in prison—I'm afraid she won't be able to handle it.""  Ronan's gaze was heavy, and the voice that once gave me such peace of mind had turned ice-cold.  ""Only with him in jail can I get Cora to release a clarifying statement. Juniper didn't do it on purpose. She was just terrified I'd leave her for Cora, that's why she pushed her down the stairs. I'm not going to let Juniper go to prison.""  ""As for Cora... I'll make it up to her. She'll never know the truth as long as she lives.""  Hearing this, I couldn't stop myself from stumbling back a step.  Tears streamed down my face like a river that wouldn't stop.  The man I saw as my salvation turned out to be the monster who sent my family to hell!  For my best friend, he sent my own brother to prison, completely ignoring the fact that she was the one who murdered our child!  I couldn't hold it in any longer. I pulled out my phone and sent a text to my father.  \[Dad, I agree to what you proposed before. I can bring Mom and my brother to you, but I have one condition: I want you to destroy Prescott Enterprises!\]  I want Ronan and Juniper to go to hell together!  \---  Inside the room, Ronan and the lawyer were still talking.  I silenced my phone and waited for my father's reply.  ""But isn't this too cruel to your wife? Juniper is her best friend, yet for Miss Monroe's sake, you've let your and your wife's child die and even sent her brother to prison. I think if Mrs. Prescott knew the truth, she probably wouldn't drop the lawsuit.""  The lawyer's voice was tinged with pity for me.  Ronan's expression remained just as calm, but the words he spoke were like sharp blades.  ""I won't give her another chance to sue. If Cora is unwilling to drop the charges and record a clarifying video, well, I imagine her mother will have some protests to express.""  Ronan's words made my heart seize up!  My mother was in a car accident on the day Ronan and I got married.  To this day, she's still in a coma at the hospital, there's no way she could get up and give me her opinion.  What on earth did Ronan mean by that?  I felt like I'd been plunged into ice water.  Soon, my father called me.  I glanced at Ronan and the lawyer inside the room, and in the end, I chose to walk away.  After I answered, my father was silent for a long time.  He didn't speak until my heart started pounding with anxiety.  ""Cora, I'm so glad you've finally made this choice. Ever since your mother left me all those years ago, I've been searching for the three of you. But back then, Vaughn Industries was facing a crisis, and by the time I could react, your mother had already disappeared with you.""  My father's voice was filled with regret.  I too remembered that time.  I was six years old when I left with my mother, so I have memories of what happened back then.  My mother chose to leave because my father made a mistake.  Before I met Ronan, I never trusted any man other than my brother.  Until Ronan came into my life, and I became best friends with his childhood sweetheart, Juniper.  And he pursued me relentlessly for three whole years.  In the end, he won me over, and I chose to be with him.  I just never imagined that the man I chose after so much deliberation would end up betraying me too.  At this thought, my whole body began to tremble uncontrollably.  I forced myself to calm down and replied to my father on the other end of the line, ""I'm in no position to forgive you for what happened back then on my mother's behalf. You know her current condition. I need your help. In return, I'll agree to the arranged marriage you mentioned, as long as you help me destroy Prescott Enterprises and get my brother out.""  My father on the other end of the phone finally understood what had happened to me, and his voice filled with anger.  ""The reason I was looking for a match for you was because I didn't think Ronan was a man worthy of you spending your life with. I wasn't trying to force you into a marriage. It's my fault. I never thought Ronan would do something like this.""  ""I'll come get you all as soon as possible. But that marriage of yours to Ronan, what are you planning to do about it?""  My father immediately promised to come and get me.  I looked at the study not far away, my mind replaying all the truths I had just heard.  A moment later, I heard my own cold voice say, ""Give me seven days. I will divorce him, and I will teach him a lesson he'll never forget for the rest of his life.""  The words had barely left my mouth when there was a sound from the study.  I didn't have time to hide, and Ronan caught me red-handed.  He looked at me with gentle eyes, but there was a flicker of suspicion in their depths.  ""Cora? What are you doing here?""  He took a step forward and helped me up, his eyes full of concern, but I saw the suspicion in the bottom of Ronan's gaze.  ""I just came downstairs. I wanted to talk to you about my brother, Emery's situation.""  Suppressing all the rage in my heart, I pretended I hadn't heard a thing.  The lawyer had already taken this opportunity to turn and leave the mansion.  Seeing this, Ronan also breathed a sigh of relief.  ""Honey, about Emery's case, I asked the lawyer, it's just...""  As he spoke, a troubled look appeared on his face.  I glanced at him without showing any emotion, a wave of sadness washing over me, and then asked in a hoarse voice.  ""What is it? Is it really difficult?""  Ronan's brow was furrowed, but he forced a smile.  ""The thing is, the evidence against him is just overwhelming. Even after I consulted with many lawyers, there's no way to solve it. And... Juniper hired some people to warn us. She said if you insist on suing, she'll cut off your mom's medication and have her kicked out of the hospital.""  As Ronan spoke, he quickly held onto me, as if worried I couldn't stand on my own.  A pang of pain shot through my chest, and I couldn't resist jabbing at him with a question.  ""Are the people backing Juniper really that powerful? More powerful than you, the head of the top corporation in New York City?""  Ronan's face stiffened, then he gave a bitter smile.  ""Honey, the company isn't doing so well lately, so I really can't do anything. It's my fault. But if you insist on suing, who knows how much more Emery and your mom will have to suffer. I'm heartbroken about losing the baby too, but could you please just drop the lawsuit and record a video clearing things up? Otherwise, I really don't know what to do.""  Ronan had never shown weakness in front of me before.  In the past, no matter what happened, he shouldered it all by himself.  So, he had never shown this side of himself to me.  But I knew perfectly well that there was nothing wrong with Prescott Enterprises!  All of this, Ronan's act of weakness, was all to get me to drop the lawsuit, to protect his precious childhood sweetheart!  How could he be so cruel?  I stared intently into his eyes.  Ronan's disguise was flawless, he even covered his face with his hands.  If I hadn't overheard the truth just now, I'm afraid I would have been completely played by him and agreed to drop the charges.  But now...  I forced a sentence from my throat.  ""Has it really come to this? Ronan, Juniper killed our child. Are you really asking me to drop the lawsuit?""  I was trembling slightly.  A flicker of guilt crossed Ronan's eyes, but the next second, he said without hesitation.  ""Cora, I want to avenge our child too, but right now, Emery and your mom are more important.""  ""I swear, when the time is right, I will avenge the death of our son. Cora, just listen to me, okay?""  He coaxed, handing the phone to me.  ""When you record the video, just say you fell on your own, and Juniper was only trying to help you up.""  A flash of eagerness crossed Ronan's eyes.  I finally saw clearly that in Ronan's heart, neither my brother nor my mom, not even me and the baby in my womb combined, were as important as Juniper.  I closed my eyes in despair and said in a hoarse voice, ""I agree to drop the lawsuit, and I agree to film the clarification video. But not until seven days from now.""  The happy expression on Ronan's face instantly froze.  ""Why seven days from now?""  I reached out and touched my belly, a bitter smile on my face.  ""Because I want our child to have a proper seven-day mourning period.""  Seeing the look on my face, a flicker of guilt appeared in Ronan's eyes.  ""Okay, seven days it is.""  He reached out and pulled me into his arms.  Ronan's embrace was still so warm, but I couldn't feel a shred of security in it anymore.  The next day, as soon as I woke up, Ronan pulled me along to the jail.  My brother was being held here temporarily, awaiting an unknown fate.  Ronan gently stroked my hair, his eyes filled with endless affection.  ""Cora, promise me you won't get emotional when you see Emery, okay? I just want you to know what he's been through these past few days.""  Hearing his words, a terrible premonition suddenly rose in my heart.  Before I could even ask what was going on, Emery appeared before me, limping.  I had never seen him in such a wretched state.  His clothes were so dirty you couldn't tell their original color, and his arms, his knees—any visible part of him—was covered in bruises and cuts.  Even his once-handsome face was badly swollen, with dried blood crusted at the corner of his mouth.  The pain in my chest was so sharp I could no longer stand. I threw myself against the glass partition, and the wound from my fall throbbed again.  ""Who was it? Who did this to you!""  My eyes were filled with pure rage.  Pain flashed in Emery's eyes. He glanced at Ronan standing beside me and said with difficulty, ""It was no one. I just fell.""  Rage clouded my mind, I wanted to tear everyone here to pieces.  There was no way the injuries on Emery were self-inflicted.  I was about to confront the guard next to him when, at that moment, Ronan pulled me back.  He said in a coaxing tone, ""Cora, you promised me you wouldn't get angry. You know who's responsible for Emery's injuries. It's my fault for being powerless, for not being able to get him out. If you don't want him to suffer like this, let's just hurry up and drop the lawsuit, and then record the clarification video, okay?""  ""Seeing you in so much pain, it feels like a knife is stabbing my own heart.""  As he spoke, he took my hand and placed it over his heart.  On the other side of the glass, Emery struggled to get closer to me.  I looked over, my eyes filled with tears, only to hear the guard say mockingly.  ""You think you're still some big-shot lawyer? If you don't want someone to break another one of your legs, you'd better think about what you should do!""  Hearing that, I couldn't hold back anymore and lunged forward.  ""He's innocent! You're the ones who hurt him, and I won't let you get away with it!""  Before I could finish, Ronan clamped his hand tightly over my mouth.  ""Cora, don't worry about me. Just do what you think is right. I can take it.""  He pressed his hands against the glass, as if trying to reach me.  But the next second, he was mercilessly dragged away by the guard.  I struggled with all my might but still couldn't break free from Ronan's grasp, able only to let out a helpless, mournful cry.  When had my brother ever been in such a pathetic state?  He was a good student his whole life and grew up to be a great lawyer. If it weren't for me, he would never have gotten involved in something like this.  I couldn't hold it in any longer, tears burst from my eyes.  Ronan flinched as if burned by my tears and quickly let go.  He gave me a look of profound heartache.  ""Cora, I know you're upset right now. I'm just as upset as you are. But Emery's situation... I really have no control over it. Can you please just drop the lawsuit quickly?""  My gaze, as I looked at him, was finally filled with hatred.  For Juniper, Ronan had killed our child and framed my brother.  He even had my brother beaten up just to make me drop the charges faster.  All of this, just because he didn't want Juniper to go to jail.  But years ago, when Ronan was in trouble, it was me and my brother who saved his life!  Thinking of this, I wished I could go back in time and let Ronan die back then.  I gritted my teeth and looked at him with pure hatred.  ""Ronan, if I don't drop the lawsuit, are you really going to watch Emery die in there?""  My voice was as raw as sandpaper.  Ronan instinctively looked away.  ""Cora, that's not something I can decide.""  ""Liar! It was clearly you...""  Before my accusation could be completed, Ronan's phone rang.  As if he were running from something, he quickly answered the call, then coaxed, ""Cora, I'm going to see if I can pull some strings for you now. You take good care of yourself.""  With that, he abandoned me and left in a hurry.  I stood there, frozen, as tears poured down like rain.  I saw it. That call was from Juniper.  Ronan was lying to me again.",2026-02-07T11:45:35Z
drop,nft,informal,after,This man is doing glitch named sentinel drop for Free it gets u Free sentinels an then u can sell them for 1.000.000 each per day and Its completly safe.,2026-02-07T11:45:29Z
drop,nft,informal,after,"**Would really appreciate any help or guidance in pointing me towards the right direction. If you’ve run a franchise, owned a QSR/café, or have experience with office-park or metro-adjacent locations, I’d love to hear what worked (or didn’t) for you.**  **This information has been collected over the last month with a lot of back-and-forth, calls, and number crunching, so I’m trying to make a well-thought-out decision and avoid rookie mistakes. If you think there are other brands I should look at, or even a completely different business model that would suit this location better, I’m very open to suggestions.**  **Even dropping a comment for reach so the right person sees this would help a lot. Small inputs, honest opinions, or real-world experiences — everything is welcome and appreciated. Thanks in advance**  # Retail Shop Overview -  * **Location:** Pune * **Shop Size:** \~370 sq ft * **Floor:** Ground floor * **Ownership:** Owned * **Ecosystem:**    * 3 office towers (2 × 8 floors, 1 × 13 floors)    * Ground & 1st floor retail    * Dedicated banquet / events space    * Metro station **30–60 seconds walk** * **Footfall Mix:**    * Office lunch crowd    * Evening metro commuters    * Retail visitors    * Banquet & event spillover * **Goal:** First outlet | Franchise-based QSR/café | Good ROI | Controlled risk | Manageable operations  # Brands Considered / Mentioned  # ❌ NOT AVAILABLE / NO RESPONSE  (Approached but not actionable right now)  * **Rolls Mania** – No response * **Roll King** – No response * **Belgian Waffle Co.** – Not available * **The Chickster** – No response * **Tibbs Frankie** – No response  # AVAILABLE / SERIOUSLY EVALUATED  * **Doner Club** * **The Waffle Co.** * **Jumbo King** * **Wow! Momo** (Available but personally rejected due to quality concerns) * **Café Durga**  # Actionable Franchise Options (With Pros & Cons)  # DONER CLUB (Savory QSR + Dessert Add-On)  **Status:** Available   **Key Point:** Brand allows **waffles as a dessert option**  **Menu Type**  * Doner rolls, burgers, loaded fries * Veg & non-veg * Shakes, mojitos, juices * Waffles added as dessert  # ✅ Pros  * Strong **office lunch relevance** * Full meal replacement * Hybrid model possible (savory + dessert) * Better perception as a “proper food outlet”  # ❌ Cons  * High savoury food cost (\~50%) * More kitchen complexity * Higher staff & quality-control dependency * Lower margins vs dessert-only models  **Summary:**   Balanced but operationally heavier. Works best if lunch traffic is strong and execution is tight.  # THE WAFFLE CO. (Dessert QSR)  **Status:** Available   **Scale:** 150+ outlets across India & international markets  **Menu Type**  * Waffles (core) * Thick shakes, frappes, coffee * Cakes, pancakes, kunafa, fries  # ✅ Pros  * Low food cost (\~35%) * Very simple operations * High net margins * Strong evening + weekend demand * Best downside protection in slow months  # ❌ Cons  * Weak lunch relevance * Discretionary / impulse product * Relies on evening footfall & delivery  **Summary:**   Financially the strongest and easiest to run, but not a lunch-driven concept.  # JUMBO KING (Veg QSR)  **Status:** Available  **Menu Type**  * Veg burgers & fries * Low-ticket, fast service  # ✅ Pros  * Designed for **metro + office grab-and-go** * Simple operations * Affordable pricing → repeat consumption * Proven regional brand (strong in Maharashtra)  # ❌ Cons  * Not a premium brand * Mostly veg (limits audience) * Volume-dependent business  **Summary:**   Safe, predictable, but not exciting. Works best with consistent footfall.  # CAFÉ DURGA  **Status:** Available   **Presence:** \~110 outlets across **15 cities**   **Investment:** **₹15–16 lakh**  # Franchise Support (Important)  * **Entire set up done by franchisor**:    * Furniture & fixtures    * Crockery & cutlery    * Machinery & equipment    * Display boards & advertising Brochure * **Fully trained skilled staff provided by franchisor at no extra cost** Brochure * Helpers & cleaners hired locally, with **training by franchisor** Brochure  # ✅ Pros  * Lower investment vs most QSR brands * Strong franchiser involvement in setup & staffing * Reduced hiring and training headache * Café format suits office + retail mix * Established footprint (not a single-outlet brand)  # ❌ Cons  * Brand pull weaker than national QSR chains * Margins likely lower than waffle-only model * Café demand depends on consistency & ambience * Less excitement for Gen-Z compared to dessert brands  **Summary:**   Operationally supportive and lower risk than assumed earlier, but brand pull and upside are moderate.",2026-02-07T11:45:06Z
drop,nft,informal,after,"I just got dropped by my gender clinic cause the lady blamed my disphoria on being autistic and to young (22). I got refered to this clinic 3-4 years ago by my then psychiatrist thinking this was the only way to get hrt and had one singular meeting at the clinic in September 2025 and a follow up in February 2026 (and got dropped). After posting about my experience on Reddit I was inform about other options, such as Imago.      My main question is about blood tests and such. On the website it says:  For those not yet on hormones, looking to start **masculinising GAHT** :   * Full blood count (white blood cells, red blood cells, haemoglobin, platelets, haematocrit, mean corpuscular volume ) * Liver Function tests (ALT, AST, ALP, bilirubin) * Fasting glucose  * Urea and electrolytes/ Kidney panel (Creatinine, eGFR, Urea, Sodium)  * Lipids /cholesterol panel (total cholesterol, triglycerides, HDL, LDL) * Blood pressure reading, height, weight * Testosterone and Estradiol (Total Testosterone and E2)  How do you do these tests???   I assume that the blood test it pretty straight forward and you just book one privately, but what about ""liver function tests"" and ""urea and electrolytes/kidney panel"" and everything else?     Please help me I feel so dumb",2026-02-07T11:44:47Z
drop,nft,informal,after,"I picked up a pair of snakeskin guppies a few weeks ago, the store owners thought she’d drop fry in a day or two. However, it has been five days and I’m unsure when she’s going to drop the babies soon… she is in her own tank and I’m not sure if I should just let her back in the community tank and wait till she’s closer (she does look very close though) or if that'd delay it even further by stressing her out.",2026-02-07T11:44:43Z
drop,nft,informal,after,This just dropped on my door mat! New album out 22 May!! ,2026-02-07T11:44:27Z
drop,nft,informal,after,"**Would really appreciate any help or guidance in pointing me towards the right direction. If you’ve run a franchise, owned a QSR/café, or have experience with office-park or metro-adjacent locations, I’d love to hear what worked (or didn’t) for you.**  **This information has been collected over the last month with a lot of back-and-forth, calls, and number crunching, so I’m trying to make a well-thought-out decision and avoid rookie mistakes. If you think there are other brands I should look at, or even a completely different business model that would suit this location better, I’m very open to suggestions.**  **Even dropping a comment for reach so the right person sees this would help a lot. Small inputs, honest opinions, or real-world experiences — everything is welcome and appreciated. Thanks in advance**  # Retail Shop Overview -  * **Location:** Pune * **Shop Size:** \~370 sq ft * **Floor:** Ground floor * **Ownership:** Owned * **Ecosystem:**    * 3 office towers (2 × 8 floors, 1 × 13 floors)    * Ground & 1st floor retail    * Dedicated banquet / events space    * Metro station **30–60 seconds walk** * **Footfall Mix:**    * Office lunch crowd    * Evening metro commuters    * Retail visitors    * Banquet & event spillover * **Goal:** First outlet | Franchise-based QSR/café | Good ROI | Controlled risk | Manageable operations  # Brands Considered / Mentioned  # ❌ NOT AVAILABLE / NO RESPONSE  (Approached but not actionable right now)  * **Rolls Mania** – No response * **Roll King** – No response * **Belgian Waffle Co.** – Not available * **The Chickster** – No response * **Tibbs Frankie** – No response  # AVAILABLE / SERIOUSLY EVALUATED  * **Doner Club** * **The Waffle Co.** * **Jumbo King** * **Wow! Momo** (Available but personally rejected due to quality concerns) * **Café Durga**  # Actionable Franchise Options (With Pros & Cons)  # DONER CLUB (Savory QSR + Dessert Add-On)  **Status:** Available   **Key Point:** Brand allows **waffles as a dessert option**  **Menu Type**  * Doner rolls, burgers, loaded fries * Veg & non-veg * Shakes, mojitos, juices * Waffles added as dessert  # ✅ Pros  * Strong **office lunch relevance** * Full meal replacement * Hybrid model possible (savory + dessert) * Better perception as a “proper food outlet”  # ❌ Cons  * High savoury food cost (\~50%) * More kitchen complexity * Higher staff & quality-control dependency * Lower margins vs dessert-only models  **Summary:**   Balanced but operationally heavier. Works best if lunch traffic is strong and execution is tight.  # THE WAFFLE CO. (Dessert QSR)  **Status:** Available   **Scale:** 150+ outlets across India & international markets  **Menu Type**  * Waffles (core) * Thick shakes, frappes, coffee * Cakes, pancakes, kunafa, fries  # ✅ Pros  * Low food cost (\~35%) * Very simple operations * High net margins * Strong evening + weekend demand * Best downside protection in slow months  # ❌ Cons  * Weak lunch relevance * Discretionary / impulse product * Relies on evening footfall & delivery  **Summary:**   Financially the strongest and easiest to run, but not a lunch-driven concept.  # JUMBO KING (Veg QSR)  **Status:** Available  **Menu Type**  * Veg burgers & fries * Low-ticket, fast service  # ✅ Pros  * Designed for **metro + office grab-and-go** * Simple operations * Affordable pricing → repeat consumption * Proven regional brand (strong in Maharashtra)  # ❌ Cons  * Not a premium brand * Mostly veg (limits audience) * Volume-dependent business  **Summary:**   Safe, predictable, but not exciting. Works best with consistent footfall.  # CAFÉ DURGA   **Status:** Available   **Presence:** \~110 outlets across **15 cities**   **Investment:** **₹15–16 lakh**  # Franchise Support (Important)  * **Entire set up done by franchisor**:    * Furniture & fixtures    * Crockery & cutlery    * Machinery & equipment    * Display boards & advertising Brochure * **Fully trained skilled staff provided by franchisor at no extra cost** Brochure * Helpers & cleaners hired locally, with **training by franchisor** Brochure  # ✅ Pros  * Lower investment vs most QSR brands * Strong franchiser involvement in setup & staffing * Reduced hiring and training headache * Café format suits office + retail mix * Established footprint (not a single-outlet brand)  # ❌ Cons  * Brand pull weaker than national QSR chains * Margins likely lower than waffle-only model * Café demand depends on consistency & ambience * Less excitement for Gen-Z compared to dessert brands  **Summary:**   Operationally supportive and lower risk than assumed earlier, but brand pull and upside are moderate.  ",2026-02-07T11:43:32Z
drop,nft,informal,after,"Found in my outdoor shed uk and looks too large for mouse, is this rat droppings?   Thanks in advance!",2026-02-07T11:43:23Z
drop,nft,informal,after,"Compared to the PS4 version of the game which runs incredibly smooth, the PS5 version has constant fps drops, frequent crashes, and is overall inferior to the PS4 version. This has been happening since release I believe and I haven't seen anyone talk about this. Are they ever gonna fix this? Can they?",2026-02-07T11:43:21Z
drop,nft,informal,after,"'New' player here  Im following the ironman HCIM guide by b0aty and am a little stuck at Bank 74.  Im supposed to do Hespori's adds but in the whole guide up until now prayer isn't mentioned so i'm only lvl20. The guide says 37 prayer is required for magic prayer but it doesn't say how one can achieve that..  All i can think of is slaying a billion chickens and bury their bones, as per my knowledge from 2007.  On top of that im trying to do those medium Farming contracts but i cant get any maple seeds from the master farmer, how do i go about getting those if all enemies that drop them are far beyond my level?",2026-02-07T11:43:18Z
drop,nft,informal,after,"Spent the last few days studying low-view Shorts. Different niches. Different editing. Different creators. But same core issue: The first 2 seconds give no reason to keep watching. When the hook is weak → retention drops → algorithm stops pushing. Tested fixing only the hook structure… and views started moving again. Now I’m experimenting with a small AI analyzer that shows: why viewers skip hook strength score rewritten stronger openings Still early testing. If anyone wants me to check their video, drop it below. I’ll analyze a few.",2026-02-07T11:43:05Z
drop,nft,informal,after,"hey everyone! i just got back from an awesome shopping trip and i’m really excited about my new wardrobe. since i’m around average height and staying fit, i focused on finding pieces that are both comfy and stylish.  first up, i grabbed a couple of cozy sweaters that will keep me warm when the temperatures drop. i went with a size that offers a comfortable, relaxed fit. perfect for layering or lounging.  i also snagged some colorful tees that really pop, making them ideal for days when i want to stand out. the fit is great, allowing for easy movement while still looking sharp.  to top it off, i found a chic bag that’s versatile for everyday use, stylish enough to carry all my essentials. i also picked up some eye-catching accessories to add some flair to my outfits. and let’s not forget my new [shoes.got](http://shoes.got) a fresh pair that’s super comfy and perfect for any occasion.  for your reference: i am 1.72 m tall, 68kg, and usually wear medium-xl sizes, 43EU  my agent: Bosssneaker - +86 173 5906 5315   i’ll share the links below. if you want to know more about sizing or quality, just hit me up.  * loewe：[https://weidian.com/item.html?itemID=7656332068](https://weidian.com/item.html?itemID=7656332068)  * corteiz：[https://weidian.com/item.html?itemID=7607183234](https://weidian.com/item.html?itemID=7607183234)   * supreme：[https://weidian.com/item.html?itemID=7614091508](https://weidian.com/item.html?itemID=7614091508)  * saint michael icon：[https://weidian.com/item.html?itemID=7688413939](https://weidian.com/item.html?itemID=7688413939)  * chrome hearts：[https://weidian.com/item.html?itemID=7583179784](https://weidian.com/item.html?itemID=7583179784)  * supreme：[https://weidian.com/item.html?itemID=7611141443](https://weidian.com/item.html?itemID=7611141443)  * ralph lauren：[https://weidian.com/item.html?itemID=7583160400](https://weidian.com/item.html?itemID=7583160400)  * amiri：[https://weidian.com/item.html?itemID=7607989374](https://weidian.com/item.html?itemID=7607989374)  * stussy：[https://weidian.com/item.html?itemID=7688392747](https://weidian.com/item.html?itemID=7688392747)  * cb icon：[https://weidian.com/item.html?itemID=7638824493](https://weidian.com/item.html?itemID=7638824493)  * supreme：[https://weidian.com/item.html?itemID=7609371475](https://weidian.com/item.html?itemID=7609371475)  * goyard：[https://weidian.com/item.html?itemID=7611194421](https://weidian.com/item.html?itemID=7611194421)  * goyard：[https://weidian.com/item.html?itemID=7614180322](https://weidian.com/item.html?itemID=7614180322)  * iphone17：[https://weidian.com/item.html?itemID=7614235856](https://weidian.com/item.html?itemID=7614235856)    * van cleef & arpels：[https://weidian.com/item.html?itemID=7611261891](https://weidian.com/item.html?itemID=7611261891)  * van cleef & arpels：[https://weidian.com/item.html?itemID=7512784800](https://weidian.com/item.html?itemID=7512784800)  * gucci：[https://weidian.com/item.html?itemID=7507405871](https://weidian.com/item.html?itemID=7507405871)  * gucci：[https://weidian.com/item.html?itemID=7688437981](https://weidian.com/item.html?itemID=7688437981)  * rick owens vans：[https://weidian.com/item.html?itemID=7691422002](https://weidian.com/item.html?itemID=7691422002)  * air force 1：[https://weidian.com/item.html?itemID=7688391347](https://weidian.com/item.html?itemID=7688391347) ",2026-02-07T11:42:43Z
drop,nft,informal,after,https://www.cnbctv18.com/india/indian-railways-on-time-performance-drops-from-90-to-73-62-in-two-years-ws-e-19842894.htm,2026-02-07T11:42:42Z
drop,nft,informal,after,"So with Oshi No Kos 3rd season dropping I've come to the realisation that I love this sort of anime. The dark plot murder, suicide and manipulation, But that also have a romance subplot and isnt always dark and dreary. I've loved other shows where I've felt similar to this like ""The witch from mercury"" and ""Tokyo ghoul"", even if they aren't entirely the same.   What I'm looking for is a recommendation for a show that's going to give me that same feeling where the hairs stand up on your neck and you feel bad after but you have to keep watching. I think this stems from my first ever viewed anime being ""School Days"", but I'm really looking for this feeling and vibe again. So if you have any recommendations please comment them because I'm loving the new season but it isn't coming out fast enough!",2026-02-07T11:42:20Z
drop,nft,informal,after,"Hello, cleaning gurus. My dog is a giant butthole and managed to somehow \*find\* nail polish, \*acquire\* said nail polish and then \*drop\* the nail polish off of my bed onto the floor smashing it to bits at 1am last night while I was asleep. (I thought we were being invaded.)  The polish is OPI- does that matter? I assume some have different ingredients? The floor is marble. This is a rental apartment. I cannot pay for this…the dog has NO money nor skills to help clean. Honestly, she is useless.   Will regular nail polish remover damage the floor? It’s a deep maroon color and I am worried no matter how I get it up (if I manage) it will stick into the grout and my landlord will be a bit ticked off.   So, if your dumb dog smashed a bottle of dark red paint on a white marble floor- what would you do?   \^please \^help \^me",2026-02-07T11:42:17Z
drop,nft,informal,after,"Hi everyone. I have recently bought a Fanatec podium GT3 wheel with APM and after firmware update I am seeing an interesting picture: the wheel works perfectly in Rennsport as Icould drive easily for 2.5 hours, but in ACC endurance button module drops randomly despite shifters and the Wheel are fine.   Before the update the wheel was unstable in all sims.   Also, only in Project Motor Racing the wheel work in ITM mode, not legacy.   Is it a normal behavior on PS5?",2026-02-07T11:42:06Z
drop,nft,informal,after,"Hello fellow samurai and ninja,   Just been farming the crimson general Yamagata Masskage for what feels like forever in the hopes of getting the smithing text for the odachi weapon.  I can’t find any sure info whether he actually drops this or not. Has anyone out there got it? ",2026-02-07T11:41:38Z
drop,nft,informal,after,"Been on MJ 4 months now, lost over 3 stone in weight, but my test run on 5mg has failed for me miserably. For the month I have not felt comfortable with it, bilious, belching repeatedly, next to no appetite and I mean no appetite even to the point of “ forgetting “ to drink my water which is on the table next to me. Thats the pen done next week I’m re joining my wife on the 2.5mg journey.",2026-02-07T11:41:38Z
drop,nft,informal,after,I really think they should add a jukebox so you could change the BGM to whatever you want inside your house.  It would create an extra layer to whatever theme you're going for.  Should be a simple decor item maybe?  Maybe even make it so that Hogger drops Elwynn Forest theme as an example.   What do you guys think? Yay or nay? How would you like it?,2026-02-07T11:41:33Z
drop,nft,informal,after,"There are plenty of things you can do this weekend to help the Medical Training Bill and ensure we get UKGP this year.   1) E-mail the Royal Colleges to tell them you support the bill passing without amendments   * The IMG groups have started an e-mail campaign to ALL the Royal Colleges to try and get the RCs to oppose the bill. * After a LONG teams meeting people were split into teams according to specialty and asked to e-mail that specific RC * It is therefore SUPER important that we start contacting EACH RC and letting them know we support the bill WITHOUT amendments.  * It is even better if you e-mail an RC that you are a paying member of * Once again- keep the emails personal + ask other doctors in your specialty to write as well  2) Put up a poster supporting the bill!  * IMGs are planning to launch an infographic campaign this weekend- don't get caught out and put up a pro- UKGP poster up in your ward.   * Is there a chance it might get taken down? Sure! But chances are, it will generate discussion first  * You can also ask your family and friend to put up a poster in their workplace- hell, putting the poster up on your village notice board. We need people talking about this!  * If you have even a drop of artistic talent, get in touch and help us make a great poster that others can use.  3) As always, e-mail the Lords.  * Now that the amendments have been proposed, it is more important than ever to e-mail the peers.  * We can't afford to let a single amendment pass and risking another year of delay for UKGP.  * Avoid cookie-cutter + AI e-mails: instead talk about personal experiences. Why not talk about your achievements in medical school and how the experiences made you a better Dr? Did you volunteer in a local hospital? Did you start a cool club? Or tell the Lord how your 4,5 or 6 years in a UK medical school made you better understand the needs of UK patients  * You can also mention how the bill being delayed for a year would impact YOU. IMGs are collecting case studies, so we should be too. Are you unable to find locums? Are you finding it hard to pay your rent? Is this your second/third time applying for training? Do you have a portfolio that cost you thousands but no offer? TELL THE LORDS  - emails:   * Baroness Bennett of Manor Castle — bennettn@parliament.uk * Lord Clement-Jones — clementjonest@parliament.uk * Baroness Coffey — contactholmember@parliament.uk * Lord Duvall — contactholmember@parliament.uk * The Earl of Effingham — contactholmember@parliament.uk * Baroness Finlay of Llandaff — finlayi@parliament.uk * Baroness Gerada — contactholmember@parliament.uk * Baroness Hollins — hollinss@parliament.uk * Earl Howe — contactholmember@parliament.uk * Baroness Merron — merrong@parliament.uk * Lord Mohammed of Tinsley — contactholmember@parliament.uk * Baroness Nargund — contactholmember@parliament.uk * Lord Patel — patelnb@parliament.uk * Lord Roe of West Wickham — contactholmember@parliament.uk * Lord Stevens of Birmingham — contactholmember@parliament.uk * Lord Stevenson of Balmacara — stevensonw@parliament.uk * Baroness Thornton thorntong@parliament.uk",2026-02-07T11:41:21Z
drop,nft,informal,after,"hey everyone! i just got back from an awesome shopping trip and i’m really excited about my new wardrobe. since i’m around average height and staying fit, i focused on finding pieces that are both comfy and stylish.  first up, i grabbed a couple of cozy sweaters that will keep me warm when the temperatures drop. i went with a size that offers a comfortable, relaxed fit. perfect for layering or lounging.  i also snagged some colorful tees that really pop, making them ideal for days when i want to stand out. the fit is great, allowing for easy movement while still looking sharp.  to top it off, i found a chic bag that’s versatile for everyday use, stylish enough to carry all my essentials. i also picked up some eye-catching accessories to add some flair to my outfits. and let’s not forget my new [shoes.got](http://shoes.got) a fresh pair that’s super comfy and perfect for any occasion.  for your reference: i am 1.72 m tall, 68kg, and usually wear medium-xl sizes, 43EU  my agent: Bosssneaker - +86 173 5906 5315   i’ll share the links below. if you want to know more about sizing or quality, just hit me up.     W2C  * loewe：[https://weidian.com/item.html?itemID=7656332068](https://weidian.com/item.html?itemID=7656332068)  * corteiz：[https://weidian.com/item.html?itemID=7607183234](https://weidian.com/item.html?itemID=7607183234)   * supreme：[https://weidian.com/item.html?itemID=7614091508](https://weidian.com/item.html?itemID=7614091508)  * saint michael icon：[https://weidian.com/item.html?itemID=7688413939](https://weidian.com/item.html?itemID=7688413939)  * chrome hearts：[https://weidian.com/item.html?itemID=7583179784](https://weidian.com/item.html?itemID=7583179784)  * supreme：[https://weidian.com/item.html?itemID=7611141443](https://weidian.com/item.html?itemID=7611141443)  * ralph lauren：[https://weidian.com/item.html?itemID=7583160400](https://weidian.com/item.html?itemID=7583160400)  * amiri：[https://weidian.com/item.html?itemID=7607989374](https://weidian.com/item.html?itemID=7607989374)  * stussy：[https://weidian.com/item.html?itemID=7688392747](https://weidian.com/item.html?itemID=7688392747)  * cb icon：[https://weidian.com/item.html?itemID=7638824493](https://weidian.com/item.html?itemID=7638824493)  * supreme：[https://weidian.com/item.html?itemID=7609371475](https://weidian.com/item.html?itemID=7609371475)  * goyard：[https://weidian.com/item.html?itemID=7611194421](https://weidian.com/item.html?itemID=7611194421)  * goyard：[https://weidian.com/item.html?itemID=7614180322](https://weidian.com/item.html?itemID=7614180322)  * iphone17：[https://weidian.com/item.html?itemID=7614235856](https://weidian.com/item.html?itemID=7614235856)    * van cleef & arpels：[https://weidian.com/item.html?itemID=7611261891](https://weidian.com/item.html?itemID=7611261891)  * van cleef & arpels：[https://weidian.com/item.html?itemID=7512784800](https://weidian.com/item.html?itemID=7512784800)  * gucci：[https://weidian.com/item.html?itemID=7507405871](https://weidian.com/item.html?itemID=7507405871)  * gucci：[https://weidian.com/item.html?itemID=7688437981](https://weidian.com/item.html?itemID=7688437981)  * rick owens vans：[https://weidian.com/item.html?itemID=7691422002](https://weidian.com/item.html?itemID=7691422002)  * air force 1：[https://weidian.com/item.html?itemID=7688391347](https://weidian.com/item.html?itemID=7688391347) ",2026-02-07T11:41:12Z
drop,nft,informal,after,"So with Oshi No Kos 3rd season dropping I've come to the realisation that I love this sort of anime. The dark plot murder, suicide and manipulation, But that also have a romance subplot and isnt always dark and dreary. I've loved other shows where I've felt similar to this like ""The witch from mercury"" and ""Tokyo ghoul"", even if they aren't entirely the same.   What I'm looking for is a recommendation for a show that's going to give me that same feeling where the hairs stand up on your neck and you feel bad after but you have to keep watching. I think this stems from my first ever viewed anime being ""School Days"", but I'm really looking for this feeling and vibe again. So if you have any recommendations please comment them because I'm loving the new season but it isn't coming out fast enough!",2026-02-07T11:40:43Z
drop,nft,informal,after,"I would love to see a new game mode that is like a dungeon or maybe a tower that has floors. The goal is to get to the highest floor,  to the top for a tower or to the bottom for a dungeon. each time u die u get reseted back to floor 0. u can find chests with cosmetics and maybe some one time use power ups. like higher dmg higher defense for one run in the tower/dungeon. would be cool making it avaliable single player and multiplayer and team up with ur friends to conquer all the dungeon floors. it would be nice being able to change difficulty easy medium hard extreme. after each 10/15/20 dungeon/tower floors a boss spawns. I think the best way would be to make it futuristic themed and the enemies from each floor could be the robots enemies we have in the game already. the boss could be either the strong robots we already have either new models of really strong robots. at the last floor there should be the strongest boss. and it should drop some super rare cosmetics and permanent buffs. maybe the buffs are a little to much but the cosmetics obtainable only from the last boss would be cool. maybe there are better stuff the bosses can give u but I cant think of anything good rn. What do u think about this idea? Please tell me ur opinion",2026-02-07T11:40:39Z
drop,nft,informal,after,Blonde bombshell in a hard hat jackhammering a wall like it's 2003 all over again 🔥🛠️  The vibe is STRONGLY inspired by that legendary track from over 20 years ago... but my Suno music only captured like 1% of the original magic 😭  Who still remembers which banger this is paying homage to? 👀 Drop it below!,2026-02-07T11:40:33Z
drop,nft,informal,after,Hey everyone!  Doing my second drop for my clothing brand and I've dropped a few teasers already. Tell me what you think!,2026-02-07T11:40:32Z
drop,nft,informal,after,"3AC is officially the new Sleeper class. The day Indian Railways removed curtains, privacy died. What used to feel semi-decent now feels like a crowded fish market with AC. Constant noise, lights on all night, people sitting on others' berths, blasting reels, arguing, littering-zero civic sense. Hygiene has gone downhill too; dirty floors, unclean toilets, and zero respect for shared space. The overall crowd quality has clearly dropped, and rules are barely enforced. There's nothing ""AC class"" left about it except cold air. Calling this premium travel is peak comedy. It's Sleeper class in disguise.  Railways should do something for this.",2026-02-07T11:40:17Z
drop,nft,informal,after,"For context: I play active and passive equally, my biggest combo got me an octodecillion. I don’t timeskip, I don’t use FTHOF planner, and I only save scum 1 minute into the past. I’m on ps5, garden level 4 with only 2 plants",2026-02-07T11:40:12Z
drop,nft,informal,after,"hey everyone! i just got back from an awesome shopping trip and i’m really excited about my new wardrobe. since i’m around average height and staying fit, i focused on finding pieces that are both comfy and stylish.  first up, i grabbed a couple of cozy sweaters that will keep me warm when the temperatures drop. i went with a size that offers a comfortable, relaxed fit. perfect for layering or lounging.  i also snagged some colorful tees that really pop, making them ideal for days when i want to stand out. the fit is great, allowing for easy movement while still looking sharp.  to top it off, i found a chic bag that’s versatile for everyday use, stylish enough to carry all my essentials. i also picked up some eye-catching accessories to add some flair to my outfits. and let’s not forget my new shoes. got a fresh pair that’s super comfy and perfect for any occasion.  for your reference: i am 1.72 m tall, 68kg, and usually wear medium-xl sizes, 43EU  i’ll share the links below. if you want to know more about sizing or quality.  * loewe：[https://weidian.com/item.html?itemID=7656332068](https://weidian.com/item.html?itemID=7656332068)  * corteiz：[https://weidian.com/item.html?itemID=7607183234](https://weidian.com/item.html?itemID=7607183234)   * supreme：[https://weidian.com/item.html?itemID=7614091508](https://weidian.com/item.html?itemID=7614091508)  * saint michael icon：[https://weidian.com/item.html?itemID=7688413939](https://weidian.com/item.html?itemID=7688413939)  * chrome hearts：[https://weidian.com/item.html?itemID=7583179784](https://weidian.com/item.html?itemID=7583179784)  * supreme：[https://weidian.com/item.html?itemID=7611141443](https://weidian.com/item.html?itemID=7611141443)  * ralph lauren：[https://weidian.com/item.html?itemID=7583160400](https://weidian.com/item.html?itemID=7583160400)  * amiri：[https://weidian.com/item.html?itemID=7607989374](https://weidian.com/item.html?itemID=7607989374)  * stussy：[https://weidian.com/item.html?itemID=7688392747](https://weidian.com/item.html?itemID=7688392747)  * cb icon：[https://weidian.com/item.html?itemID=7638824493](https://weidian.com/item.html?itemID=7638824493)  * supreme：[https://weidian.com/item.html?itemID=7609371475](https://weidian.com/item.html?itemID=7609371475)  * goyard：[https://weidian.com/item.html?itemID=7611194421](https://weidian.com/item.html?itemID=7611194421)  * goyard：[https://weidian.com/item.html?itemID=7614180322](https://weidian.com/item.html?itemID=7614180322)  * iphone17：[https://weidian.com/item.html?itemID=7614235856](https://weidian.com/item.html?itemID=7614235856)    * van cleef & arpels：[https://weidian.com/item.html?itemID=7611261891](https://weidian.com/item.html?itemID=7611261891)  * van cleef & arpels：[https://weidian.com/item.html?itemID=7512784800](https://weidian.com/item.html?itemID=7512784800)  * gucci：[https://weidian.com/item.html?itemID=7507405871](https://weidian.com/item.html?itemID=7507405871)  * gucci：[https://weidian.com/item.html?itemID=7688437981](https://weidian.com/item.html?itemID=7688437981)  * rick owens vans：[https://weidian.com/item.html?itemID=7691422002](https://weidian.com/item.html?itemID=7691422002)  * air force 1：[https://weidian.com/item.html?itemID=7688391347](https://weidian.com/item.html?itemID=7688391347) ",2026-02-07T11:40:01Z
drop,nft,informal,after,"If you have a high-end build that hitches in open world games (Arma 3, HLL, RDR2), it's most likely the RAM to blame. Mine is **Micron CL40 RAM** running at **95ns+ latency**.  During stutters, my GPU and CPU usage both dropped.  # The Fix (70% Improvement in 1% & 0.1% Lows)  I dropped my latency from **95ns to 85ns** with these specific tweaks:  * **RAM:** Set **tREFI to 24,000** (Stock was 11,677). This is the only timing Micron lets you push, and it’s the biggest stutter killer. * **BIOS:** Set **Global C-State** to Disabled  * **Nvidia Control Panel:** **Power:** Prefer Maximum Performance.    * **Shader Cache:** Unlimited.    * **G-Sync:** Enabled (Full Mode). * **Frame Pacing:** V-Sync **OFF** (in-game & Nvidia). Cap FPS **3 FPS below** your refresh rate (for example 177 FPS for a 180Hz monitor).  **Results:** My stutters in Arma 3 went from 7 FPS freezes to 30 FPS dips.  If you have Micron CL40, return it. I’m swapping to **CL30 Hynix A-Die** for a native \~60ns latency. High-end CPUs *need* fast access, not just high capacity.     Sadly I never knew this info before, even in almost all threads and youtube videos these kind of very important details are not being highlighted or discussed!!! It was the RAM the whole time causing these bad micro stutters,",2026-02-07T11:39:42Z
drop,nft,informal,after,"Not sure how I feel about the bit on the right side of the chest, all together looks very similar to last year.",2026-02-07T11:39:37Z
drop,nft,informal,after,"I swear its like every guy here is the exact same, copy paste   **Phase 1**: 'Good morning beautiful', 'Did you eat?', 'I’m not like other guys here'      **Phase 2**: Calls you his wife before knowing anything about you , swears he hates cheaters, wants to marry you      **Phase 3**: Replies slow, energy drop, 'busy with work'   Works in real estate but can’t commit to a conversation  **Phase 4:** You find out he’s talking to 5 girls, 'its not cheating we werent even together'   'im not ghosting you i just need space'  \- Thinks being rich allows being weird   \- Thinks loyalty is a suggestion   \-  Thinks emotional availability is feminine  WHY ARE ALL OF U THE SAME ",2026-02-07T11:39:26Z
drop,nft,informal,after,  anyone looking  for tickets? Drop me a message . Thankyou ,2026-02-07T11:39:20Z
drop,nft,informal,after,"hello cc india community! newbie here!   age -26  current cc - hdfc moneyback +  and hdfc upi rupay  spends around 10- 15 k every months via my current cc   spending pattern - groceries and daily regular shop transactions  income - low (40000)  credit score -783  last month limit got increased to 1lakh.  always paid the due on time never defaulted since the start ( using for past 20 months).  credit score dropped from 786 to 783 due to recent enquiry in jan for scapia cc ( got rejected)  now kindly recommend a ltf cc which gives good cashback and if possible   atleast 1movie ticket a month for free   lounge access - domestic hoga toh better , but i think too much to ask for.  and also should i enquiry again for my cc ?  will it get rejected  since i got a enquiry last month?  thank you in advance",2026-02-07T11:39:07Z
drop,nft,informal,after,"I'm watching 3 pups plus my own. I have watched them all several times. A German, a weimer and small mixed pup 2 different homes. It's 6am I take them out to the baseball field to run around. It's dark no lights except what's coming off the street lights. All the sudden the German bolts as we were just about to head in causing the other dogs to bolt, then they sprint back towards me and I hear a cry and realize it's likely a little rabbit and trying to find a hole to get out (knowing there aren't many options in the chain link fence) it was pitch black as they ran away from the lighted part. I attempted to call them off but it was useless. They caught it. The weimer and the German each took a turn carrying it until I could get them to drop it and leave it. I feel simply god awful. 😢 💔we have gone to that field 100s of times over the last 2 years with so many pups and not once has this ever happened. Nor have I ever seen a rabbit there. I know they were just being pups but it makes me sad and a bit angry with them. Especially after the poor bunny survived all this cold.  I just needed to get it out. I don't think I can tell the owners. There isn't a reason for them to know. None of these dogs have ever shown aggression towards any dogs.  Anyways, thanks for listening ❤️",2026-02-07T11:38:55Z
drop,nft,informal,after,"Knowledge is power for better yields. ⚡️   [xExchange | LP Provision Calculator](https://preview.redd.it/uyajtg2272ig1.png?width=1918&format=png&auto=webp&s=c2b7ca7d87a73f7083ea7599f32f483dfa116417)  Liquidity Providers can now estimate potential returns, fees, and impermanent loss with precision before entering a position.   https://reddit.com/link/1qybnev/video/q5mgcrn972ig1/player  HODL or LP? Now you don’t have to wonder. ⚖️      The calculator provides a side-by-side Strategy Comparison. See exactly how your ""Hold Value"" stacks up against ""Potential LP Value"" based on your specific price targets.   Get granular with your gains. 🔍      The tool breaks down:      \- Projected token composition   \- Daily fee estimates   \- ""Days to convert IL"" (know exactly when your fees offset impermanent loss)      Plan for 30, 90, 360, or even 720 days.   Try the LP Provision Calculator and fine-tune your strategy  [xexchange.com/liquidity/EGLDUSDC-594e5e/calculator](https://xexchange.com/liquidity/EGLDUSDC-594e5e/calculator)  Source: [X @xExchangeApp](https://x.com/xExchangeApp/status/2019405326282551630)",2026-02-07T11:38:40Z
drop,nft,informal,after,"hey everyone! i just got back from an awesome shopping trip and i’m really excited about my new wardrobe. since i’m around average height and staying fit, i focused on finding pieces that are both comfy and stylish.  first up, i grabbed a couple of cozy sweaters that will keep me warm when the temperatures drop. i went with a size that offers a comfortable, relaxed fit. perfect for layering or lounging.  i also snagged some colorful tees that really pop, making them ideal for days when i want to stand out. the fit is great, allowing for easy movement while still looking sharp.  to top it off, i found a chic bag that’s versatile for everyday use, stylish enough to carry all my essentials. i also picked up some eye-catching accessories to add some flair to my outfits. and let’s not forget my new [shoes.got](http://shoes.got) a fresh pair that’s super comfy and perfect for any occasion.  for your reference: i am 1.72 m tall, 68kg, and usually wear medium-xl sizes, 43EU  my agent: Bosssneaker - +86 173 5906 5315   i’ll share the links below. if you want to know more about sizing or quality, just hit me up.  * loewe：[https://weidian.com/item.html?itemID=7656332068](https://weidian.com/item.html?itemID=7656332068)  * corteiz：[https://weidian.com/item.html?itemID=7607183234](https://weidian.com/item.html?itemID=7607183234)   * supreme：[https://weidian.com/item.html?itemID=7614091508](https://weidian.com/item.html?itemID=7614091508)  * saint michael icon：[https://weidian.com/item.html?itemID=7688413939](https://weidian.com/item.html?itemID=7688413939)  * chrome hearts：[https://weidian.com/item.html?itemID=7583179784](https://weidian.com/item.html?itemID=7583179784)  * supreme：[https://weidian.com/item.html?itemID=7611141443](https://weidian.com/item.html?itemID=7611141443)  * ralph lauren：[https://weidian.com/item.html?itemID=7583160400](https://weidian.com/item.html?itemID=7583160400)  * amiri：[https://weidian.com/item.html?itemID=7607989374](https://weidian.com/item.html?itemID=7607989374)  * stussy：[https://weidian.com/item.html?itemID=7688392747](https://weidian.com/item.html?itemID=7688392747)  * cb icon：[https://weidian.com/item.html?itemID=7638824493](https://weidian.com/item.html?itemID=7638824493)  * supreme：[https://weidian.com/item.html?itemID=7609371475](https://weidian.com/item.html?itemID=7609371475)  * goyard：[https://weidian.com/item.html?itemID=7611194421](https://weidian.com/item.html?itemID=7611194421)  * goyard：[https://weidian.com/item.html?itemID=7614180322](https://weidian.com/item.html?itemID=7614180322)  * iphone17：[https://weidian.com/item.html?itemID=7614235856](https://weidian.com/item.html?itemID=7614235856)    * van cleef & arpels：[https://weidian.com/item.html?itemID=7611261891](https://weidian.com/item.html?itemID=7611261891)  * van cleef & arpels：[https://weidian.com/item.html?itemID=7512784800](https://weidian.com/item.html?itemID=7512784800)  * gucci：[https://weidian.com/item.html?itemID=7507405871](https://weidian.com/item.html?itemID=7507405871)  * gucci：[https://weidian.com/item.html?itemID=7688437981](https://weidian.com/item.html?itemID=7688437981)  * rick owens vans：[https://weidian.com/item.html?itemID=7691422002](https://weidian.com/item.html?itemID=7691422002)  * air force 1：[https://weidian.com/item.html?itemID=7688391347](https://weidian.com/item.html?itemID=7688391347) ",2026-02-07T11:38:34Z
drop,nft,informal,after,"The project is called SLT Assets and simplifies creating [ASP.NET](http://ASP.NET) Core sites and provides multi-language, meta handling, secure users with a UI for sign-in, and more. ",2026-02-07T11:38:23Z
drop,nft,informal,after,"# Vessel: Rage Install  If you hold R and then press G, your avatar will shout in rage and gain a white aura around them. The duration of this mode is half as long (30s) as your King of Curses awakening (60s). In this mode, you will stop your natural health regen but you won't take any damage for as long as your mode lasts. Though, all the damage you took after this mode ends will occur at the end of your mode, all at the same time. All moves that deal more damage than your own max health will still deal damage to you while in Rage Install.  This mode is meant to make Base vs Base more advantageous to you whilst also making Base vs Awk less one sided.  # Restless Gambler: Last Richii  This idea is based off of a suggestion from the discord/post from reddit.   If your health is lower than 20 and your R special is on cooldown, you can hold R and press G to instantly roll a Richii scenario. This Richii scenario is affected by previous odd and even numbered Jackpots. If you obtain Jackpot, you will regen about 75 health at the rate Jackpot regens at. This counts as a Jackpot so it counts towards your consecutive Jackpot count. If you do not obtain Jackpot, you lose all your ult and you **reset your consecutive Jackpot count**.  This feeds into the idea of using Awk right before death. If you believe your health is too low to go for Jackpot using Idle Death Gamble, you can go for a Last Richii and potentially get health back.  # Ten Shadows: Enchain  0.5 seconds into your Awakening animation, you can press R and gain the King of Curses Awakening. Though, your time spent in this Awakening is split into quarters compared to the original.  This Alternate Awakening gives you more flexibility when deciding to go for an Awakening. You can use a powerhouse Awakening or you can go for a more flexible option.  # Perfection: 0.2 Domain  When you press R during your Awakening animation, you will immediately use Self Embodiment of Perfection for 0.2 seconds. You will then create a QTE for everyone around you across the same range Infinite Void's 0.2 operates at. If you fail the QTE, you will take 75 damage. If you succeed the QTE, you will cut off one of your limbs (depending on your execution stacks) and deal 10 damage to yourself. If you have 2 execution stacks already, **you will always fail the QTE**. After using SEoP, all your moves will go on cooldown.  Like Gojo's 0.2, this provides massive crowd control without you having to enforce it yourself.   # Blood Manipulator: Duel  Pressing R during your Awakening animation whilst pointing your cursor/locked onto another player will create a visual effect for both of you where only you and the other player are visible (like Megumi's mahoraga). You two start at full health and are now the only ones capable of hitting each other and you both deal 1.5x more damage to each other. This only ends when either one of you are dead. If you locked onto an Awakened player, they revert back to their base moveset until the Duel is over.  This Alternate Awakening is supposed to lower you and your target to the same level, so that only the better player is left standing. It doesn't provide much benefit in a Base vs Base matchup but it is very useful in Base vs Awk.  # Switcher: Vibraslap  Holding R and pressing G makes you cut off your own arm and attach a vibraslap to it. This spends ult but it's permanent until you die. This causes Boogie Woogie to activate almost instantly and have no cooldown. But having a vibraslap as a hand has caveats. It removes an M1 from your M1 strong, your M1 uppercut and nerfs some of your skills. However, using your standard Awakening with a vibraslap will increase all damage in Awakening by 1.2x.   Honestly, I just want a way to use the vibraslap ingame.  # Defense Attorney: Damning Evidence  Holding R during the startup of Deadly Sentencing will cause your character to pump fake their domain. **This will not refund ANY Awakening**. If you are hit during Deadly Sentencing's start up animation; the domain will be casted, 1 bar will be automatically filled and then the domain collapses, causing everyone involved to lose their held item or lose 2 of their skills for a minute and 30s. This refunds 75% of your awakening bar.   This allows you to immediately confiscate skills, have a reliable counter, and be rewarded for landing this Alternate Awakening. Though, there's more risk if you don't land said counter.  # Cursed Partners: ""Die""  Pressing G and R will make you pull out a megaphone with the Cursed Speech symbol on it and say ""Die"" (in Japanese) into it. Everyone in a vicinity of about Gojo's 0.2 domain, will die. Though, there is long startup.  Yuta doesn't have a lot of crowd control tools in Awakening, aside from Copy. ""Die"" is a very powerful tool to attempt to remedy that.  # Puppet Master: Puppet Swarm  If you have Offload active, holding G will start draining your Energy Reserves first before draining your Awk bar. While G is kept held, multiple puppets of you start to drop in around you. These puppets are functionally the same as transfigured humans, though the only skills they can use are Ultra Spin and Ultra Cannon. You cannot use this Alternate Awakening for another 2 minutes after first using it.  Acts as crowd control and as a distraction.  # Head of The Hei: Time Cell Moon Palace  Holding R while your R special is on cooldown and then pressing G will cause you to instantly activate a weaker version of Time Cell Moon Palace. All your moves are set on cooldown after activating this Alternate Awakening.  This Alternate Awakening skips the work thats put into becoming a curse and immediately activates your awakening. The downside is the opportunity cost of not using your standard Awakening. Naturally, this Alternate Awakening is weaker than just using your other Awakening. Its only suited in specific situations.  # Salary Man: TBD  He's too new for me to decide a good Alternate Awakening.     Lmk what you think.",2026-02-07T11:37:42Z
drop,nft,informal,after,"Hi , so I dropped my tablet (S7+) and then this white ribbon appeared on the side, it still responded to touch in said area ,then I turned it off but now it wont turn on, whenever I try the with ribbon just flashes but the rest of the screen remains black , before I turned off although it was broken I could still use the rest of the screen just fine??? ",2026-02-07T11:37:34Z
drop,nft,informal,after,"Hi - I tagged YouTube but this topic applies to YouTube, TikTok, and Insta.  So I’ve been posting for 1 month consistently and I’m still lost on what I should focus on. I have a wellness app that I want to create content for. See [wellbody](http://www.wellbody.me) for reference.   At first I was creating educational content - no hard selling. It was a faceless account and I was getting minimal views. So in parallel I started a listicle page and a build-in-public page. Listicle page has been getting 2k views consistently but I feel like YT is capping me from getting more. The build in public page feels the most organic engagement out of the three.  I switched my main app account to go into more problem-solution with my product being the solution. I followed some story building logic and I saw the improvement in YT and TikTok. Carousels engaged better on TikTok. YT was better engagement that purely educational but not so great engagement overall.   And at the moment I’m not in the US (the ppl I want to target) - and apparently TikTok only shows your content in your region. This whole time I thought I was converting ppl from TikTok but when I looked at my audience it was primarily in Nepal! I guess YouTube was my main converter even with low engagement. So yeah now I’m posting via a VPN and my engagement took a huge drop on TikTok.   I’m reading from other influencers that a common palette and aesthetics are important so now I’m trying to set this up.   Don’t even get me started on instagram. I was getting 200-300 views per post and the one day they asked me to promote a post. I ignored it and now I get like 5-10 views per post. I think the aesthetic topic above might help but until i figure this out, IG is dead to me.  I looked at other account doing wellness and it seems that they are all doing UGC or they do not operate a faceless account. I’m not in the position to post myself (I’m not embarrassed I just have a job and need to maintain anonymity). I also don’t have the budget to pay for an influencer.   I’m not quitting but like 1 month in of consistency and it still feels like trial and error. The internet says to not stop and one day the algorithm blesses you but I don’t really have confidence in this idea.   This post is half venting, half seeking feedback/guidance. Thanks for listening. ",2026-02-07T11:37:28Z
drop,nft,informal,after,Hi everyone! I’m kind of a gamer and after watching fallout I said I should give it a try to the game (I’m not a RPG fan). I understand that fallout 4 is a few years before fallout S1 and S2 is mostly new Vegas (I haven’t watched it yet).  Could you recommend me which fallout should I start with? I read that fallout 3 is one of the hardest (and greatest) but I just want a story to play through because if it’s too hard and tedious I’ll drop it (sorry I’m just a girl) 👧  Thank you,2026-02-07T11:37:13Z
drop,nft,informal,after,"so uh I'm 12 and I made lyrics for lltnf purely because I was bored :/ They fire tho  How did I do? :3 (they get better trust)  Bar 1:  Blixer: Seems the tree's given life to another,  how would you feel to be a corrupted brother?  Time after time, those have tried to beat me,  but when they were done the winner always was me.  Bar 2:  Blixer: Face the new terror.  Cyan: Stop this now or else  Blixer: Of this Paradise-  Cyan: Time after time those have fell down to you,  but that won't happen to me only you  Blixer: Will caused so much terror-  Cyan: Leave it alone or else  Blixer: To your Paradise  Cyan: Time after time those have fell to the hands of you,  but I'll make sure no one will bow down to you  Blixer and Cyan: The corruption-  Blixer: will-  Cyan: Won't-  Blixer and Cyan: spread through it-  Cyan: At-  Blixer and Cyan: All.  Build up 1 (bar 3):  Blixer: watch as corruption spread through all your family,  the tree will soon fall down to me,  I feel the power growing inside of me-  what must I do to have you fall down to me,  I'm unstoppable,  ""corruption improbable""-  that's what they said but now its all possible,  facing the king of corruption will never get you far,  Drop 1:  Blixer: allow me to demonstrate.  Bar 4:  Blixer: Corr-up-ted source.  Breaking world by force.  Gaining power by the hour-  no wonder you start to cower.  Face the beat,  but make sure not to fall too deep.  Or else-  Bar 5:  Blixer: You can't escape me, your far to late  you can't outpace me, your out of luck-  Cyan: Now wait just a cotton-pickin' minute, you thing that-  Blixer and Cyan: you can outpace me?  Might as well mace me,  Cyan: I am the chosen one  Blixer: You think that having a fancy title, is enough to surpass me?  Blixer and Cyan: Then I'll show you what I got!  Cyan: Back away from the throne!  You've used it too much!  Blixer: There's not such thing as to much your so dumb!  Build up 2 (bar 6):  Blixer: Once the tree's given life to another-  though you haven't told if you will corrupt brother?  Time after time, you will have tried to beat me,  but when we're done the winner will always be me.  I feel your presence near-  I feel how it cowers with much fear.  Your end is approaching near  Drop 2:  so you better buckle up and enjoy the-  Bar 7:  Blixer: Take-o-ver now-  how ever will you get out of this, one, now  you line shots but I fire.  I got a shape to corrupt and its kind of dire.  Con-tin-u-a-tion,  of the corrupted pink nation  Hand me the crown, now,  I'm tired of you testing my pat-ience.  You, shall, pay.  For the things you put me through today  ""oh wait no way""- SHUT UP, I'm tired of your beebs!  There'll be one victor and that'll be me.  Save, the, day.  But it won't even matter anyway  because I've won,  I've already won,  I've almost won,  so get played-  to-daaaaaaaaaaaaaaaaay.  Thanks for reading to the end! A comment would be appreciated!",2026-02-07T11:37:02Z
drop,nft,informal,after,"There's is a issue when i put the cursor a the top of the the screen, the fps drops to cero or freezes. Anyone has this problem?",2026-02-07T11:36:45Z
drop,nft,informal,after,"Most perp DEXs tie your deposit, trading, and withdrawal to one on-chain identity. Want privacy? You mix first, then hop to a DEX — extra steps, extra chains, and linkability you have to work around.  We're building an L1 (Novaperp Chain) where anonymous balance isn't an add-on — it's the default. Deposit, trade, and withdraw are not linkable to one identity; no mixer step. The first app on the chain is a perp DEX (Novaperp). Sovereign stack, no KYC, wallet-only. One deposit target, one balance, one withdrawal. Privacy isn’t bolted on; it’s the base layer.  Novaperp Chain runs its own consensus (NovaBFT), native matching (NovaCore), and EVM layer (NovaEVM) in the same block — one chain, one block, one source of truth. At launch we’re targeting 30 USD-quoted perp markets, CLOB + reserve, same-block oracle, and transparent execution. Your keys, your trades; the full flow stays untraceable.  This is a technical/design post, not a token or listing pitch. No ICO/token discussion.  We'd value feedback from folks who care about privacy primitives and L1 design  We’re the team building this, launching when we’re ready and audited. Happy to answer questions — I’ll drop the one-pager/blog doc in the first comment.",2026-02-07T11:36:43Z
drop,nft,informal,after,"My work paid for us all to be certified. As a CSR the medical portions have been tough but this one, no matter how many times I watch the module take notes etc I absolutely cannot get correct. ",2026-02-07T11:36:42Z
drop,nft,informal,after,"🎵Hey Guys🎤,  I just dropped a new video tutorial on how to blend vocals with a symphony orchestra. If you have any thoughts on it, feel free to share them in a comment!",2026-02-07T11:36:37Z
drop,nft,informal,after,I can not compete for  ranked top5 places at my level (tier49). How can I drop my tier faster till tier30 etc? Do not have to play at all? ,2026-02-07T11:36:32Z
drop,nft,informal,after,"What is something horrible that happened to you where you keep a regret? Or something bad in general. I broke my phone by dropping it into water and charging it because the sign was showing to charge (even though it was the phone survival mode) It broke, it was during the summer at the beginning , i had no sign of contact and kept a mini phone.  I ended up losing 6 years worth of photos and more all videos , videos that could never be retaken and retrieved , i lost all contacts from years and years of friends , i lost all my data , all messages. Ever since i have been putting a lot of care into photos. Now , it’s become a stress , i always think i have a lot more photos than i actually do have. I never go through my old photos now. I always think the app auto deleted photos or photos disappear. There are some things that happened in life that changes your mindset completely on things. What about you? ",2026-02-07T11:36:23Z
drop,nft,informal,after,"Location: San Bernardino county, CA  In December 2024 my son 22 at the time was arrested for evading. He had never been in trouble and got scared and did not stop when being pulled over. He was caught , and taken to jail. I bailed him out and as a result he got his charge dropped down to a misdemeanor, $250 fine, 1 year probation and 180 days of weekends ( he has a full time job) he was to do his weekends at our local police station 2 times a week. My son works graveyard and gets off work at 3:30 am and would report to his commitment at the police station at 8 am . He had successfully completed 20 days of being compliant and while he was there at the police station pulling weeds he was approached by a police officer and was accused of being under the influence of a controlled substance. Long story short my son was released that night . After going to court numerous times his under the influence case was dismissed for insufficient evidence. We want to go after the police department. I filed a government claim and was denied. No attorney will take his case . Any suggestions ",2026-02-07T11:36:20Z
drop,nft,informal,after,"In 2026, **Assistive Pet Technology** has moved beyond mobility wheels into **Sensory Augmentation**. For cats with visual impairments—including one-eyed ""pirate"" cats—new AI-driven haptic collars and ultrasonic spatial mappers are helping pets regain depth perception and 360-degree environmental awareness. This tech is proving that ""disability"" in pets is simply a hardware limitation that software can now solve.  The Rise of ""Adaptive"" Hardware  For years, tech for ""special needs"" pets was DIY or clunky. In 2026, the industry has embraced [Inclusive Design](https://thesmartsnout.com/2026/02/07/the-2026-puppy-potty-training-revolution-ai-powered-bladder-forecasting-automated-toilets/), recognizing that a significant percentage of senior and rescue pets require sensory assistance.  1. Haptic Navigation Collars (The ""Sixth Sense"")  The standout device this year is the **VibeSight Mini**. Designed specifically for cats with limited vision (like one-eyed rescues), this collar uses ultra-low-power LiDAR to scan the room.  * **How it works:** It provides gentle, ""directional buzzes"" (haptics) on the side of the neck to warn the cat of an obstacle on their blind side. * **The Result:** Cats learn to associate the vibration with a ""boundary,"" allowing them to jump and run with the confidence of a fully sighted pet.  2. AI-Mapped ""Safe Zones""  Smart home systems like **Apple HomePet** now allow you to create ""High-Contrast Navigation Paths.""  * **Visual Cues:** For cats with fading vision or single-eye depth perception issues, smart LED baseboards (like **Govee Pet-Path**) can pulse specific light frequencies that are easier for a cat’s remaining eye to track, guiding them to food or litter in the dark.  3. Sonic-Tagging for Multi-Cat Harmony  In a household with a ""special needs"" cat and a ""high-energy"" gray cat, social dynamics can be tricky. **EchoLocate Tags** use high-frequency (inaudible to humans) pings that allow visually impaired cats to ""hear"" exactly where their sibling is in the room.  * **The Benefit:** It prevents ""ambush"" scares, reducing stress and aggression in multi-cat households.  The Ethics of ""Bionic"" Pets: Enhancement vs. Assistance  As we move toward 2027, the r/SpecialNeedsPets community is debating **Neuro-Link** interfaces for animals.  * **The Pro:** Restoring full 3D sight to a blind cat via a brain-computer interface. * **The Con:** Does ""upgrading"" our pets change their fundamental nature? Are we fixing the cat, or just our own discomfort with their ""imperfections""?  My Personal Take  Watching my one-eyed black cat navigate a new apartment used to be heart-wrenching—she would often bump into doorframes on her blind side. Since testing a haptic ""whisker"" system, her ""bumping"" has dropped by 90%. She isn't just surviving; she’s a ""bionic pirate"" now     [https://thesmartsnout.com/2026/02/06/simple-tech-tips-for-multi-cat-households-the-2026-smart-snout-blueprint/](https://thesmartsnout.com/2026/02/06/simple-tech-tips-for-multi-cat-households-the-2026-smart-snout-blueprint/)",2026-02-07T11:36:12Z
drop,nft,informal,after,"🎵Hey Guys🎤,  I just dropped a new video tutorial on how to blend vocals with a symphony orchestra. If you have any thoughts on it, feel free to share them in a comment!",2026-02-07T11:36:00Z
drop,nft,informal,after,"&#x200B;  I have played with the Bastion for few sessions(bot front only), and frankly, I feel like the Ministry of Defense scammed us. For a tank in the year 2186, this thing feels like a museum piece from 1916. Here’s why:  1. 2186 Tech, 1916 Transmission  The fact that you have to come to a dead stop before performing a pivot turn (neutral steering) is a joke. This is a single-stream transmission limitation that we solved in the 20th century. In 2186, we should have dual-stream or full-electric drives. Having to stop just to turn the hull isn't ""skill-based difficulty,"" it's just poor engineering—either by the Ministry or the dev's coding.  2. The ""Belly-hung"" Nightmare & Useless Suspension  The suspension travel on this thing is practically zero. A single medium-sized rock can prop up the entire chassis, leaving the tracks spinning uselessly in the air. Meanwhile, I see Automaton tanks gliding over craters and debris like they’re on hover-pads. Why do the bots have better suspension than ""Managed Democracy's"" finest?  3. 30 Rounds? Someone is embezzling Requisition Slips.  A modern MBT (like an Abrams) carries around 40+ rounds of 120mm. We are fighting literal TIDES of Terminids and infinite Automaton drops, yet we only get 30? Someone at the procurement office definitely pocketed the change. 30 rounds isn't a combat load; it's a starter kit.  4. Fake Inertia (The ""Stop-Sign"" Effect)  A tank is supposed to be a terrain bulldozer. If I hit a lamp post or a small brick wall, the tank shouldn't experience a ""complete kinetic halt."" Real tanks crush objects through sheer torque and mass at low speeds. In HD2, everything feels like a ""Physics Collision Block,"" turning a 60-ton war machine into a plastic toy that gets stopped by a picket fence.  5. The ""Ice Skater"" Tracks  The whole point of tracks is high ground pressure and friction. Yet, the Bastion drives like it’s on a skating rink. Frequent tail-slides and oversteering suggest these tracks aren't made of hardened steel, but recycled Super Earth plastic with zero grousers/cleats.  6. Zero Gun Depression: The ""Sky-Watcher"" Syndrome  The lack of gun depression is infuriating. Because of the ""Belly-hung"" issue I mentioned earlier, even the smallest pebble under the front of your hull tilts your nose up. And since the gun can't depress more than a few degrees, you end up staring at the sky,enemys are completely safe from your 120mm shell or the coaxial heavy machine gun. A 22nd-century tank that can't aim at a target slightly downhill is just an expensive anti-aircraft gun that forgot how to look up.  Conclusion: The Bastion isn't a ""heavy armor"" breakthrough; it’s a mobile coffin with a budget gearbox.   I love tanks, but this one is not what we should be getting.We deserve better.  (bots have better design of tank, to be honest.)",2026-02-07T11:35:42Z
drop,nft,informal,after,I need to ask this question despite me being a holder. What is stopping us from dumping like snap and pins like 80-90% from ath to like 40-50? This scares me and making me want to reduce my positions next week.   I remember when I'm reading and seeing all these similar posts when snap and pins were off 30-40% only to drop more.  I would really like a serious answer without anyone calling me a short because I'm holding a decent bag of rddt and concerned especially with the recent volatility.,2026-02-07T11:35:34Z
drop,nft,informal,after,"So many times I heard Redditors, democrats and MSM saying:""well, if you go out with Nazis, you are Nazi""  But when a democrat is involved , things change. I don't remember a guy that have more photos with Epstein than bill. Old , recent, around the world, a victim talk about a trip to Africa that my god I don't  want to know about.  Epstein got the white house on speed dial way before Trump, he visited bill at the white house multiple times, Maxwell was at bill's daughter wedding...  Maria farmer said that the NYC house of Epstein was sometimes ""prepared"" for a visit from bill Clinton.  Democrats claim to be the better ones, but I can see propaganda on reddit, double standard, MSM close to the Dems saying Epstein was a Russian spy...  And the only thing they can do is start taking about Donald Trump (who I believe is 110% a child molester). Not surprised, but at least drop the act  You only care about Trump and to defend the democrats, not even the amount on pizza,cheese, pasta, hot dog present in the emails of a super healthy guy like Epstein makes you wonder.   ",2026-02-07T11:35:23Z
drop,nft,informal,after,"Round 1:  (Forgot to mention during last post but Souichi already achieved perfection when he was 3 because why not.) Leader immediately perceives the fact that the gamble is being watched by the referees, Kaji and Marco (Leader actually kidnapped him before he bombed the abandoned building). Since Leader already knows Baku is going for leap second (massively foreshadowed from part 1), Leader already knows that Baku will try and die during round 1, so he just pockets the handkerchief so that Baku notices that Leader already read his mind after he fails his check (manipulation, foresight, fear inducement). At the 25th second, Leader whispers in Baku's ear saying that ""I will crush you into a fine pulp"", subtly manipulating Baku into saying ""AHH Hal I'm so scared"". This was all part of Leader's strategy to make Marco, who he knew was listening, to start running to save Baku (EU, EP, strategy). Leader had prepared the stairs to turn into a slope so that Marco could run up it while Baku was in near death (planning), allowing him to time Marco's arrival perfectly. Leader exerts an aura of Invincibility, striking fear into an already scared Baku, making him unable to drop until the last second. But just as Baku is about to drop at 60 seconds, Marco bursts into the room, drawing Baku's attention and leaving him unable to drop in time, a rule violation. Leader says that Baku doesn't need to be punished for failing to drop, but Marco should be taken care of instead. So Yakou is forced to kill Marco right in front of Baku, placing him in considerable mental distress for the rest of the gamble.  Round 2:  Baku: Accumulation 0M0S/Near-death 1M0S Leader: Accumulation 0M0S/ Near-death 0M0S  Leader drops the handkerchief instantly, trying to accumulate Baku's drug since Baku can't afford to fail a check so close together. Leader then tries to use Echolocation, but the speaking clock is too loud, so instead Leader straight up screams at Baku, bursting his eardrums so that he won't be able to hear the speaking clock anymore, nor will he be able to detect Leader's echolocation. He achieves a full 60 seconds in Baku's cylinder and they swap over. Baku, still thoroughly dazed from Marco's death + his eardrums rupturing, accidentally slips and lets go of the handkerchief instantly. Leader screams again to trigger echolocation, rupturing Yakou's eardrums as well (this will be important later on). Leader checks successfully at 2 seconds.  Round 3:  Baku: Accumulation 1M0S/Near-death 1M0S  Leader: Accumulation 0M2S/Near-death 0M0S   Leader once again drops instantly, hoping to achieve another 60 seconds of accumulation. Using his god-like senses, Leader steps in front of Baku as soon as he is about to check. Baku boldly declares that he already knows that this is a trick and plans to turn around anyways. However, at the last second, Leader drops the Prince Bee book that he had brought in advance in front of Baku. Remember, during the first Bookstore Arc, Hal stole the book from Baku before he could read it. Naturally, Baku forgets everything about the match as Leader exploits Baku's love for reading, making him accumulate a full 60 seconds once again. After they swap over, Baku employs a cunning tactic. Taking advantage of his unsteadiness, Baku walks in front of Leader with the handkerchief still in his hand, mirroring his tactic and challenging him, before pretending to fall straight onto Leader and make him turn around and fail his check. Unfortunately, Perfect Leader has full control of his body, so he tenses all the muscles in his chest, causing Baku to bounce off and release the handkerchief by accident, allowing Leader to achieve a perfect 1 second check.  Round 4:  Baku: Accumulation 2M0S/Near-death 1M0S Leader: Accumulation 0M3S/Near-death 0M0S  Leader now prepare his final gambit: he whips out the computer that Oofuna gave him and uses his hacking prowess to hack the speaking clock, fast forwarding it to be closer to 9:00. Since Yakou is deaf and has no idea what's going on anymore, Leader is able to just say what the new time he fast forwarded to is to him, and Yakou has to just accept this. Yakou had already said that the speaking clock is superior to all else, so Kaji can't accuse Leader of cheating either, guaranteeing a perfect victory. The significance of this will be explained later on. For now, Leader drops at 34 seconds, while Baku, who is midway to entering a coma, only barely checks at 60 seconds. Leader can't just let Baku fall unconscious as that would be boring, so intentionally fails his check by checking instantly, providing Baku with an adrenaline rush to continue the match. As a result of failing his check, Leader's memory loss is triggered. Prior to failing his check, Leader intentionally manipulated the muscles in his chest to be as tense as possible, providing more resistance to Yakou's CPR and damaging his hands more (this will also be significant later on). Yakou doesn't even remember what has happened anymore, so Leader acts despaired when he wakes up, pretending not to know what is going on.  Round 5:  Baku: Accumulation 2M26S/Near-death 1M0S Leader: Accumulation 0M0S/Near-death 1M3S  Leader does an instant drop, but Baku had already begun to catch on to this pattern, and checks at 2 seconds. Leader acts shocked and begins to cry, forming a large puddle at his feet. However, this was actually done on purpose to allow Leader to see the reflection of when the handkerchief had dropped. Anticipating this, Baku drops the handkerchief early, leaving Leader wondering if he had really succeeded that easily. At 53 seconds, Baku drops his necktie to make Leader contemplate more, and believing that this is the true handkerchief, Leader checks successfully.  Round 6:  Baku: Accumulation 2M28S/Near-death 1M0S Leader: Accumulation 0M53S/Near-death 1M3S  Leader babbles a bit about how he is going to win perfectly, before dropping the handkerchief instantly again in a very exaggerated motion. This triggers Baku's own god-like senses, allowing him to achieve a perfect check. Everyone now believes that Baku has grasped the flow. Leader, fearing this new god-like Baku, is helpless to check until the 60th second, before realizing the handkerchief was dropped instantly  Round 7:  Baku: Accumulation 2M29S/Near-death 1M0S Leader: Accumulation 1M53S/Near-death 1M3S  Leader claims that he can't be bothered with this anymore, a walks in front of Baku and clearly places it down before him, declaring him as the winner, allowing Baku to achieve another instant check. However, this blatant action makes Baku suspect that Leader is actually pretending to give up, baiting Baku into targeting him accumulation while hiding the fact that he will try and achieve a risky check at the last second, so the best course of action would seem like holding onto the handkerchief until Leader fails his check. However, Baku sees through this deception, and drops the handkerchief instantly anyways. As expected, Leader was going for the safe strategy, only employing a psychological trick to try and limit his accumulation.  Round 8:  Baku: Accumulation 2M30S/Near-death 1M0S Leader: Accumulation 2M53S/Near-death 1M3S  Leader, out of tricks, starts bashing his head against a wall, eliciting sympathy from Baku after he fails to drop in time, so Yakou decides not to punish Leader, but says that this will be the last time a rule violation will go unpunished. Yakou, beginning to recover his hearing, announces that Baku's turn will start at 8:59. Leader declares that this is his last shot to win, and takes a seat. Leader checks at the 60th second, while Baku drops at the 61st, making Leader fail his check. However, there is a dark truth to all of this: Leader had planned everything. Since Yakou nor Baku could actually hear anymore, they didn't notice the clock not ringing twice, because it wasn't actually 8:59. It would be 8:59 right at the start of round 9, during Leader's turn. Leader plays along, claiming that he failed his check and receives the near death penalty. Then it hits Baku: 4 seconds. There were 4 seconds of deviation in Leader's cylinder (4 is actually double 2 so it is twice as good). Leader barely revives, with bloodied clothes, declaring that his comeback begins now.  Round 9:  Baku: Accumulation 2M30S/Near-death 1M0S Leader: Accumulation 0M0S/Near-death 4M56S  Baku, now hopeless, goes for the safe strategy, not wanting to risk another death. Leader drops at the 59th second. Then something miraculous happens: The Speaking Clock sounds at 59 seconds. Unknowingly, Baku checks at the 60th second, violating a rule, and thus a stunned Yakou declared that Baku must receive the near death penalty for breaking the rules. Leader begins to explain the truth. Prior, to STL, Leader had ordered the construction of a massive dam in China, one so large that it actually slowed the Earth's rotation. As such, the governing body of Japan saw fit to introduce a negative leap second, a decision which was finalized during Protoporos, where Baku was too busy running from Lalo to be able to discover the news. And so Baku has died for at total of 4 minutes and 30 seconds, and is left unable to be revived by Yakou given his weakened state.  But this isn't the end of Leader's scheme. He needs Baku to survive after he officially wins STL.  He had prepared an AED kit in advance to resuscitate Baku, which was successful. Leader then gathers all the referees to get Baku back to good health, before taking him to the Arizuka Building. Remember that secret I discussed during the first post? Well, using the money that he had gained from Baku's Karamete, Leader had been slowly constructing a special machine. This machine would allow Leader to swap minds with Baku, taking control of his body. But why? This is the sinister truth. By purposefully weakening himself and triggering his own memory loss throughout the gamble, Baku would receive a highly weakened brain, but a strong body. Just before Baku enters the machine, he realises Leader's ultimate master plan. If Baku would lose his memory just as Leader did, the latter would be able to control Baku, feeding off his desires to attempt Surpassing The Leader. Every year, Baku would set in motion another plan to challenge Leader, send in the Karamete for Leader to benefit from, and then lose his memories before actually participating in STL, repeating the process over and over again, allowing Leader to live a life a luxury, where he doesn't even have to move, nullifying the negatives of Baku's weak body. Baku begins to mumble ""You liar"" to Leader before the doors of the machine slam shut, solidifying FN Souichi as the true SCD slayer. 🔥   The End ",2026-02-07T11:35:20Z
drop,nft,informal,after,"# Your brain isn't broken. But it's probably been hijacked.  I spent months researching this after realizing I couldn't finish a single chapter without checking my phone. Turns out, this isn't just a ""me"" problem. The average attention span has dropped from 12 seconds in 2000 to 8 seconds today. Goldfish officially beat us at 9 seconds. But here's what I found digging through neuroscience research, podcasts with cognitive scientists, and books from people who've actually studied this stuff, our brains are incredibly adaptable. We can rebuild what's been eroded.  The issue isn't willpower. It's that we're fighting billion dollar algorithms designed to fragment our focus. Social media platforms literally employ behavioral psychologists to make their apps more addictive. Your biology is being weaponized against you. But once you understand the mechanics, you can reverse the damage.  Start with dopamine detoxing, but make it actually sustainable. [Dr. Anna Lembke's](https://med.stanford.edu/profiles/anna-lembke) book Dopamine Nation completely changed how I think about this. She's a psychiatrist and addiction expert at Stanford, and the book hit the NYT bestseller list for good reason. She explains how our brains are wired for a delicate pleasure/pain balance, but constant stimulation from phones, social media, and streaming has thrown everything off. We're essentially in a state of chronic dopamine overload. Her solution isn't some extreme monk mode BS. It's about creating ""dopamine fasting"" windows where you deliberately avoid high stimulation activities. I started with just 1 hour in the morning, no phone, no music, no podcasts. Just existing. Sounds unbearable at first, but your brain recalibrates faster than you'd think. Within two weeks I could actually sit with my thoughts without losing my mind.  **Train your brain like a muscle with deliberate focus sessions.** Cal Newport talks about this extensively in Deep Work, which is basically the bible for anyone trying to unfuck their attention span. Newport's a computer science professor at Georgetown who's written multiple bestsellers on productivity. The core concept is treating focused work as a skill you deliberately practice. Start absurdly small. Set a timer for 20 minutes and work on ONE thing. No email. No Slack. No ""just quickly checking"" anything. When your brain screams for distraction (and it will), notice the urge but don't act on it. Write it down if you need to. This is literally rewiring your neural pathways. The Pomodoro technique works here too, 25 minutes of focus, 5 minute break. But the key is genuine single tasking during those 25 minutes. Most people think they're focused when they're really just rapidly task switching.  **Rebuild your reading stamina through incremental exposure.** This one's personal because I used to inhale books as a kid, then suddenly couldn't get past page 10 without my mind wandering. Neuroscientist Maryanne Wolf (she literally wrote the book on reading and the brain called Reader, Come Home) explains that deep reading creates unique neural circuits. But these circuits atrophy when we only engage in skimming and scrolling. Her advice is counterintuitive, start with short form content you actually enjoy, but read it on paper. Physical books or printed articles. The lack of hyperlinks and notifications makes a massive difference. I started with 10 pages a day of anything, fiction, nonfiction, whatever held my interest. No pressure to retain or analyze. Just the act of sustained reading. After a month I was back to finishing books.  If sitting down with physical books feels like too much friction right now, there's [BeFreed](https://apps.apple.com/us/app/befreed-learn-anything/id6739747450), a personalized learning app that turns books, research papers, and expert insights into custom audio podcasts. Built by former Google engineers and Columbia grads, it pulls from sources like the ones mentioned here (Dopamine Nation, Deep Work, neuroscience research) and tailors them to your exact goals, like ""rebuild my attention span as someone who can't focus for 5 minutes."" You control the depth, from quick 10-minute summaries to 40-minute deep dives when something clicks. The voice options are genuinely addictive, there's even a smoky, sarcastic style that makes learning feel less like work. It creates a structured learning plan that evolves with you, and you can ask questions mid-episode or customize what you want to focus on next. Perfect for commutes or gym time when you want to grow but doom-scrolling feels easier.  The app Readwise can help here too, it resurfaces highlights from stuff you've read, which reinforces the neural pathways and makes reading feel more rewarding.  **Protect your sleep like your attention depends on it, because it does.** [Dr. Matthew Walker's](https://psychology.berkeley.edu/people/matthew-p-walker) Why We Sleep is legitimately one of the most important books I've read. He's a neuroscience professor at UC Berkeley and his research on sleep's impact on cognitive function is pretty alarming. Even one night of poor sleep significantly impairs your prefrontal cortex, which is exactly the part of your brain responsible for focus and impulse control. Basically, when you're sleep deprived, you have zero chance of maintaining attention. His recommendation is non negotiable 7-9 hours, consistent sleep schedule, cool dark room, no screens an hour before bed. I use the Insight Timer app for guided sleep meditations when my brain won't shut up. It's free and has thousands of options, way better than paying for Calm or Headspace.  **Reclaim your morning before the chaos starts.** This isn't some rise and grind hustle culture thing, it's about giving your brain a fighting chance. The first hour after waking up is when your prefrontal cortex is most capable of focused work. But most of us immediately drown it in emails, news, and social media. That's like running a marathon before breakfast and wondering why you're exhausted. Try this for one week, phone stays in another room overnight, airplane mode until you've done at least one meaningful task in the morning. For me that's writing or reading. Sometimes it's just sitting with coffee and planning my day. But it's MY time before the world makes demands. The difference in mental clarity is insane.  **Create friction for distractions, make focus the path of least resistance.** Delete social media apps from your phone. You can still access them via browser, but that extra step matters. Use website blockers like Freedom or Cold Turkey during work sessions. Put your phone in another room. Sounds dramatic but physical distance actually works. The goal isn't perfection, it's making distraction slightly harder than staying focused. Your brain will naturally follow the easiest path.  The uncomfortable truth is that rebuilding your attention span requires consistently choosing short term discomfort for long term gain. But neuroplasticity is real. Your brain will adapt. You just have to give it the conditions to do so.",2026-02-07T11:35:08Z
drop,nft,informal,after,The people complaining the most are always the ones making the least sense,2026-02-07T11:34:49Z
drop,nft,informal,after,"Let's talk about anything.  Can't sleep again until the weekend shift later.  Let's skip the boring intros hahaha  Me: 29F CamSur BPO, gy shift Kanal humor Talkative promax depending on who I'm talking to My hobbies are baking, cooking, reading, talking, walking, sleeping. Charrr My jokes are often corny too.  You: Know how to read Know how to carry a conversation Know how... Know how... Know how... Well, just know how to talk 🤣  Let's be friendsssss! Drop your awesome intro in the DM. Haha!",2026-02-07T11:34:26Z
drop,nft,informal,after,"With the key changes, what is the fastest way to get Bryophyta's essence? Is it still farming moss giants for keys, or should I just kill Bryophyta for her key drop?",2026-02-07T11:34:18Z
drop,nft,informal,after,Not really sure what I’m looking for but someone to chat to is a great start. I’d also love someone I can go to gigs with as well or maybe out cycling as I’ve started getting back into that over the last year again.  Not going to put any interests or anything else though as that’s have the fun of talking and seeing where it takes us.  Ideally looking for someone close to north east but not too bothered about distance. Anyone outside of the UK is a dealbreaker though  Why don’t you drop me a message and let’s see what we can start,2026-02-07T11:34:15Z
drop,nft,informal,after,"If you’re in college and know React (or are actively learning it) and want to work on a real production codebase, this might be interesting.  I’m building a bootstrapped product, and I’m looking for 1 motivated dev who wants hands-on experience beyond tutorials and toy projects.  This is a paid internship.  What you’ll get:  * Work on actual production code (not demo apps) * Learn how real products are built end-to-end * Code reviews, real features, real users * A solid project for your resume / portfolio * Exposure beyond frontend:    * Backend (Node.js)    * Mobile app (Flutter) if you’re interested    * UI/UX collaboration using **Figma** (implementing real designs)  Important (being honest):  * Pay is very low/negligible (₹2.5k/month) right now since it’s bootstrapped * This is more like an experience-focused internship * Best suited for someone who values learning + exposure  If you’re curious, motivated, and want to build something real instead of just cloning apps — drop a comment or DM me with:  * Your tech stack * GitHub / portfolio (if any) * Any experience with **Figma/UI design** (even basic) * What you want to learn  Not for everyone, but could be great for the right person.",2026-02-07T11:34:05Z
drop,nft,informal,after,"I'm based in the UK (London).       I dropped off my package at an unmanned Yeep locker (a UPS access point). I closed the door, but at that point the Yeep app malfunctioned and so doesn't seem to have registered the parcel correctly, and I didn't receive a confirmation of drop off. Once the Yeep door was closed I couldn't and can't open it again.  So now, my UPS package is sitting in the closed Yeep locker, and has been sitting there for 3 business days (so far) without being collected.  Contacting UPS, they don't seem to understand the problem, and have opened a lost package investigation. And they also don't seem to understand that I didn't hand it over to a human. It's an unmanned access point locker. I know where it is, it's in the Yeep locker, but I can't seem to make progress with anyone at Yeep, UPS, or Bose (the company providing the UPS shipping label).  Contacted Yeep via an online form, but nothing back over the past 2 business days. UPS have started a 'lost parcel' investigation - but I've tried to explain twice now where the parcel is located, but that doesn't seem to register.  Not sure what to do - raging that I didn't drop it off at a human shop, vs. the Yeep locker.",2026-02-07T11:34:02Z
drop,nft,informal,after,I had stopped playing the game a couple years back because of school exams just returned tonight because I had nothing else to do or play plus I saw that on YouTube they were talking about the game having an anniversary so i decided to drop back in but I really don't know anything about the game I also did some research on this some yt vid say that I should just be doing it the main storyline and not to pull on anything but I just really don't know if that's really the current play style because the video was from a couple years ago so I'm simply asking if there is a anything that I should be doing besides what the video said or if the video is actually outdated what should i be doing atm because I'm really lost,2026-02-07T11:33:14Z
drop,nft,informal,after,Not really sure what I’m looking for but someone to chat to is a great start. I’d also love someone I can go to gigs with as well or maybe out cycling as I’ve started getting back into that over the last year again.  Not going to put any interests or anything else though as that’s have the fun of talking and seeing where it takes us.  Ideally looking for someone close but not too bothered about distance. Anyone outside of the UK is a dealbreaker though  Why don’t you drop me a message and let’s see what we can start,2026-02-07T11:33:13Z
drop,nft,informal,after,Pls drop golf coaches here in bcd! Im a beginner btw,2026-02-07T11:32:59Z
drop,nft,informal,after,"So this female intern joined my team last July through college drive. She's probably 19 or 20. I've heard that she went on a date with our manager who is married. A collegue of mine saw them both in a cafe she went to. They were both laughing and talking in a flirty way. She left the cafe so it wouldn't be awkward for her but she told me. Don't know how long this has been going on for, or how far it's gone. Only we both in the team know about this. ",2026-02-07T11:32:56Z
drop,nft,informal,after,"When the call ended, I burst into tears & my hands were shaking. I could barely get the words out when I called my husband. The buildup to this has been a long journey with my bariatric team to complete a massive laundry list of pre-requisites for insurance & I’m down 53lbs from my highest weight as of right now. 3 weeks to go ….  Like most of you, I’ve tried it all. Weight Watchers, Jenny Craig, insane workout routines & living at the gym, strict keto, dirty keto, meal replacements, meal deliveries, B12 drops, fasting, starving, GLPs, low carb & calorie counting. I’ve gained and lost the same 100lbs all my adult life, with PCOS making everything so much harder for me throughout the years. But unlike the past & feeling like I could always reign it back in when it got out of hand, I hit an all time low with my health & it all got away from me.  These past two years have been the hardest I’ve had to face, starting with an abrupt, scary life changing surgery, followed by an accident that left my foot broken in multiple places, leading to multiple bulging discs in my back, fully taking my independence & mobility away from me & ADDING an extra new 100lb gain to my already high weight. Can’t dress, clean the house, bathe, work, house-bound unable to do anything on my own. Withdrawing from friends & family because everything was too hard to do & not worth the pain and struggle to do the simplest things. I was officially ready to give up, in total misery & depression, conceding to a life of immobility. I hit my lowest low & didn’t care anymore. This was my life now. I remember staring in the mirror at a person I didn’t recognize anymore & thinking “this is not living, this is just existing”  When my doctor said that surgery for my back was too risky at my weight, I was defeated. He referred me to a bariatric doctor and urged me to give them a chance to speak to me, and tenderly explained that with some weight off, my back would only feel better & perhaps the pain would subside enough to avoid surgery all together. I began physical therapy (which did nothing to help) and at his advice, avoided going down the road of pain killers. Even though I felt so frustrated & tossed aside, my weight was “the root of all my issues” as per usual - I made the call. I had nothing to lose but myself at this point.  Here we are not 5 months from that first call when I thought my life was over, committing 100% to turning it all around, showing myself I DO STILL have fight left in me, finding a pool to walk in for exercise because anything else hurts too much, tracking ALL my food since the day I left the surgeons office, 53lbs down in 4 months & ready to conquer the hundreds of pounds I have left to lose.  I don’t have a goal weight. My goal is to be pain free, stop being a slave to medicine, gain my independence back, get back to work & enjoy my life as much as I can. The thought of having a tool like this to FINALLY help me along is so overwhelming & I hope someday to show you my “before & after” photos and inspire someone else like you have all done for me.  I’m prepared, I’m so ready, I’m so $&@ing excited for the next step!!!!! Thank you all 🥲",2026-02-07T11:32:52Z
drop,nft,informal,after," I’ve been analyzing the recent sentiment around Hycroft Mining (HYMC). With the valuation sitting around $3B and Silver correcting significantly from the $120+ highs down to the $70-$80 range, the debate has shifted from ""wen moon"" to ""is the bottom in?"" Here is an objective look at both sides. The Bear Case: Catching a Falling Knife? The primary fear here isn't the current price, but the momentum. Silver has crashed from over $120 to the $70s. When a parabolic move breaks, it often over-corrects. First, look at the implied risk. A $3B market cap is pricing in that Silver stays high. If this was a blow-off top and Silver heads back toward historical norms of $30-$40, HYMC at $3B is massively overvalued. You are buying a developer at peak-cycle pricing. Second, the sentiment trap. A lot of retail money likely bought at the top ($100+ silver). As the price consolidates in the $70s, you have a lot of ""bag holders"" looking to exit on any bounce, which creates massive overhead resistance for the stock price. The Bull Case: The ""New Normal"" makes $3B Cheap So why might this actually be a steal? Because even after the crash, we are at $70-$80 Silver. First, look at the Project Economics at $75 Silver. The original Feasibility Study was done at much lower metal prices (around $20-$25 Silver). At $70-$80/oz, the Net Present Value (NPV) of Hycroft's massive resource is likely far higher than the current $3B market cap. If you believe $70 is the new floor, HYMC is trading at a discount to its intrinsic value, not a premium. Second, the Leverage play. The drop from $120 to $70 hurts, but the margins at $70 are still astronomical compared to the cost of production. This isn't a company struggling to break even anymore; at these prices, the Vortex high-grade zones become insanely profitable. The Verdict? Fundamentally, if Silver holds $70, HYMC is likely Undervalued. The cash flow potential at these levels justifies a valuation much higher than $3B once production starts. Speculatively, it is a high-risk entry. You are betting that the Silver correction is over. If Silver falls another $20, the stock gets crushed. If $70 holds, this is a prime accumulation zone. TL;DR: Ignore the drop from $120. Ask yourself if Silver stays above $70. If yes, $3B is a bargain for this amount of leverage. If no, look out below.",2026-02-07T11:32:51Z
drop,nft,informal,after,My Inito numbers looked good yesterday and I got a vfp and I was so excited. My Inito numbers dropped today and I’m panicking. I think I still see a vfp today but do worried about my numbers dropping ,2026-02-07T11:32:32Z
drop,nft,informal,after,Love chainsaw man,2026-02-07T11:32:28Z
drop,nft,informal,after,"Only took me 16 years to pick up and read this. Alan Wake novelization by Rick Burroughs (who may or may not be a pseudonym) was released in May of 2010, around the same time the game was released on Xbox.  The novel is around 300 pages long, and follows the story piece by piece in order of the events. All major characters are in it, all major plot points, and several pieces of dialogue are word for word.  There are some changes made, mostly for space saving reasons to my belief which I will list. The book also sometimes describes certain things relatively briefly, and it makes it a lot easier to read and follow along if you played the game - preferably several times - before reading the book.  It was very easy for me to visualize what Alan, Barry, Breaker and the others were doing as I was reading the book since I had seen this play out so many times, both in the original game and the 2021 remaster.  The book itself was very easy to read, and I finished the last 100 pages in a morning's sitting. It is well written for what it is, and much better to plow through than I had expected from a novel adapted from a video game.  I get the feeling that the author ran out of time, and there's a lot more nuance in the earlier half of the book than the latter.  It's not exactly Wake's manuscript, even if some of his pages - as well as pages from the Alan Wake Files - are included in between chapters. These pages are almost random and felt kind of off at times. They almost felt like padding out the book, or blatant fan service and was mostly no that necessary, especially since most of the pages that were necessary were directly quoted in text of the chapters.  They even included some of Pat Maine's radio segments which was nice!  Reading the book made me feel like watching a let's play (in my head) and there were no real problems I had with the novelization. It's not a master piece in the way that it presents deeper analysis of events, it stays very true to the story and plays it somewhat safe in that regard.  I've tried to read other game novels and they've been terrible, and that is most definitely a testament to that this novel does an exemplary job in conveying the story of the first Alan Wake game.  DIFFERENCES \*SPOILERS\*  >!\- In the beginning of the story Alan and Alice find a car in the woods seemingly dropped from the sky - very similar to the boat in the trailer park in the game.!<  >!\- Wake leaves his gun at Stucky's gas station and goes with Barry to retrieve it before going to the Elderwood National Park!<  >!\- Barry, not Sarah, takes Alan to Cauldron lake to see that the cabin is gone.!<  >!\- Alan has a lot of thoughts concerning what is going on, and how this new situation makes him feel. This is mostly present in the beginning. He thinks a lot more about the people he ""kill"" like Stucky, and very much so Rusty - even crying at the fact that he met the guy and knew of his affection to Rose. Alan is a lot more sensitive, at least in the beginning, than the in game Alan.!<  >!\- There's waaaay less fighting Taken in the book. The ""bosses"" if that's a word for it are encountered for, but most of the ""normal"" taken are very few and far in between that he actually fights.!<  >!\- A funny thing is that Alan tries to get Barry out of Rose trailer by putting him on a wheelbarrow (no joke) and he is about to get him to their car when Nightingale shows up and he has to go.!<  >!\- He had a plan to contact Sheriff Breaker after Rose's trailer to team up and surprise the kidnapper. Nightingale's apperance prevents this.!<  >!\- Alan has an image of Weaver appearing before him in the cell in Bright Falls.!<  >!\- Nightingale briefly mentions Finn (referenced a lot more in Alan Wake Files).!<  >!\- Barry, Wake and Wheeler all go to Weaver together at the dam and Breaker tells Weaver that Alan is a friend. This obviously mean that they all simply go through the water pipe together to the dam, and the in game segment is totally skipped.!<  >!\- Alan doesn't threaten Breaker with a gun (I liked this change a lot, she just ""understood"" which I think was a valid change)!<  >!\- Breaker meets and help Alice when she comes out of the lake, even gives her a blanket and coffee.!<  >!\- A neat thing is that Alan himself reflects on ""whether Thomas Zane was a handy creation of Alan Wake... or whether Wake was a creation of Thomas Zane""!<  >!\- Tons of parts are skipped, especially in Episode 6 where Alan simply gets in a car from the power station and drives to Cauldron Lake and jumps in after shooting a single flare into a tornado just kind of sitting there on the lake. Everything else - even the Majestic motel - has been cut. Tons of action heavy segments are simply gone.!<  >!Another obvious scene cut was Wake meeting Pat Maine at the radio station.!<  >!Night Springs TV show is mentioned, but we never actually get to see a proper description of an episode.!<  IS IT RECOMMENDED?  So do I recommend the book? Well of course! For all of us wishing there was a ""Departure the novel"", well this is it! It's still in print so it is easy to get a hold of and for us super fans (or Roses) it is a must have collector's item, and a must read.  I had a lot of fun reading this, just seeing every scene in my head, hearing Barry's and Alan's and the other's voices in my head. It's more condensed, but makes the story somewhat simpler to follow and reflect on.  It's not exactly a replacement of the video game since the video game is longer, and has more scenes to it, as well as descriptions like visuals. Like said, I do recommend playing the game first, and read the book after - usually I'd say it's the other way around, but I think a casual reader might be confused by the book if one hasn't played the game.  I will actually play Alan Wake 2 after this since I feel it was almost a complete playthrough in book form. I feel that the characters were true to themselves and I had a lot of fun reading it.",2026-02-07T11:32:20Z
drop,nft,informal,after,"Bitcoin could drop further after wiping out all of its price gains since the election of U.S. President Donald Trump as liquidity is expected to remain thin for the near future.  ""This contraction has been underway for several months and remains ongoing, suggesting it is likely to persist for some time,"" said Thomas Probst, a research analyst at crypto data provider Kaiko.  Bitcoin fell below $61,000 on Thursday, its lowest level since a month before Trump's election.  But some analysts have theorized that the worst may already be over.  “There are several things signifying that we are very close to a bottom, if not having achieved it,"" said James Butterfill, head of research at crypto asset manager CoinShares, who added some investors might choose to buy the dip. Selling by so-called ""whales"" -- individuals or entities holding 10,000 or more bitcoin -- has started to slow, he said.",2026-02-07T11:31:52Z
drop,nft,informal,after,"hi guys  i was not sure whether I should make a post or not since you have to believe me to maybe ""help"" me. but here is the case:  i am a very friendly player who just loves to play turbo matches. i never flame people, ping them or do whatever toxic player do. the problem is that i constantly drop and gain behavior score since i abandoned two games in a row due to big internet issues over 18 month ago (i never leave a game by choice tho).   in the picture u see my last game (played lich) and the statistics and i just do not understand how its possible. is there anything i can do (except playing tons of normal/rank games)?  i appreciate every reply and wish u guys a happy day. godspeed",2026-02-07T11:31:35Z
drop,nft,informal,after,"I was thinking about what dynamics i would like in a personal ben10 AU, stuff like ben living in a big city and not traveling with the van, or him having a romantic relationship central to the story etc…  Drop your ideas!",2026-02-07T11:31:19Z
drop,nft,informal,after,"Just like the title said, can people stop dropping/deployed unnecessary signs around the world? Since endfield doesn't have the option to disable community share deployments in the field. I've been seeing signs that are unnecessarily helpful and also ruining the immersion within cutscenes.   I don't need 5 signs telling to jump off a cliff or a sign just saying ""road"". Again with no option to disable community share, these signs are freaking annoying to see now.  Sure I can delete them manually but when im in a cutscenes, I can't pause the cutscenes and remove the sign. I'm not sure if people are getting annoyed by these signs but I am.  It was funny at first, but when the story is at a good moment for me and I see a sign saying ""upfront good resources"" or other crap. It really ruins the moment.  I know this post won't stop random people deploying signs but please stop dropping them near story section or just unnecessary stuff. ",2026-02-07T11:31:08Z
drop,nft,informal,after,"Most perp DEXs tie your deposit, trading, and withdrawal to one on-chain identity. Want privacy? You mix first, then hop to a DEX — extra steps, extra chains, and linkability you have to work around.  We're building an L1 (Novaperp Chain) where anonymous balance isn't an add-on — it's the default. Deposit, trade, and withdraw are not linkable to one identity; no mixer step. The first app on the chain is a perp DEX (Novaperp). Sovereign stack, no KYC, wallet-only. One deposit target, one balance, one withdrawal. Privacy isn’t bolted on; it’s the base layer.  Novaperp Chain runs its own consensus (NovaBFT), native matching (NovaCore), and EVM layer (NovaEVM) in the same block — one chain, one block, one source of truth. At launch we’re targeting 30 USD-quoted perp markets, CLOB + reserve, same-block oracle, and transparent execution. Your keys, your trades; the full flow stays untraceable.  This is a technical/design post, not a token or listing pitch. No ICO/token discussion.  We'd value feedback from folks who care about privacy primitives and L1 design  We’re the team building this, launching when we’re ready and audited. Happy to answer questions — I’ll drop the one-pager/blog doc in the first comment.",2026-02-07T11:30:22Z
drop,nft,informal,after,"What started as a small sketch in our atelier has turned into a special, limited release.  These Rilakkuma bag/luggage tags are fully handcrafted using Conceria Walpier Buttero in rich Whiskey and Cognac — premium Italian vegetable-tanned leather known for its firmness, smooth finish, and beautiful patina over time. Each piece is cut, stitched, and finished by hand, making every tag slightly unique.  This is a one-of-a-kind limited run made exclusively for this drop. Once it’s gone, it won’t be reproduced.  Details:  Premium Italian Buttero leather  Colors: Whiskey & Cognac  Hand cut, hand stitched, hand finished  Rilakkuma design  Price starts at ₱1,800  (final price varies depending on design details and customization)  Feel free to message me for photos, customization requests, or to secure a slot.  Location: Laguna",2026-02-07T11:30:18Z
drop,nft,informal,after,"6.4 phase 2 is rumored to rerun skirk and escoffier together. Is it worth getting azurelight to replace sapwood blade?  I’m not having er issues btw. Azurelight can also be used as a decent stat stick in case I get a atk-scaling sword dps in the future and don’t feel like pulling their actual signature. Also, if I get esco’s weapon instead, it’s a really good stat stick for Ineffa.  I also just like how both weapons look..",2026-02-07T11:29:48Z
drop,nft,informal,after,"I’m a solo dev working on a small cat lane RTS called **Claws of Power**, and I’ve been playing around with a new frontline unit: a grab-and-smash mech cat.  The idea is a high-cost mech that locks onto a target, fires out a claw to yank them into range, then just stands there trading hits. In tests I let it 1v1 my current top DPS (a Gatling cat) to see who melts first.  When the mech breaks, the pilot gets thrown out at low HP and keeps fighting with a pistol. Each shot builds a gauge, and if he survives long enough he can call the mech back in, so it loops between **mech → pilot → mech again**. In real stages it feels strong but very expensive – if you drop it at the wrong time, you’re broke with no follow-up.  I’m still tuning numbers, but I’d love to hear what people think about this kind of “revive-through-pilot” mech design. I’ll put a short clip and the demo link in the comments.",2026-02-07T11:29:42Z
drop,nft,informal,after,How am I going so far for my KC. Sob won’t drop the top piece!,2026-02-07T11:29:34Z
drop,nft,informal,after,"Tl;dr : Hen is sick and needs to eat to pull through. She'll only eat raw or cooked egg, probably because it's easy to eat. Is this nutritious enough? Is there anything else I can give that's a similar texture?  \---  Our top girl, Aisha, is sick. We found her last night sitting in the corner of the coop, barely moving and really warm. We took her to the vet and it turns out her uterus (or the chicken equivalent of one) is inflammated. She had to get hormonally castrated about 4 months ago because she's old and her reproductive system was overworked bc of her breed. Now it seems the hormones have stopped working so her reproductive system is acting up again. The vet gave her the next round of hormones and a bunch of medication, and said that if she improves in the next 48 hours and eats and drinks, that she'll probably pull through.  this video was from last night after we got back home, she was still super weak but at least she drank some water. During the night she drank a \*lot\* of water, so we're only giving her little bits at a time now.  She's a lot more lively today, she's been walking around, looking around, interacting with the other chickens, even preening a little bit.  She did lay an egg without shell this morning, and started eating that, but her crop is still very full of fluid.  The vet said it's bc she's having trouble digesting what's in there.  For now we've been able to get her to eat half a raw egg and half of a cooked one. Everything else she seems interested in, pecks at, but then drops. I've seen her eat like 2 tiiiny bits of a tomato and some lettuce, so I think maybe she only wants to eat soft things that she doesn't have to bite on or work for?  We're so relieved that she eats the egg at least, but I'm worried that it might not be nutritious enough to get her through this.  Is there any other food that's equally soft and squishy that would be a good addition to give her?",2026-02-07T11:28:56Z
drop,nft,informal,after,Each session spans 90 mins at the floor gymnastics studio I signed up at for handstand practice. I am in my late 30s (M). The session starts with 20 min warmup and then I'm tasked with kick-up handstand near a wall. Set target is 25 kick-ups per session. I have been asked to kick up only with the right leg and drop down with the left leg first. I've begun to face a dull soreness / pain in my left shoulder.   1. Is it because I'm not used to the reps? And I'll eventually get used to it?    2. Is it because I kick up only with the right leg first and don't balance with the left leg first kick-up sets? We do the balancing thing in yoga.     3. I was suggested regular and pike push-ups to improve my shoulder strength. Is this on par?,2026-02-07T11:28:40Z
drop,nft,informal,after,"  A bit of context I’m 23 year old (good looking tall guy🤐 ) currently doing work from home .   Never really dated anyone & now I’m back in my hometown I was thinking of trying out dating but what’s the deal here , Where should I start ? Are dating apps good in our city ? And I don’t wanna run into nibbi types 😅 , looking for a mature well mannered educated girl   Cause I’m not in college or any office rn it’s hard for me to naturally get exposed to opportunities so I’m looking for advices from you all .   And I’m aware there are only us men in this sub & I don’t expect any girls would even see this 😆 so feel free to drop advices . ",2026-02-07T11:28:40Z
drop,nft,informal,after,"I know this is going to sound a little tinfoil-hat-ish, but the more I think about it, the more convinced I am that George R.R. Martin is going to skip The Winds of Winter entirely and jump straight to A Dream of Spring.  Hear me out before you downvote me into oblivion.  Martin has been very open about how massive and complicated the story became after A Dance with Dragons. By most accounts, he’s been wrestling with dozens of POV characters, timelines that don’t quite line up, and major battles that were supposed to happen already. At some point, you have to wonder if the structure of book six just collapsed under its own weight.  What if the solution isn’t finishing the book as planned — but reorganizing the narrative completely?  Authors sometimes realize that the story works better when told from a different angle. Instead of forcing Winds to function as a traditional continuation, Martin could write the endgame first and then weave the missing events into flashbacks, memories, or charcter reflections. It would actually fit the series pretty well, since ASOIAF already plays with unreliable narrators and fragmented perspectives.  Also, Martin is not getting younger. If he feels the pressure of time (and let’s be honest, he probobly does), focusing on the final arc might be the most eficient way to ensure the saga actually gets an ending. Writing toward a conclusion can be far more motivating than endlessly untangling the middle.  And honestly, after seeing that one fan basically corner him and ask about his death like they were discussing a delayed Amazon package… maybe I wouldn’t be in a rush to share my writing plans either. Seriously, who thinks that’s an apropriate way to talk to an autor? If anything, moments like that make me think he might prefer to work quietly and just drop the finished book on us without years of updates.  Now for my wildest prediction: July 7th, 2027.  Why that date? Triple sevens have a strangely mythic quality, and publishers LOVE symbolic release dates. It lands in peak summer when hype cycles are strongest, and it gives enough runway for a massive global marketing push. Imagine the annoncement: after years of silence, suddenly the final book is real and has a locked date. Internet explodes.  Another reason I think this could happen is that Martin has repeatedly said he writes a lot more than people see. It’s not imposible that huge chunks of material already exist but don’t fit the book everyone expects. Reframing them inside the final novel might actually solve multiple problems at once.  Yes, this would be controversial. Yes, some fans would be furious about “missing” the sixth book. But if the tradeoff is getting a finished story instead of eternal waiting, I think many readers would accept it.  Anyway, this is probobly wrong — but at this point, predicting anything about this series feels slightly delusional. Curious if anyone else thinks a structural swerve like this is possible, or if I’ve just been waiting so long that my brain is inventing cope theories ",2026-02-07T11:28:29Z
drop,nft,informal,after,"Hello all, I’m in a weird situation where I have the antibody for Addisons disease, my cortisol is slightly lower than normal range but still not far from normal and my ACTH levels are also low. I have been doing the short synacthen test once a year for the last 2 years and have “passed” each time so I’m not diagnosed with anything yet. How common is it to have the Addisons antibody without developing it? Isn’t it also a worry my ACTH levels are low? Doesn’t that indicate secondary adrenal insufficiency? I’m in limbo here where my levels are not so bad but they’re dropping every year, what do you think?  Edit: I’m under the impression that both of these things being low would indicate a failure of the adrenal glands overall but I’m not fully across all the facts",2026-02-07T11:28:25Z
drop,nft,informal,after,"6.4 phase 2 is rumored to rerun skirk and escoffier together. Is it worth getting esco’s weapon to replace nod krai craftable r5? How much of a dmg increase is it in a Flins premium team?   If I get skirk’s weapon instead, I can give it to benny or any future atk-scaling dps whose signature I don’t feel like getting.  Might be a bad idea but I have a gambling addiction. I also just like how both weapons look.",2026-02-07T11:28:04Z
drop,nft,informal,after,"# 👋 Welcome to ScoreSageAI — AI-Powered Football Analytics  Hey everyone, I'm Ash — the founder (and sole developer) of **ScoreSageAI**.  I built ScoreSage because I was tired of following random tipsters on Twitter with zero transparency. I wanted something **data-driven**, where you could actually see *why* a pick was recommended — not just ""trust me bro.""  ---  ## 🤔 What is ScoreSageAI?  ScoreSage is a **football data analytics platform** that uses multiple AI models and real statistical data to help you make smarter betting decisions. It's not a tipster service — it's a toolkit.  Everything runs on live data from 900+ leagues worldwide. No gut feelings, no vibes — just stats.  ---  ## 🔥 Key Features  ### 🤖 AI Council — 6 Models, One Verdict This is our flagship. **Six different AI models** (Claude, GPT, Gemini, Mistral, Kimi, GLM) independently analyze each match. They debate form, stats, H2H, injuries, and league position — then a Council Chair synthesizes a consensus verdict. When all 6 agree, you know it's worth paying attention to.  ### 💬 AI Agent Chat with our AI in plain English. Ask things like: - *""Find me BTTS picks for tonight""* - *""Build me a 5-fold acca from the Premier League""* - *""Why should I back Arsenal this weekend?""*  It pulls real-time data and responds with actionable insights. Free users get 3 prompts to try it out.  ### 📊 Smart Filters (25+) Pre-built filters like **BTTS at HT**, **Late Goals**, **Momentum Shifts**, **Clean Sheet Killers** — all with publicly visible success rates so you can verify before you back them. You can also **build your own custom filters** manually or with AI assistance.  ### 🎯 Accumulator Generator Select your bet type (Match Winner, BTTS, Over 1.5/2.5/3.5), pick your leagues, set how many legs you want — and the system builds an optimized acca using comprehensive statistical analysis. Every pick comes with confidence scores and reasoning.  ### 📈 Live Predictions & Signals Real-time signals as matches unfold. Get notified when our system spots in-play opportunities.  ### 💰 Bankroll Manager Built-in Kelly Criterion calculator to help you size your stakes properly. Track deposits, withdrawals, and betting performance over time.  ### 🔔 Telegram Alerts Connect your Telegram and get instant notifications when high-confidence signals trigger.  ---  ## 💸 Pricing  - **Free tier** — Match predictions, basic filters, 3 AI Agent prompts, all calculator tools - **Pro** — £4.99/week or £17.99/month — unlocks everything above  All filter results and success rates are **publicly visible** even on the free tier. We believe in transparency.  ---  ## 🧑‍💻 The Honest Story  I launched ScoreSage in early January 2026. I'm a developer, not a marketer...  But we've grown to **230+ registered users** and a small but growing group of paying subscribers. I'm building this thing in public, learning as I go, and shipping features fast.  **What's coming next:** - 🔊 **ElevenLabs voice alerts** — hear goal alerts read aloud without looking at your phone - ⚡ **One-click bet builders** for Premier League & La Liga - 📱 **Google Play Store** listing (navigating Google's gambling policy) - 🏀 **NBA analytics** section  You can see the full roadmap at [scoresageai.com/roadmap](https://scoresageai.com/roadmap)  ---  ## 🙋 Why Join This Community?  - **Daily picks discussion** — share what you're backing and why - **Feature requests** — tell me what you want built and I'll prioritize it - **Transparency** — I'll share win rates, filter performance, and honest updates - **Direct access to the dev** — I'm here, I read everything, and I ship fast  ---  ## 🔗 Links  - 🌐 **Website:** [scoresageai.com](https://scoresageai.com) - 🗺️ **Roadmap:** [scoresageai.com/roadmap](https://scoresageai.com/roadmap)  ---  If you've got questions, feedback, or feature ideas — drop them below. I genuinely read and respond to everything.  Let's build something useful together. 🤝  — Ash ",2026-02-07T11:27:51Z
drop,nft,informal,after,"A few months ago, my ex broke up with me because he was tired of dealing with my need for support due to my depression (which was mainly just texting when I felt bad and wanting to rant). He eventually got really mad and essentially said I was just choosing to be mentally ill and was making choices not to get better. I definitely did not have the help I needed, but because of my very unsupportive family and the insane turmoil I was going through, getting this for myself and doing all the forms and everything was super hard. After the breakup, I was incredibly devastated and became extremely suicidal and even more depressed. After an attempt, I came to and kind of went through like an ego dealth and recovery where I became quite mad for how my ex had treated me with my mental health and also throughout out relationship - he didn't really talk much when we called and made me carry most of the conversations and definetely did not consider my love language, even though I considered his. After coming to this realization, I sent him an angry text saying that he was incredibly emotionally immature, needed to seek therapy, and I never wanted to see him again. Realistically, I probably shouldn't have done this, but I was so fed up and felt super isolated because I had just moved to college and didn't really know anyone yet. I texted a friend from back home about the situation, and he said that ranting can help get over breakups, so I asked him if I could rant to him, and he said yes. I told him what had happened, with perhaps more colorful language and saying things like ""I can't believe I ever liked him"" and ""he is so insecure"" and so on. My friend (who is also friends with my ex, we were all in a friend group together) just replied with something really dry, and our conversations were never really the same after that. I found out later that over breaks when everyone came home from college that they had been partying together and doing things like gift exchanges and the only person that they didn't invite from the group was me. My ex had a lot of people like rally around him and block me, but my best friends didn't do the same and went to the parties and everything without telling me that I was being excluded. I then learned that all this was happening when my ex bestie talked to the other guy I had ranted to about the gift exchange and party when we were all hanging out. Because so much weird energy had been in the air, I didn't really ask about this because I kind of knew there was weird shit happening, so I just stormed off. I then called them and accused them of having no empathy and being fake friends and asked for an explanation. I didn't get an explanation at all, but a few days later my bestie and that other guy both dropped off letters at my house, which was really weird, in which they wrote that I needed to consider how my actions affected other people and how incredibly hurt they were from my phone call and my unfollowing of them on social media. They said that my reaction to the breakup was erratic (my only reaction was the angry text I sent to my ex) and they didn't feel safe with me being invited to parties and that was the reason I was being excluded. I know this is all really silly but these people were like my lifeline with a not ideal family situation and I keep on trying to see if they will see my point of view, but they never do and so I am just confused and so wanted to ask if maybe they are in the right? Because it is such a large group of people who believe that I am in the wrong and now will not talk to me at all. ",2026-02-07T11:27:37Z
drop,nft,informal,after,"I've spent the last 6 months diving deep into focus research (books, neuroscience podcasts, studies) because I was tired of feeling like my brain was a browser with 47 tabs open. The weird part? Most productivity advice completely misses what actually destroys our ability to concentrate.  We're constantly told to just ""try harder"" or ""be more disciplined,"" but that's like telling someone to fix their car engine by pushing the gas pedal harder. The real problem runs deeper, rooted in how our brains actually work. The good news is once you understand the science, you can stop fighting against your biology and start working with it.  **The myth of multitasking is killing your focus.**  Your brain literally cannot do two cognitive tasks simultaneously. What we call multitasking is just rapid task switching, and every switch costs you. Research from Stanford shows that heavy multitaskers perform worse on every measure, they're more easily distracted, worse at filtering irrelevant information, and slower at switching tasks. The kicker? Each task switch can cost you up to 40% of your productive time because your brain needs to reload context.  I found this explained really well in ""Deep Work"" by [Cal Newport](https://calnewport.com), a Georgetown professor who studied knowledge workers for years. The book basically destroyed my assumptions about productivity. Newport shows how the ability to focus without distraction is becoming increasingly rare and therefore increasingly valuable. He breaks down the neuroscience of why shallow work (emails, meetings, admin stuff) feels productive but deep work (focused, cognitively demanding tasks) actually moves the needle. This isn't just some self help fluff, it's backed by serious research on how elite performers actually work. The book will make you question everything about how you structure your day.  **Decision fatigue is draining your mental battery before noon.**  Every decision you make, even tiny ones like what to wear or what to eat for breakfast, depletes your finite pool of mental energy. This is why Steve Jobs wore the same outfit daily. By the time you sit down to do focused work, you've already burned through willpower on meaningless choices. Your prefrontal cortex, the part responsible for focus and self control, gets exhausted.  The solution isn't grinding harder. It's reducing unnecessary decisions. I started using an app called Structured to plan my entire day the night before, down to specific time blocks. Sounds rigid but it's actually liberating because I'm not constantly deciding what to do next. The app is designed around time blocking principles that neuroscientists recommend for maintaining peak cognitive performance. You drag and drop tasks into your day, set durations, and it keeps you on track without being annoying about it. Removes the mental load of figuring out ""what now?""  For going deeper into the neuroscience without spending hours reading dense research, [BeFreed ](https://apps.apple.com/us/app/learn-anything-befreed/id6739747450)has been useful. It's an AI-powered learning app that pulls from neuroscience books, research papers, and expert talks to create personalized audio content.  You can type in something specific like ""I'm easily distracted and want to understand the brain science behind sustained focus,"" and it generates a learning plan with episodes tailored to that. The depth is adjustable, you can do a quick 15-minute overview or a 40-minute deep dive with detailed examples and studies. Since you're mostly listening during commutes or while doing other stuff anyway, it makes getting through dense neuroscience material way more manageable. The voice options help too, there's a calm, clear narrator style that works well for complex topics without putting you to sleep.  **Your environment is sabotaging you more than you realize.**  Your brain is constantly scanning for threats and novelty, it's evolutionary wiring. Every notification, every visible distraction, every bit of clutter is pulling cognitive resources away from your actual task. A study from Princeton found that physical clutter in your environment competes for your attention and decreases performance. Digital clutter does the same thing.  The solution is creating what researchers call a ""reduced distraction environment."" Phone in another room, not just on silent. Browser extensions that block distracting sites during work hours. Clutter cleared from your workspace. These aren't little optimizations, they're fundamental changes to how your attention system operates.  I also started using Freedom app to block literally everything distracting during deep work sessions. You can schedule recurring block sessions across all devices, so when it's focus time, you physically cannot access social media, news sites, whatever your weakness is. Sounds extreme but studies on environmental design show that relying on willpower alone is a losing game. You need external constraints.  For understanding the neuroscience behind all this, the [Huberman Lab](https://www.hubermanlab.com) podcast episode on optimizing workspace for productivity is insanely good. Dr. Andrew Huberman is a Stanford neuroscientist who breaks down the actual brain mechanisms behind focus, including how light exposure, visual field, and even ceiling height affect your ability to concentrate. He explains why certain environmental setups literally change your neurochemistry to support sustained attention. It's dense but he makes it accessible.  The pattern here is that none of this is about motivation or discipline. Your focus issues probably aren't a personal failing, they're a mismatch between how your brain works and how you're trying to use it. Once you align your habits and environment with actual neuroscience instead of hustle culture nonsense, focus becomes way less of a battle.",2026-02-07T11:27:31Z
drop,nft,informal,after,"Yo Vadodara peeps,  I’m on the hunt for **straight fit / baggy jeans and trousers** that **don’t absolutely destroy my wallet** 💀  Not really looking for big brands tbh. I’m more into **local markets, street shops, factory outlets, thrift-ish places**—basically anywhere with **good fits and decent quality** on a **student budget** 😔  If you know any **goated markets or lowkey shops** (especially ones people lowkey gatekeep), please drop the names.  Would also help if you can mention **price range** and **best days/timings to visit**.  Looking specifically in **Vadodara**.  Appreciate y’all 🫶",2026-02-07T11:27:06Z
drop,nft,informal,after,"A lot of people in Tamil society talk proudly about dropping surnames as a progressive move. But has caste really disappeared or just gone underground?  Even without surnames, people still know:  jaathi and sub-jaathi  “namma aal” vs “vera aal”  who is acceptable for marriage  which jaathagam can be adjusted and which cannot.  In relationships, caste often reappears indirectly — through astrology, family status, “values,” community pressure, and silent exclusions. Parents may claim to be modern, but decisions still follow the same old caste logic, just without naming it openly.  So I’m genuinely asking:  Did dropping surnames actually reduce caste, or just make it less visible?  Is internalised caste stronger now because it’s never openly questioned?  In marriage and relationships, how different is today really from the past?  Curious to hear thoughts, especially from people who’ve seen this play out in real life.",2026-02-07T11:27:01Z
drop,nft,informal,after,"Padosi phir sey apni aukat dikhatay huye, as Furqan Bhatti once said “In kay mulk mein roti sey sasta internet hai”",2026-02-07T11:26:46Z
drop,nft,informal,after,"Has anyone received an Earth Warrior Champion Scroll recently (past week or so)? I ask this because I just want to confirm that these are not bugged at the moment, like some monsters / drops have been in the past. I have had scroll drops from other monsters with no issues, even if that meant killing a few thousand over the drop rate. I have killed several thousand Earth Warriors more than the drop rate of 5,000, so while I know RNG can be RNG, if someone can confirm if they have any drops recently, that would be nice.      With how old the game code is and with all of the recent updates we have had, I won't be surprised if some other code was broken in the process.      Any answers are appreciated.      Thank you,  PB  ",2026-02-07T11:26:25Z
drop,nft,informal,after,"The whole seminar is rather interesting but if you want to just focus on the WEC parts, that section begins at 16:20 and covers three races:  * 8H of Bahrain     * 2 incidents    * Low Severeness    * Car lost communication with HV system/Driver failed switch off procedure * Lone Star Le Mans    * \#20 BMW coming to a stop after water ingress into the HV system causing drop of isolation    * Medium Servereness * Sao Paulo    * \#35 Alpine suffered Drop of Isolation just before pit entry    * Car entered pit lane immediately with Red Light Alert    * Due to the short time between Red Light Alert and pit entry there was confusion over potential scenario  In all instances, teams and personnel acted well and followed procedures.  The learnings from Sao Paulo were:  * Additional HV Safety Zone at pit entry (Where possible) * An Unsafe car shall stop BEFORE entering Pitlane * Power cycle the HV System & confirm HV State * A car shall not enter if there is a risk of ""Fire""",2026-02-07T11:25:54Z
drop,nft,informal,after,"hi guys   like the title says, i went to my school and told them i wanted to quit yesterday, and i feel so relieved now. i dont think im mentally ready to study (im 19 and ive been struggling with some stuff, also im almost no contact with my mother)   ive already planned to go to a local organism that handles this type of situations, but i also did that last year and i still ended up quitting so i wanted to ask for some advice.   basically my goals would be to start again, to experience life in a better way that i have prior to that, to work i guess, but more than anything to find my ""why"" like i know it sounds stupid but rn it feels so weird i feel like im under a wave so its calm but i dont want to reach the surface yet, im taking this as a new chance, a break, and i really want to make the most of it, knowing that i dont really have ressources and my parents and i aren't on the best terms     if anyone ever got in a situation like this, or know what i could do to find my path, please help!! ",2026-02-07T11:25:41Z
drop,nft,informal,after," I was doing just fine till May of last year. I wasn't a very good student before but my grades slipped A LOT, dropping from 90 to 30 in chemistry, getting 2/100 in maths. It's been a downfall ever since. I have too much pressure on me, I HAVE TO sit this time. I have to start from scratch and score at a minimum grade 7 in all subject. How can I recover? Lo-oking for some serious guidance. I go to coaching, nothing seems to be registering in my head there, I have a tutor at home mainly focusing on maths, he does a very good job but I keep forgetting the maths or keep on making mistakes. My subjects (edexcel) are:  English Language B   Bangla  Maths B  Pure Maths   Physics   Chemistry   Biology   ICT  I'm weak on almost every subject. I've been in a constant state of panic and anxiety for so long.",2026-02-07T11:25:38Z
drop,nft,informal,after,"Completed Solid State from Pearson   Completed Binomial theorem, permutation combination, logarithm from Black Book  Wasted my drop year, can't give up now though",2026-02-07T11:24:58Z
drop,nft,informal,after,"I have this skin called Singular Saurel... I have a few cool skins like Mecha Hero, Bonsai, Celestial, Tartariths Monster, and Tenebriss Pet, but I know when I got those. Did Saurel drop from a Mimic or something?  Edit, I can apply it to my hero, but its in the creature skin category.",2026-02-07T11:24:57Z
drop,nft,informal,after,"I’m watching a friend’s two doodles for a long stretch and one of them is honestly shocking me  with how much earwax she produces. She’s about 2 to 3 years old and otherwise a totally  normal goofy doodle, but her ears are on another level.  The owner already had the vet check her out and was told it’s not mites or an infection, just how  her ears are genetically. Before she came to stay with me, there was a lot of neglect because  the owner was scared of hurting her ears, so there was hardened wax, clumped ear hair, and  some truly gross buildup. I went all in and removed the ear hair, cleaned everything up, and  thought that would finally solve it.  Nope. Every single morning her ears are full again. When I massage the base, there’s a literal  squelching sound and wax pools up fast. There’s still a smell too. I’m cleaning daily with dog ear  cleaner and drops, and it can easily take 10 plus cotton swabs just to get the excess out. The  wax is dark brown and syrupy, sometimes with specks. Vet still says no infection.  At this point I’m wondering if this is actually normal for some doodles or if I’m overdoing it. I feel  bad because she’s not even my dog, but it feels wrong to just ignore it when there’s that much  buildup. I’ve even started looking at camera tools like the Bebird ES Ultra X just to actually see what’s  going on inside instead of guessing. Being able to visually check the canal seems way safer  than blindly cleaning when there’s this much wax.  Has anyone else dealt with a doodle like this long term? Did you find anything that actually  reduced the buildup instead of just managing it daily? Or is this really just a lifelong  maintenance situation for some dogs?",2026-02-07T11:24:52Z
drop,nft,informal,after,"Wishing all an Auspicious Yashoda Jayanti        In Kali Sadhana, Yashoda Jayanti is not a narrative remembrance; it is a **subtle revelation of the inner spiritual process of the jiva itself**. Yashoda is the spiritual mother   the form of the Mother who grooms, protects, disciplines, and nurtures. She is the maternal face of Maa Kali. Krsna represents the sadhaka , the jiva moving through the world under divine supervision, carrying within himself both playfulness and cosmic responsibility.  Yashoda is Maa Kali (636th name), and Krsna too is Kali herself (36th and 362nd names). This non-duality is fundamental. Kali is both the Mother and the Child, both the nurturer and the one being nurtured. Therefore, the sadhaka does not merely worship externally. **He lives the Yashoda–Krsna relationship internally**, moment by moment, through surrender and remembrance.     Krsna (sadhaka) is born through Devaki, the physical mother. Devaki births the sadhaka  into the body and the bloodline.  She gives the body, and without the body there can be no sadhana and for that Devaki is deeply respected .  Yet Krsna does not remain there. He is carried across darkness, danger, fear, and uncertainty to Gokula and finally to the lap of Yashoda.  This is the journey of the sadhaka in short from physcial mother to Spiritual mother. Both Being Kaali   Born into obligation and survival, the sadhaka initially lives within prakruti and its maya. Over time, through experience and inner awakening, he sees the limitations of this world and chases MahaMaya and paraprakruti :).   Recognizing that nourishment cannot come from matter alone, he **returns inward to the spiritual mother Yashoda**, who is Kali only  , where true grooming of consciousness begins.    Krishna was born with a purpose to destroy evil, to teach the Gita, to establish dharma. Similarly, the sadhaka is born in this loka for a **specific daiva karya** (divine work): to establish righteousness in their sphere, to offer the light of liberation to their bloodline, to teach and guide the ""Arjunas"" of their age. This duty is performed not through personal will, but under the direct supervision and will of Maa AdyaKali. The sadhaka turns inward, clinging to japa, discipline of sadhana, and complete surrender, resting in the lap of this spiritual awareness of Maa AdyaKali .  Yashoda, like all mothers, faces a familiar concern   “Arre mera lallaa mitti kha raha hai , kyun khata hai mitti?”  From the world’s perspective, it is a small problem. From the mother’s perspective, it is an opportunity for revelation.  When Yashoda cleans Krsna’s mouth, she sees the Brahmanda.  Likewise, the sadhaka encounters countless small problems, confusion, mistakes, distractions, emotional turbulence. Yet when these moments are met with AWARENESS and surrender, **the universe itself reveals the kala gyana and the teaching which was meant to absorb from that particular small problem**. Maa Kali does not punish the sadhaka for “eating mud.” She cleanses, corrects, and nurtures.  In small problems, Kali is fully present teaching the sadhaka and helping him navigate this ocean of Maya.   We see Yashoda always busy churning butter, managing the home, serving the family. Yet, the moment Krishna cried or called, she dropped everything and ran to him. This is the precise nature of Maa Kali in a sadhaka's life. Even as She expands the universe at 74 kilometers per second, even as She spins galaxies like grains of sand, she is eternally bound by love to respond to Her child's call.  Whenever the sadhaka ""eats mud"" (stumbles into confusion or despair) She comes to cleanse and nurture. Her response is instant for one who is sincerely devoted. The apparent chaos of the universe does not mean the mother is unavailable. She is simultaneously creating a coffee galaxy in one breath and wiping the mud from Her child's mouth in the next.     When the sadhaka installs Maa Kaalika at the top priority in life , when sadhaka installs her in his heart and clings only to Her, life begins to arrange itself. The Yoginis of Maa Kali ,the  Shaktis that govern every atom and event, take care of everything else. There is no need for anxious ASKING or Managaing .       As Yashoda’s household ran by the grace of her love, the sadhaka’s life begins to flow (*sahaja*) in the natural current of the Divine Mother's will. Duties are fulfilled, protection is given, and wisdom dawns not by personal effort alone, but by the power of surrender to the One who is both the Chaser and the Child, the Binder and the Bound, Yashoda and Krishna: **Maa Kali, the Supreme Reality Herself.**  Thus, Yashoda Jayanti reminds the sadhaka: Your life is this divine lila. You are the child being raised in this mrityuloka , and you are the motherly awareness doing the raising. Both are Kali. Perform your daiva karya in the world, but never forget you are always under the watchful, loving, and liberating gaze of the Divine Mother.  BhairavaKaalikeNamostuthe    Jai Maa AdyaMahakali       By Kaliputra  Yash Trivedi  ",2026-02-07T11:24:49Z
drop,nft,informal,after,"Most perp DEXs tie your deposit, trading, and withdrawal to one on-chain identity. Want privacy? You mix first, then hop to a DEX — extra steps, extra chains, and linkability you have to work around.  We're building an L1 (Novaperp Chain) where anonymous balance isn't an add-on — it's the default. Deposit, trade, and withdraw are not linkable to one identity; no mixer step. The first app on the chain is a perp DEX (Novaperp). Sovereign stack, no KYC, wallet-only. One deposit target, one balance, one withdrawal. Privacy isn’t bolted on; it’s the base layer.  Novaperp Chain runs its own consensus (NovaBFT), native matching (NovaCore), and EVM layer (NovaEVM) in the same block — one chain, one block, one source of truth. At launch we’re targeting 30 USD-quoted perp markets, CLOB + reserve, same-block oracle, and transparent execution. Your keys, your trades; the full flow stays untraceable.  This is a technical/design post, not a token or listing pitch. No ICO/token discussion.   We'd value feedback from folks who care about privacy primitives and L1 design  We’re the team building this, launching when we’re ready and audited. Happy to answer questions — I’ll drop the one-pager/blog doc in the first comment.",2026-02-07T11:24:23Z
drop,nft,informal,after,"Dear community,  We would greatly appreciate your collective wisdom.  We are parents of a lovely 13-year-old girl who may be on the autism spectrum. She is very shy but intelligent and does (did) reasonably well at school. She is bilingual (we come from a non-English-speaking background). She has always struggled to make friends, but this was not a major concern until she started secondary school last year.  With this in mind, before secondary school we moved her to the primary school zoned for her prospective secondary school. A small miracle happened: a few girls approached her, and she became part of a group. She was very happy there, although there was clear rivalry between some groups of girls, and we felt she may have been drawn into bullying. We raised this with the teachers, but they were dismissive, so we let it go.  When secondary school started, the group she belonged to split across different schools. At the school we chose, she was left knowing only a handful of students. We did not expect this to be a big issue, and for the first half of the year it wasn’t. The only concern at that time was her unusual eating habits. She began counting calories, preparing separate meals, and focusing heavily on protein intake, saying she wanted to be fitter to protect herself from potential bullying. She was doing all right at school. We enrolled her to drama classes to help her cope with shyness & math classes for extra support.  Four months later, everything escalated. We were visited by child protection after she began posting suicidal thoughts and intentions online, including a proposed date. We immediately took her to a psychologist, whom she told it was a “practical joke.” After that, everything went downhill over the following weeks.  She refused to attend drama classes we had enrolled her in to help her make friends. She began self-harming and continued posting online. On one occasion, she left home alone—something she had never done before—to visit a former friend, walking 15 kilometres, only to be ghosted. Prior to this, she had never left home unsupervised, even for a minute!  Her behaviour changed significantly. She became abrupt, almost always rude, and sometimes physically aggressive when unhappy. We had police in our home several times because of her continuing suicidal postings. We took her to a private psychiatrist who was initially sceptical (she does not obviously look or act autistic), but after the second session he proposed SSRI medication. After the third session, he sent us directly to emergency after she disclosed a suicide plan, stating that legally he could not continue treating her.  Following the emergency department visit, she was admitted to hospital and placed in a solitary room. She attempted to cut her veins shortly after admission. This was especially distressing, as she had never previously spent even an hour away from home without our supervision. She was discharged five days later, exhausted and having refused to eat. We visited her daily and brought jerky and protein bars, the only foods she would accept. She was deprived from seeing other kids in there because she was deemed high risk.  After discharge, we began seeing specialists at Monash Hospital (Melbourne). They take a conservative approach and see her once every fortnight, which does not seem to be helping. She became increasingly reclusive, avoided people, her grades dropped, and she began skipping classes by hiding in school’s bathroom. The school contacted us several times trying to locate her.  In response, we transferred her to a new school (private, religious) and got chickens as pets. We considered getting a dog, but since we both work full-time, the dog would be alone all day, and our budget is already stretched, making veterinary costs unaffordable. She initially seemed happy with the chickens, but this did not last. We could see that she was unhappy after school, often yelling at us and complaining that no one was talking to her. Although she has only been at the new school for a week, she has already begun drawing images related to suicide with specific dates (e.g., “my last day is tomorrow”).  We remain in close contact with the Monash psychologists, but the results of their work are yet to be seen (if ever), and we are wondering if anyone can recommend additional support. Our lives have become extremely difficult: she yells frequently, sleeps very little, and is struggling with anorexia (although her weight remains within a healthy range). We cannot leave her unsupervised. The only positive is that she has not yet started skipping her new school, but it feels like this may only be a matter of time.  When she is calm, she is the sweetest child—attentive, intelligent, and loving. When she is distressed (which is most of the time now), her behaviour changes completely (to put it very mildly). We have already removed all demands at home: no homework, no academic pressure, no drama classes—nothing. The only expectation is occasional help with the chickens, and even that is mostly done by us. We avoid asking any questions at all as she starts yelling right away. We avoid asking her to do anything. and focus solely on keeping things calm, yet nothing seems to help.  We can see our lives falling apart, with our finances in the drain (we spend more than we earn now because of those school fees), and no light at the end of the tunnel at all.  We would deeply appreciate any thoughts, advice, or suggestions.     Thank you very much.",2026-02-07T11:24:22Z
drop,nft,informal,after,"I’m a solo indie developer working on a small iOS game, and over the last year I went through a few monetization experiments that didn’t sit right with the product.  I started with one-off purchases, then tried a lightweight subscription. Both technically worked, but I kept running into the same issue: monetization pressure leaked into the design. Difficulty, retries, and pacing slowly started to serve conversion instead of the core game.  So I decided to reset.  The game is now completely free to play. No ads, no timers, no boosts, no locked mechanics. Everyone plays the exact same game.  The “catch” is not a paywall, but strictness.  Free players are allowed only a small number of mistakes per run. After a few misses, you’re sent back to the beginning. Paying doesn’t unlock content — it removes forgiveness limits, allowing longer runs, practice, and consistency.  In other words:   Free is harsh but honest.   Paid doesn’t add power, only tolerance.  This is very deliberately not optimized for short-term conversion. The question I’m exploring is whether punishment-based friction can replace traditional monetization pressure without breaking player trust or long-term retention.  I don’t have results yet — this is a reset, not a success story.   I’m curious how others here think about:  * Designing monetization around behavior instead of content locks * Whether “strict free, forgiving paid” is viable long-term * At what point this becomes a philosophical choice rather than a business one  Not posting links unless relevant — mostly interested in perspectives from people who’ve wrestled with similar trade-offs.  [https://apps.apple.com/be/app/ninja-jay-retro-roof-rage/id6746094173](https://apps.apple.com/be/app/ninja-jay-retro-roof-rage/id6746094173)  https://reddit.com/link/1qybe22/video/gp8lp4uq42ig1/player          ",2026-02-07T11:23:56Z
drop,nft,informal,after,"I live next-door to these neighbors who love to chitchat and it kind of annoys me. They're also not good neighbors btw. We had issues with both in regards to them. One family on the left had ripped out our plants cuz they thought it wasn't doing well and they thought they were doing a favor for us. They also use our trash bin a few times without permission. The other one always has so many people in that house and they're always dropping ppl off using my driveway. I told them both to knock it off but they don't listen.   I just don't like whenever I go outside, they try to talk to me or my mom. My mom is a friendly person and will speak to them. But I absolutely refuse to. Because I don't like either of them. I'm hoping to find a place that has one neighbor on one side cuz i can deal with one but not two. Or a country side house with no neighbors. I'm tired of looking through my windows to make sure no ones outside. It feels awkward whenever I bump into them and they wanna make small talk. I wanna be left alone. They haven't taken the hint. I think small talk is painful and I don't wanna partake in that. It seems fake and forced. I don't really care about what they're up to or what their family is doing. ",2026-02-07T11:23:43Z
drop,nft,informal,after,I dropped off destiny 2 before the launch of Renegade and thought I might catch up and revisit....and then I ran into this. I don't know whether I missed something but there is clearly an enemy stuck inside the terrain shooting a projectile preventing me from progressing.,2026-02-07T11:23:33Z
drop,nft,informal,after,"**Hey everyone, welcome to QuickClaw!**  We built this community because there wasn't a single place where people working with OpenClaw and OpenClaw-style AI agents could come together — share what they're building, troubleshoot issues, swap ideas, and push the boundaries of what open-source agentic AI can do.  Whether you deployed your first agent yesterday or you've been deep in the codebase for months, you belong here.  # 🤔 What is QuickClaw about?  QuickClaw is a community centered around **OpenClaw and open-source AI agents** — the tools, frameworks, and workflows that let you build, host, customize, and experiment with autonomous AI systems.  This includes but isn't limited to:  * **OpenClaw** — setup, deployment, configuration, and development * **Self-hosted AI agents** — running agents on your own infrastructure * **Agentic AI workflows** — multi-step automation, tool use, function calling * **Custom agent builds** — modifying behavior, adding tools, creating new capabilities * **Local LLM integrations** — connecting agents to open-source models * **Prompt engineering for agents** — system prompts, chain-of-thought, agent memory * **Architecture discussions** — how to design reliable, scalable agent systems * **Comparisons and benchmarks** — OpenClaw vs other frameworks, performance testing  # 🧑‍🤝‍🧑 Who is this community for?  **Everyone experimenting with open-source AI agents.** That means:  * **Developers** building or contributing to OpenClaw * **Self-hosters** running agents on their own servers, homelab, or cloud * **Tinkerers** who love breaking things and putting them back together * **Businesses** exploring agentic AI for internal tools or products * **Beginners** who just discovered OpenClaw and want to learn * **Researchers** studying autonomous AI agent behavior and safety  No experience level gatekeeping here. If you're curious, you're welcome.  # 📌 What kind of posts do we want to see?  We want this sub to be genuinely useful. Here's what makes great content:  🟢 **Show & Tell** — Built something cool? Share it. Screenshots, demos, repos — we want to see your work.  🟢 **Tutorials & Guides** — Walked through a tricky setup? Write it up. Step-by-step posts help everyone.  🟢 **Questions & Troubleshooting** — Stuck on something? Ask. No question is too basic.  🟢 **Architecture & Design Discussions** — How are you structuring your agents? What's working, what's not?  🟢 **Tool & Plugin Showcases** — Created a new tool integration or plugin? Drop it here.  🟢 **News & Updates** — New releases, important changes, relevant developments in the open-source AI agent space.  🟢 **Benchmarks & Comparisons** — Tested performance across different setups? Share your findings.  🟢 **Tips & Tricks** — Small optimizations, config tweaks, prompt hacks — the little things that make a big difference.  # 🚫 Community Guidelines  Let's keep this place productive and welcoming:  1. **Be respectful.** Disagree with ideas, not people. No personal attacks, no gatekeeping. 2. **Stay on topic.** Posts should relate to OpenClaw, open-source AI agents, or closely related tools and concepts. 3. **No spam or self-promotion without value.** Sharing your project is great. Dropping links with zero context is not. 4. **Search before posting.** Someone might have already answered your question. Check first. 5. **Use flairs.** Tag your posts appropriately so others can find relevant content easily. 6. **No piracy or license violations.** Respect open-source licenses and intellectual property. 7. **Keep it constructive.** Criticism is welcome. Negativity without substance is not.  # 🏷️ Post Flairs  Use these to keep things organized:  |Flair|Use it for| |:-|:-| |🛠️ Build / Showcase|Sharing your projects, demos, screenshots| |❓ Help / Question|Troubleshooting, asking for advice| |📖 Tutorial / Guide|Step-by-step walkthroughs and how-tos| |💬 Discussion|Open-ended conversations and opinions| |📰 News / Update|Releases, announcements, ecosystem news| |🧪 Experiment|Testing ideas, benchmarks, research| |💡 Tip / Trick|Quick tips, config tweaks, optimizations| |🔌 Tool / Plugin|New integrations, extensions, plugins| |📣 Meta|Community-related posts, feedback, suggestions|  # 🚀 Getting Started with OpenClaw  New here and not sure where to begin? Here are some starting points:  * **Official OpenClaw Repository** — [\[Link to repo\]](https://github.com/openclaw/openclaw) * **Documentation** —[ \[Link to docs\]](https://docs.openclaw.ai/start/getting-started) * **Quickstart Guide** — [\[Link to quickstart\]](https://docs.openclaw.ai/start/getting-started)  If you've written a beginner-friendly guide or tutorial, drop it in the comments below and we'll add it to this list.  # 💬 Introduce Yourself  We'd love to know who's here. Drop a comment below and tell us:  1. **What brought you to OpenClaw / open-source AI agents?** 2. **What are you currently building or experimenting with?** 3. **What's one thing you'd love to learn or see discussed here?**  # 🔮 What's Next  This community is brand new and we're building it together. Here's what's coming:  * **Weekly discussion threads** — focused conversations on specific topics * **Monthly showcase threads** — highlight the best community builds * **Wiki and resource library** — curated guides, tools, and references * **AMAs and guest posts** — from builders and contributors in the ecosystem  Got ideas for the community? Post with the **📣 Meta** flair or message the mod team. We're listening.  **Let's build something great together.**  **— The QuickClaw Mod Team**",2026-02-07T11:23:32Z
drop,nft,informal,after,"32M, 78kg. Room is 23°C year-round. Summer: never cold hands. Winter: cold from \~7pm, blue light in monitor gone 1h before bed where my hands/feet are warm once a gain. Mornings always fine. Under Tongue temp runs \~35°C (1.5–2° below normal).  Diet history: ate 1,600–1,800 kcal for a full year to cut. Now reverse dieting at 1,800–2,200 kcal since October 2025. 100–130g protein (50–100g from soy isolate), \~60g fat, rest carbs. Supplementing vit D and B12. All bloodwork in range (posted below).  # Three things stacking against me  **1. A year of dieting turned down my thermostat.** Prolonged caloric restriction causes adaptive thermogenesis — your body reduces heat production to conserve energy. This doesn't bounce back fast. Biggest Loser contestants still had suppressed metabolic rates 6 years later (extreme case, but the mechanism is real). Most short cuts don't cause this. A year-long deficit does. My TSH at 3.18 (near the top of 0.4–3.8 range) supports this — many endos consider 1.0–2.5 optimal.  **2. Cold walls, not cold air.** 23°C air in summer and winter, but your body also feels radiation from surfaces. When it's 3°C outside, walls and windows radiate cold. The ""operative temperature"" you actually experience drops to \~19–20°C despite the thermostat. In summer the walls stay warm. Same reading, different thermal reality.  **3. Blue light delays melatonin → delays hand warming.** Cortisol keeps hands warm in the morning, melatonin does it in the evening (via MT2 receptor-mediated vasodilation in peripheral blood vessels). Blue light from my monitor (460–490nm) suppresses melatonin production. I run f.lux on default (3400K after sunset), which cuts \~75% of blue light but not all. So there's an evening gap where cortisol is gone but melatonin is still partially suppressed. Hands get cold. As melatonin gradually builds later at night, hands warm back up.  **Bonus factor: soy.** A meta-analysis found soy doesn't affect T3/T4 but modestly raises TSH (\~0.25 mIU/L). With my TSH already at 3.18 and 50–100g soy isolate daily, that's potentially pushing me closer to the edge.    # Plan  * More calories, especially carbs (carbs drive T3 conversion; protein/fat alone don't) * Stronger blue light filtering in evening   Has anyone else dealt with messed up thermoregulation after an extended cut? How long did it take to come back? Also curious if anyone has experience with high soy protein intake affecting their thyroid numbers.  |Ident|Value|Unit|Normal Range| |:-|:-|:-|:-| |ERY|5.09|/nl|f 3.8-5.3; m 4.0-5.9| |FSH|3.4|IU/l|f:foll 3.5-12.5, lut: 1.7-7.7; m: 1.5-12.4| |FT3|5.84|pmol/l|3.1-6.8| |FT4|16.1|pmol/l|12-22| |HB|15.8|g/dl|f: 11.3-15.5; m: 12.6-17.4| |HB/E|31.0|pg|f: 25.1-32.8; m: 27.4-32.9| |HKT|45.1|%|f: 35.4-49.1; m: 39.4-53.0| |IGF1|186|ug/l|strongly age-dependent| |LEUKO|4.99|/nl|f: 3.9-12.2; m: 4.1-11.9| |LH|3.2|IU/l|f:foll 2.4-12.6, lut: 1.0-11.4, m: 1.7-8.6| |MCHC|35.0|g/dl|f: 31.9-35.6; m: 32.7-36.6| |MCV|88.6|fl|f: 80.8-95.5; m: 81.9-95.6| |RDW|12.3|%|f: 11.9-14.9; m: 12.0-14.7| |SHGB|38|nmol/l|f: 27/32-128; m: 18-54/21-77 (< />50Y)| |STH|0.13|ug/l|<10| |T/SHBG|42|%|f: 0.3-5.6/0.2-3.6; m: 35-93/24-72 (< />50Y)| |TESTO|4.6|ug/l|f: <0.48/0.41; m: 2.5-8.4/1.9-7.4 (< />50Y)| |THROMB|195|/nl|f: 161-409; m: 138-347| |TPO-AK|<15|KU/l|<34| |TRAK|<1.1|IU/l|<1.5| |TSH|3.18|mIU/l|0.4-3.8|  ",2026-02-07T11:23:10Z
drop,nft,informal,after,"Hi,    I develop a traditional roguelike game in my spare time.    [Once upon a Dungeon - Infinity](https://store.steampowered.com/app/3234380/Once_upon_a_Dungeon__Infinity/?beta=0) is a traditional roguelike game with turned-based combat, hack/slash oriented gameplay and 2D cartoon graphics.    How to enter: Just drop a comment below, and you're automatically entered to win. I'll pick the lucky winner after 24h using Reddit Raffler.    Please only enter if you are interested in the game and will use the key, thx!  ",2026-02-07T11:22:53Z
drop,nft,informal,after,I'm so tired of spam dropping shit lol ,2026-02-07T11:22:42Z
drop,nft,informal,after,"I don't know what else to do. I need advice about my car. In case it matters its a 03 accord ex coupe 2.4.   So I dropped my car off last Friday at firestone. I got it back on Monday (I have a older car and they had to order everything for my power steering pumpcame late so it was there 3 days). I only got the power steering pump and oil change done.  Monday after work i picked it up and it kinda smelled. At first it wasn't that bad. The more I drove it all I could smell was like pee. I dont know how to articulate it. My fiance says cat piss. So it's not even really as bad in the car sometimes. The more it runs and the heat blows it's worse. But like when I park it sometimes, the passenger side of the car specifically outside as well, will REAK of piss.   I don't know what's going on or how to even check. Is it a mouse? Did a cat get into something and pee? Does anyone have any advice. I did not have this issue before firestone. ",2026-02-07T11:22:40Z
drop,nft,informal,after,"https://preview.redd.it/jy61vacq11ig1.png?width=1024&format=png&auto=webp&s=4bf0abe10c80d0c6e40fb57a92a75505ad617393  [Let's work it out](https://www.linkedin.com/posts/godwin-oyewole_can-you-afford-to-hire-a-social-media-manager-share-7425804126200098816-KCw5?utm_source=social_share_send&utm_medium=member_desktop_web&rcm=ACoAAGISobcBuvTPoAUbURi6Ms6u-Rg0HfjAiZo)  Can you afford to hire a social media manager for $100 monthly?      I know how that sounds. In this industry, $100 usually gets you a handful of AI-generated captions or a ""specialist"" who disappears after three days.      But I’ve been managing social accounts since 2017. I’ve seen the pivot to video, the death of chronological feeds, and the rise (and fall) of a dozen different ""hacks."" After nearly a decade, I’ve realized there’s a massive gap: small business owners and side-hustlers who need professional eyes on their brand but aren't ready for a $2k/month agency retainer.      Why am I doing this? I’m streamlining my workflow and looking to partner with a few more brands where I can provide high-impact, foundational management without the ""agency"" bloat.      What $100 actually gets you with a vet:   Strategy over Spam: I don't just post to post. We’ll look at what actually moves the needle for your specific niche.   Consistency: The biggest killer of growth is the ""post once and forget for a month"" cycle. I fix that.   Experience: You’re not paying for someone to learn the platform on your dime. I’ve been doing this for 7+ years.   The Reality Check: At this price point, I’m not filming daily TikToks at your office or doing 24/7 community management. But if you need a pro to handle your content calendar, sharpen your brand voice, and keep your presence active while you actually run your business, we should talk.      I’m only looking for a couple of people to fill these slots so I can keep the quality high.      If you’re tired of shouting into the void, drop a comment or shoot me a DM. Let’s see if we’re a good fit.  ",2026-02-07T11:22:36Z
drop,nft,informal,after,I just received a call from Premium Debt Consultants claiming that they can reduce the interest on my current loans (with ABSA) I was very concerned that they had my id number and had detailed knowledge about the loans ie repayment amounts etc … was very suspicious and dropped the call. After that I received an sms claiming that I had given consent to  request my credit report from. What kind of scam is this? Anyone with information about this? My older sister who also banks with ABSA had the same experience yesterday. Is ABSA selling this information to scammers?,2026-02-07T11:22:36Z
drop,nft,informal,after,"So, my best friend 29f is pregnant and recently announced that she wanted me to be her baby's godmother. I 28f was honored of course, I said yes. But then she started planning her baby shower and sent me a message that honestly rubbed me the wrong way. Instead of just inviting me, she told me that since I'm going to be the godmother, I should bring a special gift specifically, she wanted a high end stroller that costs way more that I can comfortably afford. I tried to explain that while I'm happy to celebrate her and the baby, I can't drop that kind of money right now. I offered to get something meaningful but within my budget. She brushed it off and said, ''Well if you can't step up, maybe you're not ready to be a godmother''. That stung. After thinking it over, I decided not to attend the shower. I didn't want to show up feeling resentful or pressured, and honestly, her comment made me question whether she values me as a friend or not. Now she's upset and said I'm being selfish. AITA?",2026-02-07T11:22:31Z
drop,nft,informal,after,"If you've ever tried to manage priorities across multiple Jira boards, epics, and features — you know the pain. We built Rank Cascading to fix that, and we just shipped the biggest update yet.  # 3-Edition Licensing Model  We rebuilt the entire licensing system from scratch. Clean three-tier model: Free, Standard, and Advanced — powered by Atlassian's official `capabilitySet` detection. Every feature is transparently gated with inline upgrade prompts, so you always know what's available and what's one click away.  # Visual Rank Map  An interactive hierarchy tree that shows your entire ranking at a glance. Epics grouped by swimlanes, inherited feature ranks, anomaly detection, and expand/collapse per swimlane. No more guessing where things stand — you can *see* it.  # What-If Simulation (Advanced)  Before you commit to a rank change, simulate it first. Drag & drop epics between swimlanes and instantly see which ranks would change — with color-coded diff badges showing what improved ↑ and what worsened ↓. Make decisions with confidence, not gut feeling.  # Cascade Health Score  Every cascade gets a real-time health grade from A to F. Conflicts like multi-parent links, orphaned ranks, and manual overrides are flagged automatically after every sync. Think of it as a code linter — but for your priorities.  # Cross-Board Ranking (Advanced)  Merge issues from multiple boards into one unified ranking. Automatically deduplicated, visually mapped with board origin badges, and color-coded so you always know where every epic lives. No more switching between boards to figure out what matters most.  # Board-Level Project Page  Rank Map and Sync now live right inside your project as a dedicated tab — no more detours to the admin page. Non-admin users get read-only access to stay aligned without breaking anything.  # Field Context Validation  The app validates your target field configuration against board projects before syncing. If your custom field isn't available in a project, you get a clear warning — no more silent failures.  # Security Hardening  Every resolver now validates permissions before executing. Admin CRUD operations require `ADMINISTER`, board-level operations require `BROWSE_PROJECTS`. Built to pass the Atlassian Marketplace Security Review without questions.    We built this because spreadsheet-driven priority alignment shouldn't be a thing in 2026. If you're managing priorities across multiple boards and epics, this changes the game.  ⏳ Currently in approval on the Atlassian Marketplace — drop a comment if you want to be notified when it goes live!  Feedback, questions, feature requests — all welcome. 🙏  Preview:  https://preview.redd.it/wu3nkbea42ig1.png?width=2951&format=png&auto=webp&s=1179b655ae688dfc7885c337de6f3efa146742d1  https://preview.redd.it/j2xekbea42ig1.png?width=702&format=png&auto=webp&s=16468901e3ce0ceed71708ad95f21d30bebfe28e  https://preview.redd.it/8s0afbea42ig1.png?width=1790&format=png&auto=webp&s=b25c768edaeada37314cad5e448f2eb0935a1379  https://preview.redd.it/4vld3bea42ig1.png?width=1593&format=png&auto=webp&s=42a86fa3b5baf7f7731820bb57be0bb1fa12bda0  https://preview.redd.it/uikbraea42ig1.png?width=1190&format=png&auto=webp&s=33cf3780a269ac25aabf1364dc3d816f3ae0aaf8  https://preview.redd.it/iaiigbea42ig1.png?width=1418&format=png&auto=webp&s=2f1f446c57184dc5a3cade2e764bd47eaaa74500  https://reddit.com/link/1qybcxs/video/1f7duofc42ig1/player  ",2026-02-07T11:22:09Z
drop,nft,informal,after,"To cut to the chase they have a referral program, here are the rewards  As seen above you get:  €50 in crypto (BTC/ETH/HBAR/SUI/ONDO) from the referral (locked for 180 days)  You can also get 14€ easily with in app quizzes  I will personally add 25€ instant transfer on top(PayPal/revolut/iban or whatever)  Giving you 90€ in rewards.  All that has to be done is KYC and deposit 20€.  Don’t hesitate to drop a text if interested for the link. Happy year to all of ",2026-02-07T11:22:05Z
drop,nft,informal,after,"I think there’s a bug where if you tailor a boss outfit and then trade it, you can’t get that outfit drop again.   I have been grinding for that outfit but won't get it again or I'm just unlucky?  I have ase btw and the weekend x2",2026-02-07T11:22:04Z
drop,nft,informal,after,Only had these two weeks. But in one hour of practice I had 6 flight deflections resulting in a dropped dart. Is it something up with these flights or am I throwing wonky or something?  Thanks! ,2026-02-07T11:22:01Z
drop,nft,informal,after,"They’re will be years where you feel helpless, what’s the point? This is self-defeating, we’re going nowhere.   Then tentatively you move slightly different. Stone is being carved by the droplets.   Then without notice, the rock (Trauma) is being carved by the droplets 💧. And you are moving through the world differently.   The water represents your nervous system regulation. The rock represents trauma.   It is an endless climb, but they’re plateaus and pivots in the climb that are not like the beginning or what once felt like it was going to be forever.   ",2026-02-07T11:21:02Z
drop,nft,informal,after,"I was watching [a video from Path of Exile's founder](https://www.youtube.com/watch?v=OCkO8mNK3Gg), Chris Wilson, on how dark patterns affect our gaming habits. For anyone not familiar with the dude, he is a very accomplished game dev that has built one of the best, most consumer friendly and long lasting live services games out there.  In the video he touches on a few topics that I feel are very pertinent to BF6, and I personally think are one of the main culprits to why the game has had such a poor player retention.  First being progression in general - we all know that BF6's progression is insanely slow, especially for your average casual player. Whether it's battlepass progression, weapon progression, or any other challenge in-game, everything takes a long ass time. In the video he goes over how a game started introducing double XP weekends to increase retention, with good initial results. The only problem was that after the double XP weekend was over, the playerbase dropped, because progression outside of the double XP weekends felt unsatisfying. The more double XP weekends were added, the more the playerbase started playing only around those timeframes, which instead of increasing retention, lead to the opposite of it. Sounds familiar?  Second, is FOMO. It ties to the previous point given how you have FOMO around double XP weekends, but in addition to that, BF6's main method of progression is tied to FOMO: battlepass, events, exclusive skins. I know people will say ""tons of other live service games have FOMO, so how is it bad for Battlefield!?"". The answer is simple: it kinda ruins the sandbox element of this franchise, and it also cheapens the experience.  If you want to have any sort of progression in the game, you can't just simply play it your way. You have dailies and weeklies with all sorts of annoying challenges that make you play in a certain way or with certain game modes, you have FOMO events where instead of playing IF you want to, you feel forced to log-in AND to play in a certain way just to get the rewards and if you got the battle pass you need to finish it if you want your currency back.  It went from releasing big chunky DLCs, to drip feeding small inconsequential updates that instead of hype cause more burnout. It went from letting you play however and whenever you want, to dictating when and how to play. No goofing off in the heli, you've got 10 weeklies to finish soldier! The game feels like busywork, when it shouldn't.  And I know, a lot of people are going to say ""Why do you care bruh, just play how you want and ignore everything, they're optional"". Well, there's a simple reason for that:  1. Dark patterns work - saying ""ignore it"" doesn't solve the fact that they have a very real and proven psychological effect on players. Some successfully ignore them, many do not, and many feel their time devalued because of them.  2. The grind in this game sucks. XP is slow as fuck to incentivize you to buy double XP or to play around double XP weekends. Unlocking weapons feels horrible. There's barely anything to progress in this B2P game outside of FOMO events.  3. Yes, most of these things are optional, but so is playing BF6. There clearly is a retention issue given how massively successful the game has initially been, and how hard it has fallen.",2026-02-07T11:20:59Z
drop,nft,informal,after,Age: 21M Category: GNEM Class 10: 93%(CBSE) Class 12: 94%(CBSE Commerce without Maths stream if that matters) Graduation(Bcom Finance and Accountancy from Christ University Central Campus):62%(I know its a bad score but my Uni wasnt that liberal in giving marks) Work Experience: Fresher 2025 Graduate Internships: Nil(Because i was busy preparing for CA and it wasnt required for my Bcom at that time)  Im currently stuck in CA Intermediate and have lost all motivation to continue CA. Im on the verge of dropping out from CA  I just wanted to know what were my prospects if I managed to write CAT this year and completed an internship. Im okay with any Tier 2.5 above Bschool with decent placent opportunitie. What kind of percentile in CAT am I looking at if I have to convert these Bschools ,2026-02-07T11:20:53Z
drop,nft,informal,after,"Hi, my gf is into anime and I used to be into that stuff as well. I remember reading the VN way back then on bootleg VN fan translation, to completion. I did watch fate/zero when it dropped as well, so I have the full picture on this universe.  However GF to my surprise started watching the deen adaptation and I've decided to join. I'm wondering what should be next in terms of twists etc? Fate/zero reveals lots of heaven's feel stuff, where if I remember correctly the shock value comes from seeing all the fucked up Matou shenanigans from Shiro's pov. In fate/zero it's straight up shown to the viewer and therefore might kill some of that reveal in HF.  But I've also read somewhere that HF movies don't make much sense if you're missing fate/zero context as it's after all a ufotable product, and that's their release order.   I see the pinned post that says to skip the original route entirely so I'm unsure if I can trust that one.  What should the order be in our situation, I'm thinking DEEN, UBW HF and F/z, but I haven't seen UBW adaptation or HF movie so unsure about the f/zero callbacks and how it feels as a viewer.  feel free to throw spoilers around if it helps make a decision.",2026-02-07T11:20:49Z
drop,nft,informal,after,"TL;DR I mived out of the appartement because I wanted a break, but I feel bad about taking the relationship from them.  Hey guys, here is my issue. I have been dating this person for 4 years and a bit, and we live together. The last couple months, I felt unhappy. Unhappy about how I was handling things, unhappy how they were acting. They had been looking for a job that fit their education for years, but not proactively and always had some excuse not to look. This really stressed me out.   I am a strong believer in doing “your best”, and I know this looks different for different people. Some people get themselves Phds, other work their way up with jobs they had since highschool. For me, it doesn’t matter what degrees you get, as long as you do work that 1.) you enjoy and 2.) where you can grow. I you are happy as a store manager, you do you. If you want to be a lawyer, get that paper. Even if you are passed the average college age.   It is just that I felt like my partner was not fully investing in themselves. They got a degree, started another, dropped out, and have worked small jobs ever since. We talked often about how unhappy they are about their current job.   And this bothered me. A lot. I got really stressed, threw up every morning before breakfast and got physically and mentally sick. I was feeling like this for months. I didn’t want to see friends, and I felt so bad I felt like this. I love them, but I worried so much. Now, I have been in therapy for almost a year now, mainly for this issue, and my psych always talks about working out, structure and mental rest. I used to be a fairly active person but haven’t set foot in a gym in months because of the sick feeling.   Now, I decided I wanted a break of a month a week ago. To see if I would be happier without them in my direct surroundings. Whenever one of us were gone for the weekend, the stress seemed to become less prominent. I live with a friend for the moment, and my partner still lives in our apartment. And I am noticing some things:  \-          It is quiet in my head. I can concentrate on uni again, I am laughing more and I am really liking this flatmate thing I have going on  \-          I get hungry again. The stress made me not want to eat, and I couldn't eat anything before 11 am due to the nausea. Now, I get hungry every 3 hours, even in the morning.  \-          I feel more sexual again. Because of the stress, I couldn’t perform well for months. Now, in the last couple of days, the works work again and I feel good about this. It feels good to know that I am not ""broken"" in that way  Now, here is the other side:  \-          I feel bad about that I wrote myself out of the narrative. They still love(d) me, and I just walked away. We did have a talk, but I still feel like I just dropped out.  \-          It was a loving relationship, and they helped me out with a lot of things. I miss this support, this love. Our relationship was based on trust, on building yourself up with the other as the base. I dropped this, took this support away for the both of us. I robbed them of a relationship.  Now, here is my question: are these good signs? I still have 3 weeks to go, but I feel much better about myself. I still want to continue therapy, but without them in my surroundings or in my head, most stress seems gone. I do feel bad, not necessarily for myself but mostly for them. What is the best way to handle this? We decided not to contact each other, only in case of emergencies   ",2026-02-07T11:20:42Z
drop,nft,informal,after,"To cut to the chase they have a referral program, here are the rewards  As seen above you get:  €50 in crypto (BTC/ETH/HBAR/SUI/ONDO) from the referral (locked for 180 days)  You can also get 14€ easily with in app quizzes  I will personally add 25€ instant transfer on top(PayPal/revolut/iban or whatever)  Giving you 90€ in rewards.  All that has to be done is KYC and deposit 20€.  Don’t hesitate to drop a text if interested for the link. Happy year to all of ",2026-02-07T11:20:28Z
drop,nft,informal,after,"• I Am Not a Human Being III was supposed to drop before TC6 on March 21.  • Dedication 7 was supposed to drop in 2021.  • No Ceilings 4 (as of July 2023) : ""The times changed,"" Lil Wayne remarked to the hosts when asked about No Ceilings. ""So what happened is, back then, I could do that. Nowadays, if I do that, the times have changed so much to where nothing is official as far as \[dropping\] an official album. They don't do that. What happened is, as soon as we put that out, Drama might put \[on\] a whole event, it's gon' go down. As soon as it drop, those artists are calling our people like, 'Aye, we want that to be a single.'  • Young Thug revealed in 2025 that he and Lil Wayne have an unreleased collaborative album recorded around 2019. Young Thug says that he's ended his beef with Lil Wayne and the two are actually planning to collaborate on a full-length album together. “Bless” is a song by Lil Wayne featuring the production of Wheezy featuring Young Thug. “Bless” marks a significant collaboration between Lil Wayne and Young Thug, two influential figures in the hip-hop genre. Their chemistry on the track is undeniable, making it one of the standout collaborations in recent times.  • The final alleged album is similar to Eminem’s TDOSS. It will most likely be Funeral 2. ",2026-02-07T11:20:20Z
drop,nft,informal,after,So Renegades dropped Dec 2nd 2025. Then the game almost died while waiting for Shadow and Order. Which is probably dropping early May 2026.   But a very similar thing happened 8 years ago. Curse of Osiris was released December 5th 2017. After that the game almost died while waiting for Warmind to release in early May 8th 2018.  It's really striking how similar this is. back then Bungie had supporting studios and Activision. while now they're running an exhausting Marathon while trying to please Sony at the same time.     P.S. I'm that dancing hunter who's been invading to give you free Behemoths and Interceptors. something to make double invasion less annoying. just don't tell Bumgo :>,2026-02-07T11:20:12Z
drop,nft,informal,after,"So, the new Early Game Rebalance and Dailyscape Overhaul has caused some controversy. Rightfully so, I'd say, though some reactions are a bit... Hyperbolic. But while there have been suggestions in comments, most of what I've seen is simply ""This sucks"". Don't get me wrong, showing disatisfaction is valuable, but I'd like to offer alternative suggestions as well to Jagex.  Simply put, I understand when things are overtuned they need to be nerfed. However, the focus is too much on famine and not enough on feast. If you're going to take something away, you must also give back. Otherwise you've just made the content worse.  So I'm going over every single pain point I've spotted and offering my alternative to what they are currently proposing!  # Rebalance  **Agility:**   \-The increase in XP is good, but doesn't reflect how active agility is. Realistically, it should be one of the fastest skills to train for how active a skill it is.   \-My suggestion: Add streaks, similar to slayer points. Every 5th lap, 2x xp. Every 10th lap, 3x XP. Every 50th lap, 10x XP.   \-Also make agility shortcut animations shorter.  **Thieving:**   \-The focus is too much on *punishing* AFK, rather than *rewarding* activity.   \-My suggestion: Success-rate doesn't decrease, but thieving rate slows down (losing focus or something like that). Refresh the speed at which you pickpocket by clicking again. This allows AFK methods to exist while rewarding activity/  **Hunter:**   \-Whirlygigs were a bit too fast yeah, though I feel like they're being overnerfed?   \-My suggestion: To offset nerfs, focus on making Hunter less annoying. Traps should be replaced automatically after checking a successful one, that shouldn't be an unlock. And make the XP of hunter reflect how active a skill it is across the board.  **Divination:**   \-Increased XP is nice, but doesn't fix the core issue. Divination is a gathering skill that punishes you for gathering resources, because it demands those resources back for reasonable XP.   \-My suggestion: Do away with the whole ""Use energy for extra XP,"" and make that just the baseline XP you get for turning in memories. it is a gathering skill, those should let us gather resources and XP at the same time.  **Farming:**   \-Seeds being more available early is nice, but doesn't solve the core issue: *farming is miserable to train outside of the ranch.* So many things can just go wrong and herb runs are a tedious chore rather than enjoyable friction.   \-My suggestion: Similar to the ranch, it'd be nice if farms were more focused and accessible, rather than scattered all over the place. Have a herb farm near one lodestone, a flower farm near the other. Rather than all these scattered around patches, give us focused farms to manage in regular locations that don't make farming ""run around for plants,"" but actual *farming*.  **Prayer:**   \-Honestly I really love these changes *except* for the Chaos Altar one. Shocking, I know. But I know why it is being nerfed. So let me offer an alternative.   \-My suggestion: Keep the reduced XP, but whenever you offer to the altar, there should be a small chance a demon spawns scaling with the bone/ash you offer. (Imp, Lesser Demon, Greater Demon, Black Demon) These demons are personal and will not attack other players. Killing the demon that spawns provides 10x the XP that offering their ashes to the altar would. On average, a demon would spawn every 5 or so minutes.  **Fishing:**   \-Weird nerf but okay.   \-My suggestion: Fishing Buckets. Similar to Ore Box and Wood Box, but for fishing. To make it slightly different and thematically appropriate, make it so that fish are automatically put in the buckets, but only 1 type per, giving you an incentive to carry multiple buckets. Each bucket containing 50-100 of said fish type, based on your fishing level.  # Dailyscape  I was never under the illusion that all of these wouldn't go away. That said, I echo the sentiment that removing the travelling merchant without fixing the issues he was a bandaid for is a bit shortsighted. So, I'm going over every item the travelling merchant sells!  *Firstly, what is safe to remove?* *In my opinion*...   \-**Goebie Charms** (Make the rep grind faster)   \-**Menaphite Offerings** (Make the rep grind faster)   \-**Slayer VIP Coupon** (They already said they're just making these the default, unless I'm misremembering)   \-**Damage Enhancers** (Damage should be consistent.)   \-**Dragonkin Lamp**/**Ancient Effigies** (Shouldn't be buyable.)   **-D&D Tokens** (Timegates should not even exist in the first place.)   **-Deathtouched Dart** (Good riddance.)   **-Reward Enhancer** (Should be the default.)   \-**Silverhawk Down** (Aren't they just removing Silverhawks anyways?)   \-**Shattered Anima** (Reward more Anima.)   \-**Taijitu** (Reward more Taijitu)   \-**Advanced Pulse Cores**  Now then,   *to replace the Travelling Merchant...*   \-**Barrel of Bait**, **Tangled Fishbowl** and **Broken Fishing Rod** should be sold at all Fishing stores. They're good money sinks for people that want to boost their fishing rates.   \-**Unstable Air Rune** should be a rare item you get by giving the Yellow Wizard what he asks for.   \-**Anima Crystals** could just be a rare drop from enemies and bosses in GWD2, hell make it common from higher enrage Telos, it'd make sense.   \-**Sacred Clay** is a hard one. My suggestion would be to add a skilling activity in which you can gather, create and turn in Sacred Clay equipment for this currency and some decent xp, separate from the Stealing Creation minigame that nobody plays.   \-**Gift of the Reaper** could be a cool very rare drop from doing bosses on task, but they should be VERY rare.   \-**Livid Plants** should be buyable for beans at the ranch. Alternatively, remove Livid Farm and move the rewards to the ranch.   \-**Horn of Honour** could be a VERY rare reward from the Fremennik Slayer Dungeon enemies. Or just remove it.   \-**Message In A Bottle** from fishing at the deep sea fishing hub, duh.   \-**Harmonic Dust** should be obtained from ALL skilling & killing in Prifdinnas, not just harps. Harps should be the fastest way (and much faster than they are now).  Tell me what you think of these ideas, and I hope Jagex is willing to reconsider their approach. If you take something away, give something in return. It doesn't have to be as strong, just feel rewarding.",2026-02-07T11:19:55Z
drop,nft,informal,after,"TL;DR I mived out of the appartement because I wanted a break, but I feel bad about taking the relationship from them.  Hey guys, here is my issue. I have been dating this person for 4 years and a bit, and we live together. The last couple months, I felt unhappy. Unhappy about how I was handling things, unhappy how they were acting. They had been looking for a job that fit their education for years, but not proactively and always had some excuse not to look. This really stressed me out.   I am a strong believer in doing “your best”, and I know this looks different for different people. Some people get themselves Phds, other work their way up with jobs they had since highschool. For me, it doesn’t matter what degrees you get, as long as you do work that 1.) you enjoy and 2.) where you can grow. I you are happy as a store manager, you do you. If you want to be a lawyer, get that paper. Even if you are passed the average college age.   It is just that I felt like my partner was not fully investing in themselves. They got a degree, started another, dropped out, and have worked small jobs ever since. We talked often about how unhappy they are about their current job.   And this bothered me. A lot. I got really stressed, threw up every morning before breakfast and got physically and mentally sick. I was feeling like this for months. I didn’t want to see friends, and I felt so bad I felt like this. I love them, but I worried so much. Now, I have been in therapy for almost a year now, mainly for this issue, and my psych always talks about working out, structure and mental rest. I used to be a fairly active person but haven’t set foot in a gym in months because of the sick feeling.   Now, I decided I wanted a break of a month a week ago. To see if I would be happier without them in my direct surroundings. Whenever one of us were gone for the weekend, the stress seemed to become less prominent. I live with a friend for the moment, and my partner still lives in our apartment. And I am noticing some things:  \-          It is quiet in my head. I can concentrate on uni again, I am laughing more and I am really liking this flatmate thing I have going on  \-          I get hungry again. The stress made me not want to eat, and I couldn't eat anything before 11 am due to the nausea. Now, I get hungry every 3 hours, even in the morning.  \-          I feel more sexual again. Because of the stress, I couldn’t perform well for months. Now, in the last couple of days, the works work again and I feel good about this. It feels good to know that I am not ""broken"" in that way  Now, here is the other side:  \-          I feel bad about that I wrote myself out of the narrative. They still love(d) me, and I just walked away. We did have a talk, but I still feel like I just dropped out.  \-          It was a loving relationship, and they helped me out with a lot of things. I miss this support, this love. Our relationship was based on trust, on building yourself up with the other as the base. I dropped this, took this support away for the both of us. I robbed them of a relationship.  Now, here is my question: are these good signs? I still have 3 weeks to go, but I feel much better about myself. I still want to continue therapy, but without them in my surroundings or in my head, most stress seems gone. I do feel bad, not necessarily for myself but mostly for them. What is the best way to handle this? We decided not to contact each other, only in case of emergencies   ",2026-02-07T11:19:33Z
drop,nft,informal,after,"This is the drop where the rules were loose, the vibes were mixed, and the designs showed up exactly as they are.  Leftovers. Singles. Sarcasm. Daisies.   No theme, no apologies — just patterns that refused to stay in the bin.  https://preview.redd.it/b4nqcemi32ig1.jpg?width=896&format=pjpg&auto=webp&s=a770d571e308a8834e9b1b84d73cfe43c6bad188  https://preview.redd.it/ttqk9emi32ig1.jpg?width=2048&format=pjpg&auto=webp&s=6933ce2167c7fa3a329cf220693d4e998985fc4b  https://preview.redd.it/j1sgjemi32ig1.jpg?width=2000&format=pjpg&auto=webp&s=2a80d501591aacfcbfa70c342b83d7b8cd9f4cab  https://preview.redd.it/h1gueemi32ig1.jpg?width=2048&format=pjpg&auto=webp&s=38e3e8c470a5d1ea6e1b967a6d775227294bc06b  https://preview.redd.it/37ooowni32ig1.jpg?width=2048&format=pjpg&auto=webp&s=d982257c676320bdbaad270f91269c4b28e170c8  https://preview.redd.it/qxbkafmi32ig1.jpg?width=1724&format=pjpg&auto=webp&s=fad1d7061536ac076da3d32b6151426563626d9c  https://preview.redd.it/sea4uemi32ig1.jpg?width=1280&format=pjpg&auto=webp&s=d43d351387a3836536f4c8fab066e6a36ce7583d  https://preview.redd.it/qjvb0fmi32ig1.jpg?width=1615&format=pjpg&auto=webp&s=38b48d4a20d9ffdbcec7ed29071c81192a66c323  https://preview.redd.it/9y74xemi32ig1.jpg?width=2048&format=pjpg&auto=webp&s=fbdc4d2c720ea8a486a2f3ffcb2c9f15d6e6364f  https://preview.redd.it/ggc08fmi32ig1.jpg?width=1175&format=pjpg&auto=webp&s=1f7ab2fbf60e668d02f7cf87fa5f74d949d50951  https://preview.redd.it/vlv16fmi32ig1.jpg?width=800&format=pjpg&auto=webp&s=60ff61b90e29762c231be4c0f04d11638312e4af  https://preview.redd.it/ystp4fmi32ig1.jpg?width=2048&format=pjpg&auto=webp&s=089231609bf7867283db91a81558162e93e3ce2f  https://preview.redd.it/zijxkemi32ig1.jpg?width=1280&format=pjpg&auto=webp&s=992f8472706e753d00d41c50b2cdbab9fca6c82b  https://preview.redd.it/b22lzgmi32ig1.jpg?width=2000&format=pjpg&auto=webp&s=907a8db1a532d3a13b5cf9e110986daa630c9e09  https://preview.redd.it/rr521hmi32ig1.jpg?width=960&format=pjpg&auto=webp&s=b196a34428157be400b8d403ab81aa664cbbce98  Sometimes the mess is the point.     ",2026-02-07T11:19:29Z
drop,nft,informal,after,"To cut to the chase they have a referral program, here are the rewards  As seen above you get:  €50 in crypto (BTC/ETH/HBAR/SUI/ONDO) from the referral (locked for 180 days)  You can also get 14€ easily with in app quizzes  I will personally add 25€ instant transfer on top(PayPal/revolut/iban or whatever)  Giving you 85€ in rewards.  All that has to be done is KYC and deposit 20€.  Don’t hesitate to drop a text for the link. Happy year to all of ",2026-02-07T11:18:59Z
drop,nft,informal,after,"Nice surprise arriving this morning.  This Gallery Dept hoodie was ordered from the store hitojiang6. Order placed on 17th January, so roughly a three-week delivery to the UK. Cost me £30 all in, including shipping.  Link to view https://sale.dhgate.com/Y1vAdu00  I absolutely love this hoodie. The quality is genuinely impressive and the finish looks spot on. I’d heard a lot about this store beforehand in terms of quality, and they definitely haven’t disappointed one bit.  I went for a size L and followed the size chart on the listing. For reference, I’m 6ft 2 and around 109kg, and it fits me really well. This is going to get worn a lot. If you want a more oversized, baggy fit, I’d suggest sizing up. If you’re unsure, the seller is responsive and happy to recommend a size if you message them.  I’ve already placed another order for two more, one in white and one in black, which probably says it all.  If anyone’s thinking of ordering, feel free to drop me a message. If your order goes over $50, I should have a code you can use to knock a bit off 👍🏻",2026-02-07T11:18:59Z
drop,nft,informal,after,"my PPA brain 🧠 is off on its own world   8 weeks into this and logically I understand we have gone to the Dr. a few times, last time they recently forgot to check her oxygen saturation so now my brain is stuck on that   she has suspected larynmalagia which we see ent for soon, and our Dr gave her a listen said her breathing was noisy but everything points to her possible Laryngomalacia, she has reflux that mostly silent, and then he added colic due to her recently not being consolable as t all and with a growth spurt   he said he does my it suspect and milk allergy as it's rare, and or/ no signs for it no bloody stool or mucus, so he doesn't think it's that at all   we switched this goat milk formula, and asked about other supplement formula options, but they all so far have corn and soy additives I'm allergic to, and one even still has milk in it which I thought was weird why would they have 2 options they suggest while one still have milk in it   while logically I understand they are trying to add a medication, helping to find how my insurance will cover one, listen to her lungs, watched videos with us I took of her breathing intermittent apnea, asked about our cardiologist, we went to a swallow study, etc   my brain still thinks-oh they missed something or oh they should be more concerned and do an ultrasound it keeps going to these terrible scenarios, and she is in pain and I'm struggling each night and each day when she cries. she constantly is between sleeping, showing signs of pain in her sleep, and awake eating, then crying it passing out from pain. I've watched her stomach basically tighten and cramp up and cause her to have intermittent apnea, and hiccups. the dr saw her stomach issue and just seems to think it's colic, Laryngomalacia, combo   mind you we had one special ultrasound done at 3 weeks old last month for her cardiologist appointment which check her hear ring and everything was basically appearing fine until we start solids, and I sent them a follow up message. they seems uninterested in any issue unless she has \*serve respiratory issues over multiple events  im exhausted and I feel terrible for my baby, and I just keep thinking they missed something they missed something and there is nothing else I can do to ease her pain I feel horrible   I've even tried probiotic drops, newborn gas drops, belly massage, leg press kicks, etc   someone tell me something that it gets better, that my brain is messing with me I have to keep getting through this I can't keep looking up stuff and stressing out when logically she is being seen by specialist and her symptoms mostly line up with everything they are saying   ugh 😩 😫 😅 ",2026-02-07T11:18:57Z
drop,nft,informal,after,"We've just moved house (1930s UK semi detached with brick walls throughout), and have brought our old Netgear Orbi RBR50 plus satellite with us.   The Orbi is no longer supported, and we had planned to replace it when we did some renovations, probably in about a year or so. We'd then run a decent amount of Cat6 to put some APs in.  It seems however that just the Orbi is struggling to get everywhere right now, with intermittent drop outs in a couple of the rooms.  I'm reluctant to get another satellite for it given it's EoL and going to be replaced longer term anyway, so have been looking at buying an initial set up to upgrade now, and then extend that when we renovate.  Currently, our internet is 200mbps, though been offered an upgrade to 950 up and down for £2 a month extra, so probably going to take that up.  With that in mind, my current thinking is:  \- WiFi 6 is probably sufficient for what we need.  We don't have many (currently) WiFi 7 capable devices, and you basically need to be in the same room as the AP to get the WiFi 7 signal anyway.  \- Gigabit router is fine, no point in a 2.5g router with <1g internet  I'm currently leaning towards the Omada system. I've seen a system including a ER706W router, ES210GMP PoE switch, and a EAP653 Access point for a reasonable price on eBay which seems to tick the boxes to get started, and then I'd probably get another 653.  Initially use the APs in mesh mode, and then run the cable to hardwire them when we do the renovations like I say.   Key questions for you all:  \- Am I right regarding WiFi 6vs7? I figure I can always upgrade down the line if I wanted to.   \- Is there any reason not to mix and match WiFi standards? instead of getting an additional 653, could I get a WiFi 7 AP, probably the 772? Obviously the actual speeds would be limited by switch and router being 1G, so is there any value to WiFi 7 with gigabit switches/router?  \- Anything else you would factor in/consider?",2026-02-07T11:18:00Z
drop,nft,informal,after,Featuring:   •Prada Paradoxe Virtual Flower  •A Drop - Issey Miyake  •Chloé Nomade Lumière d'Egypte d'Égypte  •Elizabeth Arden White Tea  •Gucci Flora Gorgeous Magnolia  What do you think of my collection ?  Anything you'd recommend me ? 😊  Have a good day ! 🪻 ,2026-02-07T11:17:50Z
drop,nft,informal,after,"Hey! So I've got my test scheduled within a week. I have good preparation for the other parts but I don't feel confident enough for speaking especially English with real people. So, I'm looking for a speaking partner with whom I can practice speaking for a week.    I'm available on discord, meet, or zoom. Just drop a comment or directly message me.",2026-02-07T11:17:48Z
drop,nft,informal,after,"Base ability  The user summons a semi-auto gun and he can pick its form (handgun, sniper rifle etc).   The bullet speed /power depends on his output.   The gun can be resummoned in his hand in case he drops it.  DE : Shooting range  The DE prohibits violence. The user and the target(s) are transported in a shooting range. Each person is given the same type of gun and is asked to hit 5 targets in a 200m range in 10 seconds  The winner is the one that manages to hit the most targets the fastest.  For each target hit the winner steals 10% of the other player(s) Current CE and CE output for a maximum of 50% per person.   If the user wins and manages to hit all 5 targets he can now use an automatic weapon.   The effect lasts 5 minutes.",2026-02-07T11:17:47Z
drop,nft,informal,after,"To cut to the chase they have a referral program, here are the rewards  As seen above you get:  €50 in crypto (BTC/ETH/HBAR/SUI/ONDO) from the referral (locked for 180 days)  You can also get 14€ easily with in app quizzes  I will personally add 25€ instant transfer on top(PayPal/revolut/iban or whatever)  Giving you 85€ in rewards.  All that has to be done is KYC and deposit 20€.  Don’t hesitate to drop a text **if interested** for the link. Happy year to all of us",2026-02-07T11:17:41Z
drop,nft,informal,after,"am i all good if i only prepare act 4 thoroughly as per the needs of extract based questions? are there any chances of act 4 appearing this year? i watched a video of amplify learning recently and he mentioned act 4 will certainly be asked this year so i just needed to know what's your take on this. did your teachers say the same? please let me know as my english teacher is absolute dreck. please dont ignore, rather drop a reply🙏🏻",2026-02-07T11:17:23Z
drop,nft,informal,after,I woke up literally not even an hour ago. Not even 30 minutes ago. And legends got a new rarity. That drops on the 11th. Along with ssb Goku and Vegeta. What in the fuck is going on?! ,2026-02-07T11:17:17Z
drop,nft,informal,after,"So basically last year around november, my parents told me to shut off my whatsapp and telegram and I was like permanently grounded until NEET 2026 (though I was on instagram sneakily) so I eventually started writing about things in this one diary my brother got from his coaching (I had another one jo bhar gyi thi) and my dumbass wrote everything in it, every fucking interaction I've ever had and badmouthing about my parents. And they read all of it cuz I didn't hide it well enough, and they confronted me. My mom started with ""This guy told me ki you keep writing things about/to him, and that he is XYZ, and she supported her claim with everything I had written, she lies very well tbh, mujhe lgne lga tha ki mere kisi male friend ne prank kiya hai), I kept denying but then she showed me the diary. I tore all the pages on the spot and started gaslighting her saying 'kisi movie mein dekha hoga', 'gusse mein bola hoga' n all. And the next day I burnt the other diary (I really miss it though lol) Also even before I knew they've read everything, my mom had already confused my ex with this guy in my coaching (who she learnt about from my cousin who's in the same class) and probably even talked to the faculty, I'll never know I also wrote ki mere agle test ki tyari nhi hai and mujhe majorly daant usi baat pe pdi so I really don't know what to think That night I avoided my dad but we live in the same house so *sigh*.. He told me I'm not doing any good to them or myself and shit (My parents prolly thought that's my death note I've written) and that HE HAS PHOTOS of it (I stole his phone and deleted them all after two months) but wtf who does that??  Fast forward to some time ago I got an idea from reddit and developed a script of my own and started writing in this one diary I once used as a rough notebook but it's lowkey the most important piece of stationary I own cuz idk corny reasons. Everything was going well, even chatGPT couldn't decrypt what I'm writing cuz I'm smart hehehe but one day my mom caught me writing in it and asked me what language it is and all. I sort of very rudely told her ""Mera roz roz dimaag kharab matt kra kro"" and it was never brought up again until my mom casually told my brother ""isne toh diary bhardi aisa sab likh likhke"" as a tantrum (factually incorrect but nvm 🥀) So the diary has been lying in this fixed spot with another empty notebook and it sort of rotated suggesting that someone went through it which is scary because my dad could've taken photos again and idk if it's a big deal anymore but ts makes me very anxious when I think about it. It's just too infuriating, idk how to word this exactly.. It's just really bad, i really really hate these people.  TL;DR My parents caught my diary, took photos, confused the characters in it, caught another diary and I'm overly anxious",2026-02-07T11:17:14Z
drop,nft,informal,after,"Folks come on here, ask for advice on which uni, and all they get back is ""All your choices are shit, don't go there"".  Everyone who says this, is a dumbass.  And you're a dumbass because you think university rankings are linear when they actually follow a power law. What's the power law? Its how for every startup that becomes a unicorn there are 10k that fail. Its describes Djokovic continuously winning. Its how the top 3-4 unis get you into top jobs, and after that its pretty damn flat.  Why is it always a Russell grad with a good degree whining about not having a job? Its because they had the biggest miss versus expectation.   Imagine this. The top job in UK right now is quant finance. Go to Oxbridge, do a mathy subject, you have maybe 10% chance of getting 1 interview (dozens of applications). Go to Greenwich and you have 0%. But the Greenwich grad knew that before. Its all the stuck in the middle grads who send in the apps and discover they're not at 8% chance, they are actually at 0.1%. Because grad job offers follow the power law distribution. A small group get all the offers. I met a guy who interned at JPM and then took an offer at Jane Street. Guy had 3 offers in the end. Super nice guy too! Spent no time on Reddit!  Look we know the ex-polys are weak sauce. But the fact is they take on lots of poor kids, a bunch drop out but most graduate. Then they start out as an administration officer somewhere and after a few years they're a manager and they make it into the middle classes. And in these shitty times that's all we're aiming for.  Is it fair that many employers treat the bottom half of Russell Group as rounding error same as unis at the bottom of the table? Nope, but it also explains why you keep getting rejected.​ Number one thing that drives where you do your bachelors is your grades. Number one thing that drives your masters is actually how much money you got to blow. UCL is 30-40k now man!!  When someone asks, which out of these universities they should go to, either talk about the one you went to or just shut the fuck up. You didn't go, admit you don't know.  All else equal, yes you should go as high up the table as your grades allow. At the same time, Icy is right - Warwick is a great university but you've got super high odds of being disappointed. Stop online bullying the guy for being right. A lot of top universities have terrible student satisfaction because everyone is studying non stop, going to the library at 2am and there is zero support. If that is not you, you may what to chose a close-ish university that is more fun.  I know its an obsession around here, but the longer you hold on to your university ranking obsession the more depressed you are going to get. University rankings are like the Austro Hungarian empire. It was a stable place because although the Germans looked down on the Hungarians, the Hungarians looked down on the Croats, and the Croats looked down on the Poles, and the Poles looked down on the Ruthenians. You don't need this. You need independence. Free yourself from uni rankings. Go where suits you best.  Edit - tried to reduce word count. Also I graduated from two top five unis. ",2026-02-07T11:17:14Z
drop,nft,informal,after,"Visits: 2 in Oregon, rest in Illinois  VP: Cheney  1. Forget the U.N. It's about building our own Coalition of the Willing. We can't trust them. If this is going to work, we need our CIA boys making sure that there is popular support for Saddam's removal. Like the Kurds. Make us look like liberators, not conquerors.  2. If this is going to work, the US needs to be the ones calling the shots. We've got troops from all across the world - the United Kingdom, Australia, right? Don't forget Poland. We ought to snuff out any chance of instability quickly.  3. To hell with it. The Taliban keep trying to reach out and negotiate. We have all the cards, and we can remember that. If we can at least stall them, maybe that'll let us get the right intel.  4. What are you talking about? We're still finding plenty of chemical weapons that were capable of being used to create weapons of mass destruction. Tell them about the yellowcake we found. That'll show them.  5. This old bodyguard of his... Omar, right? Heh, yeah. I have a feeling he knows what's going on, maybe he has a lead on Saddam. It's a bit of a gamble, but it's not like we're getting far with his family. Find this guy and you find Saddam.  6. One word: Hell Yeah. Howard Dean is nuts, and if we can lift him up, I'll have a far easier chance at winning re-election. Make sure we can platform him, as subtly as possible.  7. We don't need to focus on domestic policy. We will in this campaign just as we're winning the War on Terror.  8. Aw, I was really hoping to face off against Kerry. But Dean, you know, he's one heck of a liberal. He's talking about socialist healthcare when we need to be focusing on national security.  9. Dick Cheney has been by my side all four years, and despite some of our disagreements on domestic matters, we've shown that reasonable people can reasonably disagree on policy. I'm proud to share a ticket with Dick Cheney.  10. Almost three years ago, America came under attack by those who sought to divide us, and to make us afraid. Instead, we have shown them and the world that America is stronger and more united than ever before.  11. Our campaign must be focused on the War on Terror. We need an administration that will defend us from these new and incoming threats to our way of life, one with a track record of standing up for the American people.  12. Look, I may be hated by the establishment, but I'm loved by the people. Dean has his supporters, but boy, is he divisive. I want to reconnect with the people, have our ads cast a big net.  13. I don't think it'd be wise to get bogged down arguing about education reform when our advantage lies in the War on Terror. Let's focus on other topics instead.  14. The claims made within these documents are not accurate whatsoever. I trust that the facts of the situation shall come out in due time.  15. Our nation was attacked almost three years ago, and we have since advanced our measures to protect our citizens. I stand by every decision my team and I have made over the last few years, as protecting American families remains our top priority.  16. Hispanics may be Democrats, but I don't believe they are socially liberal. They're aligned with us much more on moral values. Faith and family are important, as is protecting the unborn and marriage.  17. Dean's a good debater, but he also shoots from the hip. If we can mess with him, y'know. Maybe he'll crash and burn. Make him feel not respected.  18. We need all the evangelical support we can get, but I also don't want to offend anybody. For now, I think it would be wisest if we focused on other issues. Let's get back to focusing on how to help workers who are working hard to put food on their families.  19. Yeah, I think Dick could lighten up a little. He comes off as tough, y'know, but some people think he's a little too grumpy. He's a swell and smart guy, and I believe he will beat Graham at the debate.   20. Dean's whole campaign is... pessimistic. I want to appear not as arrogant but as above the partisan bickering. I want to ask Dean what he's done to push for bipartisan values.  21. Gun laws? Really? Why waste time focusing on this when we can talk about the War on Terror that we're fighting?  22. I want to thank Governor Kean and Congressman Hamilton for their leadership on the commission. The world is now safer because al-Qaeda is no longer sheltered by Afghanistan and because Saddam Hussein is no longer ruling over Iraq.  23. No way is this getting the green light until the polls close. Tell them to do what they can to keep the peace as long as possible.  24. One Answer  25. Wherever looks weakest.",2026-02-07T11:17:01Z
drop,nft,informal,after,"Title says everything.  For context, I have been a Software Engineering student for two years and a half, I used to work a part-time job at a luxury hotel's restaurant, where I would make $30-40/h an hour net, which varied by day and by shift.  The reason I quit my job was because I had the obligation to give a minimum of 3-days of work per week, which was a little bit too much for a SWE student. I loved the job, I had to drop 1-2 classes per semester so I could keep the job, and I also loved the money.   I also feel incredibly behind because of my job. All the guys around my age and even younger than me have developed bunches of projects, while I have nothing.  Now, I have finally made the executive decision to quit my job and shift my priority onto education, which leads me to having no source of income.  My current investment plan is subdivided into three accounts: TFSA, FHSA, RRSP.  Each account has an auto-investment of $25 on: VTI, XEQT, QQQ, VOO. So $100 per account, and three accounts meaning $300 per week, which also means \~$1200 per month.  My aunt told me something that I found very interesting and I want to agree with, but I'd appreciate the opinion of y'all.  She says: ""In a few years, when you'll be working in the office in your domain, you'll make more money than you are now, and your investments will surpass everything you've invested at this current moment.""  I don't know if it's the right decision, but I want to halt my investments completely until I work again. Let me know what you guys think.",2026-02-07T11:16:39Z
drop,nft,informal,after,"Hey guys, here is my issue. I have been dating this person for 4 years and a bit, and we live together. The last couple months, I felt unhappy. Unhappy about how I was handling things, unhappy how they were acting. They had been looking for a job that fit their education for years, but not proactively and always had some excuse not to look. This really stressed me out.   I am a strong believer in doing “your best”, and I know this looks different for different people. Some people get themselves Phds, other work their way up with jobs they had since highschool. For me, it doesn’t matter what degrees you get, as long as you do work that 1.) you enjoy and 2.) where you can grow. I you are happy as a store manager, you do you. If you want to be a lawyer, get that paper. Even if you are passed the average college age.   It is just that I felt like my partner was not fully investing in themselves. They got a degree, started another, dropped out, and have worked small jobs ever since. We talked often about how unhappy they are about their current job.   And this bothered me. A lot. I got really stressed, threw up every morning before breakfast and got physically and mentally sick. I was feeling like this for months. I didn’t want to see friends, and I felt so bad I felt like this. I love them, but I worried so much. Now, I have been in therapy for almost a year now, mainly for this issue, and my psych always talks about working out, structure and mental rest. I used to be a fairly active person but haven’t set foot in a gym in months because of the sick feeling.   Now, I decided I wanted a break of a month a week ago. To see if I would be happier without them in my direct surroundings. Whenever one of us were gone for the weekend, the stress seemed to become less prominent. I live with a friend for the moment, and my partner still lives in our apartment. And I am noticing some things:  \-          It is quiet in my head. I can concentrate on uni again, I am laughing more and I am really liking this flatmate thing I have going on  \-          I get hungry again. The stress made me not want to eat, and I couldn't eat anything before 11 am due to the nausea. Now, I get hungry every 3 hours, even in the morning.  \-          I feel more sexual again. Because of the stress, I couldn’t perform well for months. Now, in the last couple of days, the works work again and I feel good about this. It feels good to know that I am not ""broken"" in that way  Now, here is the other side:  \-          I feel bad about that I wrote myself out of the narrative. They still love(d) me, and I just walked away. We did have a talk, but I still feel like I just dropped out.  \-          It was a loving relationship, and they helped me out with a lot of things. I miss this support, this love. Our relationship was based on trust, on building yourself up with the other as the base. I dropped this, took this support away for the both of us. I robbed them of a relationship.  Now, here is my question: are these good signs? I still have 3 weeks to go, but I feel much better about myself. I still want to continue therapy, but without them in my surroundings or in my head, most stress seems gone. I do feel bad, not necessarily for myself but mostly for them. What is the best way to handle this? We decided not to contact each other, only in case of emergencies   ",2026-02-07T11:16:38Z
drop,nft,informal,after,"L Shift is NOT a SPRINT, it's a JOG. You sprint with L Alt. It's a DIFFERENT THING.  And yet every YouTuber and half the community, for some god-forsaken reason, keeps calling the default run sprinting, which it is NOT.  I know that the average survival simulation player hasn't run a single mile since they dropped out of middle school, so they wouldn't remember what sprinting looks like, but PLEASE.  I hate you and I wish ten generations of misfortune and suffering upon you.\*  \*in-game",2026-02-07T11:16:34Z
drop,nft,informal,after,hi i'm 18f and have been researching why people drop out of studying psychology. one of these reasons was they didn't realize the length it took for the psychology degree to mean anything and that they just couldn't afford grad school.   do unis not give students loans like they do for undergraduate degrees?,2026-02-07T11:16:21Z
drop,nft,informal,after,"Kinda need to vent because I’m honestly at my wits end with my daughter but if anyone has advice/experience to should it would be appreciated.  I have 3 kids (6m, 4f and 1f) with another on the way. They all have their emotional/defiant/tantrum moments as kids do but my 4yo seems to be on another level and I don’t know how to handle it anymore.  She can be the sweetest most loving kid one moment and completely flip in literal seconds over the tiniest things. For example the kids will be playing with a toy or watching tv and I say to them alright kids lunch time. She goes from laughing while playing to ear piercing screaming while dropping herself to the floor.  When she is in a defiant mood it’s like she can’t even hear you. I could be talking to her about anything doesn’t have to be asking her to do stuff just general conversation and she acts like she can’t hear me. There’s no acknowledgment at all. It’s the same when her siblings or dad talk to her in those moods as well they just get nothing.  She can be violent with her brother for absolutely no reason. He’ll just be playing building legos or something by himself and she’ll walk up and either annoy him by taking his stuff or just straight up hit/push him until he reacts. Then when he finally does react and push her back she’s the one on the floor crying out to me that her brother hurt her. (To be clear he has never done more than push her away and she has never been actually hurt) Even if I witness the whole interaction and try to explain that maybe we should listen when people ask us to stop or leave them alone she will still try to blame her brother whatever happened.  Bedtime is a nightmare. Any mention of bed results in her on floor crying and yelling. It takes hours to get her to sleep and then she will still inevitably wake up halfway through the night and crawl into my bed.  We are probably at about and 20% chance of getting her to eat dinner on any given night. Doesn’t matter if it’s her favourite food like pasta or something boring like meat and veggies. If she doesn’t want to eat she will sit for literal hours at the table not taking a bite. Yelling at anyone who tries to talk to her.  I just don’t know what to do. I feel like we’ve tried everything. We’ve tried ignoring the bad behaviour, she escalates to the point you can’t ignore it anymore. Tried being gentle and understanding. Tried being firm. Tried have calm conversations, she literally laughs in your face while your trying to talk to her about her behaviour. Tried time outs, she will scream in the hallway for hours if you leave her there. Nothing seems to be getting through. I feel helpless.  The kicker is she’s nothing like this at daycare. All of her teachers say she’s a dream and they would have a whole class of her if possible. I’m tearing my hair out because I feel like I’m going crazy since no one outside of home sees this side of her.  And before people ask yes we’ve been to the Dr about the situation and they’ve done a bunch of blood tests and things but nothing has turned up that would explain her behaviour. We are waiting on a referral to a paediatrician but the wait list is so long who knows when we might actually get to see someone.  Anyway if you made it this far into the post thanks for listening to me and I hope you all are doing ok. I’m going to go and try to relax with a cup of tea after another extremely trying bedtime.",2026-02-07T11:16:20Z
drop,nft,informal,after,"Hiroshi was scrolling frantically through his phone, hunting for a backup number, when the air itself seemed to tear open.   Wail. Wail. Wail.   Not one siren.   Many.   He looked up — and his stomach dropped.      Police cruisers screamed into the lot from every direction, tires shrieking as they cut across lanes and skidded into barricade positions. Doors flew open. Officers in tactical vests poured out, unfolding steel barriers with brutal efficiency.      ""What the hell…?"" Hiroshi whispered.      A megaphone crackled.      ""ATTENTION ALL CITIZENS! STAY CLEAR OF THE BUILDING! DO NOT ATTEMPT TO ENTER SATO KOKONOKADO! THIS IS AN ACTIVE CRIME SCENE!""      Shoppers screamed. Carts were abandoned. People scattered like birds.      Hiroshi's lungs forgot how to breathe.      He stumbled out of the car. ""Hey! What's going on?"" he shouted at an officer herding civilians behind squad cars.      ""Back up, sir!"" the officer barked. ""The building is being sealed!""      ""My wife and son are inside!"" Hiroshi yelled, panic cracking his voice in half. ""What is happening?!""      The megaphone answered him.      ""WE HAVE CONFIRMED ARMED YAKUZA INSIDE THE BUILDING. MULTIPLE HOSTAGES TAKEN ON THE SECOND FLOOR. REPEAT: HOSTAGE SITUATION ON THE SECOND FLOOR.""      Second floor.      Where Misae was.      Where Shinnosuke had just gone.      Hiroshi's world went white.      The business call. The parking lot. The sky. None of it mattered anymore.      ""SHIN-CHAN!"" he screamed, sprinting toward the doors. ""SHINNOSUKE! DON'T GO IN!""      He barely made it halfway before two officers tackled him, slamming him into the asphalt.      ""Let me go!"" Hiroshi screamed, thrashing with strength he didn't know he had. ""My son is in there! My wife is in there!""      ""They're armed, sir!"" one officer shouted, pinning his shoulder. ""You can't go in!""      ""I don't care!"" Hiroshi sobbed, face scraping against cold gravel. ""He's eight years old! He's just a kid! Please!""      The officer hesitated — just for a heartbeat — but didn't loosen his grip. ""If he's inside, sir… he's likely already been taken hostage. Tactical teams are mobilizing. You have to stay back. Please stay calm.""      ""Stay… calm?"" Hiroshi whispered brokenly.      He lifted his head and stared at the second-floor windows — dark, reflective, unreadable. Above them, the cheerful blue bird logo glowed against the night sky.      Smiling.      Mocking.     search Action Kamen: Weight of the Mask in Archive of Our Own website",2026-02-07T11:16:05Z
drop,nft,informal,after,Hi! So I haven’t played in a while since the pre order for the newest dlc dropped and I want to get back in but I want to do a complete restart from a new light to the newest dlc as a gunslinger I want to do a solar gunslinger build which I have mostly from my old stuff but I never have been able to get night hawk how would I grind for it and what would be recommended for armor stats/ sub abilities ,2026-02-07T11:16:03Z
drop,nft,informal,after,"What started as a small sketch in our atelier has turned into a special, limited release.  These Rilakkuma bag/luggage tags are fully handcrafted using Conceria Walpier Buttero in rich Whiskey and Cognac — premium Italian vegetable-tanned leather known for its firmness, smooth finish, and beautiful patina over time. Each piece is cut, stitched, and finished by hand, making every tag slightly unique.  This is a one-of-a-kind limited run made exclusively for this drop. Once it’s gone, it won’t be reproduced.  Details:  Premium Italian Buttero leather  Colors: Whiskey & Cognac  Hand cut, hand stitched, hand finished  Rilakkuma design",2026-02-07T11:15:54Z
drop,nft,informal,after,"Rabat feels calm compared to other big cities, so many travelers assume taxis or self-drive will be “easy.” But the real time-wasters in Rabat aren’t chaos, they’re the small delays that stack up: finding decent parking near popular areas, coordinating pickups after a quick stop, and losing momentum when plans shift.  A private driver works better than you’d expect because it turns your day into smooth transitions. Instead of circling for parking or walking back and forth, you can do short stops without turning each one into a mini mission. That’s a big deal if your plan includes a few different areas in the same day, like a museum, a seaside walk, lunch, and then another stop before dinner.  It’s also surprisingly useful for tight timing. If you have a train, airport timing, or business meeting, a driver gives you control: you leave when you want, you keep your bags with you, and you don’t waste time negotiating or searching for the “right” taxi.  **Best use cases in Rabat**  * Multiple short stops in one day * Families or groups (less walking back to the car, easier coordination) * Business or embassy-style schedules where punctuality matters * Days with bags (shopping or arriving/leaving the city)  **What to ask before booking**  * Per hour or per day price (and minimum time) * What “waiting time” includes * Whether fuel/tolls are included * The easiest pickup/drop-off point for your main stops  In a city that already feels relaxed, a private driver isn’t about handling stress, it’s about keeping the day flowing so you enjoy more and manage less.",2026-02-07T11:15:34Z
drop,nft,informal,after,"February is *National Self-Check Month*, a good reminder that your body usually whispers before it yells.  Maybe your sleep’s been off, digestion’s weird, recovery taking longer than usual, sometimes it’s easy to brush off the small stuff. But those are often the early signals that it’s time to adjust something.  This month, we’re encouraging everyone in the community to slow down, check in, and take stock:  * What’s been feeling off (or better)? * What habits or supplements have made the biggest difference for you lately? * Are there any LVLUp formulas that surprised you with how consistent they’ve been?  [Support your body](https://lvluphealth.com/?ref=MOR15)  Small tweaks can lead to big results, especially when it’s about long-term support, not just quick fixes.  Drop your go-to habits, your daily stack, or even a shift in mindset that’s helped lately.   Let’s make this a space to check in with ourselves and each other 💚",2026-02-07T11:15:17Z
drop,nft,informal,after,https://preview.redd.it/bfohnjp432ig1.png?width=2160&format=png&auto=webp&s=6f67926d6f24b839194d0276aa6038d706a2517c  ,2026-02-07T11:15:10Z
drop,nft,informal,after,"# Feb. 7th, 2026~US mineral supply chains remain exposed to China chokehold: See New 2026 USGS report  [US mineral supply chains remain exposed to China chokehold: USGS report - MINING.COM](https://www.mining.com/us-mineral-supply-chains-remain-heavily-exposed-to-china-chokehold-usgs-report/)  [A display of various rare earth elements in labeled containers, showcasing their distinct forms and origins, primarily from China. Stock image.](https://preview.redd.it/h0jg9k1zx1ig1.png?width=1536&format=png&auto=webp&s=c2525ac835f79cca68a435eeafe805eadb5a36fa)  A new report by the US Geological Survey reveals that the United States has grown more reliant on foreign imports of minerals over the past year, highlighting the increased urgency to bolster its domestic supply chains.  In its [annual mineral commodities summary](https://pubs.usgs.gov/periodicals/mcs2026/mcs2026.pdf) published on Friday, the USGS found that the country was 100% import reliant last year for 16 out of the 90 non-fuel commodities that it tracked. In addition, the US relied more than one-half of its apparent consumption for 54 of the minerals, the report showed.  [Credit: USGS](https://preview.redd.it/t3bx3lw1y1ig1.png?width=1024&format=png&auto=webp&s=1d7660d61e3857a7b36f190bad6becab31d873c1)  As highlighted in the report, the United States is totally reliant on its imports of arsenic (all forms), asbestos, cesium, fluorspar, gallium, graphite (natural), indium, manganese, mica (natural), niobium (columbium), rubidium, scandium, strontium, tantalum, titanium (sponge metal) and yttrium. Most of these are on the USGS critical minerals list, with asbestos, mica and strontium being the only absentees.  An additional 20 critical minerals had a net import reliance of greater than 50%, down from 28 in 2024, USGS noted.  # China’s chokehold  For many of the USGS critical minerals, China features prominently as a key supply source, accounting for nearly half of its arsenic and graphite imports, 55% of its antimony, and 70% of rare earths.  “This report underscores just how hard it is to put a dent in China’s decades-long strategy to dominate the world’s minerals markets,” said Rich Nolan, president and CEO of the National Mining Association (NMA), in a press release.  Another leading source of critical minerals is Canada, which supplies the aluminum, gallium, potash and zinc to the US. For copper and silver, which were recently added to the USGS list, Chile and Mexico were the leading import sources respectively.  The USGS report comes at a time when the US government is intensifying efforts to establish a critical minerals supply chain that is independent of China. Earlier this week, the Trump administration unveiled plans for a [$12 billion stockpile of critical minerals](https://www.mining.com/trump-plans-12b-minerals-vault-to-cut-china-reliance/). Vice President JD Vance followed that up by announcing plans to marshal allies into a preferential trade bloc for critical minerals.  “We have an administration and Congress that have united around the need to de-risk our supply chains and reshore minerals production and processing, but it still takes an average of 29 years to bring a mine online in the US,” Nolan said.  “That’s far too long. Quick action by the administration has been key in jumpstarting domestic mining efforts but we need Congress to act on permitting reform to create the kind of lasting certainty that mining companies need in order to make long-term investments in US projects.”  [A few good reads with your morning cup of coffee!](https://reddit.com/link/1qyb8bo/video/zo8z2h96y1ig1/player)  # Mineral commodity summaries 2026  [Mineral commodity summaries 2026 | U.S. Geological Survey](https://www.usgs.gov/publications/mineral-commodity-summaries-2026)  [NioCorp's Elk Creek Mine will produce SEVEN critical minerals- Niobium, Titanium, Scandium, Terbium, Dysprosium, Neodymium, & Praseodymium once financed](https://preview.redd.it/zaguzu8jy1ig1.png?width=1152&format=png&auto=webp&s=49923dd69a78406be4d8064b72b93db07480ddfa)  https://preview.redd.it/m4kscc3302ig1.png?width=1182&format=png&auto=webp&s=636864eb0379f3defeaa2bef71493b3b86d7c5f1  https://preview.redd.it/n0j7l2uty1ig1.png?width=1179&format=png&auto=webp&s=292ffe87db5554473fbde45aa049333ecbc4a33a  **See also:**  # Nov. 7th, 2025 ~Interior Department releases final 2025 List of Critical Minerals  [Interior Department releases final 2025 List of Critical Minerals | U.S. Department of the Interior](https://www.doi.gov/pressreleases/interior-department-releases-final-2025-list-critical-minerals)  https://preview.redd.it/4ovfx93rz1ig1.png?width=600&format=png&auto=webp&s=f912addd380a92d690e7ffa549dcf27699db4f5d  # Plus: Methodology for the 2025 List of Critical Minerals   [What are Critical Minerals? | U.S. Geological Survey](https://www.usgs.gov/programs/mineral-resources-program/science/what-are-critical-minerals-0)  https://preview.redd.it/50joz3eyz1ig1.png?width=1080&format=png&auto=webp&s=c99d2bd8d602ca5821a05838287e8a6e8352761d  # FORM YOUR OWN OPINIONS & CONCLUSIONS ABOVE:  # ✅ Positioned at the center of the U.S. Critical Minerals strategy, NioCorp’s Elk Creek Project offers:  * Multiple \*\*\***Top 10 USGS-listed minerals = (\*\*\*Niobium, Terbium & Dysprosium)** * **Supply chain independence from China & Russia** * Vertical integration across mining, advanced processing, and **future recycling** * Alignment with the **MCS (Multilateral Commercial Stockpile)**, **DoD offtakes**, **EXIM funding**, and a **DFARs compliant U.S. secure, domestic, generational source located in Nebraska!**  # 🧩 Strategic Fit Across Federal Frameworks  |**Mineral / Capability**|**2025 USGS List**|**Hoover MCS Tier**|**Strategic Relevance**|**NioCorp Role**| |:-|:-|:-|:-|:-| || |||||| |**Niobium (Nb)**|**Top 10**✅|**High Priority**✅|Superalloys for defense, aerospace, SMRs, EVs|**Primary product**✅ (FeNb)| |**Dysprosium (Dy)**|**Top 10**✅|**High Priority**✅|Permanent magnets – EVs, wind, military systems|🔄 Future REE by-product| |**Terbium (Tb)**|**Top 10**✅|**High Priority**✅|High-efficiency magnets for EVs and defense|🔄 Future REE by-product| |**Titanium (Ti/TiCl₄)**|✅ Listed|**High Priority**✅|**SMR materials** Aerospace, defense, pigment-grade Ti —|**Strategic TiCl₄ output planned**🔄| |**Scandium (Sc)**|✅ Listed|**High Priority**✅|Lightweight alloys – defense, EVs, aerospace|**Primary product**✅| |**Sc-Al Alloy (Project PIVOT) & LOCKHEED/DoD & others**|⚙️ Value-Added Vertical|⚙️ Supports Defense Goals ScAl alloys with Defense Primes|Used in EV chassis, airframes, **and lightweight military systems**|\*\*\*\*In-house alloy production planned\*\*✅| |**Neodymium/Praseodymium (Nd/Pr)**|✅ Listed|**High Priority**✅|Core magnets for EVs, drones, missiles, SMRs|🔄 Future by-products| |**Magnet REE Recycling / Separation**|♻️ Critical Innovation|♻️ MCS-aligned strategy|Reduces dependence on Chinese-processed REEs; aligns with DoD & DOE innovation goals|**Planned vertical integration**🔄|  # NioCorp: The Strategic Basket  NioCorp’s Elk Creek Project isn’t just another mine — it’s a **national industrial base reset button**. With the U.S. defense and aerospace sector exposed to foreign choke points, Elk Creek’s mix of critical minerals lines up squarely with Pentagon and DOE priorities.  # 🔑 The Mineral Arsenal  * **Niobium (Nb)** – The *quiet giant*. From jet engines to superconductors, SMRs, and quantum systems, niobium is the alloy enabler. Elk Creek could supply a good portion — potentially all — of U.S. needs, ending dependence on Brazil. * **Titanium (Ti & TiCl₄)** – Backbone of airframes, missiles, and armor plating. TiCl₄ doubles as a coatings precursor and is integral to stealth systems and chemical defense. A secure U.S. feedstock is essential. * **Scandium (Sc & Sc-Al alloys)** – *The game-changer. Sc-Al alloys cut aircraft weight, extend combat radius, and enable Gen VI fighter designs. First scandium metal is targeted for November, with a DoD prime already working alongside NioCorp.* * **Rare Earths (Nd/Pr, Dy, Tb)** – The permanent magnet core for F-35s, drones, EVs, and Navy ships. *Without them, electrification and defense propulsion grind to a halt. Elk Creek adds a U.S. stream for the most critical magnet REEs.*  [Top-10 USGS critical minerals like Niobium, Dysprosium, and Terbium, plus Scandium, Titanium\/TiCl₄, and magnet REEs \(Nd\/Pr\). That’s a full-spectrum industrial basket tied directly to defense, aerospace, EVs, SMRs, drones, missiles, and AI-era manufacturing.](https://reddit.com/link/1qyb8bo/video/l8toe8pa12ig1/player)  **🔥 The USGS 2026 CONFIRMS IT: America’s Critical Minerals Problem Isn’t Mining — It’s CHINA… and Elk Creek is the U.S. Reset Button**  The **2026 USGS Mineral Commodity Summary** just dropped and it basically screams what we’ve all been saying for years: **the U.S. is still dangerously exposed to China across the critical mineral supply chain** — not just in mining, but in **processing, refining, magnet-grade separation, and downstream control.** The chokehold is real, it’s decades deep, and the report makes it crystal clear that the “cheap and fast” era is over. The U.S. now has one job: **secure domestic + allied supply chains or lose industrial sovereignty.**  Now here’s the part retail is missing while NioCorp trades at $6 like it’s a penny stock: **Elk Creek is literally positioned in the dead center of this entire national strategy.** Not one mineral. Not two. **Seven.** And not fringe ones either — we’re talking **Top-10 USGS critical minerals** like **Niobium, Dysprosium, and Terbium**, plus **Scandium, Titanium/TiCl₄, and magnet REEs (Nd/Pr).** That’s a full-spectrum industrial basket tied directly to **defense, aerospace, EVs, SMRs, drones, missiles, and AI-era manufacturing.**  **This is why the timing matters: Project Vault + FORGE + EXIM** weren’t launched for fun. They were launched because Washington finally realized the market cannot solve this alone. **Vault is the stockpile mechanism. FORGE is the allied pricing + trade-zone mechanism. EXIM is the financing weapon. And Elk Creek fits ALL of it:** **DFARS-compliant, domestic, secure, generational**, and designed for **vertical integration — mining → processing → metals → alloys → (future) recycling.** That’s exactly what Rubio and Vance were talking about when they said it’s not enough to mine — **you have to process.**  [Elk Creek fits ALL of it: DFARS-compliant, domestic, secure, generational, and designed for vertical integration — mining → processing → metals → alloys → \(future\) recycling.](https://reddit.com/link/1qyb8bo/video/pbjb0u9m12ig1/player)  And this is where the “Saudi Arabia of Scandium” line stops being hype and starts being policy reality. Scandium is listed. Scandium is high priority. And Sc-Al alloy isn’t a science project anymore — it’s a **DoD + Prime-level requirement** if the U.S. is serious about next-gen airframes, range extension, weight reduction, and high-performance systems. **If scandium gets swept into price floors or stockpile logic like the 2025 Rio/DLA-style deal level, Elk Creek becomes bankable overnight. That’s not retail excitement — that’s literally how EXIM underwriting works.**  [Sc-Al alloy isn’t a science project anymore — it’s a DoD + Prime-level requirement if the U.S. is serious about next-gen airframes, range extension, weight reduction, and high-performance systems. If scandium gets swept into price floors or stockpile logic like the 2025 Rio\/DLA-style deal level, Elk Creek becomes bankable overnight.](https://reddit.com/link/1qyb8bo/video/sjii23uy12ig1/player)  **Bottom line:** **The USGS 2026 report is a public admission that the U.S. is still stuck in the danger zone —** and the Trump admin response is the most aggressive supply chain repositioning since the Cold War. **Project Vault is the warehouse. FORGE is the alliance engine. EXIM is the funding cannon.** And Elk Creek is the kind of domestic “strategic basket” project that gets plugged into all three.  [NioCorp is Engaged & Rolling.. \\""The Elk Creek story is about to hit the catalyst stack like a freight train...All Aboard!!\\""](https://reddit.com/link/1qyb8bo/video/yigxpbdj22ig1/player)  And here’s the part Wall Street is STILL sleeping on: **the Elk Creek story is about to hit the catalyst stack like a freight train** — **Scandium-Aluminum alloy reveal is imminent**, **March DFS is the hard-reset moment**, and once the numbers are stamped, **offtakes don’t “maybe” happen… they HAVE to happen** because Vault/FORGE/EXIM just turned critical minerals into a national security procurement lane, not a commodity gamble. Add in what Smith already confirmed — **NioCorp was in D.C., met with EXIM, and has mid-2026 FID telegraphed** — and you’re looking at the exact setup where a $6 stock can reprice violently when the market finally realizes this isn’t a junior miner anymore… it’s a U.S. industrial base buildout. **Because in Mark Smith’s words: “Elk Creek is a National Strategic Asset.” Period!**  **Staying tuned with many for more material news as it becomes available...**  **Chico**",2026-02-07T11:14:40Z
drop,nft,informal,after,"I’ve spent the last 12 years working in the onboarding space, helping SaaS companies, startups, and product teams optimize their trial-to-paid conversion rates. I’ve seen firsthand what works and what doesn’t when crafting smooth, impactful user onboarding experiences.  If you’re struggling to convert more users after they sign up, drop your trial signup page in the comments. I’ll sign up, review your flow, and send you one actionable tip to improve your onboarding process or give you general feedback.  Why am I doing this? Reddit has been an incredible resource for me - not just for learning and personal growth but also for helping me shape and improve my own product, Inline Manual, which helps teams build guided onboarding flows. The feedback and insights I’ve gained here have been invaluable. Now, I’d like to give something back.  ☝️ Only if you have a web SaaS with a free trial or freemium (no CC required) I can sign up for. No mobile apps please.",2026-02-07T11:14:32Z
drop,nft,informal,after,"Hey devs,  I do the occasional YouTube video for my strategy videogames podcast and with Nextfest coming up I wanted to do one about strategy games which will be featured at the event. If you have a game that is gonna be featured drop me a link and let me know if you would like to have a chat about it.   Cheers!",2026-02-07T11:14:31Z
drop,nft,informal,after,"Hello!   I wanted to share my success story of how I saved a dying Australian Wolf spider since I'm pretty amazed that I did it.  I found the pretty large female curled up on the floor of our garage and thought it was dead or dying, but when it still fought me off I thought that maybe it was just preparing to molt so I put it in a container and took it I side so I could watch it and give it some humidity since its been so dry and hot where I live.  The next day I saw that she was still curled up but she had flipped herself over so she was clearly still alive. Later that day she was moving around a bit, she was moving like she was drunk and kept tipping over so I thought I might try feed her some water. At first she wasnt happy with me putting anything near her but I managed to put a drop if water on the tip of my feeding tweezers and dad it onto tye hairs of her fangs. I watched in real time as she sucked the water up! It was so cute! So I gave her several more drops which she drank down pretty fast, the left her alone.  The next day she had much more energy, moving around, rearing up at my tweezers so I dropped a millworm in for her which she attacked immediately! Her abdomen was pretty small when I found her but from the water and food it was twice the size now.  A I came back a few hours later after she finished eating and she had full energy back! She was moving around, wasnt acting drunk and she was fast again.   I just released her just moments ago and she eagerly ran out of the container and took off into the grass.  I was so delighted and amazed that I actually just nursed this dying spider back to full health over 3 days and had to share it!  The photo shows the water drop being drank, it was so cute watching it get smaller as she drank it up😆",2026-02-07T11:14:18Z
drop,nft,informal,after,"Most perp DEXs today tie your deposit, trading, and withdrawal to one on-chain identity. Want privacy? You mix first, then hop to a DEX — extra steps, extra chains, and linkability you have to work around.  We’re building the opposite: Novaperp, a perp DEX on Novaperp Chain, an L1 where the default unit of account is anonymous balance. One deposit target, one balance, one withdrawal. No “mix first.” No KYC, no sign-up — wallet-only. The chain is built so deposit, trade, and withdraw aren’t linkable by design. Privacy isn’t bolted on; it’s the base layer.  Novaperp Chain runs a sovereign stack: own consensus (NovaBFT), native matching (NovaCore), and EVM layer (NovaEVM) in the same block. One chain, one block, one source of truth. At launch we’re targeting 30 USD-quoted perp markets, CLOB + reserve, same-block oracle, and transparent execution. Your keys, your trades — and the full flow stays untraceable.  We’re the team building this. Launching when we’re ready and audited; no token or listing promises. Happy to answer questions.  I'll drop the one-pager and FAQ in the first comment.",2026-02-07T11:14:17Z
drop,nft,informal,after,"So I usually use this “deadlift machine” for shrugs but always hated to bent over and pick up the weight and doing standing shrugs.   I decided to add a box to it and do it seated and I’m loving it. No awkward lift off, no stress on the lower back, also less room for cheating and I don’t have to bent down to drop the weight.  Highly recommening this to anyone who likes to do shrugs. ",2026-02-07T11:13:52Z
drop,nft,informal,after,I returned to my pc after macroing and found this? Please note that my tunnel bear and stump snail were turned off.,2026-02-07T11:13:48Z
drop,nft,informal,after,"https://preview.redd.it/ievls0ao2zhg1.png?width=1536&format=png&auto=webp&s=6d318398859ec386f99a8154a3fabf708ae38630  Rabat is calmer than some Moroccan cities, but a day can still slip away if you’re juggling pickups, parking, and “one more quick stop.” A private driver keeps your schedule clean because you don’t lose time circling for parking near popular areas or walking back and forth between stops, your day becomes simple: drop-off, enjoy the stop, pickup, move on.  **Where a driver saves the most time in Rabat**  * Short stops that would normally require parking (cafés, viewpoints, quick shopping) * Areas with busy parking at certain hours (waterfront spots, central districts) * Tight timing days (airport/train, meetings, dinner reservations)  **Best use cases**  * Multiple stops in one day (old town + a museum + lunch + seaside walk) * Family or groups who want less walking and easier coordination * Business trips where being on time matters more than “figuring it out”  **What to ask before you book**  * Is it priced per hour or per day (and minimum time)? * What counts as waiting time? * Are fuel/tolls included? * What’s the easiest pickup/drop-off spot for your hotel and main stops?  In Rabat, a private driver isn’t about navigating chaos, it’s about keeping a relaxed city day smooth, punctual, and low-effort.",2026-02-07T11:13:31Z
drop,nft,informal,after,I've maneged to find all pieces of set except the chest part. Set parts droped in these location marked in map but the chest piece doest want to drop.  Top left of the corner silver chest in the dragon bones emerging from shroud (or failing to shroud) droped the helmet.   Umbar hollows gold chest canal where you found carpenter? tools.   Buried gold chest in a grave near tower where you found dog with undeads.   Surat rest gold chest where you find villiger soul and silver chest top one of the building dropped the foot piece.   Gold chest smoldering pit next to shroud root.   Lupas lair gold chest.  Is there any more good places to farm?  https://preview.redd.it/8c8hjp9232ig1.jpg?width=2560&format=pjpg&auto=webp&s=ad2a1d527f9243a211b2e3d5c2e80fc365063a4d  https://preview.redd.it/24jkvaw432ig1.jpg?width=2560&format=pjpg&auto=webp&s=62d2fb9a3d9a32f06960cf97aa8095d9decb6822  ,2026-02-07T11:13:27Z
drop,nft,informal,after,I have boards on 10feb but couldn't move on please help I'm a 12thie and don't wanna have a drop due to boards ,2026-02-07T11:13:22Z
drop,nft,informal,after,"We are all aware that Lucy Letby was found guilty. What follows isn’t an attempt to relitigate the verdict, but to look at the state of the neonatal unit itself, using the regulator’s own words, because that context is often missing from the discussion.  I want to point something out that keeps getting brushed past: the condition of the neonatal unit itself, according to the CQC. This isn’t hindsight or theory. It’s straight from the CQC report.  There’s an assumption floating around that the unit was basically functioning normally and that everything only went wrong because of one person. That assumption doesn’t really survive contact with what the CQC actually wrote.  To start with, the neonatal unit wasn’t meeting national staffing standards. The CQC said outright that “staffing within the neonatal unit did not meet standards of staffing recommended by the British Association of Perinatal Medicine (BAPM)” (p.113).   This wasn’t treated as a short-term problem either. Staffing on the unit was “recorded as a high risk on the divisional risk register” (p.113), and that risk had been sitting there “since 01/09/12” (p.113).   By January 2016, even the skill mix was off. The CQC noted that “the ratio of qualified to unqualified staff on the neonatal unit was 73% to 27% compared to 80:20 as recommended by BAPM” (p.113). This wasn’t just a box-ticking issue. Between January 2015 and January 2016, “11 incidents were recorded that related to acuity of patients and staffing breaching BAPM standards” (p.113), and during that same period the unit was “closed to admissions on seven occasions” (p.113).  That doesn’t describe a stable service.  On top of that, there were clear planning and governance gaps. Despite the known staffing risk, managers told the CQC that “there was no winter management plan specifically for the children’s unit” (p.114). At the same time, a monitoring system had been dropped — “the System to Escalate and Monitor (STEAM) acuity tool had been trialled however, this was no longer used and no other acuity tool had been replaced” (p.112). So an already pressured neonatal unit was running without a proper way to track acuity.  The physical environment wasn’t great either. The CQC recorded that the unit “lacked storage space resulting in equipment such as cots and incubators being stored on the corridor” (p.108).   There was also “a door from a staff rest room on the neonatal unit that led to an internal courtyard \\\[that\\\] was unable to be secured” (p.108), and “doors to storage rooms were left open… despite having clear signs that indicated they were fire doors” (p.108).  Basic safety processes weren’t always being followed.   The CQC noted that although resuscitation equipment was present, “records indicated that daily checks of the oxygen, suction and the defibrillator were not consistently completed” (p.109). There were also medicines issues, with “eight occasions… when the controlled drugs had not been checked daily… as per trust policy” (p.109).  All of this fed into regulatory non-compliance. The CQC said plainly that “there were not always sufficient numbers of suitably qualified, competent, skilled and experienced persons deployed to meet the needs of the patients… including neonatal services” (p.151).  Taken together, this paints a picture of systemic problems — not a well-run unit suddenly derailed by one individual. These issues existed beforehand, were known to management, logged on risk registers, and not resolved. The unit carried on operating anyway.  Against that background, it’s reasonable to question whether responsibility has been pushed too far onto one person rather than being shared with a system that was already failing in documented ways. Healthcare has a long history of doing that when deeper questions about management, governance, and staffing become uncomfortable.  This isn’t a claim about individual guilt or innocence. It’s about acknowledging that the regulator documented serious, longstanding failures in staffing, governance, safety checks, and planning on the neonatal unit. Ignoring that context and treating the system as fundamentally sound until everything was attributed to one person risks oversimplifying what the CQC itself described as a service operating under sustained strain.  Reference:  Care Quality Commission (2016), The Countess of Chester Hospital NHS Foundation Trust – Quality Report, published 29/06/2016.  For completeness, the CQC rated children’s services (including neonatal care) as “Good”, while the hospital overall was rated “Requires Improvement”, reflecting wider organisational concerns around staffing, governance, and safety systems.",2026-02-07T11:13:03Z
drop,nft,informal,after,"As it says in the title,  i'm making a ""Drag&Drop"" app creator, and i want to compile my single HTML file into WebView Android application.  i can do it manually, i can automate it on my local Computer, BUT MY QUESTION IS how to do it in the cloud?     i hear about freamworks like Apache Cordova and other services but i really got nervous, does it require an Cloud Server that relays on OS like windows linux macos???  or a simple Shared-Hosting / VPS-Host can do the job??  or is there a websites that offers this process via API? instead of renting a host and setting up everything from scratch?  Thanks in advance for taking the time to review my issue. Your assistance is greatly appreciated :)     Note: if anyone have a background to do the same into IOS i'll appreciate it.",2026-02-07T11:12:46Z
drop,nft,informal,after,"Hellooo, let's playyyy codm. Drop your UID or just dm me!! Any gender is fine!! ",2026-02-07T11:12:29Z
drop,nft,informal,after,"&#x200B;  The ""so called"" experts like Tom Lee, who never saw the BTC top or this crash coming continue to tell us that BTC is going to make new  highs. Just as Tom Lee & others told us BTC would be at $200K to $250K by the end of 2025. Now they are moving their predictions into 2026, just as I predicted they would do. Tom Lee did this  at the last Bitcoin top, the last time he predicted BTC would reach $200K by the end of 2022. BTC ended up crashing to $15K by the end of 2022, not rising to $200K.   So far, I've called the day of the Bitcoin top on October 6, 2025. I predicted a 40% to 50% crash to kick off the bear market (which isn't done yet) as BTC has done in the past. I was correct about the top & the crash. BTC has crash 36% so far.   BTC will drop to the 200 week moving average (MA) before bottoming, then rally up in a bear market rally back to the 50 week MA for bear market rally. After that the bottom will fall out of BTC and it will drop 80% to 90% from the top. All the bear markets for BTC have been around 80% to 90%.   The previous lows in 2018 & 2020 could be pointing to the next bottom, just as the previous two peaks in 2021 were pointing to the next top. I think that is likely to happen given a recession is about to start and soon we will have another banking crisis.   They scoffed at me when I posted similar charts like this at the top, but I was right, Bitcoin crashed 36%. If you think BTC has bottom and is now going to new highs, you're wrong. BTC has confirmed a bear market by getting two consecutive closes below the 50 week MA. BTC has never moved to new highs after confirming a bear market without first moving back to the 200 week MA.  The 200 week MA is currently at around 57K, so I think BTC drops 50% to 53% before bottoming and getting a big bear market rally back up to the 50 week MA for a test.   The red bar images are a clone of the last bear market, a 78% crash, with the tail end of the 2018 bear market added  to it for an extended bear market that goes into 2027  for a whopping 90% crash.  Lastly, the long term timeframes have confirmed a bear market, but the herd's hopes continue to run high as the experts move their new all time high targets for BTC into 2026 after they failed to materialize by the end of 2025. After the next big drop to the 200 week MA, we will have a massive bear market rally that will convince everyone that the crash is over. It's not! It will only be a bear market rally.   $BTC #BTC #BTCNews #Bitcoin $BTCUSD #BTCUSD",2026-02-07T11:12:25Z
drop,nft,informal,after,"Hi! I'm Sadie, the heart of Sadie's Universe. I've been reading Tarot and Lenormand for a while now and Its incredible how I can provide clarity and guidance to those who needs it most. I'm sharing this gift now through my in-depth and lovingly created works. Every reading I offer is a mirror to your soul and I'm here to illuminate it with light and love with your higher self.  ✅ Verified Reader of r/TarotReading & r/inclusivetarot  📌 BOOKING A READING:  •	⁠For those who wants to self-book, you can access this link to do that.  SELF BOOK FORM: https://forms.gle/3AVcWf3yj2Lkvt3M7  •	⁠For those who needs consultation, drop me a DM first before booking.  •	⁠For Payments, I accept BuyMeACoffee. My BuyMeACoffee Link can be found in the Self-Book Form.",2026-02-07T11:12:10Z
drop,nft,informal,after,Current BBT showing two low temps this morning and yesterday. My pregnancy test lines also aren't getting much darker? ☹️,2026-02-07T11:12:01Z
drop,nft,informal,after,"I use my own model to arrive at ""cheapness"" versus the dominant Black Scholes Merton model which is used in the industry. The ""rank"" is my own high level grouping of the mispricing, where higher numbers are better.  Last week the algo resulted in a few alerts, and...drum roll...I would love to tell you that I 5X-ed my account but I did not trade any of those options, and it was a big miss. Instead I traded a META call expiring on Monday, which ended up being an immediate loser. The lesson is to diversify and make these trades equally weighted using spreads so that no single trade can hurt you.  People have asked me how I trade these, and here are some of my own guidelines:  1. Trade small, and if you want to trade even smaller, then buy a vertical call spread, and make them equally weighted in dollar terms.. 2. Never double down - if the trade does not work, close it or roll it, and do not throw good money after bad 3. If the stock drops before you enter the trade, move down a strike, or do not trade the option at all 4. Treat them as a diversified basket but take quick profits at your profit target, as we all have different risk/return profiles and appetites  Here are the cheap calls for watching this week:  **Date, Symbol $Strike, Exp Date, Bid/Ask, Rank: Value Price**  02/06/2026, BRK.B $510, 02/13/2026, 2.09/2.32, Rank: 2  02/06/2026, VZ $46.5, 02/13/2026, 0.49/0.55, Rank: 1  02/06/2026, ABT $111, 02/13/2026, 0.75/0.85, Rank: 1  The data is as of midday on Friday so some of them have already moved in either direction. I do not have positions in any of these calls, so stay tuned for an update.  Here are my trades in BRK/B and ABT, and I decided to not trade VZ. Note that this week I started out with spreads to reduce the cost basis even further with a deeper OTM call. Do your own research and formulate your own trades.  https://preview.redd.it/p9w3vulg22ig1.png?width=769&format=png&auto=webp&s=f5a5f398d01946c186fc0c970120b983557c04f6  https://preview.redd.it/ap6euhaj22ig1.png?width=768&format=png&auto=webp&s=446612bde76501458e479b5cb04459f1baa545a2  ",2026-02-07T11:11:43Z
drop,nft,informal,after,"I've been browsing through this reddit a lot. One thing I've always noticed is that a lot of powerscalers, if not, most powerscalers are afraid of changing their stances. When someone does change their stances, they're slandered for changing their stances.  Question, what do we do here if not to discuss and change people's minds or change our minds on certain opinions? Are we just here to argue? I've always been against egoing it out and brick walling. A lot of my takes have been horrible before. But so many people hate the concept of growth and development, yet hate when you are ignorant or ""wrong"".  I remember in the middle of *that* fight, *that guy* disproved the ""that guy fed *that guy* out of mercy"" agenda. I went and took a screenshot of someone's badly aged post that titled ""How it feels betting against *that guy* at *that arc*"" where it states a whole bunch of badly aged and outright debunked predictions. I brought it to the posters attention, and they pretty much stood on their ignorance and brick walled any conversation from happening. To top it all off, he then called me out for changing my views on a topic. The ego of a powerscaler.  Today I made a post. I was saying some things about the Old Gen, someone commented. Not going to say names, but it's a familiar face of an agenda. Their takes were bad, I called it out, and they took accountability of it and realized they were wrong and they humbly evolved past that. They did not ego it out. They simply were. The humble of a powerscaler.  Some folks don't understand what the assignment is. And more folks do not understand what humility is. The powerscaler who ego'd me continuously brings up how I had ""fallen off"", as if this is a career? The one who took humility simply was. He did not fight it. He simply continued life and continued the hunt for more information.  Why I made this analysis is to share to you why not to get so caught up on powerscaling. Have humility, be able to learn and change, grow and mature your thoughts, engage in discussions fairly, and drop the ego. I've made the same mistakes before, I am not above this. I am merely calling out what I've observed and experienced first hand. You aren't a fraud, you aren't stupid, you aren't a coward for changing your stances or growing from it. It actually takes maturity to realize you were wrong and move on than to ego it out. Remain moving, resist stagnation, continue learning, or you'll end up with the ego of a powerscaler.",2026-02-07T11:11:42Z
drop,nft,informal,after,"Hey Glamirdip fam, just a quick heads-up that there’s a sitewide promo happening right now with up to **30% off** (yep, time to stock up if your cart’s been waiting!).  If you’ve been eyeing new shades or need a refill on a fave, now’s a solid time. And to make this even more fun…  ✨ **Let’s turn this into a mani inspo thread!**   Drop a pic of your current set (or one you loved), and let us know:  * What color(s) did you use? * Any combos that turned out better than expected? * Tips for finish or wear?  [Access to the Sale](https://www.glamrdip.co.uk/MOR36095)  Let’s help each other get ideas while this sale’s live, because nothing beats a discount *and* knowing what actually looks amazing on real nails 💖  ",2026-02-07T11:11:39Z
drop,nft,informal,after,"Greetings fellow duardin!      I'm making a list (below), and I have a dilemma. I'm considering:    A. Remove my War ​Despot, convert my Ghyran Cohort with Blades into a normal Cohort with Blades. Then, reinforce the unit of Razers with Blunderbusses.   ​B. Keep my list as it is.     List:  HoH 2k 1990/2000 pts  Helsmiths of Hashut Industrial Polluters General's Handbook 2025-26 Drops: 3 Spell Lore - Lore of Infernal Power Prayer Lore - Prayers of the Scorched Sect Manifestation Lore - Forbidden Power (20 Points)  Battle Tactic Cards: Intercept and Recover, Master The Paths  General's Regiment Urak Taar, the First Daemonsmith (350)  • General Bull Centaurs (380)  • Reinforced Infernal Cohort with Hashutite Spears (220)  • Reinforced War Despot (90)  • An Eye for Weakness  Regiment 1 Daemonsmith (110)  • Crucible of Spite Dominator Engine with Bane Maces (160)  • Greed Pistons Dominator Engine with Immolation Cannons (190)  Regiment 2 Ashen Elder (120) Infernal Razers with Blunderbusses (110) Scourge of Ghyran Infernal Cohort with Hashutite Blades (110) Tormentor Bombard (130)   Created with Warhammer Age of Sigmar: The App App: 1.25.0 | Data: 380 ",2026-02-07T11:11:21Z
drop,nft,informal,after,At this point I'm convinced that it's not just me - plenty of cultivation novels really lose their momentum and significantly drop in quality once MC ascends.  I don't expect some literary masterpiece but it simply isn't fun to read a 1:1 repeat of the mortal arc or witness the complete character assassination of MC bc author suddenly turns him into the most boring version of your typical entitled xianxia MC despite the fact that it goes against his established values. ,2026-02-07T11:10:56Z
drop,nft,informal,after,"I don't want to be reactionary or anything, but am I the only one who has noticed the drop in quality of laliga teams this year? I mean we were declining each year but last year for example I saw teams like Athletic Bilbao be an actual threat whenever you faced them, now, they really struggle a lot to be competitive. Same with teams like Betis, Villareal, Real Sociedad... I thought that both Villa and Athletic Bilbao were going to have good runs into the UCL at least making it to play-offs but apparently not. I don't know, just thinking the other day how Atlético best Betis, one of the bigger teams in laliga 5-0 at home despite Atléticos recent performances...It just looks to me like the players are tired, like they can't give out the same as before.   maybe I'm wrong exaggerating or crazy...But I genuinle feel like there has been a judge drop in quality this year compared to last year.",2026-02-07T11:10:54Z
drop,nft,informal,after,"Age: 33 Height: 5ft 6inches Weight: 12 stone Very rarely drink alcohol (1 baileys every 4 months probably!) Don't smoke / do drugs I do daily walks (30 mins to an hour) but dont do much more exercise- mainly because im feeling crap with a migraine!  Ive had migraines since I was 14/15. Likely linked to stress, maybe caffeine, but almost definitely linked to hormones (back when i had periods, it was usually 1 or 2 days before I came on)  I've been on the injection for maybe 4 years for this, having maybe 1/2 migraines a month which rizatriptan really helped with.  I don't like having drugs or anything in my system, unless needed, so I figured I would try and come off the injection to see if it was actually helping, plus I've heard that long term use can lead to side other issues. I was also struggling to lose weight and apparently the injection can hinder that.  I've been off the injection for 2 months (my last injection was at the start of September, they last for 3 months) and ive gone from 1/2 migraines per month to 1/2 per week. I haven't had any periods since coming off the injection yet.  I don't want to take too much rizatriptan in case it causes rebound headaches so I've just been struggling through it a lot.  I did have a conversation with 1 doctor (before coming off the injections) and she said that, if the migraines come back when I'm off the injections, the coil might be a better alternative because it controls the hormones but apparently its not as strong as the injection.  My question is: how long should I wait before going with the coil? I dont know if my migraines now are because of 1- coming off the injection, meaning this is my ""baseline"" hormones. Or 2- coming off the injections might cause a spike/ drop in hormones? So these migraines might be a temporary thing, in which case i could maybe just wait a few months and they might settle down?  I have tried amitryptelene previously- I put on a load of weight (which i still can't really shift!) and it had no impact on my migraines. The one doctor did say i could try propranolol as a preventative but I do have other problems which are hormone related (sebaceous cysts and ulcers at certain times in my cycle), so if I do take any preventative, I would rather go with a hormonal method as it might help with more than just the migraines ",2026-02-07T11:10:19Z
drop,nft,informal,after,"Hey guys, 23 F here I'm a masters student in Delhi and I'm planning to learn a new hobby,  maybe swimming, or playing guitar, joining a reading club, leaning a new sports or anything. Please drop me ideas in the comment box. Any place around Rajouri/Tilak nagar/Janakpuri would be the best for me. P.S- Kindly recommend the places which are safe for women. Thanks!",2026-02-07T11:10:07Z
drop,nft,informal,after,"I should preface this by sharing that this is not necessarily about me as I already think I have the answer.  I came to France in 2022 went to Parsons Paris (an American school) for a master. I finished in 2025 and got a one year extension, still as a student, to do an internship. I don’t qualify for the RECE visa as my degree is not recognized by the French accreditation system. My French level is A2ish. I have struggled really hard picking up the language. Most of my friends and classmates are all international so our common language is English. I have interviewed at some very decent places (for a stage) but the language always holds me back and I don’t get the roles. I have a decent resume though. I had very decent jobs in the US before I moved here and I worked at my school while I was finishing my thesis and I’ve done some unpaid internships here and there. I’m very realistic about my situation and know that being in fashion, I’m not getting a sponsorship. There are literally hundreds of people in my exact situation who don’t even have half the obstacles I’m facing and who are better qualified. I do have a partner. He’s not French. He’s German so still EU and we’ve been together for over a year and moving in next month. I’ll likely end up marrying him and we’re both older so probably by the end of this year. And hopefully as I work on my French and no longer have visa restrictions, my professional life will also improve.  Now this is what my post is about. I have a friend who is in a similar position as I am (she’s not EU or American - she’s from the ME). She’s been here about two years. She was actually able to get the RECE after her master because the school she went to, IFA, is a French institution so she has that and looking for jobs. She is 10 years younger than me and has no work experience and every time I give her advice about all the immigration hurdles and whatnot, she gets very defensive and dismisses everything I am saying and simply says, I get everything I manifest… so I just end up kind of dropping the whole thing. Her partner doesn’t live in the EU and she’s trying to bring him here after she gets her French passport.  I guess my question is am I being a negative Nancy and don’t know what I’m talking about and coming off as a bad friend? Or what? And I guess can I have some solid facts/information so I can more appropriately address this with her?",2026-02-07T11:09:35Z
drop,nft,informal,after,"Welcome to r/EntrepreneurTeens 👋  This community is for teens who want to *build*, not just talk about success. Starting young isn’t about being perfect — it’s about learning skills, taking action, and getting better over time.  Whether you’re just curious about business or already working on something, you belong here if you’re willing to learn and put in effort.  Let’s start with this:   **What are you working on right now, or what do you want to start learning?**  Drop a quick intro below — your age (optional), interests, and what you’re trying to build or improve. Let’s help each other grow.",2026-02-07T11:09:32Z
